climber,ascent_date,suggested_grade,route,official_grade,parsed_dates,climbing_style,weight,date,year,official_grade_consistent
James Pearson,5th Sep 2006,,Keen Roof,8a+,05-09-2006,Boulder,worked,2006-05-09,2006.0,8a+
Dave Nodden,May 2009,,Keen Roof,8a+,19-05-2009,Boulder,worked,2009-05-19,2009.0,8a+
Ignacio Sánchez González,4th May 2009,,Keen Roof,8a+,04-05-2009,Boulder,worked,2009-04-05,2009.0,8a+
Rupert Davies,8th May 2010,,Keen Roof,8a+,08-05-2010,Boulder,worked,2010-08-05,2010.0,8a+
Dawid Skoczylas,11th Sep 2010,,Keen Roof,8a+,11-09-2010,Boulder,worked,2010-11-09,2010.0,8a+
Mike Adams,19th Sep 2010,,Keen Roof,8a+,19-09-2010,Boulder,worked,2010-09-19,2010.0,8a+
Tim Palmer,23rd Oct 2010,,Keen Roof,8a+,23-10-2010,Boulder,worked,2010-10-23,2010.0,8a+
Leo Moger,1st Jun 2011,,Keen Roof,8a+,01-06-2011,Boulder,worked,2011-01-06,2011.0,8a+
Ed Hamer,2012,,Keen Roof,8a+,19-11-2012,Boulder,worked,2012-11-19,2012.0,8a+
Phil Rose,4th Aug 2012,,Keen Roof,8a+,04-08-2012,Boulder,worked,2012-04-08,2012.0,8a+
Tom Newberry,16th Aug 2012,,Keen Roof,8a+,16-08-2012,Boulder,worked,2012-08-16,2012.0,8a+
Ethan Walker,25th Mar 2013,,Keen Roof,8a+,25-03-2013,Boulder,worked,2013-03-25,2013.0,8a+
Tom Newman,13th Aug 2013,,Keen Roof,8a+,13-08-2013,Boulder,worked,2013-08-13,2013.0,8a+
Dom Bridgwood,28th Jul 2015,,Keen Roof,8a+,28-07-2015,Boulder,worked,2015-07-28,2015.0,8a+
Alex Barrows,26th Sep 2015,,Keen Roof,8a+,26-09-2015,Boulder,worked,2015-09-26,2015.0,8a+
Haydn Jones,29th Feb 2016,,Keen Roof,8a+,29-02-2016,Boulder,worked,2016-02-29,2016.0,8a+
Ash Wolsey-Heard,11th Apr 2016,,Keen Roof,8a+,11-04-2016,Boulder,worked,2016-11-04,2016.0,8a+
Luke Dawson,23rd May 2016,,Keen Roof,8a+,23-05-2016,Boulder,worked,2016-05-23,2016.0,8a+
Pete Dawson,23rd Mar 2017,,Keen Roof,8a+,23-03-2017,Boulder,worked,2017-03-23,2017.0,8a+
James Noble,12th Dec 2017,,Keen Roof,8a+,12-12-2017,Boulder,worked,2017-12-12,2017.0,8a+
Andy Burgess,2018,,Keen Roof,8a+,19-11-2018,Boulder,worked,2018-11-19,2018.0,8a+
Will Smith,2018,,Keen Roof,8a+,19-11-2018,Boulder,worked,2018-11-19,2018.0,8a+
Frances Bensley,14th Apr 2019,,Keen Roof,8a+,14-04-2019,Boulder,worked,2019-04-14,2019.0,8a+
Henry Henderson,1st Sep 2020,,Keen Roof,8a+,01-09-2020,Boulder,worked,2020-01-09,2020.0,8a+
George Newham,4th Oct 2020,,Keen Roof,8a+,04-10-2020,Boulder,worked,2020-04-10,2020.0,8a+
Andy Jackson,7th Oct 2020,,Keen Roof,8a+,07-10-2020,Boulder,worked,2020-07-10,2020.0,8a+
Billy Ridal,16th Oct 2020,,Keen Roof,8a+,16-10-2020,Boulder,worked,2020-10-16,2020.0,8a+
Joe Lawson,15th Nov 2020,,Keen Roof,8a+,15-11-2020,Boulder,worked,2020-11-15,2020.0,8a+
Rhys Langlands,6th Apr 2021,,Keen Roof,8a+,06-04-2021,Boulder,worked,2021-06-04,2021.0,8a+
Molly Thompson-Smith,22nd Apr 2021,,Keen Roof,8a+,22-04-2021,Boulder,worked,2021-04-22,2021.0,8a+
Buster Martin,19th Jul 2021,,Keen Roof,8a+,19-07-2021,Boulder,worked,2021-07-19,2021.0,8a+
Will Bosi,19th Nov 2021,,Keen Roof,8a+,19-11-2021,Boulder,worked,2021-11-19,2021.0,8a+
Jack Palmieri,22nd Dec 2021,,Keen Roof,8a+,22-12-2021,Boulder,worked,2021-12-22,2021.0,8a+
Leon Joyce,22nd Oct 2022,,Keen Roof,8a+,22-10-2022,Boulder,worked,2022-10-22,2022.0,8a+
Leven Rowan,12th Nov 2022,,Keen Roof,8a+,12-11-2022,Boulder,worked,2022-12-11,2022.0,8a+
Dave MacLeod,Dec 2022,,Keen Roof,8a+,19-12-2022,Boulder,worked,2022-12-19,2022.0,8a+
Dave Parry,13th Sep 2023,8A+ (hard),Keen Roof,8a+,13-09-2023,Boulder,worked,2023-09-13,2023.0,8a+
Jerry Moffatt,2001,,The Ace,8b,19-11-2001,Boulder,worked,2001-11-19,2001.0,8b
Ben Moon,2005,,The Ace,8b,19-11-2005,Boulder,worked,2005-11-19,2005.0,8b
Malcolm Smith,2005,,The Ace,8b,19-11-2005,Boulder,worked,2005-11-19,2005.0,8b
Tyler Landman,Mar 2006,,The Ace,8b,19-03-2006,Boulder,worked,2006-03-19,2006.0,8b
Andy Earl,29th Nov 2006,,The Ace,8b,29-11-2006,Boulder,worked,2006-11-29,2006.0,8b
Michele Caminati,12th Mar 2011,,The Ace,8b,12-03-2011,Boulder,worked,2011-12-03,2011.0,8b
Stewart Watson,Dec 2011,,The Ace,8b,19-12-2011,Boulder,worked,2011-12-19,2011.0,8b
Tom Newman,Oct 2012,,The Ace,8b,19-10-2012,Boulder,worked,2012-10-19,2012.0,8b
James Thornton,2015,,The Ace,8b,19-11-2015,Boulder,worked,2015-11-19,2015.0,8b
Dave Mason,2nd Feb 2015,,The Ace,8b,02-02-2015,Boulder,worked,2015-02-02,2015.0,8b
James Squire,11th Oct 2015,,The Ace,8b,11-10-2015,Boulder,worked,2015-11-10,2015.0,8b
Hamish Potokar,4th Dec 2015,,The Ace,8b,04-12-2015,Boulder,worked,2015-04-12,2015.0,8b
Jan Hojer,Mar 2016,,The Ace,8b,19-03-2016,Boulder,worked,2016-03-19,2016.0,8b
David Fitzgerald,25th Mar 2017,,The Ace,8b,25-03-2017,Boulder,worked,2017-03-25,2017.0,8b
Orrin Coley,26th Jan 2018,,The Ace,8b,26-01-2018,Boulder,worked,2018-01-26,2018.0,8b
Cailean Harker,24th Feb 2018,,The Ace,8b,24-02-2018,Boulder,worked,2018-02-24,2018.0,8b
Sam Blackwell,7th Nov 2020,,The Ace,8b,07-11-2020,Boulder,worked,2020-07-11,2020.0,8b
Matt Cousins,26th Nov 2020,,The Ace,8b,26-11-2020,Boulder,worked,2020-11-26,2020.0,8b
Aidan Roberts,2021,,The Ace,8b,19-11-2021,Boulder,worked,2021-11-19,2021.0,8b
James Pearson,15th Dec 2021,,The Ace,8b,15-12-2021,Boulder,worked,2021-12-15,2021.0,8b
Alex Waterhouse,Oct 2022,,The Ace,8b,19-10-2022,Boulder,worked,2022-10-19,2022.0,8b
Kieran Forrest,Nov 2022,,The Ace,8b,19-11-2022,Boulder,worked,2022-11-19,2022.0,8b
Sam Prior,30th Nov 2022,,The Ace,8b,30-11-2022,Boulder,worked,2022-11-30,2022.0,8b
Adam Ondra,22nd Jan 2023,,The Ace,8b,22-01-2023,Boulder,flash,2023-01-22,2023.0,8b
Jake Mason,Feb 2023,,The Ace,8b,19-02-2023,Boulder,worked,2023-02-19,2023.0,8b
Nathan Phillips,2nd Apr 2023,,The Ace,8b,02-04-2023,Boulder,worked,2023-02-04,2023.0,8b
Leon Joyce,25th Oct 2023,,The Ace,8b,25-10-2023,Boulder,worked,2023-10-25,2023.0,8b
Alex Moore,29th Nov 2023,,The Ace,8b,29-11-2023,Boulder,worked,2023-11-29,2023.0,8b
Luca Martins,29th Dec 2023,,The Ace,8b,29-12-2023,Boulder,worked,2023-12-29,2023.0,8b
Tim Blake,15th Jan 2024,,The Ace,8b,15-01-2024,Boulder,worked,2024-01-15,2024.0,8b
Hayato Furusugi,12th Apr 2024,,The Ace,8b,12-04-2024,Boulder,worked,2024-12-04,2024.0,8b
Billy Ridal,31st May 2024,,The Ace,8b,31-05-2024,Boulder,worked,2024-05-31,2024.0,8b
Max Milne,31st May 2024,,The Ace,8b,31-05-2024,Boulder,flash,2024-05-31,2024.0,8b
Tom Williams,,,The Ace,8b,,Boulder,worked,,,8b
Ryan Pasquill,,,The Ace,8b,,Boulder,worked,,,8b
Mark Leach,1989,,Bat Route,8c,19-11-1989,Lead,worked,1989-11-19,1989.0,8c
Tony Mitchell,Before 1st Jan 1991,,Bat Route,8c,,Lead,worked,,,8c
Neil Mawson,Sep 2010,,Bat Route,8c,19-09-2010,Lead,worked,2010-09-19,2010.0,8c
Adam Ondra,16th May 2011,,Bat Route,8c,16-05-2011,Lead,onsight,2011-05-16,2011.0,8c
Stuart Littlefair,2nd Oct 2011,,Bat Route,8c,02-10-2011,Lead,worked,2011-02-10,2011.0,8c
James McHaffie,6th Apr 2012,,Bat Route,8c,06-04-2012,Lead,worked,2012-06-04,2012.0,8c
Jon Freeman,14th May 2013,,Bat Route,8c,14-05-2013,Lead,worked,2013-05-14,2013.0,8c
Buster Martin,2nd Jul 2013,,Bat Route,8c,02-07-2013,Lead,worked,2013-02-07,2013.0,8c
Ted Kingsnorth,17th May 2014,8b+,Bat Route,8c,17-05-2014,Lead,worked,2014-05-17,2014.0,8c
Alex Megos,Jun 2014,,Bat Route,8c,19-06-2014,Lead,worked,2014-06-19,2014.0,8c
Adam Jeeworth,5th Jun 2014,,Bat Route,8c,05-06-2014,Lead,worked,2014-05-06,2014.0,8c
Mina Leslie-Wujastyk,29th May 2015,,Bat Route,8c,29-05-2015,Lead,worked,2015-05-29,2015.0,8c
James Turnbull,18th Sep 2016,,Bat Route,8c,18-09-2016,Lead,worked,2016-09-18,2016.0,8c
Pete Dawson,2nd Oct 2016,,Bat Route,8c,02-10-2016,Lead,worked,2016-02-10,2016.0,8c
Nic Duboust,15th Oct 2016,,Bat Route,8c,15-10-2016,Lead,worked,2016-10-15,2016.0,8c
Maddy Cope,29th Apr 2017,,Bat Route,8c,29-04-2017,Lead,worked,2017-04-29,2017.0,8c
Sam Williams,2019,,Bat Route,8c,19-11-2019,Lead,worked,2019-11-19,2019.0,8c
Matt Cooke,9th May 2019,,Bat Route,8c,09-05-2019,Lead,worked,2019-09-05,2019.0,8c
Jerome Mowat,9th Sep 2019,,Bat Route,8c,09-09-2019,Lead,worked,2019-09-09,2019.0,8c
Jim Hulbert,18th Sep 2019,,Bat Route,8c,18-09-2019,Lead,worked,2019-09-18,2019.0,8c
James Ibbertson,2nd Dec 2020,,Bat Route,8c,02-12-2020,Lead,worked,2020-02-12,2020.0,8c
Toby Roberts,11th Sep 2021,,Bat Route,8c,11-09-2021,Lead,worked,2021-11-09,2021.0,8c
Tom Frost,19th Sep 2021,,Bat Route,8c,19-09-2021,Lead,worked,2021-09-19,2021.0,8c
Mathew Wright,23rd Sep 2021,,Bat Route,8c,23-09-2021,Lead,worked,2021-09-23,2021.0,8c
Rhoslyn Frugtniet,21st May 2022,,Bat Route,8c,21-05-2022,Lead,worked,2022-05-21,2022.0,8c
Tom Newberry,22nd May 2022,,Bat Route,8c,22-05-2022,Lead,worked,2022-05-22,2022.0,8c
Louis Lancaster,28th Sep 2022,,Bat Route,8c,28-09-2022,Lead,worked,2022-09-28,2022.0,8c
Anna Wild,25th Sep 2024,,Bat Route,8c,25-09-2024,Lead,worked,2024-09-25,2024.0,8c
Sam Whittaker,,,Bat Route,8c,,Lead,worked,,,8c
Rob Napier,,,Bat Route,8c,,Lead,worked,,,8c
Charlie Woodburn,,,Bat Route,8c,,Lead,worked,,,8c
Adam Harrison,,,Bat Route,8c,,Lead,worked,,,8c
Will Kelsall,,,Bat Route,8c,,Lead,worked,,,8c
Bernd Zangerl,Nov 2002,,New Base Line,8b+,19-11-2002,Boulder,worked,2002-11-19,2002.0,8b+
Fred Nicole,Mar 2003,,New Base Line,8b+,19-03-2003,Boulder,worked,2003-03-19,2003.0,8b+
Christian Core,2006,,New Base Line,8b+,19-11-2006,Boulder,worked,2006-11-19,2006.0,8b+
Paul Robinson,24th Sep 2008,,New Base Line,8b+,24-09-2008,Boulder,worked,2008-09-24,2008.0,8b+
Dave MacLeod,Apr 2012,,New Base Line,8b+,19-04-2012,Boulder,worked,2012-04-19,2012.0,8b+
Fabian Buhl,30th Apr 2012,,New Base Line,8b+,30-04-2012,Boulder,worked,2012-04-30,2012.0,8b+
Carlo Traversi,13th Oct 2012,,New Base Line,8b+,13-10-2012,Boulder,worked,2012-10-13,2012.0,8b+
Jimmy Webb,31st Mar 2014,,New Base Line,8b+,31-03-2014,Boulder,worked,2014-03-31,2014.0,8b+
Shauna Coxsey,Jul 2014,,New Base Line,8b+,19-07-2014,Boulder,worked,2014-07-19,2014.0,8b+
Anna Stöhr,2017,,New Base Line,8b+,19-11-2017,Boulder,worked,2017-11-19,2017.0,8b+
Mark Heal,17th Apr 2017,,New Base Line,8b+,17-04-2017,Boulder,worked,2017-04-17,2017.0,8b+
Alex Puccio,5th Sep 2017,,New Base Line,8b+,05-09-2017,Boulder,worked,2017-05-09,2017.0,8b+
David Fitzgerald,28th Jun 2018,,New Base Line,8b+,28-06-2018,Boulder,worked,2018-06-28,2018.0,8b+
Mirit Heyden,16th Sep 2018,,New Base Line,8b+,16-09-2018,Boulder,worked,2018-09-16,2018.0,8b+
Nathan Phillips,12th Jun 2019,,New Base Line,8b+,12-06-2019,Boulder,worked,2019-12-06,2019.0,8b+
Alex Waterhouse,20th Jul 2019,,New Base Line,8b+,20-07-2019,Boulder,worked,2019-07-20,2019.0,8b+
Linda Sjödin,Aug 2019,,New Base Line,8b+,19-08-2019,Boulder,worked,2019-08-19,2019.0,8b+
Orrin Coley,10th Oct 2019,,New Base Line,8b+,10-10-2019,Boulder,worked,2019-10-10,2019.0,8b+
Piotr Schab,22nd Jul 2020,,New Base Line,8b+,22-07-2020,Boulder,worked,2020-07-22,2020.0,8b+
Marine Thevenet,Oct 2020,,New Base Line,8b+,19-10-2020,Boulder,worked,2020-10-19,2020.0,8b+
Sam Weir,8th May 2021,,New Base Line,8b+,08-05-2021,Boulder,worked,2021-08-05,2021.0,8b+
Katie Lamb,10th Sep 2021,,New Base Line,8b+,10-09-2021,Boulder,worked,2021-10-09,2021.0,8b+
Solly Kemball-Dorey,24th Apr 2022,,New Base Line,8b+,24-04-2022,Boulder,worked,2022-04-24,2022.0,8b+
Luis Gerhardt,May 2022,,New Base Line,8b+,19-05-2022,Boulder,worked,2022-05-19,2022.0,8b+
Michaela Kiersch,May 2022,,New Base Line,8b+,19-05-2022,Boulder,worked,2022-05-19,2022.0,8b+
Siara Fabbri,24th Nov 2022,,New Base Line,8b+,24-11-2022,Boulder,worked,2022-11-24,2022.0,8b+
Giacomo Raimondi,21st May 2023,,New Base Line,8b+,21-05-2023,Boulder,worked,2023-05-21,2023.0,8b+
Janja Garnbret,9th Oct 2023,,New Base Line,8b+,09-10-2023,Boulder,worked,2023-09-10,2023.0,8b+
Shinichiro Nomura,10th Nov 2024,,New Base Line,8b+,10-11-2024,Boulder,worked,2024-10-11,2024.0,8b+
Rocco Bochichio,,,New Base Line,8b+,,Boulder,worked,,,8b+
Matt Fultz,,,New Base Line,8b+,,Boulder,worked,,,8b+
Jean-Baptiste Tribout,Nov 1986,,To Bolt Or Not To Be,8b+,19-11-1986,Lead,worked,1986-11-19,1986.0,8b+
Scott Franklin,May 1987,,To Bolt Or Not To Be,8b+,19-05-1987,Lead,worked,1987-05-19,1987.0,8b+
Jerry Moffatt,May 1988,,To Bolt Or Not To Be,8b+,19-05-1988,Lead,worked,1988-05-19,1988.0,8b+
Bob Horan,Jun 1988,,To Bolt Or Not To Be,8b+,19-06-1988,Lead,worked,1988-06-19,1988.0,8b+
Ron Kauk,Jul 1988,,To Bolt Or Not To Be,8b+,19-07-1988,Lead,worked,1988-07-19,1988.0,8b+
Alan Watts,Apr 1989,,To Bolt Or Not To Be,8b+,19-04-1989,Lead,worked,1989-04-19,1989.0,8b+
Doug Englekirk,Nov 1991,,To Bolt Or Not To Be,8b+,19-11-1991,Lead,worked,1991-11-19,1991.0,8b+
Steve Schneider,Apr 1992,,To Bolt Or Not To Be,8b+,19-04-1992,Lead,worked,1992-04-19,1992.0,8b+
Chris Knuth,Jun 1995,,To Bolt Or Not To Be,8b+,19-06-1995,Lead,worked,1995-06-19,1995.0,8b+
Lynn Hill,1998,,To Bolt Or Not To Be,8b+,19-11-1998,Lead,worked,1998-11-19,1998.0,8b+
Tommy Caldwell,Apr 1998,,To Bolt Or Not To Be,8b+,19-04-1998,Lead,worked,1998-04-19,1998.0,8b+
Chris Sharma,Apr 1998,,To Bolt Or Not To Be,8b+,19-04-1998,Lead,worked,1998-04-19,1998.0,8b+
Beth Rodden,May 1998,,To Bolt Or Not To Be,8b+,19-05-1998,Lead,worked,1998-05-19,1998.0,8b+
Dave Graham,1st Apr 2000,,To Bolt Or Not To Be,8b+,01-04-2000,Lead,worked,2000-01-04,2000.0,8b+
Steve McClure,22nd Oct 2000,,To Bolt Or Not To Be,8b+,22-10-2000,Lead,worked,2000-10-22,2000.0,8b+
Ian Caldwell,Apr 2003,,To Bolt Or Not To Be,8b+,19-04-2003,Lead,worked,2003-04-19,2003.0,8b+
Mark Anderson,Nov 2008,,To Bolt Or Not To Be,8b+,19-11-2008,Lead,worked,2008-11-19,2008.0,8b+
Jonathan Siegrest,14th May 2010,,To Bolt Or Not To Be,8b+,14-05-2010,Lead,worked,2010-05-14,2010.0,8b+
Ryan Palo,29th Jan 2011,,To Bolt Or Not To Be,8b+,29-01-2011,Lead,worked,2011-01-29,2011.0,8b+
Mike Williams,10th Jun 2012,,To Bolt Or Not To Be,8b+,10-06-2012,Lead,worked,2012-10-06,2012.0,8b+
Drew Ruana,Apr 2013,,To Bolt Or Not To Be,8b+,19-04-2013,Lead,worked,2013-04-19,2013.0,8b+
Peder Groseth,29th Dec 2013,,To Bolt Or Not To Be,8b+,29-12-2013,Lead,worked,2013-12-29,2013.0,8b+
Ted Kingsnorth,25th Mar 2014,,To Bolt Or Not To Be,8b+,25-03-2014,Lead,worked,2014-03-25,2014.0,8b+
Mike Doyle,Feb 2015,,To Bolt Or Not To Be,8b+,19-02-2015,Lead,worked,2015-02-19,2015.0,8b+
Nina Caprez,Nov 2017,,To Bolt Or Not To Be,8b+,19-11-2017,Lead,worked,2017-11-19,2017.0,8b+
Jaszna Hodzic,Mar 2018,,To Bolt Or Not To Be,8b+,19-03-2018,Lead,worked,2018-03-19,2018.0,8b+
Sonnie Trotter,Nov 2018,,To Bolt Or Not To Be,8b+,19-11-2018,Lead,worked,2018-11-19,2018.0,8b+
Anna Hazlett,Nov 2023,,To Bolt Or Not To Be,8b+,19-11-2023,Lead,worked,2023-11-19,2023.0,8b+
Paige Classen,,,To Bolt Or Not To Be,8b+,,Lead,worked,,,8b+
Wolfgang Güllich,14th Sep 1991,,Action Directe,9a,14-09-1991,Lead,worked,1991-09-14,1991.0,9a
Alex Adler,9th Sep 1995,,Action Directe,9a,09-09-1995,Lead,worked,1995-09-09,1995.0,9a
Iker Pou,7th Jun 2000,,Action Directe,9a,07-06-2000,Lead,worked,2000-07-06,2000.0,9a
Dave Graham,21st May 2001,,Action Directe,9a,21-05-2001,Lead,worked,2001-05-21,2001.0,9a
Christian Bindhammer,14th May 2003,,Action Directe,9a,14-05-2003,Lead,worked,2003-05-14,2003.0,9a
Richard Simpson,13th Oct 2005,,Action Directe,9a,13-10-2005,Lead,worked,2005-10-13,2005.0,9a
Dai Koyamada,15th Oct 2005,,Action Directe,9a,15-10-2005,Lead,worked,2005-10-15,2005.0,9a
Markus Bock,Between 15th Oct 2005 and 23rd Oct 2005,,Action Directe,9a,,Lead,worked,,,9a
Kilian Fischhuber,26th Sep 2006,,Action Directe,9a,26-09-2006,Lead,worked,2006-09-26,2006.0,9a
Patxi Usobiaga,24th Oct 2008,,Action Directe,9a,24-10-2008,Lead,worked,2008-10-24,2008.0,9a
Gabriele Moroni,17th Apr 2010,,Action Directe,9a,17-04-2010,Lead,worked,2010-04-17,2010.0,9a
Jan Hojer,22nd May 2010,,Action Directe,9a,22-05-2010,Lead,worked,2010-05-22,2010.0,9a
Piotr Savack,23rd May 2010,,Action Directe,9a,23-05-2010,Lead,worked,2010-05-23,2010.0,9a
Adam Pustelnik,10th Oct 2010,,Action Directe,9a,10-10-2010,Lead,worked,2010-10-10,2010.0,9a
Felix Knaub,Oct 2011,,Action Directe,9a,19-10-2011,Lead,worked,2011-10-19,2011.0,9a
Rustam Gelmanov,26th Mar 2012,,Action Directe,9a,26-03-2012,Lead,worked,2012-03-26,2012.0,9a
Alex Megos,3rd May 2014,,Action Directe,9a,03-05-2014,Lead,worked,2014-03-05,2014.0,9a
Stefano Carnati,14th Jun 2016,,Action Directe,9a,14-06-2016,Lead,worked,2016-06-14,2016.0,9a
David Firnenburg,29th Oct 2016,,Action Directe,9a,29-10-2016,Lead,worked,2016-10-29,2016.0,9a
Stephan Vogt,4th Apr 2017,,Action Directe,9a,04-04-2017,Lead,worked,2017-04-04,2017.0,9a
Mélissa Le Nevé,21st May 2020,,Action Directe,9a,21-05-2020,Lead,worked,2020-05-21,2020.0,9a
Buster Martin,4th Oct 2022,,Action Directe,9a,04-10-2022,Lead,worked,2022-04-10,2022.0,9a
Dylan Chuat,21st Apr 2023,,Action Directe,9a,21-04-2023,Lead,worked,2023-04-21,2023.0,9a
Moritz Welt,13th Oct 2023,,Action Directe,9a,13-10-2023,Lead,worked,2023-10-13,2023.0,9a
Stefano Ghisolfi,Nov 2023,,Action Directe,9a,19-11-2023,Lead,worked,2023-11-19,2023.0,9a
Michał Korban,25th Sep 2024,,Action Directe,9a,25-09-2024,Lead,worked,2024-09-25,2024.0,9a
Nico Pelorson,Oct 2024,,Action Directe,9a,19-10-2024,Lead,worked,2024-10-19,2024.0,9a
Steve McClure,Jul 1998,,Mecca Extension,8c,19-07-1998,Lead,worked,1998-07-19,1998.0,8c
Chris Cubitt,Between 1st Jan 1998 and 1st Jan 2004,,Mecca Extension,8c,,Lead,worked,,,8c
Paul Smitton,12th Nov 2007,,Mecca Extension,8c,12-11-2007,Lead,worked,2007-12-11,2007.0,8c
Stuart Littlefair,31st Aug 2009,,Mecca Extension,8c,31-08-2009,Lead,worked,2009-08-31,2009.0,8c
Jon Clark,11th Oct 2010,,Mecca Extension,8c,11-10-2010,Lead,worked,2010-11-10,2010.0,8c
Ryan Pasquill,May 2011,,Mecca Extension,8c,19-05-2011,Lead,worked,2011-05-19,2011.0,8c
Alex Barrows,6th Apr 2012,,Mecca Extension,8c,06-04-2012,Lead,worked,2012-06-04,2012.0,8c
Neil Mawson,22nd Aug 2012,,Mecca Extension,8c,22-08-2012,Lead,worked,2012-08-22,2012.0,8c
Bob Hickish,18th Sep 2012,,Mecca Extension,8c,18-09-2012,Lead,worked,2012-09-18,2012.0,8c
Matt Pickles,19th May 2013,,Mecca Extension,8c,19-05-2013,Lead,worked,2013-05-19,2013.0,8c
Matt Donnelly,Jun 2013,,Mecca Extension,8c,19-06-2013,Lead,worked,2013-06-19,2013.0,8c
Ted Kingsnorth,16th Jun 2013,,Mecca Extension,8c,16-06-2013,Lead,worked,2013-06-16,2013.0,8c
Ben Moon,15th Oct 2013,,Mecca Extension,8c,15-10-2013,Lead,worked,2013-10-15,2013.0,8c
Ethan Walker,17th Oct 2013,,Mecca Extension,8c,17-10-2013,Lead,worked,2013-10-17,2013.0,8c
Mina Leslie-Wujastyk,14th Oct 2014,,Mecca Extension,8c,14-10-2014,Lead,worked,2014-10-14,2014.0,8c
Yann Genoux,14th May 2016,,Mecca Extension,8c,14-05-2016,Lead,worked,2016-05-14,2016.0,8c
Ollie Torr,2018,,Mecca Extension,8c,19-11-2018,Lead,worked,2018-11-19,2018.0,8c
Edd Mowbray,2018,,Mecca Extension,8c,19-11-2018,Lead,worked,2018-11-19,2018.0,8c
Mathew Wright,22nd Sep 2019,,Mecca Extension,8c,22-09-2019,Lead,worked,2019-09-22,2019.0,8c
Nathan Lee,12th Sep 2020,,Mecca Extension,8c,12-09-2020,Lead,worked,2020-12-09,2020.0,8c
Matt Broadhurst,1st Oct 2020,,Mecca Extension,8c,01-10-2020,Lead,worked,2020-01-10,2020.0,8c
Tom Newberry,13th Nov 2020,,Mecca Extension,8c,13-11-2020,Lead,worked,2020-11-13,2020.0,8c
Oliver Hill,16th Apr 2021,,Mecca Extension,8c,16-04-2021,Lead,worked,2021-04-16,2021.0,8c
Ben Preston,May 2021,,Mecca Extension,8c,19-05-2021,Lead,worked,2021-05-19,2021.0,8c
Felix Wilkins,10th Oct 2021,,Mecca Extension,8c,10-10-2021,Lead,worked,2021-10-10,2021.0,8c
Rhoslyn Frugtniet,11th Oct 2021,,Mecca Extension,8c,11-10-2021,Lead,worked,2021-11-10,2021.0,8c
Alex Norton,3rd May 2024,,Mecca Extension,8c,03-05-2024,Lead,worked,2024-03-05,2024.0,8c
Jacob Amos,4th Jun 2024,,Mecca Extension,8c,04-06-2024,Lead,worked,2024-04-06,2024.0,8c
Char Williams,,,Mecca Extension,8c,,Lead,worked,,,8c
Daniel Woods,2004,,Echale,8b+,19-11-2004,Boulder,worked,2004-11-19,2004.0,8b+
Phil Schaal,Mar 2011,,Echale,8b+,19-03-2011,Boulder,worked,2011-03-19,2011.0,8b+
Yves Gravelle,May 2012,,Echale,8b+,19-05-2012,Boulder,worked,2012-05-19,2012.0,8b+
Ryan Sewell,1st Dec 2017,,Echale,8b+,01-12-2017,Boulder,worked,2017-01-12,2017.0,8b+
Keenan Takahashi,28th Jun 2019,,Echale,8b+,28-06-2019,Boulder,worked,2019-06-28,2019.0,8b+
Simon Hibbeler,2020,,Echale,8b+,19-11-2020,Boulder,worked,2020-11-19,2020.0,8b+
Chase Martinez,2nd Feb 2020,,Echale,8b+,02-02-2020,Boulder,worked,2020-02-02,2020.0,8b+
Colin Duffy,24th Nov 2021,,Echale,8b+,24-11-2021,Boulder,worked,2021-11-24,2021.0,8b+
Jonah Kreitzberg,19th Nov 2023,8B,Echale,8b+,19-11-2023,Boulder,worked,2023-11-19,2023.0,8b+
Logan Tetu,6th Jan 2024,,Echale,8b+,06-01-2024,Boulder,worked,2024-06-01,2024.0,8b+
Jack Martinus,17th Nov 2024,,Echale,8b+,17-11-2024,Boulder,worked,2024-11-17,2024.0,8b+
Ryuichi Murai,,,Echale,8b+,,Boulder,worked,,,8b+
Martin Stráník,,,Echale,8b+,,Boulder,worked,,,8b+
Toshi Takeuchi,,,Echale,8b+,,Boulder,worked,,,8b+
Paul Robinson,,,Echale,8b+,,Boulder,worked,,,8b+
Jimmy Webb,,,Echale,8b+,,Boulder,worked,,,8b+
Everett Sloane,,,Echale,8b+,,Boulder,worked,,,8b+
Noah Wheeler,,,Echale,8b+,,Boulder,worked,,,8b+
Max Smerek,,,Echale,8b+,,Boulder,worked,,,8b+
Liam Andrews-Bancroft,,,Echale,8b+,,Boulder,worked,,,8b+
Zach Galla,,,Echale,8b+,,Boulder,worked,,,8b+
Sam Weir,,,Echale,8b+,,Boulder,worked,,,8b+
Rowland Chen,,,Echale,8b+,,Boulder,worked,,,8b+
Jake Kim,,,Echale,8b+,,Boulder,worked,,,8b+
Chris Chen,,,Echale,8b+,,Boulder,worked,,,8b+
Jess Walker,,,Echale,8b+,,Boulder,worked,,,8b+
Rob D'Anastasio,,,Echale,8b+,,Boulder,worked,,,8b+
Jack Martinus,,,Echale,8b+,,Boulder,worked,,,8b+
Paul Robinson,25th Nov 2010,8C (soft),Dreamtime,8c,25-11-2010,Boulder,worked,2010-11-25,2010.0,8c
Fabian Buhl,13th Mar 2013,8C,Dreamtime,8c,13-03-2013,Boulder,worked,2013-03-13,2013.0,8c
Giuliano Cameroni,6th Jan 2015,,Dreamtime,8c,06-01-2015,Boulder,worked,2015-06-01,2015.0,8c
Simon Lorenzi,11th Jan 2019,,Dreamtime,8c,11-01-2019,Boulder,worked,2019-11-01,2019.0,8c
Ryuichi Murai,7th Dec 2019,,Dreamtime,8c,07-12-2019,Boulder,worked,2019-07-12,2019.0,8c
Yannick Flohé,15th Dec 2020,,Dreamtime,8c,15-12-2020,Boulder,worked,2020-12-15,2020.0,8c
Thilo Schröter,16th Mar 2021,,Dreamtime,8c,16-03-2021,Boulder,worked,2021-03-16,2021.0,8c
Alex Khazanov,11th Oct 2021,,Dreamtime,8c,11-10-2021,Boulder,worked,2021-11-10,2021.0,8c
Michiel Nieuwenhuijsen,24th Oct 2021,,Dreamtime,8c,24-10-2021,Boulder,worked,2021-10-24,2021.0,8c
Marco Müller,3rd Jan 2022,,Dreamtime,8c,03-01-2022,Boulder,worked,2022-03-01,2022.0,8c
Austin Purdy,16th Jan 2022,,Dreamtime,8c,16-01-2022,Boulder,worked,2022-01-16,2022.0,8c
Andy Lamb,26th Jan 2022,,Dreamtime,8c,26-01-2022,Boulder,worked,2022-01-26,2022.0,8c
Tristan Chen,20th Feb 2022,,Dreamtime,8c,20-02-2022,Boulder,worked,2022-02-20,2022.0,8c
Sam Weir,25th Feb 2022,,Dreamtime,8c,25-02-2022,Boulder,worked,2022-02-25,2022.0,8c
Felipe Camargo,Mar 2022,,Dreamtime,8c,19-03-2022,Boulder,worked,2022-03-19,2022.0,8c
Pietro Vidi,19th Nov 2022,,Dreamtime,8c,19-11-2022,Boulder,worked,2022-11-19,2022.0,8c
Will Bosi,6th Dec 2022,,Dreamtime,8c,06-12-2022,Boulder,worked,2022-06-12,2022.0,8c
Moritz Welt,29th Dec 2022,8C (soft),Dreamtime,8c,29-12-2022,Boulder,worked,2022-12-29,2022.0,8c
Simone Tentori,21st Jan 2023,,Dreamtime,8c,21-01-2023,Boulder,worked,2023-01-21,2023.0,8c
Elias Krüger,20th Feb 2023,,Dreamtime,8c,20-02-2023,Boulder,worked,2023-02-20,2023.0,8c
Benjamin Blaser,15th Dec 2023,,Dreamtime,8c,15-12-2023,Boulder,worked,2023-12-15,2023.0,8c
Moritz Perwitzschky,Feb 2024,,Dreamtime,8c,19-02-2024,Boulder,worked,2024-02-19,2024.0,8c
Lee Sungsu,19th Sep 2024,,Dreamtime,8c,19-09-2024,Boulder,worked,2024-09-19,2024.0,8c
Michaela Kiersch,Nov 2024,,Dreamtime,8c,19-11-2024,Boulder,worked,2024-11-19,2024.0,8c
Matty Hong,,,Dreamtime,8c,,Boulder,worked,,,8c
Martin Keller,,,Dreamtime,8c,,Boulder,worked,,,8c
Jon Cardwell,,,Dreamtime,8c,,Boulder,worked,,,8c
Steve McClure,2007,,Fat Lip,8b,19-11-2007,Boulder,worked,2007-11-19,2007.0,8b
James Noble,13th May 2015,,Fat Lip,8b,13-05-2015,Boulder,worked,2015-05-13,2015.0,8b
Jonny Argue,Jul 2015,,Fat Lip,8b,19-07-2015,Boulder,worked,2015-07-19,2015.0,8b
Tom Newman,27th Jul 2015,,Fat Lip,8b,27-07-2015,Boulder,worked,2015-07-27,2015.0,8b
Ollie Torr,Dec 2015,,Fat Lip,8b,19-12-2015,Boulder,worked,2015-12-19,2015.0,8b
Haydn Jones,31st Mar 2016,,Fat Lip,8b,31-03-2016,Boulder,worked,2016-03-31,2016.0,8b
Orrin Coley,17th Aug 2017,,Fat Lip,8b,17-08-2017,Boulder,worked,2017-08-17,2017.0,8b
Sam Prior,5th Oct 2017,,Fat Lip,8b,05-10-2017,Boulder,worked,2017-05-10,2017.0,8b
Will Smith,7th Oct 2017,,Fat Lip,8b,07-10-2017,Boulder,worked,2017-07-10,2017.0,8b
Ash Wolsey-Heard,3rd May 2018,,Fat Lip,8b,03-05-2018,Boulder,worked,2018-03-05,2018.0,8b
Dan Turner,22nd May 2018,,Fat Lip,8b,22-05-2018,Boulder,worked,2018-05-22,2018.0,8b
Frances Bensley,23rd Nov 2018,,Fat Lip,8b,23-11-2018,Boulder,worked,2018-11-23,2018.0,8b
Alex Barrows,10th Dec 2018,,Fat Lip,8b,10-12-2018,Boulder,worked,2018-10-12,2018.0,8b
Michiel Nieuwenhuijsen,4th May 2019,,Fat Lip,8b,04-05-2019,Boulder,worked,2019-04-05,2019.0,8b
Jack Palmieri,4th Oct 2019,,Fat Lip,8b,04-10-2019,Boulder,worked,2019-04-10,2019.0,8b
Pete Dawson,25th Aug 2020,,Fat Lip,8b,25-08-2020,Boulder,worked,2020-08-25,2020.0,8b
Billy Ridal,16th Oct 2020,,Fat Lip,8b,16-10-2020,Boulder,worked,2020-10-16,2020.0,8b
Sam Blackwell,3rd Nov 2020,,Fat Lip,8b,03-11-2020,Boulder,worked,2020-03-11,2020.0,8b
Buster Martin,10th Apr 2021,,Fat Lip,8b,10-04-2021,Boulder,worked,2021-10-04,2021.0,8b
Will Bosi,5th Dec 2021,,Fat Lip,8b,05-12-2021,Boulder,worked,2021-05-12,2021.0,8b
Adam Ondra,Jan 2023,,Fat Lip,8b,19-01-2023,Boulder,worked,2023-01-19,2023.0,8b
Nathan Phillips,13th May 2023,,Fat Lip,8b,13-05-2023,Boulder,worked,2023-05-13,2023.0,8b
Tara Hayes,15th Oct 2023,,Fat Lip,8b,15-10-2023,Boulder,worked,2023-10-15,2023.0,8b
Leo Skinner,27th Feb 2024,,Fat Lip,8b,27-02-2024,Boulder,worked,2024-02-27,2024.0,8b
Shauna Coxsey,Apr 2024,,Fat Lip,8b,19-04-2024,Boulder,worked,2024-04-19,2024.0,8b
Ben Pestell,15th Jun 2024,,Fat Lip,8b,15-06-2024,Boulder,worked,2024-06-15,2024.0,8b
Warren Harding,1958,,The Nose,8b+,19-11-1958,Aid,worked,1958-11-19,1958.0,8b+
Lynn Hill,Sep 1993,,The Nose,8b+,19-09-1993,Lead,worked,1993-09-19,1993.0,8b+
Royal Robbins,1960,,The Nose,8b+,19-11-1960,Aid,worked,1960-11-19,1960.0,8b+
Joe Fitschen,1960,,The Nose,8b+,19-11-1960,Aid,worked,1960-11-19,1960.0,8b+
Tom Frost,1960,,The Nose,8b+,19-11-1960,Aid,worked,1960-11-19,1960.0,8b+
Chuck Pratt,1960,,The Nose,8b+,19-11-1960,Aid,worked,1960-11-19,1960.0,8b+
John Long,1975,,The Nose,8b+,19-11-1975,Aid,worked,1975-11-19,1975.0,8b+
Jim Bridwell,1975,,The Nose,8b+,19-11-1975,Aid,worked,1975-11-19,1975.0,8b+
Billy Westbay,1975,,The Nose,8b+,19-11-1975,Aid,worked,1975-11-19,1975.0,8b+
John Bachar,1978,,The Nose,8b+,19-11-1978,Aid,worked,1978-11-19,1978.0,8b+
Peter Croft,1986,,The Nose,8b+,19-11-1986,Aid,worked,1986-11-19,1986.0,8b+
John Bachar,1986,,The Nose,8b+,19-11-1986,Aid,repeat,1986-11-19,1986.0,8b+
Lynn Hill,Between 19th Sep 1994 and 20th Sep 1994,,The Nose,8b+,,Lead,worked,,,8b+
Tommy Caldwell,2005,,The Nose,8b+,19-11-2005,Lead,worked,2005-11-19,2005.0,8b+
Beth Rodden,2005,,The Nose,8b+,19-11-2005,Lead,worked,2005-11-19,2005.0,8b+
Jorg Verhoeven,2014,,The Nose,8b+,19-11-2014,Lead,worked,2014-11-19,2014.0,8b+
Connor Herson,2018,,The Nose,8b+,19-11-2018,Lead,worked,2018-11-19,2018.0,8b+
Tommy Caldwell,6th Jun 2018,,The Nose,8b+,06-06-2018,Simul,worked,2018-06-06,2018.0,8b+
Alex Honnold,6th Jun 2018,,The Nose,8b+,06-06-2018,Simul,worked,2018-06-06,2018.0,8b+
Keita Kurakami,Nov 2018,,The Nose,8b+,19-11-2018,Rope Solo,worked,2018-11-19,2018.0,8b+
Barbara Zangerl,2019,,The Nose,8b+,19-11-2019,Lead,worked,2019-11-19,2019.0,8b+
Jacopo Larcher,2019,,The Nose,8b+,19-11-2019,Lead,worked,2019-11-19,2019.0,8b+
Sébastien Berthe,2019,,The Nose,8b+,19-11-2019,Lead,ground up,2019-11-19,2019.0,8b+
Alex Waterhouse,10th Nov 2023,,The Nose,8b+,10-11-2023,Lead,worked,2023-10-11,2023.0,8b+
Billy Ridal,10th Nov 2023,,The Nose,8b+,10-11-2023,Lead,worked,2023-10-11,2023.0,8b+
Tony Mitchell,Jul 1993,,True North,8c,19-07-1993,Lead,worked,1993-07-19,1993.0,8c
Ian Vickers,1997,,True North,8c,19-11-1997,Lead,worked,1997-11-19,1997.0,8c
Chris Cubitt,Before 1st Jan 2004,,True North,8c,,Lead,worked,,,8c
Malcolm Smith,Jun 2007,,True North,8c,19-06-2007,Lead,worked,2007-06-19,2007.0,8c
Gareth Parry,14th Jul 2009,,True North,8c,14-07-2009,Lead,worked,2009-07-14,2009.0,8c
Jordan Buys,13th Jul 2010,,True North,8c,13-07-2010,Lead,worked,2010-07-13,2010.0,8c
Richard Waterton,Aug 2010,,True North,8c,19-08-2010,Lead,worked,2010-08-19,2010.0,8c
Rob Sutton,22nd May 2011,,True North,8c,22-05-2011,Lead,worked,2011-05-22,2011.0,8c
Alan Cassidy,9th Jun 2011,,True North,8c,09-06-2011,Lead,worked,2011-09-06,2011.0,8c
Bob Hickish,16th Jun 2011,,True North,8c,16-06-2011,Lead,worked,2011-06-16,2011.0,8c
Matt Pickles,12th Jul 2011,,True North,8c,12-07-2011,Lead,worked,2011-12-07,2011.0,8c
Neil Mawson,19th Aug 2012,,True North,8c,19-08-2012,Lead,worked,2012-08-19,2012.0,8c
Tim Palmer,Jun 2013,,True North,8c,19-06-2013,Lead,worked,2013-06-19,2013.0,8c
Jon Freeman,15th Jun 2013,,True North,8c,15-06-2013,Lead,worked,2013-06-15,2013.0,8c
Alex Megos,Jun 2016,,True North,8c,19-06-2016,Lead,worked,2016-06-19,2016.0,8c
Pete Dawson,14th May 2017,,True North,8c,14-05-2017,Lead,worked,2017-05-14,2017.0,8c
Ted Kingsnorth,20th May 2017,,True North,8c,20-05-2017,Lead,worked,2017-05-20,2017.0,8c
Chris Smith,18th Jun 2020,,True North,8c,18-06-2020,Lead,worked,2020-06-18,2020.0,8c
Kieran Forrest,12th Aug 2020,,True North,8c,12-08-2020,Lead,worked,2020-12-08,2020.0,8c
Billy Ridal,11th Jun 2021,,True North,8c,11-06-2021,Lead,worked,2021-11-06,2021.0,8c
Matt Cooke,29th Aug 2022,,True North,8c,29-08-2022,Lead,worked,2022-08-29,2022.0,8c
Alex Norton,29th May 2023,,True North,8c,29-05-2023,Lead,worked,2023-05-29,2023.0,8c
Gordon Lennox,Jun 2023,,True North,8c,19-06-2023,Lead,worked,2023-06-19,2023.0,8c
Anna Wild,13th Jun 2023,,True North,8c,13-06-2023,Lead,worked,2023-06-13,2023.0,8c
Mike Grey,,,True North,8c,,Lead,worked,,,8c
Peter Croft,1980s,,Cobra Crack,e9,19-11-2024,Lead,,2024-11-19,2024.0,8b
Sonnie Trotter,23rd Jun 2006,,Cobra Crack,e9,23-06-2006,Lead,worked,2006-06-23,2006.0,8b
Nicolas Favresse,18th Jul 2008,,Cobra Crack,e9,18-07-2008,Lead,worked,2008-07-18,2008.0,8b
Ethan Pringle,13th Aug 2008,8c (hard),Cobra Crack,e9,13-08-2008,Lead,worked,2008-08-13,2008.0,8b
Matt Segal,Sep 2008,,Cobra Crack,e9,19-09-2008,Lead,worked,2008-09-19,2008.0,8b
Will Stanhope,Jul 2009,,Cobra Crack,e9,19-07-2009,Lead,worked,2009-07-19,2009.0,8b
Yuji Hirayama,Sep 2009,,Cobra Crack,e9,19-09-2009,Lead,worked,2009-09-19,2009.0,8b
Alex Honnold,11th Aug 2011,,Cobra Crack,e9,11-08-2011,Lead,worked,2011-11-08,2011.0,8b
Tom Randall,Sep 2013,,Cobra Crack,e9,19-09-2013,Lead,worked,2013-09-19,2013.0,8b
Pete Whittaker,Sep 2013,,Cobra Crack,e9,19-09-2013,Lead,worked,2013-09-19,2013.0,8b
Ben Harnden,1st Jun 2016,,Cobra Crack,e9,01-06-2016,Lead,worked,2016-01-06,2016.0,8b
Logan Barber,23rd May 2017,8c,Cobra Crack,e9,23-05-2017,Lead,worked,2017-05-23,2017.0,8b
Mason Earle,21st Jul 2017,,Cobra Crack,e9,21-07-2017,Lead,worked,2017-07-21,2017.0,8b
Said Belhaj,Sep 2017,,Cobra Crack,e9,19-09-2017,Lead,worked,2017-09-19,2017.0,8b
Tristan Baills,2019,,Cobra Crack,e9,19-11-2019,Lead,worked,2019-11-19,2019.0,8b
Stu Smith,2021,,Cobra Crack,e9,19-11-2021,Lead,worked,2021-11-19,2021.0,8b
Ryan Sklenica,2021,,Cobra Crack,e9,19-11-2021,Lead,worked,2021-11-19,2021.0,8b
Nat Bailey,2023,,Cobra Crack,e9,19-11-2023,Lead,worked,2023-11-19,2023.0,8b
Connor Herson,1st Jul 2023,,Cobra Crack,e9,01-07-2023,Lead,worked,2023-01-07,2023.0,8b
Adrian Vanoni,22nd Sep 2023,8c,Cobra Crack,e9,22-09-2023,Lead,worked,2023-09-22,2023.0,8b
Didier Berthod,14th May 2024,,Cobra Crack,e9,14-05-2024,Lead,worked,2024-05-14,2024.0,8b
Ethan Salvo,Aug 2024,,Cobra Crack,e9,19-08-2024,Lead,worked,2024-08-19,2024.0,8b
Johnny Dawes,Mar 1986,,Gaia,e8,19-03-1986,Lead,worked,1986-03-19,1986.0,8a+
Seb Grieve,5th Mar 1989,,Gaia,e8,05-03-1989,Lead,worked,1989-05-03,1989.0,8a+
Mike Weeks,1999,,Gaia,e8,19-11-1999,Lead,worked,1999-11-19,1999.0,8a+
Mike Robertson,Before 1st Jan 1999,,Gaia,e8,,Lead,worked,,,8a+
Lisa Rands,2004,,Gaia,e8,19-11-2004,Lead,worked,2004-11-19,2004.0,8a+
Kevin Jorgeson,Nov 2008,,Gaia,e8,19-11-2008,Solo,worked,2008-11-19,2008.0,8a+
Alex Honnold,12th Nov 2008,,Gaia,e8,12-11-2008,Lead,flash,2008-12-11,2008.0,8a+
Ryan Pasquill,2009,,Gaia,e8,19-11-2009,Lead,flash,2009-11-19,2009.0,8a+
Nathan Lee,27th Oct 2012,,Gaia,e8,27-10-2012,Lead,worked,2012-10-27,2012.0,8a+
Cailean Harker,17th Jan 2013,,Gaia,e8,17-01-2013,Lead,worked,2013-01-17,2013.0,8a+
Dave Mason,Nov 2013,,Gaia,e8,19-11-2013,Lead,flash,2013-11-19,2013.0,8a+
Katy Whittaker,3rd Nov 2013,,Gaia,e8,03-11-2013,Lead,worked,2013-03-11,2013.0,8a+
Mark Rankine,25th Jan 2015,,Gaia,e8,25-01-2015,Lead,ground up,2015-01-25,2015.0,8a+
Keita Kurakami,Jan 2016,,Gaia,e8,19-01-2016,Lead,worked,2016-01-19,2016.0,8a+
Sean McColl,Mar 2016,,Gaia,e8,19-03-2016,Lead,worked,2016-03-19,2016.0,8a+
Caroline Ciavaldini,24th Dec 2020,,Gaia,e8,24-12-2020,Lead,worked,2020-12-24,2020.0,8a+
Siebe Vanhee,Nov 2021,,Gaia,e8,19-11-2021,Lead,flash,2021-11-19,2021.0,8a+
Issac Buckley,15th Apr 2023,,Gaia,e8,15-04-2023,Lead,worked,2023-04-15,2023.0,8a+
Jorg Verhoeven,,,Gaia,e8,,Lead,worked,,,8a+
Tom de Gay,,,Gaia,e8,,Lead,worked,,,8a+
Niall Grimes,,,Gaia,e8,,Lead,worked,,,8a+
Vincent Pochon,2010,,The Big Island,8c,19-11-2010,Boulder,worked,2010-11-19,2010.0,8c
Toru  Nakajima,Feb 2013,,The Big Island,8c,19-02-2013,Boulder,worked,2013-02-19,2013.0,8c
Christopher Schulte,Mar 2013,,The Big Island,8c,19-03-2013,Boulder,worked,2013-03-19,2013.0,8c
Griffin Whiteside,5th Feb 2015,,The Big Island,8c,05-02-2015,Boulder,worked,2015-05-02,2015.0,8c
Ned Feehally,Oct 2015,,The Big Island,8c,19-10-2015,Boulder,worked,2015-10-19,2015.0,8c
Ryohei Kameyama,7th Oct 2017,,The Big Island,8c,07-10-2017,Boulder,worked,2017-07-10,2017.0,8c
Taylor McNeill,23rd Oct 2017,,The Big Island,8c,23-10-2017,Boulder,worked,2017-10-23,2017.0,8c
Giuliano Cameroni,23rd Feb 2018,,The Big Island,8c,23-02-2018,Boulder,worked,2018-02-23,2018.0,8c
Nico Pelorson,Dec 2018,,The Big Island,8c,19-12-2018,Boulder,worked,2018-12-19,2018.0,8c
Nathan Michel,29th Nov 2020,,The Big Island,8c,29-11-2020,Boulder,worked,2020-11-29,2020.0,8c
Killian Charbier,14th Feb 2021,,The Big Island,8c,14-02-2021,Boulder,worked,2021-02-14,2021.0,8c
Tim Reuser,9th Mar 2021,,The Big Island,8c,09-03-2021,Boulder,worked,2021-09-03,2021.0,8c
Nico Januel,28th Sep 2021,,The Big Island,8c,28-09-2021,Boulder,worked,2021-09-28,2021.0,8c
Rob Denayer,Nov 2021,,The Big Island,8c,19-11-2021,Boulder,worked,2021-11-19,2021.0,8c
Léo Favot,2022,,The Big Island,8c,19-11-2022,Boulder,worked,2022-11-19,2022.0,8c
Olivier Lebreton,2022,,The Big Island,8c,19-11-2022,Boulder,worked,2022-11-19,2022.0,8c
Christoph Schweiger,2nd Dec 2022,,The Big Island,8c,02-12-2022,Boulder,worked,2022-02-12,2022.0,8c
Stephan Vogt,16th Apr 2023,,The Big Island,8c,16-04-2023,Boulder,worked,2023-04-16,2023.0,8c
Samuel Richard,27th Apr 2023,,The Big Island,8c,27-04-2023,Boulder,worked,2023-04-27,2023.0,8c
Sam Richard,27th Apr 2023,,The Big Island,8c,27-04-2023,Boulder,worked,2023-04-27,2023.0,8c
Sam Avezou,Oct 2023,,The Big Island,8c,19-10-2023,Boulder,worked,2023-10-19,2023.0,8c
Lilian Bonniot,21st Feb 2024,,The Big Island,8c,21-02-2024,Boulder,worked,2024-02-21,2024.0,8c
Simon Lorenzi,,,The Big Island,8c,,Boulder,worked,,,8c
Fred Nicole,20th Aug 2002,8B+,Monkey Wedding,8c,20-08-2002,Boulder,worked,2002-08-20,2002.0,8c
Paul Robinson,24th Aug 2010,8C,Monkey Wedding,8c,24-08-2010,Boulder,worked,2010-08-24,2010.0,8c
Adam Ondra,14th Aug 2011,8C,Monkey Wedding,8c,14-08-2011,Boulder,worked,2011-08-14,2011.0,8c
Daniel Woods,13th Aug 2012,8C,Monkey Wedding,8c,13-08-2012,Boulder,worked,2012-08-13,2012.0,8c
Ignacio Sánchez González,Jun 2015,,Monkey Wedding,8c,19-06-2015,Boulder,worked,2015-06-19,2015.0,8c
Vadim Timonov,Jul 2016,8C,Monkey Wedding,8c,19-07-2016,Boulder,worked,2016-07-19,2016.0,8c
Shawn Raboutou,Jul 2016,,Monkey Wedding,8c,19-07-2016,Boulder,worked,2016-07-19,2016.0,8c
Alex Megos,2017,,Monkey Wedding,8c,19-11-2017,Boulder,worked,2017-11-19,2017.0,8c
Charles Albert,Jun 2017,,Monkey Wedding,8c,19-06-2017,Boulder,worked,2017-06-19,2017.0,8c
Alex Khazanov,6th Jul 2017,,Monkey Wedding,8c,06-07-2017,Boulder,worked,2017-06-07,2017.0,8c
Toby Saxton,21st Aug 2017,,Monkey Wedding,8c,21-08-2017,Boulder,worked,2017-08-21,2017.0,8c
Aidan Roberts,Aug 2018,,Monkey Wedding,8c,19-08-2018,Boulder,worked,2018-08-19,2018.0,8c
Keenan Takahashi,19th Aug 2019,,Monkey Wedding,8c,19-08-2019,Boulder,worked,2019-08-19,2019.0,8c
Giuliano Cameroni,31st Aug 2019,,Monkey Wedding,8c,31-08-2019,Boulder,worked,2019-08-31,2019.0,8c
Stefan Scarperi,2nd Aug 2022,,Monkey Wedding,8c,02-08-2022,Boulder,worked,2022-02-08,2022.0,8c
Ryuichi Murai,26th Jun 2023,,Monkey Wedding,8c,26-06-2023,Boulder,worked,2023-06-26,2023.0,8c
Piotr Schab,5th Jul 2023,,Monkey Wedding,8c,05-07-2023,Boulder,worked,2023-05-07,2023.0,8c
Jabee Kim,15th Jul 2023,,Monkey Wedding,8c,15-07-2023,Boulder,worked,2023-07-15,2023.0,8c
Austin Hoyt,1st Aug 2023,,Monkey Wedding,8c,01-08-2023,Boulder,worked,2023-01-08,2023.0,8c
Zach Galla,Jun 2024,,Monkey Wedding,8c,19-06-2024,Boulder,worked,2024-06-19,2024.0,8c
Lee Sungsu,25th Jun 2024,,Monkey Wedding,8c,25-06-2024,Boulder,worked,2024-06-25,2024.0,8c
Christopher Cosser,2nd Aug 2024,,Monkey Wedding,8c,02-08-2024,Boulder,worked,2024-02-08,2024.0,8c
Dave Graham,4th Sep 2010,,Warrior Up,8b+,04-09-2010,Boulder,worked,2010-04-09,2010.0,8b+
Griffin Whiteside,18th Sep 2016,,Warrior Up,8b+,18-09-2016,Boulder,worked,2016-09-18,2016.0,8b+
Keenan Takahashi,25th May 2018,,Warrior Up,8b+,25-05-2018,Boulder,worked,2018-05-25,2018.0,8b+
Andy Lamb,,,Warrior Up,8b+,,Boulder,worked,,,8b+
Paul Robinson,,,Warrior Up,8b+,,Boulder,worked,,,8b+
Jimmy Webb,,,Warrior Up,8b+,,Boulder,worked,,,8b+
Michael O'Rourke,,,Warrior Up,8b+,,Boulder,worked,,,8b+
Jess Walker,,,Warrior Up,8b+,,Boulder,worked,,,8b+
Ethan Salvo,,8B,Warrior Up,8b+,,Boulder,worked,,,8b+
Taylor McNeill,,8B,Warrior Up,8b+,,Boulder,worked,,,8b+
Brian Squire,,,Warrior Up,8b+,,Boulder,worked,,,8b+
Noah Wheeler,,,Warrior Up,8b+,,Boulder,worked,,,8b+
Matt Fultz,,,Warrior Up,8b+,,Boulder,worked,,,8b+
Nick Bradley,,,Warrior Up,8b+,,Boulder,worked,,,8b+
Ben Burkhalter,,,Warrior Up,8b+,,Boulder,worked,,,8b+
Sam Weir,,,Warrior Up,8b+,,Boulder,worked,,,8b+
Daniel Fong,,,Warrior Up,8b+,,Boulder,worked,,,8b+
Dave Graham,,,Warrior Up,8b+,,Boulder,worked,,,8b+
Daniel Woods,,,Warrior Up,8b+,,Boulder,worked,,,8b+
Kacper Kusion,,,Warrior Up,8b+,,Boulder,worked,,,8b+
Samuel Hsin,,8B+,Warrior Up,8b+,,Boulder,worked,,,8b+
Thomas Betterton,,8B+,Warrior Up,8b+,,Boulder,worked,,,8b+
Fred Nicole,15th Feb 2001,,Esperanza,8b+,15-02-2001,Boulder,worked,2001-02-15,2001.0,8b+
James Litz,19th Dec 2003,,Esperanza,8b+,19-12-2003,Boulder,worked,2003-12-19,2003.0,8b+
Ely Wilde,19th Feb 2005,,Esperanza,8b+,19-02-2005,Boulder,worked,2005-02-19,2005.0,8b+
Daniel Woods,28th Dec 2005,,Esperanza,8b+,28-12-2005,Boulder,worked,2005-12-28,2005.0,8b+
Josh Haynes,2007,,Esperanza,8b+,19-11-2007,Boulder,worked,2007-11-19,2007.0,8b+
Ethan Pringle,6th Mar 2007,,Esperanza,8b+,06-03-2007,Boulder,worked,2007-06-03,2007.0,8b+
Nick Duttle,14th Apr 2007,,Esperanza,8b+,14-04-2007,Boulder,worked,2007-04-14,2007.0,8b+
Jimmy Webb,14th Dec 2011,,Esperanza,8b+,14-12-2011,Boulder,worked,2011-12-14,2011.0,8b+
Brion Voges,2nd Jan 2012,,Esperanza,8b+,02-01-2012,Boulder,worked,2012-02-01,2012.0,8b+
Sam Davis,12th Jan 2012,,Esperanza,8b+,12-01-2012,Boulder,worked,2012-12-01,2012.0,8b+
Tristan Chen,3rd Jan 2019,,Esperanza,8b+,03-01-2019,Boulder,worked,2019-03-01,2019.0,8b+
Matt Fultz,23rd Feb 2019,,Esperanza,8b+,23-02-2019,Boulder,worked,2019-02-23,2019.0,8b+
Jonah Kreitzberg,18th Mar 2019,,Esperanza,8b+,18-03-2019,Boulder,worked,2019-03-18,2019.0,8b+
B.J. Tilden,27th Feb 2022,,Esperanza,8b+,27-02-2022,Boulder,worked,2022-02-27,2022.0,8b+
Andrew Nimmer,6th Dec 2022,,Esperanza,8b+,06-12-2022,Boulder,worked,2022-06-12,2022.0,8b+
Ben Burkhalter,10th Jan 2023,,Esperanza,8b+,10-01-2023,Boulder,worked,2023-10-01,2023.0,8b+
Austin Purdy,21st Nov 2023,,Esperanza,8b+,21-11-2023,Boulder,worked,2023-11-21,2023.0,8b+
Kensuke Hamada,,,Esperanza,8b+,,Boulder,worked,,,8b+
Adam Taylor,,,Esperanza,8b+,,Boulder,worked,,,8b+
Chris Sharma,,,Esperanza,8b+,,Boulder,worked,,,8b+
Ben Spannuth,,,Esperanza,8b+,,Boulder,worked,,,8b+
Ben Moon,,,Bens Roof,7c,,Boulder,worked,,,7c
Lucy Creamer,Oct 2006,,Bens Roof,7c,19-10-2006,Boulder,worked,2006-10-19,2006.0,7c
Rae Cowie,2008,,Bens Roof,7c,19-11-2008,Boulder,worked,2008-11-19,2008.0,7c
Leah Crane,Oct 2008,,Bens Roof,7c,19-10-2008,Boulder,worked,2008-10-19,2008.0,7c
Diane Merrick,20th May 2011,,Bens Roof,7c,20-05-2011,Boulder,worked,2011-05-20,2011.0,7c
Jennifer Wood,Apr 2016,,Bens Roof,7c,19-04-2016,Boulder,worked,2016-04-19,2016.0,7c
Nicola Taylor,30th Nov 2016,,Bens Roof,7c,30-11-2016,Boulder,worked,2016-11-30,2016.0,7c
Ferdia Earle,9th May 2018,,Bens Roof,7c,09-05-2018,Boulder,worked,2018-09-05,2018.0,7c
Naomi Buys,3rd Nov 2018,,Bens Roof,7c,03-11-2018,Boulder,worked,2018-03-11,2018.0,7c
Xian Goh,Sep 2019,,Bens Roof,7c,19-09-2019,Boulder,worked,2019-09-19,2019.0,7c
Simon Lee,11th Oct 2019,,Bens Roof,7c,11-10-2019,Lead,worked,2019-11-10,2019.0,7c
Rhoslyn Frugtniet,20th Nov 2020,,Bens Roof,7c,20-11-2020,Boulder,worked,2020-11-20,2020.0,7c
Anna Wild,28th Mar 2021,,Bens Roof,7c,28-03-2021,Boulder,worked,2021-03-28,2021.0,7c
Hannah French,8th Apr 2021,,Bens Roof,7c,08-04-2021,Boulder,worked,2021-08-04,2021.0,7c
Niamh Gibson,30th Apr 2023,,Bens Roof,7c,30-04-2023,Boulder,worked,2023-04-30,2023.0,7c
Lisa Alhadeff,,,Bens Roof,7c,,Boulder,worked,,,7c
Jules Littlefair,,,Bens Roof,7c,,Boulder,worked,,,7c
Debbie Corbett,,,Bens Roof,7c,,Boulder,worked,,,7c
Siobhan Coughlan,,,Bens Roof,7c,,Boulder,worked,,,7c
Ruth Smitton,,,Bens Roof,7c,,Boulder,worked,,,7c
Seb Grieve,25th Oct 1997,,Meshuga,e9,25-10-1997,Lead,worked,1997-10-25,1997.0,8b
Nic Sellars,Between 1st Jan 1997 and 1st Jan 2001,,Meshuga,e9,,Top Rope,flash,,,8b
Neil Gresham,2000,,Meshuga,e9,19-11-2000,Lead,worked,2000-11-19,2000.0,8b
Tom de Gay,2001,,Meshuga,e9,19-11-2001,Lead,worked,2001-11-19,2001.0,8b
Tim Emmett,2001,,Meshuga,e9,19-11-2001,Lead,worked,2001-11-19,2001.0,8b
Alex Honnold,19th Nov 2008,,Meshuga,e9,19-11-2008,Solo,worked,2008-11-19,2008.0,8b
Toru  Nakajima,25th Aug 2009,,Meshuga,e9,25-08-2009,Lead,worked,2009-08-25,2009.0,8b
Nathan Lee,24th Oct 2013,,Meshuga,e9,24-10-2013,Lead,worked,2013-10-24,2013.0,8b
Dave Mason,3rd Nov 2013,,Meshuga,e9,03-11-2013,Lead,worked,2013-03-11,2013.0,8b
Ethan Walker,14th Nov 2013,,Meshuga,e9,14-11-2013,Lead,worked,2013-11-14,2013.0,8b
Neil Kershaw,Mar 2014,,Meshuga,e9,19-03-2014,Lead,worked,2014-03-19,2014.0,8b
Bob Hickish,24th Mar 2014,,Meshuga,e9,24-03-2014,Lead,worked,2014-03-24,2014.0,8b
Ed Hamer,2015,,Meshuga,e9,19-11-2015,Lead,worked,2015-11-19,2015.0,8b
Jim Pope,24th Oct 2018,,Meshuga,e9,24-10-2018,Lead,worked,2018-10-24,2018.0,8b
Patrick Hill,4th Feb 2020,,Meshuga,e9,04-02-2020,Lead,worked,2020-04-02,2020.0,8b
Nic Duboust,7th Feb 2020,,Meshuga,e9,07-02-2020,Lead,worked,2020-07-02,2020.0,8b
Mike Adams,Nov 2024,,Meshuga,e9,19-11-2024,Lead,worked,2024-11-19,2024.0,8b
Neil Furniss,,,Meshuga,e9,,Lead,worked,,,8b
Ben Heason,,,Meshuga,e9,,Lead,worked,,,8b
Sam Hamer,,,Meshuga,e9,,Lead,worked,,,8b
Dave Graham,16th Sep 2010,8B+,We Can Build You,8b,16-09-2010,Boulder,worked,2010-09-16,2010.0,8b
Alex Puccio,12th Sep 2022,8B+,We Can Build You,8b,12-09-2022,Boulder,worked,2022-12-09,2022.0,8b
Cooper Doe,6th Aug 2023,8B/8B+,We Can Build You,8b,06-08-2023,Boulder,worked,2023-06-08,2023.0,8b
Jimmy Webb,,8B+,We Can Build You,8b,,Boulder,worked,,,8b
Daniel Woods,,8B+,We Can Build You,8b,,Boulder,worked,,,8b
Brion Voges,,8B+,We Can Build You,8b,,Boulder,worked,,,8b
Sam Weir,,8B+,We Can Build You,8b,,Boulder,worked,,,8b
Ben Burkhalter,,8B+,We Can Build You,8b,,Boulder,worked,,,8b
Taylor McNeill,,8B+,We Can Build You,8b,,Boulder,worked,,,8b
Matt Fultz,,8B+,We Can Build You,8b,,Boulder,worked,,,8b
Liam Andrews-Bancroft,,,We Can Build You,8b,,Boulder,worked,,,8b
Everett Sloane,,8B+,We Can Build You,8b,,Boulder,worked,,,8b
Nick Bradley,,8B+,We Can Build You,8b,,Boulder,worked,,,8b
Nicholas Milburn,,,We Can Build You,8b,,Boulder,worked,,,8b
Brian Squire,,,We Can Build You,8b,,Boulder,worked,,,8b
Beckett Hsin,,,We Can Build You,8b,,Boulder,worked,,,8b
Noah Wheeler,,,We Can Build You,8b,,Boulder,worked,,,8b
Austin Purdy,,,We Can Build You,8b,,Boulder,worked,,,8b
Paul Robinson,,8B+,We Can Build You,8b,,Boulder,worked,,,8b
Tanner Bauer,,8B+,We Can Build You,8b,,Boulder,worked,,,8b
Shawn Diamond,4th May 2009,,Direct North,8b+,04-05-2009,Boulder,worked,2009-04-05,2009.0,8b+
Giovanni Traversi,2nd Jan 2015,,Direct North,8b+,02-01-2015,Boulder,worked,2015-02-01,2015.0,8b+
Keenan Takahashi,22nd Dec 2019,,Direct North,8b+,22-12-2019,Boulder,worked,2019-12-22,2019.0,8b+
Sander Pick,21st Jan 2021,,Direct North,8b+,21-01-2021,Boulder,worked,2021-01-21,2021.0,8b+
Kiernan Tong,14th Feb 2021,,Direct North,8b+,14-02-2021,Boulder,worked,2021-02-14,2021.0,8b+
Katie Lamb,12th Jan 2022,,Direct North,8b+,12-01-2022,Boulder,worked,2022-12-01,2022.0,8b+
Austin Hoyt,12th Feb 2023,,Direct North,8b+,12-02-2023,Boulder,worked,2023-12-02,2023.0,8b+
Ben Kim,22nd Feb 2024,,Direct North,8b+,22-02-2024,Boulder,worked,2024-02-22,2024.0,8b+
Luke Gerhardt,22nd Feb 2024,,Direct North,8b+,22-02-2024,Boulder,worked,2024-02-22,2024.0,8b+
Andrew Nimmer,22nd Mar 2024,,Direct North,8b+,22-03-2024,Boulder,worked,2024-03-22,2024.0,8b+
Max Zolotukhin,,,Direct North,8b+,,Boulder,worked,,,8b+
Noah Wheeler,,,Direct North,8b+,,Boulder,worked,,,8b+
Everett Sloane,,,Direct North,8b+,,Boulder,worked,,,8b+
Guillaume Glairon-Mondet,,,Direct North,8b+,,Boulder,worked,,,8b+
Zach Galla,,,Direct North,8b+,,Boulder,worked,,,8b+
Carlo Traversi,,,Direct North,8b+,,Boulder,worked,,,8b+
Drew Ruana,,,Direct North,8b+,,Boulder,worked,,,8b+
Brett Walker,,,Direct North,8b+,,Boulder,worked,,,8b+
Andy Lamb,,,Direct North,8b+,,Boulder,worked,,,8b+
Tyler Landman,28th Nov 2007,,Midnight Express,8b+,28-11-2007,Boulder,worked,2007-11-28,2007.0,8b+
Daniel Woods,16th Dec 2007,,Midnight Express,8b+,16-12-2007,Boulder,worked,2007-12-16,2007.0,8b+
Dave Graham,14th Jan 2008,,Midnight Express,8b+,14-01-2008,Boulder,worked,2008-01-14,2008.0,8b+
Seth Allred,29th Feb 2008,,Midnight Express,8b+,29-02-2008,Boulder,worked,2008-02-29,2008.0,8b+
Paul Robinson,15th Mar 2008,,Midnight Express,8b+,15-03-2008,Boulder,worked,2008-03-15,2008.0,8b+
Jimmy Webb,20th Feb 2011,,Midnight Express,8b+,20-02-2011,Boulder,worked,2011-02-20,2011.0,8b+
Daisuke Ichimiya,26th Sep 2016,,Midnight Express,8b+,26-09-2016,Boulder,worked,2016-09-26,2016.0,8b+
Hunter Damiani,25th Mar 2017,,Midnight Express,8b+,25-03-2017,Boulder,worked,2017-03-25,2017.0,8b+
Keenan Takahashi,16th Jan 2019,,Midnight Express,8b+,16-01-2019,Boulder,worked,2019-01-16,2019.0,8b+
Ryuichi Murai,21st May 2019,,Midnight Express,8b+,21-05-2019,Boulder,worked,2019-05-21,2019.0,8b+
Zach Galla,4th Nov 2019,,Midnight Express,8b+,04-11-2019,Boulder,worked,2019-04-11,2019.0,8b+
Chase Martinez,8th Mar 2020,,Midnight Express,8b+,08-03-2020,Boulder,worked,2020-08-03,2020.0,8b+
Sam Weir,5th Apr 2020,,Midnight Express,8b+,05-04-2020,Boulder,worked,2020-05-04,2020.0,8b+
Matt Fultz,3rd May 2020,,Midnight Express,8b+,03-05-2020,Boulder,worked,2020-03-05,2020.0,8b+
Beckett Hsin,23rd Sep 2023,,Midnight Express,8b+,23-09-2023,Boulder,worked,2023-09-23,2023.0,8b+
Charles Albert,,,Midnight Express,8b+,,Boulder,worked,,,8b+
Drew Ruana,,,Midnight Express,8b+,,Boulder,worked,,,8b+
Luke Parady,,,Midnight Express,8b+,,Boulder,worked,,,8b+
Phil Schaal,,,Midnight Express,8b+,,Boulder,worked,,,8b+
Daniel Woods,29th Jan 2012,,Mind To Motion,8b+,29-01-2012,Boulder,worked,2012-01-29,2012.0,8b+
Dave Graham,14th Nov 2012,,Mind To Motion,8b+,14-11-2012,Boulder,worked,2012-11-14,2012.0,8b+
Keenan Takahashi,21st Oct 2018,,Mind To Motion,8b+,21-10-2018,Boulder,worked,2018-10-21,2018.0,8b+
Beckett Hsin,10th Aug 2024,,Mind To Motion,8b+,10-08-2024,Boulder,worked,2024-10-08,2024.0,8b+
Brian Squire,,,Mind To Motion,8b+,,Boulder,worked,,,8b+
Noah Wheeler,,,Mind To Motion,8b+,,Boulder,worked,,,8b+
Ben Blackmore,,,Mind To Motion,8b+,,Boulder,worked,,,8b+
Andy Lamb,,,Mind To Motion,8b+,,Boulder,worked,,,8b+
Nicholas Milburn,,,Mind To Motion,8b+,,Boulder,worked,,,8b+
Matt Fultz,,,Mind To Motion,8b+,,Boulder,worked,,,8b+
Bryce Viola,,,Mind To Motion,8b+,,Boulder,worked,,,8b+
Daniel Fong,,,Mind To Motion,8b+,,Boulder,worked,,,8b+
Liam Andrews-Bancroft,,,Mind To Motion,8b+,,Boulder,worked,,,8b+
Nick Bradley,,,Mind To Motion,8b+,,Boulder,worked,,,8b+
Zach Galla,,,Mind To Motion,8b+,,Boulder,worked,,,8b+
Samuel Hsin,,,Mind To Motion,8b+,,Boulder,worked,,,8b+
Alex Biale,,,Mind To Motion,8b+,,Boulder,worked,,,8b+
Tristan Chen,,,Mind To Motion,8b+,,Boulder,worked,,,8b+
Daniel Woods,29th Feb 2012,,Paint It Black,8c,29-02-2012,Boulder,worked,2012-02-29,2012.0,8c
Paul Robinson,18th Apr 2012,,Paint It Black,8c,18-04-2012,Boulder,worked,2012-04-18,2012.0,8c
Dave Graham,28th Apr 2012,,Paint It Black,8c,28-04-2012,Boulder,worked,2012-04-28,2012.0,8c
Griffin Whiteside,13th Mar 2018,,Paint It Black,8c,13-03-2018,Boulder,worked,2018-03-13,2018.0,8c
Matt Fultz,21st Apr 2019,,Paint It Black,8c,21-04-2019,Boulder,worked,2019-04-21,2019.0,8c
Drew Ruana,5th Mar 2020,,Paint It Black,8c,05-03-2020,Boulder,worked,2020-05-03,2020.0,8c
Sam Weir,14th Jun 2020,8B/8B+,Paint It Black,8c,14-06-2020,Boulder,worked,2020-06-14,2020.0,8c
Nick Bradley,7th Apr 2021,,Paint It Black,8c,07-04-2021,Boulder,worked,2021-07-04,2021.0,8c
Austin Purdy,10th Nov 2021,,Paint It Black,8c,10-11-2021,Boulder,worked,2021-10-11,2021.0,8c
Noah Wheeler,18th Dec 2022,,Paint It Black,8c,18-12-2022,Boulder,worked,2022-12-18,2022.0,8c
Pablo Hammack,2023,,Paint It Black,8c,19-11-2023,Boulder,worked,2023-11-19,2023.0,8c
Andre Branchizio,5th Nov 2023,,Paint It Black,8c,05-11-2023,Boulder,worked,2023-05-11,2023.0,8c
Ben Burkhalter,7th Nov 2023,,Paint It Black,8c,07-11-2023,Boulder,worked,2023-07-11,2023.0,8c
Zach Galla,9th Nov 2023,,Paint It Black,8c,09-11-2023,Boulder,worked,2023-09-11,2023.0,8c
Brian Squire,12th May 2024,,Paint It Black,8c,12-05-2024,Boulder,worked,2024-12-05,2024.0,8c
Samuel Hsin,2nd Jun 2024,,Paint It Black,8c,02-06-2024,Boulder,worked,2024-02-06,2024.0,8c
Nicholas Milburn,,,Paint It Black,8c,,Boulder,worked,,,8c
Ian Dory,,,Paint It Black,8c,,Boulder,worked,,,8c
Chris Sharma,Aug 2004,,Practice Of The Wild,8b+,19-08-2004,Boulder,worked,2004-08-19,2004.0,8b+
Tyler Landman,26th Sep 2008,8C (soft),Practice Of The Wild,8b+,26-09-2008,Boulder,worked,2008-09-26,2008.0,8b+
Daniel Woods,16th Apr 2011,8C (soft),Practice Of The Wild,8b+,16-04-2011,Boulder,worked,2011-04-16,2011.0,8b+
Adam Ondra,1st Oct 2011,8C (soft),Practice Of The Wild,8b+,01-10-2011,Boulder,worked,2011-01-10,2011.0,8b+
Carlo Traversi,23rd Oct 2012,8C (soft),Practice Of The Wild,8b+,23-10-2012,Boulder,worked,2012-10-23,2012.0,8b+
Nalle Hukkataival,2014,,Practice Of The Wild,8b+,19-11-2014,Boulder,worked,2014-11-19,2014.0,8b+
Jimmy Webb,15th Apr 2014,8C (soft),Practice Of The Wild,8b+,15-04-2014,Boulder,worked,2014-04-15,2014.0,8b+
Martin Stráník,28th Oct 2014,8C (soft),Practice Of The Wild,8b+,28-10-2014,Boulder,worked,2014-10-28,2014.0,8b+
Dave MacLeod,May 2016,,Practice Of The Wild,8b+,19-05-2016,Boulder,worked,2016-05-19,2016.0,8b+
Gabriele Moroni,6th May 2016,,Practice Of The Wild,8b+,06-05-2016,Boulder,worked,2016-06-05,2016.0,8b+
Alex Khazanov,9th Sep 2017,,Practice Of The Wild,8b+,09-09-2017,Boulder,worked,2017-09-09,2017.0,8b+
Will Bosi,27th Sep 2018,8C,Practice Of The Wild,8b+,27-09-2018,Boulder,worked,2018-09-27,2018.0,8b+
Toby Saxton,18th Jun 2019,,Practice Of The Wild,8b+,18-06-2019,Boulder,worked,2019-06-18,2019.0,8b+
Piotr Schab,23rd Jul 2020,,Practice Of The Wild,8b+,23-07-2020,Boulder,worked,2020-07-23,2020.0,8b+
Clément Lechaptois,26th May 2021,8B+,Practice Of The Wild,8b+,26-05-2021,Lead,worked,2021-05-26,2021.0,8b+
Eliot Stephens,Apr 2022,8B+ (hard),Practice Of The Wild,8b+,19-04-2022,Boulder,worked,2022-04-19,2022.0,8b+
Simon Lorenzi,Sep 2022,,Practice Of The Wild,8b+,19-09-2022,Boulder,worked,2022-09-19,2022.0,8b+
Nico Pelorson,16th Sep 2022,8B+,Practice Of The Wild,8b+,16-09-2022,Boulder,worked,2022-09-16,2022.0,8b+
Solly Kemball-Dorey,25th Sep 2022,8B+,Practice Of The Wild,8b+,25-09-2022,Boulder,worked,2022-09-25,2022.0,8b+
James Pearson,19th Nov 2006,,Steppenwolf,8b,19-11-2006,Boulder,worked,2006-11-19,2006.0,8b
Anna Stöhr,2017,,Steppenwolf,8b,19-11-2017,Boulder,worked,2017-11-19,2017.0,8b
Matt Fultz,18th May 2019,,Steppenwolf,8b,18-05-2019,Boulder,flash,2019-05-18,2019.0,8b
Molly Thompson-Smith,3rd Oct 2021,,Steppenwolf,8b,03-10-2021,Boulder,worked,2021-03-10,2021.0,8b
Leo Skinner,21st Apr 2022,,Steppenwolf,8b,21-04-2022,Boulder,worked,2022-04-21,2022.0,8b
Solly Kemball-Dorey,27th Apr 2022,,Steppenwolf,8b,27-04-2022,Boulder,worked,2022-04-27,2022.0,8b
Alex Puccio,May 2022,,Steppenwolf,8b,19-05-2022,Boulder,worked,2022-05-19,2022.0,8b
Matt Cousins,Jul 2022,,Steppenwolf,8b,19-07-2022,Boulder,worked,2022-07-19,2022.0,8b
Jon Freeman,Sep 2022,,Steppenwolf,8b,19-09-2022,Boulder,worked,2022-09-19,2022.0,8b
Pete Dawson,12th Sep 2022,,Steppenwolf,8b,12-09-2022,Boulder,worked,2022-12-09,2022.0,8b
Luke Dawson,19th Sep 2022,,Steppenwolf,8b,19-09-2022,Boulder,worked,2022-09-19,2022.0,8b
Rhys Langlands,19th Sep 2022,,Steppenwolf,8b,19-09-2022,Boulder,worked,2022-09-19,2022.0,8b
Dan Turner,2nd Nov 2022,,Steppenwolf,8b,02-11-2022,Boulder,worked,2022-02-11,2022.0,8b
Andrew Nimmer,29th May 2023,,Steppenwolf,8b,29-05-2023,Boulder,flash,2023-05-29,2023.0,8b
Léo Favot,26th Jul 2023,,Steppenwolf,8b,26-07-2023,Boulder,flash,2023-07-26,2023.0,8b
Marine Thevenet,1st Aug 2023,,Steppenwolf,8b,01-08-2023,Boulder,worked,2023-01-08,2023.0,8b
Michael Bleazard,,,Steppenwolf,8b,,Boulder,worked,,,8b
Michaela Kiersch,,,Steppenwolf,8b,,Boulder,worked,,,8b
Ben West,,,Steppenwolf,8b,,Boulder,worked,,,8b
John Dunne,1988,,Austrian Oak,8b,19-11-1988,Lead,worked,1988-11-19,1988.0,8b
Glen Sutcliffe,1990,,Austrian Oak,8b,19-11-1990,Lead,worked,1990-11-19,1990.0,8b
Tony Mitchell,Before 1st Jan 1991,,Austrian Oak,8b,,Lead,worked,,,8b
Pete Gomersall,Before 1st Jan 1991,,Austrian Oak,8b,,Lead,worked,,,8b
Dave Cuthbertson,Before 1st Jan 1991,,Austrian Oak,8b,,Lead,worked,,,8b
Mark Leach,Before 1st Jan 1991,,Austrian Oak,8b,,Lead,worked,,,8b
Dave Pegg,Before 1st Jan 1991,,Austrian Oak,8b,,Lead,worked,,,8b
Jason Myers,Before 1st Jan 1991,,Austrian Oak,8b,,Lead,worked,,,8b
Mike Owen,11th May 1993,,Austrian Oak,8b,11-05-1993,Lead,worked,1993-11-05,1993.0,8b
Seb Grieve,2000,,Austrian Oak,8b,19-11-2000,Lead,worked,2000-11-19,2000.0,8b
Adam Ondra,29th Apr 2010,,Austrian Oak,8b,29-04-2010,Lead,onsight,2010-04-29,2010.0,8b
Lucinda Whittaker,Jun 2011,,Austrian Oak,8b,19-06-2011,Lead,worked,2011-06-19,2011.0,8b
Mina Leslie-Wujastyk,17th Apr 2015,,Austrian Oak,8b,17-04-2015,Lead,worked,2015-04-17,2015.0,8b
Thea Cameron,2nd Oct 2020,,Austrian Oak,8b,02-10-2020,Lead,worked,2020-02-10,2020.0,8b
Anna Wild,30th Apr 2022,,Austrian Oak,8b,30-04-2022,Lead,worked,2022-04-30,2022.0,8b
Rhoslyn Frugtniet,25th Sep 2023,,Austrian Oak,8b,25-09-2023,Lead,worked,2023-09-25,2023.0,8b
Steve McClure,,,Austrian Oak,8b,,Lead,flash,,,8b
Tanya Meredith,,,Austrian Oak,8b,,Lead,worked,,,8b
Chris Sharma,18th Jul 2001,,Biographie,9a+,18-07-2001,Lead,worked,2001-07-18,2001.0,9a+
Sylvain Millet,24th May 2004,,Biographie,9a+,24-05-2004,Lead,worked,2004-05-24,2004.0,9a+
Patxi Usobiaga,29th Jul 2004,,Biographie,9a+,29-07-2004,Lead,worked,2004-07-29,2004.0,9a+
Dave Graham,30th Jul 2007,,Biographie,9a+,30-07-2007,Lead,worked,2007-07-30,2007.0,9a+
Ethan Pringle,3rd Sep 2007,,Biographie,9a+,03-09-2007,Lead,worked,2007-03-09,2007.0,9a+
Ramón Julián Puigblanque,28th Jul 2008,,Biographie,9a+,28-07-2008,Lead,worked,2008-07-28,2008.0,9a+
Jonathan Siegrest,1st Jun 2014,,Biographie,9a+,01-06-2014,Lead,worked,2014-01-06,2014.0,9a+
Alex Megos,11th Jul 2014,,Biographie,9a+,11-07-2014,Lead,worked,2014-11-07,2014.0,9a+
Adam Ondra,22nd Jul 2014,,Biographie,9a+,22-07-2014,Lead,worked,2014-07-22,2014.0,9a+
Sachi Amma,7th Aug 2014,,Biographie,9a+,07-08-2014,Lead,worked,2014-07-08,2014.0,9a+
Stefano Ghisolfi,Jun 2015,,Biographie,9a+,19-06-2015,Lead,worked,2015-06-19,2015.0,9a+
Jon Cardwell,25th May 2016,,Biographie,9a+,25-05-2016,Lead,worked,2016-05-25,2016.0,9a+
Sean Bailey,Aug 2016,,Biographie,9a+,19-08-2016,Lead,worked,2016-08-19,2016.0,9a+
Margo Hayes,Sep 2017,,Biographie,9a+,19-09-2017,Lead,worked,2017-09-19,2017.0,9a+
Jorge Díaz-Rullo,13th Jul 2019,,Biographie,9a+,13-07-2019,Lead,worked,2019-07-13,2019.0,9a+
Sébastien Bouin,Jun 2020,,Biographie,9a+,19-06-2020,Lead,worked,2020-06-19,2020.0,9a+
Matty Hong,29th May 2023,,Biographie,9a+,29-05-2023,Lead,worked,2023-05-29,2023.0,9a+
Enzo Oddo,,,Biographie,9a+,,Lead,worked,,,9a+
Johnny Dawes,7th Sep 1986,,End Of The Affair,e8,07-09-1986,Lead,worked,1986-07-09,1986.0,8a+
Nick Dixon,Sep 1986,,End Of The Affair,e8,19-09-1986,Lead,worked,1986-09-19,1986.0,8a+
Seb Grieve,19th Nov 1995,,End Of The Affair,e8,19-11-1995,Lead,worked,1995-11-19,1995.0,8a+
Ben Tetler,11th Oct 1998,,End Of The Affair,e8,11-10-1998,Lead,worked,1998-11-10,1998.0,8a+
Tim Emmett,1999,,End Of The Affair,e8,19-11-1999,Lead,worked,1999-11-19,1999.0,8a+
Ben Heason,2002,,End Of The Affair,e8,19-11-2002,Solo,worked,2002-11-19,2002.0,8a+
Lucky Chance,2004,,End Of The Affair,e8,19-11-2004,Solo,worked,2004-11-19,2004.0,8a+
Lisa Rands,Oct 2004,,End Of The Affair,e8,19-10-2004,Lead,worked,2004-10-19,2004.0,8a+
Ryan Pasquill,4th Mar 2006,,End Of The Affair,e8,04-03-2006,Lead,flash,2006-04-03,2006.0,8a+
Alex Honnold,7th Nov 2008,,End Of The Affair,e8,07-11-2008,Lead,flash,2008-07-11,2008.0,8a+
James Pearson,28th Nov 2008,,End Of The Affair,e8,28-11-2008,Lead,onsight,2008-11-28,2008.0,8a+
Pete Robins,30th Jan 2009,,End Of The Affair,e8,30-01-2009,Lead,flash,2009-01-30,2009.0,8a+
Lucinda Whittaker,31st Oct 2010,,End Of The Affair,e8,31-10-2010,Lead,worked,2010-10-31,2010.0,8a+
Jordan Buys,28th Oct 2011,,End Of The Affair,e8,28-10-2011,Lead,flash,2011-10-28,2011.0,8a+
Dom Bridgwood,3rd Nov 2018,,End Of The Affair,e8,03-11-2018,Lead,worked,2018-03-11,2018.0,8a+
Pete Bridgwood,3rd Nov 2018,,End Of The Affair,e8,03-11-2018,Lead,worked,2018-03-11,2018.0,8a+
John Dunne,,,End Of The Affair,e8,,Lead,worked,,,8a+
Niall Grimes,,,End Of The Affair,e8,,Lead,worked,,,8a+
James Pearson,2017,,Le Voyage,e10,19-11-2017,Lead,worked,2017-11-19,2017.0,8b+
Jacopo Larcher,May 2021,,Le Voyage,e10,19-05-2021,Lead,worked,2021-05-19,2021.0,8b+
Barbara Zangerl,May 2021,,Le Voyage,e10,19-05-2021,Lead,worked,2021-05-19,2021.0,8b+
Siebe Vanhee,May 2021,,Le Voyage,e10,19-05-2021,Lead,worked,2021-05-19,2021.0,8b+
Symon Welfringer,Mar 2022,,Le Voyage,e10,19-03-2022,Lead,worked,2022-03-19,2022.0,8b+
Jonas Schild,7th Jan 2023,,Le Voyage,e10,07-01-2023,Lead,worked,2023-07-01,2023.0,8b+
Steve McClure,23rd Mar 2023,,Le Voyage,e10,23-03-2023,Lead,worked,2023-03-23,2023.0,8b+
Ignacio Mulero,Between 1st Apr 2023 and 5th Apr 2023,,Le Voyage,e10,,Lead,worked,,,8b+
Mathieu Miquel,10th Apr 2023,,Le Voyage,e10,10-04-2023,Lead,worked,2023-10-04,2023.0,8b+
Robbie Phillips,11th Apr 2023,,Le Voyage,e10,11-04-2023,Lead,worked,2023-11-04,2023.0,8b+
Sébastien Berthe,11th Apr 2023,,Le Voyage,e10,11-04-2023,Lead,flash,2023-11-04,2023.0,8b+
Caroline Ciavaldini,Between 1st Nov 2023 and 9th Nov 2023,,Le Voyage,e10,,Lead,worked,,,8b+
Mélissa Le Nevé,Nov 2023,,Le Voyage,e10,19-11-2023,Lead,worked,2023-11-19,2023.0,8b+
Fabian Buhl,Nov 2023,,Le Voyage,e10,19-11-2023,Lead,worked,2023-11-19,2023.0,8b+
Benjamin Guigonnet,21st Nov 2023,,Le Voyage,e10,21-11-2023,Lead,worked,2023-11-21,2023.0,8b+
Samuel Ometz,23rd Dec 2023,,Le Voyage,e10,23-12-2023,Lead,worked,2023-12-23,2023.0,8b+
Jean-Elie Lugon,May 2024,,Le Voyage,e10,19-05-2024,Lead,worked,2024-05-19,2024.0,8b+
Soline Kentzel,May 2024,,Le Voyage,e10,19-05-2024,Lead,worked,2024-05-19,2024.0,8b+
Martin Atkinson,Sep 1988,,Mecca   The Mid Life Crisis,8b+,19-09-1988,Lead,worked,1988-09-19,1988.0,8b+
Ben Moon,Between 1st Sep 1988 and 1st Dec 1989,,Mecca   The Mid Life Crisis,8b+,,Lead,worked,,,8b+
Ed Morgan,Nov 1989,,Mecca   The Mid Life Crisis,8b+,19-11-1989,Lead,worked,1989-11-19,1989.0,8b+
Mark Leach,Before 1st Jan 1991,,Mecca   The Mid Life Crisis,8b+,,Lead,worked,,,8b+
Steve McClure,28th Sep 1996,,Mecca   The Mid Life Crisis,8b+,28-09-1996,Lead,worked,1996-09-28,1996.0,8b+
Ted Kingsnorth,Sep 2009,,Mecca   The Mid Life Crisis,8b+,19-09-2009,Lead,worked,2009-09-19,2009.0,8b+
Mina Leslie-Wujastyk,5th Sep 2012,,Mecca   The Mid Life Crisis,8b+,05-09-2012,Lead,worked,2012-05-09,2012.0,8b+
Alex Megos,2014,,Mecca   The Mid Life Crisis,8b+,19-11-2014,Lead,worked,2014-11-19,2014.0,8b+
Katy Whittaker,8th Oct 2014,,Mecca   The Mid Life Crisis,8b+,08-10-2014,Lead,worked,2014-08-10,2014.0,8b+
Jim Pope,26th Oct 2014,,Mecca   The Mid Life Crisis,8b+,26-10-2014,Lead,worked,2014-10-26,2014.0,8b+
Molly Thompson-Smith,8th Oct 2017,,Mecca   The Mid Life Crisis,8b+,08-10-2017,Lead,worked,2017-08-10,2017.0,8b+
Holly Rees,7th Apr 2019,,Mecca   The Mid Life Crisis,8b+,07-04-2019,Lead,worked,2019-07-04,2019.0,8b+
Rhoslyn Frugtniet,30th Aug 2020,,Mecca   The Mid Life Crisis,8b+,30-08-2020,Lead,worked,2020-08-30,2020.0,8b+
Frances Bensley,16th Nov 2021,,Mecca   The Mid Life Crisis,8b+,16-11-2021,Lead,worked,2021-11-16,2021.0,8b+
Jacob Amos,30th May 2024,,Mecca   The Mid Life Crisis,8b+,30-05-2024,Lead,worked,2024-05-30,2024.0,8b+
Mark Pretty,,,Mecca   The Mid Life Crisis,8b+,,Lead,worked,,,8b+
Neil Bentley,,,Mecca   The Mid Life Crisis,8b+,,Lead,worked,,,8b+
Matt Donnelly,,,Mecca   The Mid Life Crisis,8b+,,Lead,worked,,,8b+
Pete Lowe,,,Show Your Scars,8b+,,Boulder,worked,,,8b+
Eric Jerome,9th May 2019,,Show Your Scars,8b+,09-05-2019,Boulder,worked,2019-09-05,2019.0,8b+
Dalton Bunker,29th Oct 2020,,Show Your Scars,8b+,29-10-2020,Boulder,worked,2020-10-29,2020.0,8b+
Jimmy Webb,5th Nov 2020,,Show Your Scars,8b+,05-11-2020,Boulder,worked,2020-05-11,2020.0,8b+
Matt Desantis,4th May 2021,,Show Your Scars,8b+,04-05-2021,Boulder,worked,2021-04-05,2021.0,8b+
Josh Muehring,18th May 2021,8B,Show Your Scars,8b+,18-05-2021,Boulder,worked,2021-05-18,2021.0,8b+
Palmer Larsen,20th Oct 2021,,Show Your Scars,8b+,20-10-2021,Boulder,worked,2021-10-20,2021.0,8b+
Taylor McNeill,22nd Oct 2021,,Show Your Scars,8b+,22-10-2021,Boulder,worked,2021-10-22,2021.0,8b+
Zach Wilson,30th Oct 2021,,Show Your Scars,8b+,30-10-2021,Boulder,worked,2021-10-30,2021.0,8b+
Allison Vest,4th Feb 2022,,Show Your Scars,8b+,04-02-2022,Boulder,worked,2022-04-02,2022.0,8b+
Ethan Freudenheim,16th Nov 2022,,Show Your Scars,8b+,16-11-2022,Boulder,worked,2022-11-16,2022.0,8b+
Tanner Bauer,13th Jan 2023,8B,Show Your Scars,8b+,13-01-2023,Boulder,worked,2023-01-13,2023.0,8b+
Nate Draughn,25th Mar 2024,8B,Show Your Scars,8b+,25-03-2024,Boulder,worked,2024-03-25,2024.0,8b+
Zach Galla,,8B,Show Your Scars,8b+,,Boulder,worked,,,8b+
Sam Enright,,,Show Your Scars,8b+,,Boulder,worked,,,8b+
Kirby Mccoy,,,Show Your Scars,8b+,,Boulder,worked,,,8b+
Danny Popowski,,,Show Your Scars,8b+,,Boulder,worked,,,8b+
Porter Geddes,,8B,Show Your Scars,8b+,,Boulder,worked,,,8b+
Pete Robins,Aug 2012,,Isles Of Wonder,8b,19-08-2012,Boulder,worked,2012-08-19,2012.0,8b
Taylor Parsons,6th Oct 2013,,Isles Of Wonder,8b,06-10-2013,Boulder,worked,2013-06-10,2013.0,8b
Dan Turner,21st Jun 2014,,Isles Of Wonder,8b,21-06-2014,Boulder,worked,2014-06-21,2014.0,8b
Ben Freeman,26th Apr 2015,,Isles Of Wonder,8b,26-04-2015,Boulder,worked,2015-04-26,2015.0,8b
Michiel Nieuwenhuijsen,27th Sep 2018,,Isles Of Wonder,8b,27-09-2018,Boulder,worked,2018-09-27,2018.0,8b
Jack Palmieri,20th Jan 2020,,Isles Of Wonder,8b,20-01-2020,Boulder,worked,2020-01-20,2020.0,8b
Eliot Stephens,19th Mar 2020,,Isles Of Wonder,8b,19-03-2020,Boulder,worked,2020-03-19,2020.0,8b
Tim Blake,1st Aug 2020,,Isles Of Wonder,8b,01-08-2020,Boulder,worked,2020-01-08,2020.0,8b
Dave Barrans,29th Sep 2020,,Isles Of Wonder,8b,29-09-2020,Boulder,worked,2020-09-29,2020.0,8b
Aidan Roberts,2021,,Isles Of Wonder,8b,19-11-2021,Boulder,worked,2021-11-19,2021.0,8b
Sam Prior,11th Oct 2021,,Isles Of Wonder,8b,11-10-2021,Boulder,worked,2021-11-10,2021.0,8b
Dylan Soin,2023,,Isles Of Wonder,8b,19-11-2023,Boulder,worked,2023-11-19,2023.0,8b
Kieran Forrest,Feb 2023,,Isles Of Wonder,8b,19-02-2023,Boulder,worked,2023-02-19,2023.0,8b
Solly Kemball-Dorey,3rd Mar 2023,,Isles Of Wonder,8b,03-03-2023,Boulder,worked,2023-03-03,2023.0,8b
Leo Skinner,14th May 2023,,Isles Of Wonder,8b,14-05-2023,Boulder,worked,2023-05-14,2023.0,8b
Joe Gardner,2nd May 2024,,Isles Of Wonder,8b,02-05-2024,Boulder,worked,2024-02-05,2024.0,8b
Tara Hayes,19th Jul 2024,,Isles Of Wonder,8b,19-07-2024,Boulder,worked,2024-07-19,2024.0,8b
Daniel Woods,19th Jun 2007,,Jade,8b+,19-06-2007,Boulder,worked,2007-06-19,2007.0,8b+
Tyler Landman,4th Aug 2007,,Jade,8b+,04-08-2007,Boulder,worked,2007-04-08,2007.0,8b+
Paul Robinson,23rd Aug 2007,,Jade,8b+,23-08-2007,Boulder,worked,2007-08-23,2007.0,8b+
Nalle Hukkataival,Jun 2009,,Jade,8b+,19-06-2009,Boulder,worked,2009-06-19,2009.0,8b+
Phil Schaal,Aug 2009,,Jade,8b+,19-08-2009,Boulder,worked,2009-08-19,2009.0,8b+
Alex Puccio,3rd Aug 2014,,Jade,8b+,03-08-2014,Boulder,worked,2014-03-08,2014.0,8b+
Adam Ondra,7th Jun 2015,,Jade,8b+,07-06-2015,Boulder,flash,2015-07-06,2015.0,8b+
Jonathan Siegrest,27th Jul 2015,,Jade,8b+,27-07-2015,Boulder,worked,2015-07-27,2015.0,8b+
Sam Weir,4th May 2019,,Jade,8b+,04-05-2019,Boulder,worked,2019-04-05,2019.0,8b+
Aidan Roberts,Jun 2019,,Jade,8b+,19-06-2019,Boulder,worked,2019-06-19,2019.0,8b+
Brooke Raboutou,15th Aug 2020,,Jade,8b+,15-08-2020,Boulder,worked,2020-08-15,2020.0,8b+
Duke Lettieri,Jul 2021,,Jade,8b+,19-07-2021,Boulder,worked,2021-07-19,2021.0,8b+
Katie Lamb,31st Jul 2021,,Jade,8b+,31-07-2021,Boulder,worked,2021-07-31,2021.0,8b+
Ashima Shiraishi,22nd Aug 2021,,Jade,8b+,22-08-2021,Boulder,worked,2021-08-22,2021.0,8b+
Noah Wheeler,11th Jul 2024,,Jade,8b+,11-07-2024,Boulder,worked,2024-11-07,2024.0,8b+
Itai Axelrad,,,Jade,8b+,,Boulder,worked,,,8b+
Kyle Hilton,,,Jade,8b+,,Boulder,worked,,,8b+
Jean-Baptiste Tribout,Apr 1992,,Just Do It,8c+,19-04-1992,Lead,worked,1992-04-19,1992.0,8c+
Marc le Menestrel,May 1994,,Just Do It,8c+,19-05-1994,Lead,worked,1994-05-19,1994.0,8c+
Jean-Paul Finne,Apr 1995,,Just Do It,8c+,19-04-1995,Lead,worked,1995-04-19,1995.0,8c+
Chris Sharma,Apr 1997,,Just Do It,8c+,19-04-1997,Lead,worked,1997-04-19,1997.0,8c+
Marko Lukic,Oct 1997,,Just Do It,8c+,19-10-1997,Lead,worked,1997-10-19,1997.0,8c+
David Hume,Oct 1999,,Just Do It,8c+,19-10-1999,Lead,worked,1999-10-19,1999.0,8c+
Sonnie Trotter,7th Jan 2001,,Just Do It,8c+,07-01-2001,Lead,worked,2001-07-01,2001.0,8c+
Ethan Pringle,May 2006,,Just Do It,8c+,19-05-2006,Lead,worked,2006-05-19,2006.0,8c+
Enzo Oddo,Oct 2010,,Just Do It,8c+,19-10-2010,Lead,worked,2010-10-19,2010.0,8c+
Jonathan Siegrest,Jun 2011,,Just Do It,8c+,19-06-2011,Lead,worked,2011-06-19,2011.0,8c+
Ryan Palo,May 2012,,Just Do It,8c+,19-05-2012,Lead,worked,2012-05-19,2012.0,8c+
Paige Classen,May 2014,,Just Do It,8c+,19-05-2014,Lead,worked,2014-05-19,2014.0,8c+
Drew Ruana,22nd Nov 2014,,Just Do It,8c+,22-11-2014,Lead,worked,2014-11-22,2014.0,8c+
Said Belhaj,Nov 2015,,Just Do It,8c+,19-11-2015,Lead,worked,2015-11-19,2015.0,8c+
Kilian Fischhuber,13th Oct 2017,,Just Do It,8c+,13-10-2017,Lead,worked,2017-10-13,2017.0,8c+
Ted Kingsnorth,2nd Jun 2018,,Just Do It,8c+,02-06-2018,Lead,worked,2018-02-06,2018.0,8c+
Adam Ondra,10th Nov 2018,,Just Do It,8c+,10-11-2018,Lead,onsight,2018-10-11,2018.0,8c+
Ramón Julián Puigblanque,8th Mar 2003,9a+,La Rambla Extension,9a+,08-03-2003,Lead,worked,2003-08-03,2003.0,9a+
Eduard Marin,Dec 2006,,La Rambla Extension,9a+,19-12-2006,Lead,worked,2006-12-19,2006.0,9a+
Chris Sharma,Dec 2006,,La Rambla Extension,9a+,19-12-2006,Lead,worked,2006-12-19,2006.0,9a+
Patxi Usobiaga,2007,,La Rambla Extension,9a+,19-11-2007,Lead,worked,2007-11-19,2007.0,9a+
Adam Ondra,10th Feb 2008,9a/9a+,La Rambla Extension,9a+,10-02-2008,Lead,worked,2008-10-02,2008.0,9a+
Enzo Oddo,Dec 2011,,La Rambla Extension,9a+,19-12-2011,Lead,worked,2011-12-19,2011.0,9a+
Alex Megos,Mar 2013,,La Rambla Extension,9a+,19-03-2013,Lead,worked,2013-03-19,2013.0,9a+
Daniel Jung,31st Jan 2014,,La Rambla Extension,9a+,31-01-2014,Lead,worked,2014-01-31,2014.0,9a+
Margo Hayes,26th Feb 2017,,La Rambla Extension,9a+,26-02-2017,Lead,worked,2017-02-26,2017.0,9a+
Stefano Ghisolfi,20th Mar 2017,,La Rambla Extension,9a+,20-03-2017,Lead,worked,2017-03-20,2017.0,9a+
Klemen Bečan,Apr 2017,,La Rambla Extension,9a+,19-04-2017,Lead,worked,2017-04-19,2017.0,9a+
Dave Graham,Mar 2019,,La Rambla Extension,9a+,19-03-2019,Lead,worked,2019-03-19,2019.0,9a+
Gonzalo Larrocha,18th Mar 2019,,La Rambla Extension,9a+,18-03-2019,Lead,worked,2019-03-18,2019.0,9a+
Seo Chae-Hyun,22nd Nov 2022,,La Rambla Extension,9a+,22-11-2022,Lead,worked,2022-11-22,2022.0,9a+
Sébastien Berthe,Jan 2023,,La Rambla Extension,9a+,19-01-2023,Lead,worked,2023-01-19,2023.0,9a+
Michaela Kiersch,Jan 2023,,La Rambla Extension,9a+,19-01-2023,Lead,worked,2023-01-19,2023.0,9a+
Marco Zanone,24th Feb 2023,,La Rambla Extension,9a+,24-02-2023,Lead,worked,2023-02-24,2023.0,9a+
Nalle Hukkataival,2012,,Off The Wagon,8b+,19-11-2012,Boulder,worked,2012-11-19,2012.0,8b+
Jan Hojer,23rd Nov 2012,,Off The Wagon,8b+,23-11-2012,Boulder,worked,2012-11-23,2012.0,8b+
Jimmy Webb,21st Mar 2013,,Off The Wagon,8b+,21-03-2013,Boulder,worked,2013-03-21,2013.0,8b+
Niccolò Ceria,2014,,Off The Wagon,8b+,19-11-2014,Boulder,worked,2014-11-19,2014.0,8b+
Daniel Woods,Apr 2019,,Off The Wagon,8b+,19-04-2019,Boulder,worked,2019-04-19,2019.0,8b+
Ryuichi Murai,29th Nov 2019,,Off The Wagon,8b+,29-11-2019,Boulder,worked,2019-11-29,2019.0,8b+
Nathan Phillips,14th Dec 2021,,Off The Wagon,8b+,14-12-2021,Boulder,worked,2021-12-14,2021.0,8b+
Mejdi Schalck,9th Nov 2022,,Off The Wagon,8b+,09-11-2022,Boulder,worked,2022-09-11,2022.0,8b+
Alberto Ginés López,10th Jan 2023,,Off The Wagon,8b+,10-01-2023,Boulder,worked,2023-10-01,2023.0,8b+
Aidan Roberts,Apr 2023,,Off The Wagon,8b+,19-04-2023,Boulder,worked,2023-04-19,2023.0,8b+
Piotr Oleszczuk,19th Sep 2023,,Off The Wagon,8b+,19-09-2023,Boulder,worked,2023-09-19,2023.0,8b+
Tim Würthner,6th Oct 2023,,Off The Wagon,8b+,06-10-2023,Boulder,worked,2023-06-10,2023.0,8b+
Rhys Langlands,28th Oct 2023,,Off The Wagon,8b+,28-10-2023,Boulder,worked,2023-10-28,2023.0,8b+
Marco Zanone,15th Dec 2023,,Off The Wagon,8b+,15-12-2023,Boulder,worked,2023-12-15,2023.0,8b+
Matty Hong,,,Off The Wagon,8b+,,Boulder,worked,,,8b+
John Dunne,1988,,Predator,8b,19-11-1988,Lead,worked,1988-11-19,1988.0,8b
Glen Sutcliffe,1990,,Predator,8b,19-11-1990,Lead,worked,1990-11-19,1990.0,8b
Pete Gomersall,Before 1st Jan 1991,,Predator,8b,,Lead,worked,,,8b
Dave Cuthbertson,Before 1st Jan 1991,,Predator,8b,,Lead,worked,,,8b
Dave Pegg,Before 1st Jan 1991,,Predator,8b,,Lead,worked,,,8b
Mick Lovatt,Before 1st Jan 1991,,Predator,8b,,Lead,worked,,,8b
Mark Leach,Before 1st Jan 1991,,Predator,8b,,Lead,worked,,,8b
Tony Mitchell,Before 1st Jan 1991,,Predator,8b,,Lead,worked,,,8b
Seb Grieve,1993,,Predator,8b,19-11-1993,Lead,worked,1993-11-19,1993.0,8b
Mike Owen,29th May 1993,,Predator,8b,29-05-1993,Lead,worked,1993-05-29,1993.0,8b
Jenny Woodward,20th Oct 2009,,Predator,8b,20-10-2009,Lead,worked,2009-10-20,2009.0,8b
Emma Twyford,25th Apr 2011,,Predator,8b,25-04-2011,Lead,worked,2011-04-25,2011.0,8b
James McHaffie,6th Aug 2011,,Predator,8b,06-08-2011,Lead,worked,2011-06-08,2011.0,8b
Jules Littlefair,Sep 2011,,Predator,8b,19-09-2011,Lead,worked,2011-09-19,2011.0,8b
Anna Wild,19th Mar 2022,,Predator,8b,19-03-2022,Lead,worked,2022-03-19,2022.0,8b
Rhoslyn Frugtniet,13th May 2024,,Predator,8b,13-05-2024,Lead,worked,2024-05-13,2024.0,8b
Lisa Alhadeff,,,Predator,8b,,Lead,worked,,,8b
Ron Fawcett,Between 22nd Mar 1980 and 23rd Mar 1980,,Strawberries,e7,,Lead,yo-yo,,,7c+
Kim Carrigan,1980s,,Strawberries,e7,19-11-2024,Lead,worked,2024-11-19,2024.0,7c+
Johnny Woodward,1982,,Strawberries,e7,19-11-1982,Lead,worked,1982-11-19,1982.0,7c+
John Dunne,1985,,Strawberries,e7,19-11-1985,Lead,yo-yo,1985-11-19,1985.0,7c+
Dougie Hall,1986,,Strawberries,e7,19-11-1986,Lead,,1986-11-19,1986.0,7c+
Dave Cuthbertson,1986,,Strawberries,e7,19-11-1986,Lead,worked,1986-11-19,1986.0,7c+
Stefan Glowacz,1987,,Strawberries,e7,19-11-1987,Lead,onsight,1987-11-19,1987.0,7c+
Jorg Verhoeven,May 2011,,Strawberries,e7,19-05-2011,Lead,onsight,2011-05-19,2011.0,7c+
James Pearson,2012,,Strawberries,e7,19-11-2012,Lead,ground up,2012-11-19,2012.0,7c+
Hansjörg Auer,May 2012,,Strawberries,e7,19-05-2012,Lead,onsight,2012-05-19,2012.0,7c+
Steve McClure,Jun 2014,,Strawberries,e7,19-06-2014,Lead,onsight,2014-06-19,2014.0,7c+
Emma Twyford,2nd Oct 2014,,Strawberries,e7,02-10-2014,Lead,worked,2014-02-10,2014.0,7c+
Harriet Ridley,2022,,Strawberries,e7,19-11-2022,Lead,worked,2022-11-19,2022.0,7c+
Rachel Pearce,24th May 2022,,Strawberries,e7,24-05-2022,Lead,worked,2022-05-24,2022.0,7c+
Jim Pope,7th Aug 2023,,Strawberries,e7,07-08-2023,Lead,onsight,2023-07-08,2023.0,7c+
Andy Pollitt,,,Strawberries,e7,,Lead,worked,,,7c+
Hazel Findlay,,,Strawberries,e7,,Lead,worked,,,7c+
Ron Fawcett,Dec 1983,,The Masters Edge,e7,19-12-1983,Lead,worked,1983-12-19,1983.0,7c+
Shaun Hutson,1990,,The Masters Edge,e7,19-11-1990,Lead,flash,1990-11-19,1990.0,7c+
Airlie Anderson,Sep 1994,,The Masters Edge,e7,19-09-1994,Lead,worked,1994-09-19,1994.0,7c+
Liam Halsey,2004,,The Masters Edge,e7,19-11-2004,Lead,ground up,2004-11-19,2004.0,7c+
Alex Honnold,21st Nov 2008,,The Masters Edge,e7,21-11-2008,Lead,onsight,2008-11-21,2008.0,7c+
Magnus Midtbø,2010,,The Masters Edge,e7,19-11-2010,Lead,worked,2010-11-19,2010.0,7c+
Neil Kershaw,11th Apr 2010,,The Masters Edge,e7,11-04-2010,Lead,onsight,2010-11-04,2010.0,7c+
Pete Whittaker,2011,,The Masters Edge,e7,19-11-2011,Lead,flash,2011-11-19,2011.0,7c+
Tom Randall,2011,,The Masters Edge,e7,19-11-2011,Lead,worked,2011-11-19,2011.0,7c+
Steve Ramsden,7th Mar 2016,,The Masters Edge,e7,07-03-2016,Lead,flash,2016-07-03,2016.0,7c+
Nathan Lee,7th Mar 2016,,The Masters Edge,e7,07-03-2016,Lead,flash,2016-07-03,2016.0,7c+
Louis Parkinson,Mar 2022,,The Masters Edge,e7,19-03-2022,Lead,ground up,2022-03-19,2022.0,7c+
Crispin Waddy,30th Jan 2024,,The Masters Edge,e7,30-01-2024,Lead,worked,2024-01-30,2024.0,7c+
Nick Dixon,26th Feb 2024,,The Masters Edge,e7,26-02-2024,Lead,worked,2024-02-26,2024.0,7c+
Mari Salvesen,,,The Masters Edge,e7,,Lead,worked,,,7c+
Niall Grimes,,,The Masters Edge,e7,,Lead,worked,,,7c+
Martin Atkinson,,,The Masters Edge,e7,,Lead,worked,,,7c+
Dave Graham,9th Jan 2005,,The Story Of Two Worlds,8c,09-01-2005,Boulder,worked,2005-09-01,2005.0,8c
Paul Robinson,8th Mar 2011,,The Story Of Two Worlds,8c,08-03-2011,Boulder,worked,2011-08-03,2011.0,8c
Jernej Kruder,4th Jan 2013,,The Story Of Two Worlds,8c,04-01-2013,Boulder,worked,2013-04-01,2013.0,8c
Carlo Traversi,25th Mar 2013,,The Story Of Two Worlds,8c,25-03-2013,Boulder,worked,2013-03-25,2013.0,8c
Giuliano Cameroni,9th Feb 2014,,The Story Of Two Worlds,8c,09-02-2014,Boulder,worked,2014-09-02,2014.0,8c
Gabriele Moroni,18th Feb 2014,,The Story Of Two Worlds,8c,18-02-2014,Boulder,worked,2014-02-18,2014.0,8c
Toru  Nakajima,Mar 2014,,The Story Of Two Worlds,8c,19-03-2014,Boulder,worked,2014-03-19,2014.0,8c
Martin Stráník,17th Nov 2015,,The Story Of Two Worlds,8c,17-11-2015,Boulder,worked,2015-11-17,2015.0,8c
Alex Khazanov,3rd Jan 2018,,The Story Of Two Worlds,8c,03-01-2018,Boulder,worked,2018-03-01,2018.0,8c
Luis Gerhardt,24th Mar 2019,,The Story Of Two Worlds,8c,24-03-2019,Boulder,worked,2019-03-24,2019.0,8c
Ryuichi Murai,30th Nov 2019,,The Story Of Two Worlds,8c,30-11-2019,Boulder,worked,2019-11-30,2019.0,8c
Austin Purdy,1st Jan 2020,,The Story Of Two Worlds,8c,01-01-2020,Boulder,worked,2020-01-01,2020.0,8c
Marco Müller,12th Jan 2022,,The Story Of Two Worlds,8c,12-01-2022,Boulder,worked,2022-12-01,2022.0,8c
Solly Kemball-Dorey,14th Dec 2022,,The Story Of Two Worlds,8c,14-12-2022,Boulder,worked,2022-12-14,2022.0,8c
Emil Abrahamsson,Jan 2023,,The Story Of Two Worlds,8c,19-01-2023,Boulder,worked,2023-01-19,2023.0,8c
Moritz Welt,30th Dec 2023,8C (soft),The Story Of Two Worlds,8c,30-12-2023,Boulder,worked,2023-12-30,2023.0,8c
Camille Coudert,9th Mar 2024,8B+,The Story Of Two Worlds,8c,09-03-2024,Boulder,worked,2024-09-03,2024.0,8c
Fred Nicole,,,Amandla,8b+,,Boulder,worked,,,8b+
Paul Robinson,17th Jul 2008,,Amandla,8b+,17-07-2008,Boulder,worked,2008-07-17,2008.0,8b+
Phil Schaal,2011,,Amandla,8b+,19-11-2011,Boulder,worked,2011-11-19,2011.0,8b+
James Kassay,2013,,Amandla,8b+,19-11-2013,Boulder,worked,2013-11-19,2013.0,8b+
Ignacio Sánchez González,Jun 2015,,Amandla,8b+,19-06-2015,Boulder,worked,2015-06-19,2015.0,8b+
Isabelle Faus,21st Aug 2015,,Amandla,8b+,21-08-2015,Boulder,worked,2015-08-21,2015.0,8b+
Mark Heal,30th Jul 2016,,Amandla,8b+,30-07-2016,Boulder,worked,2016-07-30,2016.0,8b+
Tom Peckitt,Aug 2016,,Amandla,8b+,19-08-2016,Boulder,worked,2016-08-19,2016.0,8b+
Ned Feehally,16th Jul 2017,,Amandla,8b+,16-07-2017,Boulder,worked,2017-07-16,2017.0,8b+
Aidan Roberts,2018,,Amandla,8b+,19-11-2018,Boulder,worked,2018-11-19,2018.0,8b+
Florian Wientjes,Aug 2022,,Amandla,8b+,19-08-2022,Boulder,flash,2022-08-19,2022.0,8b+
Philipp Geisenhoff,6th Jul 2024,,Amandla,8b+,06-07-2024,Boulder,worked,2024-06-07,2024.0,8b+
Moritz Perwitzschky,30th Jul 2024,8B,Amandla,8b+,30-07-2024,Boulder,flash,2024-07-30,2024.0,8b+
Michaela Kiersch,2nd Aug 2024,,Amandla,8b+,02-08-2024,Boulder,worked,2024-02-08,2024.0,8b+
Joe Meiners,,,Amandla,8b+,,Boulder,worked,,,8b+
Nalle Hukkataival,,,Amandla,8b+,,Boulder,worked,,,8b+
Mark Leach,1988,,Cry Freedom,8c,19-11-1988,Lead,worked,1988-11-19,1988.0,8c
Jean-Baptiste Tribout,Jun 1989,,Cry Freedom,8c,19-06-1989,Lead,worked,1989-06-19,1989.0,8c
John Dunne,Aug 1989,,Cry Freedom,8c,19-08-1989,Lead,worked,1989-08-19,1989.0,8c
Ben Moon,Jun 1991,,Cry Freedom,8c,19-06-1991,Lead,worked,1991-06-19,1991.0,8c
Malcolm Smith,Jun 1993,,Cry Freedom,8c,19-06-1993,Lead,worked,1993-06-19,1993.0,8c
Drew Haigh,Jun 2009,,Cry Freedom,8c,19-06-2009,Lead,worked,2009-06-19,2009.0,8c
Neil Mawson,1st Oct 2009,,Cry Freedom,8c,01-10-2009,Lead,worked,2009-01-10,2009.0,8c
Jordan Buys,8th Jul 2011,8b+ (hard),Cry Freedom,8c,08-07-2011,Lead,worked,2011-08-07,2011.0,8c
Paul Reeve,Jun 2013,,Cry Freedom,8c,19-06-2013,Lead,worked,2013-06-19,2013.0,8c
Ted Kingsnorth,25th Sep 2014,8b+,Cry Freedom,8c,25-09-2014,Lead,worked,2014-09-25,2014.0,8c
Steve Dunning,Jun 2015,,Cry Freedom,8c,19-06-2015,Lead,worked,2015-06-19,2015.0,8c
Al Wilson,2018,,Cry Freedom,8c,19-11-2018,Lead,worked,2018-11-19,2018.0,8c
Jerome Mowat,25th Sep 2018,,Cry Freedom,8c,25-09-2018,Lead,worked,2018-09-25,2018.0,8c
Matt Cooke,25th Apr 2019,,Cry Freedom,8c,25-04-2019,Lead,worked,2019-04-25,2019.0,8c
Louis Lancaster,3rd May 2024,,Cry Freedom,8c,03-05-2024,Lead,worked,2024-03-05,2024.0,8c
Adam Jeffs,,,Cry Freedom,8c,,Lead,worked,,,8c
Chris Sharma,2010,,Era Vella,9a,19-11-2010,Lead,worked,2010-11-19,2010.0,9a
Dani Andrada,12th Nov 2010,,Era Vella,9a,12-11-2010,Lead,worked,2010-12-11,2010.0,9a
Adam Ondra,30th Jul 2011,,Era Vella,9a,30-07-2011,Lead,worked,2011-07-30,2011.0,9a
Sasha DiGiulian,25th Apr 2012,,Era Vella,9a,25-04-2012,Lead,worked,2012-04-25,2012.0,9a
Kai Lightner,2014,,Era Vella,9a,19-11-2014,Lead,worked,2014-11-19,2014.0,9a
Tom Bolger,5th May 2014,,Era Vella,9a,05-05-2014,Lead,worked,2014-05-05,2014.0,9a
Mar Álvarez,21st Aug 2014,,Era Vella,9a,21-08-2014,Lead,worked,2014-08-21,2014.0,9a
Angela Eiter,Apr 2015,,Era Vella,9a,19-04-2015,Lead,worked,2015-04-19,2015.0,9a
Alex Barrows,3rd Apr 2015,,Era Vella,9a,03-04-2015,Lead,worked,2015-03-04,2015.0,9a
Will Smith,14th Dec 2016,,Era Vella,9a,14-12-2016,Lead,worked,2016-12-14,2016.0,9a
Alex Megos,17th Apr 2018,,Era Vella,9a,17-04-2018,Lead,worked,2018-04-17,2018.0,9a
Manon Hily,7th May 2018,,Era Vella,9a,07-05-2018,Lead,worked,2018-07-05,2018.0,9a
Josh Ibbertson,1st Nov 2021,,Era Vella,9a,01-11-2021,Lead,worked,2021-01-11,2021.0,9a
Mei Kotake,28th Mar 2022,,Era Vella,9a,28-03-2022,Lead,worked,2022-03-28,2022.0,9a
Michaela Kiersch,Nov 2023,,Era Vella,9a,19-11-2023,Lead,worked,2023-11-19,2023.0,9a
Leo Cea,2024,,Era Vella,9a,19-11-2024,Lead,worked,2024-11-19,2024.0,9a
Ramón Julián Puigblanque,15th Mar 2004,,Estado Crítico,9a,15-03-2004,Lead,worked,2004-03-15,2004.0,9a
Nicolas Favresse,6th May 2004,8c+,Estado Crítico,9a,06-05-2004,Lead,worked,2004-06-05,2004.0,9a
Dani Andrada,23rd Dec 2005,8c+/9a,Estado Crítico,9a,23-12-2005,Lead,worked,2005-12-23,2005.0,9a
Adam Ondra,7th Feb 2007,9a,Estado Crítico,9a,07-02-2007,Lead,worked,2007-07-02,2007.0,9a
Patxi Usobiaga,27th Nov 2007,,Estado Crítico,9a,27-11-2007,Lead,worked,2007-11-27,2007.0,9a
Magnus Midtbø,25th Dec 2007,,Estado Crítico,9a,25-12-2007,Lead,worked,2007-12-25,2007.0,9a
Enzo Oddo,Jan 2012,,Estado Crítico,9a,19-01-2012,Lead,worked,2012-01-19,2012.0,9a
Alex Megos,24th Mar 2012,,Estado Crítico,9a,24-03-2012,Lead,onsight,2012-03-24,2012.0,9a
Sonnie Trotter,7th Apr 2015,,Estado Crítico,9a,07-04-2015,Lead,worked,2015-07-04,2015.0,9a
Alizée Dufraisse,12th Apr 2017,,Estado Crítico,9a,12-04-2017,Lead,worked,2017-12-04,2017.0,9a
Will Smith,11th Nov 2020,,Estado Crítico,9a,11-11-2020,Lead,worked,2020-11-11,2020.0,9a
Štěpán Volf,4th Jan 2021,,Estado Crítico,9a,04-01-2021,Lead,worked,2021-04-01,2021.0,9a
Will Bosi,24th Feb 2021,,Estado Crítico,9a,24-02-2021,Lead,worked,2021-02-24,2021.0,9a
Sébastien Berthe,Oct 2021,,Estado Crítico,9a,19-10-2021,Lead,worked,2021-10-19,2021.0,9a
Victor Guillermin,29th Dec 2021,,Estado Crítico,9a,29-12-2021,Lead,worked,2021-12-29,2021.0,9a
Laura Rogora,Nov 2024,,Estado Crítico,9a,19-11-2024,Lead,worked,2024-11-19,2024.0,9a
Tyler Landman,,,Ode To The Modern Man,8b+,,Boulder,worked,,,8b+
Keenan Takahashi,11th Aug 2023,,Ode To The Modern Man,8b+,11-08-2023,Boulder,worked,2023-11-08,2023.0,8b+
Kevin Jorgeson,,,Ode To The Modern Man,8b+,,Boulder,worked,,,8b+
Daniel Woods,,,Ode To The Modern Man,8b+,,Boulder,worked,,,8b+
Aidan Roberts,,,Ode To The Modern Man,8b+,,Boulder,worked,,,8b+
Liam Andrews-Bancroft,,,Ode To The Modern Man,8b+,,Boulder,worked,,,8b+
Tristan Chen,,,Ode To The Modern Man,8b+,,Boulder,worked,,,8b+
Andy Lamb,,,Ode To The Modern Man,8b+,,Boulder,worked,,,8b+
Paul Robinson,,,Ode To The Modern Man,8b+,,Boulder,worked,,,8b+
Lucas Uchida,,,Ode To The Modern Man,8b+,,Boulder,worked,,,8b+
Ben Burkhalter,,,Ode To The Modern Man,8b+,,Boulder,worked,,,8b+
David Fitzgerald,,,Ode To The Modern Man,8b+,,Boulder,worked,,,8b+
Sam Weir,,,Ode To The Modern Man,8b+,,Boulder,worked,,,8b+
Jon Cardwell,,,Ode To The Modern Man,8b+,,Boulder,worked,,,8b+
Itai Axelrad,,,Ode To The Modern Man,8b+,,Boulder,worked,,,8b+
Brian Squire,,,Ode To The Modern Man,8b+,,Boulder,worked,,,8b+
Jerry Moffatt,1995,8c,Progress,8c+,19-11-1995,Lead,worked,1995-11-19,1995.0,8c+
Malcolm Smith,1995,,Progress,8c+,19-11-1995,Lead,worked,1995-11-19,1995.0,8c+
Nic Sellars,1995,,Progress,8c+,19-11-1995,Lead,worked,1995-11-19,1995.0,8c+
Steve McClure,Jun 2006,,Progress,8c+,19-06-2006,Lead,worked,2006-06-19,2006.0,8c+
Chris Savage,19th Jun 2011,,Progress,8c+,19-06-2011,Lead,worked,2011-06-19,2011.0,8c+
Tim Palmer,Aug 2014,,Progress,8c+,19-08-2014,Lead,worked,2014-08-19,2014.0,8c+
Alex Barrows,21st Jun 2015,,Progress,8c+,21-06-2015,Lead,worked,2015-06-21,2015.0,8c+
Alex Megos,Jun 2016,,Progress,8c+,19-06-2016,Lead,worked,2016-06-19,2016.0,8c+
Jon Freeman,18th Jun 2016,,Progress,8c+,18-06-2016,Lead,worked,2016-06-18,2016.0,8c+
Jordan Buys,Apr 2019,,Progress,8c+,19-04-2019,Lead,worked,2019-04-19,2019.0,8c+
Luke Dawson,20th Jun 2020,,Progress,8c+,20-06-2020,Lead,worked,2020-06-20,2020.0,8c+
Josh Ibbertson,2021,,Progress,8c+,19-11-2021,Lead,worked,2021-11-19,2021.0,8c+
Eder Lomba,1st Jun 2021,,Progress,8c+,01-06-2021,Lead,worked,2021-01-06,2021.0,8c+
Ted Kingsnorth,29th Jun 2021,,Progress,8c+,29-06-2021,Lead,worked,2021-06-29,2021.0,8c+
Pete Dawson,Jul 2021,,Progress,8c+,19-07-2021,Lead,worked,2021-07-19,2021.0,8c+
Dave Kenyon,1986,,Raindogs,8a,19-11-1986,Lead,worked,1986-11-19,1986.0,8a
Chris Gore,1986,,Raindogs,8a,19-11-1986,Lead,worked,1986-11-19,1986.0,8a
Neil Carson,1990,,Raindogs,8a,19-11-1990,Lead,worked,1990-11-19,1990.0,8a
Rachel Farmer,1992,,Raindogs,8a,19-11-1992,Lead,worked,1992-11-19,1992.0,8a
Steve McClure,Oct 1998,,Raindogs,8a,19-10-1998,Lead,worked,1998-10-19,1998.0,8a
Katherine Schirrmacher,12th May 2005,,Raindogs,8a,12-05-2005,Lead,worked,2005-12-05,2005.0,8a
Alison Martindale,Sep 2007,,Raindogs,8a,19-09-2007,Lead,worked,2007-09-19,2007.0,8a
Lucy Ellis,Sep 2007,,Raindogs,8a,19-09-2007,Lead,worked,2007-09-19,2007.0,8a
Chris Sharma,2009,,Raindogs,8a,19-11-2009,Lead,onsight,2009-11-19,2009.0,8a
Shauna Coxsey,Mar 2009,,Raindogs,8a,19-03-2009,Lead,worked,2009-03-19,2009.0,8a
Zoe Ogden,16th Apr 2010,,Raindogs,8a,16-04-2010,Lead,worked,2010-04-16,2010.0,8a
Tanya Meredith,2012,,Raindogs,8a,19-11-2012,Lead,worked,2012-11-19,2012.0,8a
Toby Roberts,Oct 2015,,Raindogs,8a,19-10-2015,Lead,worked,2015-10-19,2015.0,8a
Jessica Sakura Ward,9th Aug 2024,,Raindogs,8a,09-08-2024,Lead,worked,2024-09-08,2024.0,8a
Ian Cummins,,,Raindogs,8a,,Lead,worked,,,8a
Dave Cuthbertson,,,Raindogs,8a,,Lead,worked,,,8a
Jamie Cassidy,25th May 2004,,Directors Cut,8a+,25-05-2004,Boulder,worked,2004-05-25,2004.0,8a+
Malcolm Smith,2004,,Directors Cut,8a+,19-11-2004,Boulder,worked,2004-11-19,2004.0,8a+
Alex Barrows,10th Nov 2012,8A+,Directors Cut,8a+,10-11-2012,Boulder,worked,2012-10-11,2012.0,8a+
Tom Williams,Mar 2015,,Directors Cut,8a+,19-03-2015,Boulder,worked,2015-03-19,2015.0,8a+
Mark Katz,Apr 2016,,Directors Cut,8a+,19-04-2016,Boulder,worked,2016-04-19,2016.0,8a+
Nathan Phillips,10th May 2016,,Directors Cut,8a+,10-05-2016,Boulder,worked,2016-10-05,2016.0,8a+
Chris Doyle,22nd Jun 2016,,Directors Cut,8a+,22-06-2016,Boulder,worked,2016-06-22,2016.0,8a+
Jack Palmieri,15th Mar 2017,,Directors Cut,8a+,15-03-2017,Boulder,worked,2017-03-15,2017.0,8a+
Joe Lawson,4th Oct 2017,8A+,Directors Cut,8a+,04-10-2017,Boulder,worked,2017-04-10,2017.0,8a+
Pete Dawson,28th Mar 2018,,Directors Cut,8a+,28-03-2018,Boulder,worked,2018-03-28,2018.0,8a+
Mike Hart,1st Apr 2018,,Directors Cut,8a+,01-04-2018,Boulder,worked,2018-01-04,2018.0,8a+
James Taylor,Nov 2021,,Directors Cut,8a+,19-11-2021,Boulder,worked,2021-11-19,2021.0,8a+
Jordan Buys,19th Oct 2023,,Directors Cut,8a+,19-10-2023,Boulder,worked,2023-10-19,2023.0,8a+
Pete Robins,,,Directors Cut,8a+,,Boulder,worked,,,8a+
Neil Dyer,,,Directors Cut,8a+,,Boulder,worked,,,8a+
Jerry Moffatt,13th May 1995,,Evolution,8c+,13-05-1995,Lead,worked,1995-05-13,1995.0,8c+
Malcolm Smith,1995,,Evolution,8c+,19-11-1995,Lead,worked,1995-11-19,1995.0,8c+
Nic Sellars,1995,8c,Evolution,8c+,19-11-1995,Lead,worked,1995-11-19,1995.0,8c+
Steve McClure,8th Nov 1996,,Evolution,8c+,08-11-1996,Lead,worked,1996-08-11,1996.0,8c+
Richard Simpson,1st Apr 2005,8c,Evolution,8c+,01-04-2005,Lead,worked,2005-01-04,2005.0,8c+
Ryan Pasquill,29th Nov 2009,,Evolution,8c+,29-11-2009,Lead,worked,2009-11-29,2009.0,8c+
Alex Megos,3rd Jun 2016,,Evolution,8c+,03-06-2016,Lead,worked,2016-03-06,2016.0,8c+
Will Bosi,4th Jul 2017,,Evolution,8c+,04-07-2017,Lead,worked,2017-04-07,2017.0,8c+
Stuart Littlefair,24th Oct 2018,,Evolution,8c+,24-10-2018,Lead,worked,2018-10-24,2018.0,8c+
Ben Moon,24th Nov 2018,,Evolution,8c+,24-11-2018,Lead,worked,2018-11-24,2018.0,8c+
Mathew Wright,21st Sep 2019,,Evolution,8c+,21-09-2019,Lead,worked,2019-09-21,2019.0,8c+
Pete Dawson,18th Nov 2019,,Evolution,8c+,18-11-2019,Lead,worked,2019-11-18,2019.0,8c+
Ethan Walker,4th Oct 2021,,Evolution,8c+,04-10-2021,Lead,worked,2021-04-10,2021.0,8c+
Toby Roberts,6th Nov 2021,,Evolution,8c+,06-11-2021,Lead,worked,2021-06-11,2021.0,8c+
Felix Wilkins,2nd Apr 2022,,Evolution,8c+,02-04-2022,Lead,worked,2022-02-04,2022.0,8c+
Daila Ojeda,Feb 2010,,Fish Eye,8c,19-02-2010,Lead,worked,2010-02-19,2010.0,8c
Maja Štremfelj,Apr 2010,,Fish Eye,8c,19-04-2010,Lead,worked,2010-04-19,2010.0,8c
Klemen Bečan,Dec 2011,,Fish Eye,8c,19-12-2011,Lead,onsight,2011-12-19,2011.0,8c
Matilda Söderlund,19th Mar 2013,,Fish Eye,8c,19-03-2013,Lead,worked,2013-03-19,2013.0,8c
Mar Álvarez,30th Jun 2013,,Fish Eye,8c,30-06-2013,Lead,worked,2013-06-30,2013.0,8c
Hazel Findlay,6th Apr 2014,,Fish Eye,8c,06-04-2014,Lead,worked,2014-06-04,2014.0,8c
Lucy Mitchell,5th Jan 2017,,Fish Eye,8c,05-01-2017,Lead,worked,2017-05-01,2017.0,8c
Stefano Ghisolfi,8th Jan 2017,,Fish Eye,8c,08-01-2017,Lead,onsight,2017-08-01,2017.0,8c
Janja Garnbret,1st Nov 2021,,Fish Eye,8c,01-11-2021,Lead,onsight,2021-01-11,2021.0,8c
Nathan Lee,4th Mar 2022,,Fish Eye,8c,04-03-2022,Lead,worked,2022-04-03,2022.0,8c
Taisei Homma,15th Dec 2023,,Fish Eye,8c,15-12-2023,Lead,onsight,2023-12-15,2023.0,8c
Solveig Korherr,31st Dec 2023,,Fish Eye,8c,31-12-2023,Lead,worked,2023-12-31,2023.0,8c
Solveig Korherr,Jan 2024,,Fish Eye,8c,19-01-2024,Lead,worked,2024-01-19,2024.0,8c
Finn Hayward,,,Fish Eye,8c,,Lead,worked,,,8c
John Maskell,,,Fish Eye,8c,,Lead,worked,,,8c
Steve McClure,2004,,Kaabah,8c+,19-11-2004,Lead,worked,2004-11-19,2004.0,8c+
Paul Smitton,16th Sep 2008,,Kaabah,8c+,16-09-2008,Lead,worked,2008-09-16,2008.0,8c+
Ryan Pasquill,10th Jun 2011,,Kaabah,8c+,10-06-2011,Lead,worked,2011-10-06,2011.0,8c+
Alex Barrows,1st Jun 2013,,Kaabah,8c+,01-06-2013,Lead,worked,2013-01-06,2013.0,8c+
Ted Kingsnorth,6th Jul 2014,,Kaabah,8c+,06-07-2014,Lead,worked,2014-06-07,2014.0,8c+
Pete Whittaker,2nd Jun 2015,,Kaabah,8c+,02-06-2015,Lead,worked,2015-02-06,2015.0,8c+
Ethan Walker,6th Jun 2015,,Kaabah,8c+,06-06-2015,Lead,worked,2015-06-06,2015.0,8c+
Alex Megos,Jun 2016,,Kaabah,8c+,19-06-2016,Lead,worked,2016-06-19,2016.0,8c+
Jim Pope,16th Oct 2016,,Kaabah,8c+,16-10-2016,Lead,worked,2016-10-16,2016.0,8c+
Haydn Jones,17th Dec 2016,,Kaabah,8c+,17-12-2016,Lead,worked,2016-12-17,2016.0,8c+
Luke Dawson,9th Nov 2018,,Kaabah,8c+,09-11-2018,Lead,worked,2018-09-11,2018.0,8c+
Mathew Wright,25th May 2020,,Kaabah,8c+,25-05-2020,Lead,worked,2020-05-25,2020.0,8c+
Felix Wilkins,28th Oct 2021,,Kaabah,8c+,28-10-2021,Lead,worked,2021-10-28,2021.0,8c+
Toby Roberts,11th Nov 2021,,Kaabah,8c+,11-11-2021,Lead,worked,2021-11-11,2021.0,8c+
Pete Dawson,5th Jun 2024,,Kaabah,8c+,05-06-2024,Lead,worked,2024-05-06,2024.0,8c+
Mark Pretty,15th May 1993,,Make It Funky,8c,15-05-1993,Lead,worked,1993-05-15,1993.0,8c
Mark Leach,1993,,Make It Funky,8c,19-11-1993,Lead,worked,1993-11-19,1993.0,8c
Ben Moon,1993,,Make It Funky,8c,19-11-1993,Lead,worked,1993-11-19,1993.0,8c
Francois Lombard,Jun 1994,,Make It Funky,8c,19-06-1994,Lead,worked,1994-06-19,1994.0,8c
Rupert Davies,2002,,Make It Funky,8c,19-11-2002,Lead,worked,2002-11-19,2002.0,8c
Stuart Littlefair,1st May 2005,,Make It Funky,8c,01-05-2005,Lead,worked,2005-01-05,2005.0,8c
Ben Bransby,2006,,Make It Funky,8c,19-11-2006,Lead,worked,2006-11-19,2006.0,8c
Will Bosi,30th Nov 2017,,Make It Funky,8c,30-11-2017,Lead,worked,2017-11-30,2017.0,8c
Mathew Wright,14th Apr 2019,,Make It Funky,8c,14-04-2019,Lead,worked,2019-04-14,2019.0,8c
Alex Norton,Sep 2019,,Make It Funky,8c,19-09-2019,Lead,worked,2019-09-19,2019.0,8c
Billy Ridal,16th Jul 2020,,Make It Funky,8c,16-07-2020,Lead,worked,2020-07-16,2020.0,8c
Luke Dawson,7th Nov 2020,,Make It Funky,8c,07-11-2020,Lead,worked,2020-07-11,2020.0,8c
Felix Wilkins,27th Feb 2022,,Make It Funky,8c,27-02-2022,Lead,worked,2022-02-27,2022.0,8c
Robin Barker,,,Make It Funky,8c,,Lead,worked,,,8c
Richard Heap,,,Make It Funky,8c,,Lead,worked,,,8c
Paul Robinson,12th Jan 2012,8C,Meadowlark Lemon,8b,12-01-2012,Boulder,worked,2012-12-01,2012.0,8b
Dave Graham,8th Jan 2013,8C,Meadowlark Lemon,8b,08-01-2013,Boulder,worked,2013-08-01,2013.0,8b
Carlo Traversi,12th Feb 2013,8B+,Meadowlark Lemon,8b,12-02-2013,Boulder,worked,2013-12-02,2013.0,8b
Daniel Woods,5th Dec 2013,8B+ (soft),Meadowlark Lemon,8b,05-12-2013,Boulder,worked,2013-05-12,2013.0,8b
Jimmy Webb,7th Dec 2013,8B+,Meadowlark Lemon,8b,07-12-2013,Boulder,worked,2013-07-12,2013.0,8b
Niccolò Ceria,26th Jan 2014,8B+,Meadowlark Lemon,8b,26-01-2014,Boulder,worked,2014-01-26,2014.0,8b
Keenan Takahashi,28th Jan 2017,8B (hard),Meadowlark Lemon,8b,28-01-2017,Boulder,worked,2017-01-28,2017.0,8b
Alex Waterhouse,14th Mar 2019,8B (hard),Meadowlark Lemon,8b,14-03-2019,Boulder,worked,2019-03-14,2019.0,8b
Luke Gerhardt,31st Dec 2023,8B+ (soft),Meadowlark Lemon,8b,31-12-2023,Boulder,worked,2023-12-31,2023.0,8b
Owen Whaley,5th Jan 2024,8B (hard),Meadowlark Lemon,8b,05-01-2024,Boulder,worked,2024-05-01,2024.0,8b
Andrew Kim,28th Oct 2024,,Meadowlark Lemon,8b,28-10-2024,Boulder,worked,2024-10-28,2024.0,8b
Vincent Lee,,,Meadowlark Lemon,8b,,Boulder,worked,,,8b
Zach Galla,,8B,Meadowlark Lemon,8b,,Boulder,worked,,,8b
Chase Martinez,,,Meadowlark Lemon,8b,,Boulder,worked,,,8b
Cody Fults,,8B,Meadowlark Lemon,8b,,Boulder,worked,,,8b
Jimmy Webb,15th Dec 2018,8C+,Sleepwalker,8c+,15-12-2018,Boulder,worked,2018-12-15,2018.0,8c+
Daniel Woods,21st Jan 2019,8C+,Sleepwalker,8c+,21-01-2019,Boulder,worked,2019-01-21,2019.0,8c+
Nalle Hukkataival,2nd Feb 2019,,Sleepwalker,8c+,02-02-2019,Boulder,worked,2019-02-02,2019.0,8c+
Griffin Whiteside,Between 2nd Feb 2019 and 26th Jan 2020,,Sleepwalker,8c+,,Boulder,worked,,,8c+
Drew Ruana,26th Jan 2020,8C+,Sleepwalker,8c+,26-01-2020,Boulder,worked,2020-01-26,2020.0,8c+
Nathan Williams,27th Dec 2020,8C+,Sleepwalker,8c+,27-12-2020,Boulder,worked,2020-12-27,2020.0,8c+
Pablo Hammack,Feb 2021,,Sleepwalker,8c+,19-02-2021,Boulder,worked,2021-02-19,2021.0,8c+
Matt Fultz,3rd Feb 2021,8C+ (soft),Sleepwalker,8c+,03-02-2021,Boulder,worked,2021-03-02,2021.0,8c+
Ryuichi Murai,6th Feb 2023,8C+,Sleepwalker,8c+,06-02-2023,Boulder,worked,2023-06-02,2023.0,8c+
Zander Waller,12th Oct 2023,8C (soft),Sleepwalker,8c+,12-10-2023,Boulder,worked,2023-12-10,2023.0,8c+
Kai Whaley,Nov 2023,8C+,Sleepwalker,8c+,19-11-2023,Boulder,worked,2023-11-19,2023.0,8c+
Zach Galla,15th Dec 2023,8C+ (soft),Sleepwalker,8c+,15-12-2023,Boulder,worked,2023-12-15,2023.0,8c+
Andy Lamb,2nd Jan 2024,8C+ (soft),Sleepwalker,8c+,02-01-2024,Boulder,worked,2024-02-01,2024.0,8c+
Noah Wheeler,9th Jan 2024,8C+ (soft),Sleepwalker,8c+,09-01-2024,Boulder,worked,2024-09-01,2024.0,8c+
Will Bosi,20th Jan 2024,8C,Sleepwalker,8c+,20-01-2024,Boulder,worked,2024-01-20,2024.0,8c+
Dave Graham,2004,,The Riverbed,8b,19-11-2004,Boulder,worked,2004-11-19,2004.0,8b
Anna Stöhr,2010,,The Riverbed,8b,19-11-2010,Boulder,worked,2010-11-19,2010.0,8b
Jimmy Webb,7th Apr 2014,,The Riverbed,8b,07-04-2014,Boulder,flash,2014-07-04,2014.0,8b
Morgan Preece,2018,,The Riverbed,8b,19-11-2018,Boulder,worked,2018-11-19,2018.0,8b
Piotr Schab,25th Jul 2020,,The Riverbed,8b,25-07-2020,Boulder,flash,2020-07-25,2020.0,8b
Tiba Vroom,20th Nov 2020,,The Riverbed,8b,20-11-2020,Boulder,worked,2020-11-20,2020.0,8b
Leo Skinner,24th Apr 2022,,The Riverbed,8b,24-04-2022,Boulder,worked,2022-04-24,2022.0,8b
Michaela Kiersch,May 2022,,The Riverbed,8b,19-05-2022,Boulder,worked,2022-05-19,2022.0,8b
Lucia Dörffel,5th Jul 2024,,The Riverbed,8b,05-07-2024,Boulder,worked,2024-05-07,2024.0,8b
Liam Desroy,,,The Riverbed,8b,,Boulder,worked,,,8b
Wiz Fineron,,,The Riverbed,8b,,Boulder,worked,,,8b
Alex Gorham,,,The Riverbed,8b,,Boulder,worked,,,8b
Louis Parkinson,,,The Riverbed,8b,,Boulder,worked,,,8b
Jacob Handyside,,,The Riverbed,8b,,Boulder,worked,,,8b
Eli Cartwright,,,The Riverbed,8b,,Boulder,worked,,,8b
James Squire,26th Feb 2019,,The Vault,8b,26-02-2019,Boulder,worked,2019-02-26,2019.0,8b
Solly Kemball-Dorey,19th Sep 2019,8B,The Vault,8b,19-09-2019,Boulder,worked,2019-09-19,2019.0,8b
Pete Dawson,5th Jul 2020,8B,The Vault,8b,05-07-2020,Boulder,worked,2020-05-07,2020.0,8b
Hamish Potokar,7th Jul 2020,,The Vault,8b,07-07-2020,Boulder,worked,2020-07-07,2020.0,8b
Dan Turner,10th Sep 2020,8B (soft),The Vault,8b,10-09-2020,Boulder,worked,2020-10-09,2020.0,8b
Jamie Rankin,2nd May 2021,8B,The Vault,8b,02-05-2021,Boulder,worked,2021-02-05,2021.0,8b
Adam Smith,18th Apr 2022,,The Vault,8b,18-04-2022,Boulder,worked,2022-04-18,2022.0,8b
Mikey Cleverdon,Between 1st Dec 2022 and 19th Dec 2022,,The Vault,8b,,Boulder,worked,,,8b
Matt Helliker,16th Jun 2023,,The Vault,8b,16-06-2023,Boulder,worked,2023-06-16,2023.0,8b
Kyle Whitehand,19th Jun 2023,,The Vault,8b,19-06-2023,Boulder,worked,2023-06-19,2023.0,8b
Leo Skinner,26th Jun 2023,8B (soft),The Vault,8b,26-06-2023,Boulder,worked,2023-06-26,2023.0,8b
Jack Palmieri,27th Aug 2023,8A+ (soft),The Vault,8b,27-08-2023,Boulder,worked,2023-08-27,2023.0,8b
Sam Prior,23rd Sep 2023,8B,The Vault,8b,23-09-2023,Boulder,worked,2023-09-23,2023.0,8b
Rhys Conlon,24th Oct 2023,,The Vault,8b,24-10-2023,Boulder,worked,2023-10-24,2023.0,8b
Alex Oates,,,The Vault,8b,,Boulder,worked,,,8b
Ben Moon,16th Nov 2005,,Voyager,8b,16-11-2005,Boulder,worked,2005-11-16,2005.0,8b
Tyler Landman,2006,,Voyager,8b,19-11-2006,Boulder,worked,2006-11-19,2006.0,8b
Paul Bennett,3rd Nov 2006,,Voyager,8b,03-11-2006,Boulder,worked,2006-03-11,2006.0,8b
Dan Varian,26th Apr 2011,,Voyager,8b,26-04-2011,Boulder,worked,2011-04-26,2011.0,8b
Micky Page,28th Nov 2011,,Voyager,8b,28-11-2011,Boulder,worked,2011-11-28,2011.0,8b
Tom Newman,Nov 2012,,Voyager,8b,19-11-2012,Boulder,worked,2012-11-19,2012.0,8b
Hamish Potokar,4th Jan 2015,,Voyager,8b,04-01-2015,Boulder,worked,2015-04-01,2015.0,8b
Mark Katz,24th Jan 2015,,Voyager,8b,24-01-2015,Boulder,worked,2015-01-24,2015.0,8b
Ben Freeman,21st Feb 2015,,Voyager,8b,21-02-2015,Boulder,worked,2015-02-21,2015.0,8b
Ned Feehally,16th Jan 2016,,Voyager,8b,16-01-2016,Boulder,worked,2016-01-16,2016.0,8b
Jonny Argue,Feb 2016,,Voyager,8b,19-02-2016,Boulder,worked,2016-02-19,2016.0,8b
James Noble,5th Feb 2016,,Voyager,8b,05-02-2016,Boulder,worked,2016-05-02,2016.0,8b
Nathan Phillips,15th Feb 2016,,Voyager,8b,15-02-2016,Boulder,worked,2016-02-15,2016.0,8b
Ash Wolsey-Heard,15th Feb 2019,,Voyager,8b,15-02-2019,Boulder,worked,2019-02-15,2019.0,8b
Will Bosi,20th Jan 2022,,Voyager,8b,20-01-2022,Boulder,worked,2022-01-20,2022.0,8b
Ben Moon,Mar 2002,,Cypher,8b,19-03-2002,Boulder,worked,2002-03-19,2002.0,8b
Steve Dunning,Between 1st Oct 2002 and 1st Feb 2003,,Cypher,8b,,Boulder,worked,,,8b
Andy Earl,22nd Nov 2006,,Cypher,8b,22-11-2006,Boulder,worked,2006-11-22,2006.0,8b
Dan Varian,Between 10th Feb 2011 and 18th Feb 2011,,Cypher,8b,,Boulder,worked,,,8b
Ryan Pasquill,10th Feb 2011,,Cypher,8b,10-02-2011,Boulder,worked,2011-10-02,2011.0,8b
Tom Newman,26th Jan 2018,,Cypher,8b,26-01-2018,Boulder,worked,2018-01-26,2018.0,8b
Dave Mason,1st Feb 2018,,Cypher,8b,01-02-2018,Boulder,worked,2018-01-02,2018.0,8b
Ben Freeman,19th Mar 2020,,Cypher,8b,19-03-2020,Boulder,worked,2020-03-19,2020.0,8b
Sam Mawson,Nov 2020,,Cypher,8b,19-11-2020,Boulder,worked,2020-11-19,2020.0,8b
Liam Halsey,Dec 2020,,Cypher,8b,19-12-2020,Boulder,worked,2020-12-19,2020.0,8b
Tim Blake,12th Dec 2022,,Cypher,8b,12-12-2022,Boulder,worked,2022-12-12,2022.0,8b
Nathan Phillips,2nd Dec 2023,,Cypher,8b,02-12-2023,Boulder,worked,2023-02-12,2023.0,8b
Orrin Coley,2nd Dec 2023,,Cypher,8b,02-12-2023,Boulder,worked,2023-02-12,2023.0,8b
Niccolò Ceria,,,Cypher,8b,,Boulder,worked,,,8b
John Dunne,Sep 1994,E10,Divided Years,e9,19-09-1994,Lead,worked,1994-09-19,1994.0,8b
Dave Birkett,Aug 2005,,Divided Years,e9,19-08-2005,Lead,worked,2005-08-19,2005.0,8b
Dave MacLeod,Jul 2006,E8,Divided Years,e9,19-07-2006,Lead,worked,2006-07-19,2006.0,8b
Ricky Bell,Jun 2008,,Divided Years,e9,19-06-2008,Lead,worked,2008-06-19,2008.0,8b
Eddie Barbour,30th May 2009,,Divided Years,e9,30-05-2009,Lead,worked,2009-05-30,2009.0,8b
Ryan Pasquill,Jun 2015,,Divided Years,e9,19-06-2015,Lead,ground up,2015-06-19,2015.0,8b
James McHaffie,Jun 2015,,Divided Years,e9,19-06-2015,Lead,ground up,2015-06-19,2015.0,8b
John McCune,May 2017,,Divided Years,e9,19-05-2017,Lead,worked,2017-05-19,2017.0,8b
Si Moore,May 2017,,Divided Years,e9,19-05-2017,Lead,worked,2017-05-19,2017.0,8b
Nathan Lee,16th May 2018,,Divided Years,e9,16-05-2018,Lead,worked,2018-05-16,2018.0,8b
Rory Cummins,28th Jun 2018,,Divided Years,e9,28-06-2018,Lead,worked,2018-06-28,2018.0,8b
Lucy Mitchell,7th Jul 2019,,Divided Years,e9,07-07-2019,Lead,worked,2019-07-07,2019.0,8b
Kevin Kilroy,2nd Jun 2023,,Divided Years,e9,02-06-2023,Lead,worked,2023-02-06,2023.0,8b
Harriet Ridley,Sep 2024,,Divided Years,e9,19-09-2024,Lead,worked,2024-09-19,2024.0,8b
Chris Sharma,Sep 2005,,Dreamcatcher,9a,19-09-2005,Lead,worked,2005-09-19,2005.0,9a
Sean McColl,23rd Sep 2009,,Dreamcatcher,9a,23-09-2009,Lead,worked,2009-09-23,2009.0,9a
Ben Harnden,2012,,Dreamcatcher,9a,19-11-2012,Lead,worked,2012-11-19,2012.0,9a
Alex Megos,Aug 2016,,Dreamcatcher,9a,19-08-2016,Lead,worked,2016-08-19,2016.0,9a
Mike Foley,24th Jun 2017,,Dreamcatcher,9a,24-06-2017,Lead,worked,2017-06-24,2017.0,9a
Jimmy Webb,3rd Sep 2018,,Dreamcatcher,9a,03-09-2018,Lead,worked,2018-03-09,2018.0,9a
Nicholas Milburn,1st Jun 2019,,Dreamcatcher,9a,01-06-2019,Lead,worked,2019-01-06,2019.0,9a
J J Mah,2021,,Dreamcatcher,9a,19-11-2021,Lead,worked,2021-11-19,2021.0,9a
Paige Classen,3rd Sep 2021,,Dreamcatcher,9a,03-09-2021,Lead,worked,2021-03-09,2021.0,9a
Michaela Kiersch,6th Sep 2021,,Dreamcatcher,9a,06-09-2021,Lead,worked,2021-06-09,2021.0,9a
Lucas Uchida,Sep 2022,,Dreamcatcher,9a,19-09-2022,Lead,worked,2022-09-19,2022.0,9a
Jun Shibanuma,2024,,Dreamcatcher,9a,19-11-2024,Lead,worked,2024-11-19,2024.0,9a
Hiroto Shimzu,Jul 2024,,Dreamcatcher,9a,19-07-2024,Lead,worked,2024-07-19,2024.0,9a
Mejdi Schalck,Aug 2024,,Dreamcatcher,9a,19-08-2024,Lead,worked,2024-08-19,2024.0,9a
Fred Nicole,28th Oct 2000,8C,Dreamtime (pre Break),8b+,28-10-2000,Boulder,worked,2000-10-28,2000.0,8b+
Bernd Zangerl,Apr 2001,8C,Dreamtime (pre Break),8b+,19-04-2001,Boulder,worked,2001-04-19,2001.0,8b+
Dave Graham,30th Jan 2002,8B+,Dreamtime (pre Break),8b+,30-01-2002,Boulder,worked,2002-01-30,2002.0,8b+
Chris Sharma,Aug 2002,,Dreamtime (pre Break),8b+,19-08-2002,Boulder,worked,2002-08-19,2002.0,8b+
Christian Core,Feb 2003,,Dreamtime (pre Break),8b+,19-02-2003,Boulder,worked,2003-02-19,2003.0,8b+
Thomas Willenberg,9th Apr 2003,8C,Dreamtime (pre Break),8b+,09-04-2003,Boulder,worked,2003-09-04,2003.0,8b+
Malcolm Smith,Feb 2004,8C,Dreamtime (pre Break),8b+,19-02-2004,Boulder,worked,2004-02-19,2004.0,8b+
James Litz,3rd Mar 2004,,Dreamtime (pre Break),8b+,03-03-2004,Boulder,worked,2004-03-03,2004.0,8b+
Chris Sharma,Aug 2004,8B+,Dreamtime (pre Break),8b+,19-08-2004,Boulder,worked,2004-08-19,2004.0,8b+
Dai Koyamada,9th Nov 2004,8B+,Dreamtime (pre Break),8b+,09-11-2004,Boulder,worked,2004-09-11,2004.0,8b+
Tyler Landman,23rd Nov 2006,8B+,Dreamtime (pre Break),8b+,23-11-2006,Boulder,worked,2006-11-23,2006.0,8b+
Adam Ondra,23rd Mar 2008,,Dreamtime (pre Break),8b+,23-03-2008,Boulder,worked,2008-03-23,2008.0,8b+
Steve Dunning,,,Dreamtime (pre Break),8b+,,Boulder,worked,,,8b+
Gabriele Moroni,,,Dreamtime (pre Break),8b+,,Boulder,worked,,,8b+
Didier Berthod,14th Dec 2003,,Greenspit,e9,14-12-2003,Lead,worked,2003-12-14,2003.0,8b
Didier Berthod,Oct 2005,,Greenspit,e9,19-10-2005,Lead,repeat,2005-10-19,2005.0,8b
Nicolas Favresse,2008,,Greenspit,e9,19-11-2008,Lead,worked,2008-11-19,2008.0,8b
Tom Randall,31st Jul 2009,,Greenspit,e9,31-07-2009,Lead,worked,2009-07-31,2009.0,8b
Stevie Haston,Between 31st Jul 2009 and 2nd Dec 2009,8b,Greenspit,e9,,Lead,flash,,,8b
Pete Whittaker,Aug 2010,,Greenspit,e9,19-08-2010,Lead,worked,2010-08-19,2010.0,8b
Yuji Hirayama,Oct 2011,,Greenspit,e9,19-10-2011,Lead,worked,2011-10-19,2011.0,8b
Fred Moix,2016,,Greenspit,e9,19-11-2016,Lead,worked,2016-11-19,2016.0,8b
Barbara Zangerl,14th Oct 2020,,Greenspit,e9,14-10-2020,Lead,worked,2020-10-14,2020.0,8b
Caroline Ciavaldini,2024,,Greenspit,e9,19-11-2024,Lead,worked,2024-11-19,2024.0,8b
Marco Ghisio,Apr 2024,,Greenspit,e9,19-04-2024,Lead,worked,2024-04-19,2024.0,8b
Jernej Kruder,Jun 2024,8b+,Greenspit,e9,19-06-2024,Lead,worked,2024-06-19,2024.0,8b
Laura Pineau,Oct 2024,,Greenspit,e9,19-10-2024,Lead,worked,2024-10-19,2024.0,8b
Anak Verhoeven,6th Nov 2024,,Greenspit,e9,06-11-2024,Lead,worked,2024-06-11,2024.0,8b
Steve Dunning,Apr 2003,,High Fidelity,8b,19-04-2003,Boulder,worked,2003-04-19,2003.0,8b
Ben Moon,2005,,High Fidelity,8b,19-11-2005,Boulder,worked,2005-11-19,2005.0,8b
Andy Earl,16th Nov 2007,,High Fidelity,8b,16-11-2007,Boulder,worked,2007-11-16,2007.0,8b
Matt Birch,9th May 2010,,High Fidelity,8b,09-05-2010,Boulder,worked,2010-09-05,2010.0,8b
Mark Katz,3rd Jan 2011,,High Fidelity,8b,03-01-2011,Boulder,worked,2011-03-01,2011.0,8b
Micky Page,14th Jan 2012,,High Fidelity,8b,14-01-2012,Boulder,worked,2012-01-14,2012.0,8b
Jordan Buys,14th Mar 2013,,High Fidelity,8b,14-03-2013,Boulder,worked,2013-03-14,2013.0,8b
Dave Jones,Apr 2013,,High Fidelity,8b,19-04-2013,Boulder,ground up,2013-04-19,2013.0,8b
Dan Turner,8th Apr 2013,,High Fidelity,8b,08-04-2013,Boulder,worked,2013-08-04,2013.0,8b
Tim Palmer,30th Mar 2016,,High Fidelity,8b,30-03-2016,Boulder,worked,2016-03-30,2016.0,8b
Dan Varian,Nov 2017,,High Fidelity,8b,19-11-2017,Boulder,ground up,2017-11-19,2017.0,8b
Tom Newman,Dec 2017,,High Fidelity,8b,19-12-2017,Boulder,worked,2017-12-19,2017.0,8b
Aidan Roberts,Feb 2023,,High Fidelity,8b,19-02-2023,Boulder,ground up,2023-02-19,2023.0,8b
Nathan Phillips,8th Apr 2023,,High Fidelity,8b,08-04-2023,Boulder,worked,2023-08-04,2023.0,8b
Adam Ondra,20th Mar 2011,,Mind Control,8c,20-03-2011,Lead,onsight,2011-03-20,2011.0,8c
Nina Caprez,Between 16th Feb 2012 and 1st Mar 2012,,Mind Control,8c,,Lead,worked,,,8c
Daila Ojeda,16th Feb 2012,,Mind Control,8c,16-02-2012,Lead,worked,2012-02-16,2012.0,8c
James Pearson,Mar 2012,,Mind Control,8c,19-03-2012,Lead,worked,2012-03-19,2012.0,8c
Mar Álvarez,30th Aug 2013,,Mind Control,8c,30-08-2013,Lead,worked,2013-08-30,2013.0,8c
Domen Škofic,12th Dec 2014,,Mind Control,8c,12-12-2014,Lead,flash,2014-12-12,2014.0,8c
Jessica Pilz,28th Dec 2015,,Mind Control,8c,28-12-2015,Lead,worked,2015-12-28,2015.0,8c
Hazel Findlay,Mar 2017,,Mind Control,8c,19-03-2017,Lead,worked,2017-03-19,2017.0,8c
Angus Kille,Feb 2018,,Mind Control,8c,19-02-2018,Lead,worked,2018-02-19,2018.0,8c
Emma Twyford,Feb 2018,,Mind Control,8c,19-02-2018,Lead,worked,2018-02-19,2018.0,8c
Maddy Cope,24th Feb 2019,,Mind Control,8c,24-02-2019,Lead,worked,2019-02-24,2019.0,8c
Sébastien Berthe,Mar 2021,,Mind Control,8c,19-03-2021,Lead,flash,2021-03-19,2021.0,8c
Svana Bjarnason,Feb 2023,,Mind Control,8c,19-02-2023,Lead,worked,2023-02-19,2023.0,8c
Finn Hayward,,,Mind Control,8c,,Lead,worked,,,8c
Leo Houlding,Aug 1997,,Rare Lichen,e9,19-08-1997,Lead,worked,1997-08-19,1997.0,8b
Nick Dixon,2000,,Rare Lichen,e9,19-11-2000,Lead,worked,2000-11-19,2000.0,8b
Emma Twyford,23rd Sep 2013,,Rare Lichen,e9,23-09-2013,Lead,worked,2013-09-23,2013.0,8b
Nathan Lee,4th Apr 2014,,Rare Lichen,e9,04-04-2014,Lead,worked,2014-04-04,2014.0,8b
Ed Booth,28th Sep 2015,,Rare Lichen,e9,28-09-2015,Lead,worked,2015-09-28,2015.0,8b
Tom Livingstone,19th Jul 2016,,Rare Lichen,e9,19-07-2016,Lead,worked,2016-07-19,2016.0,8b
Eve Lancashire,29th Aug 2016,,Rare Lichen,e9,29-08-2016,Lead,worked,2016-08-29,2016.0,8b
Alex Moore,25th Jul 2023,,Rare Lichen,e9,25-07-2023,Lead,worked,2023-07-25,2023.0,8b
James Taylor,,,Rare Lichen,e9,,Lead,worked,,,8b
Calum Muskett,,,Rare Lichen,e9,,Lead,worked,,,8b
James McHaffie,,,Rare Lichen,e9,,Lead,worked,,,8b
Angus Kille,,,Rare Lichen,e9,,Lead,worked,,,8b
Morus Sanderson,,,Rare Lichen,e9,,Lead,worked,,,8b
Charlie Woodburn,,,Rare Lichen,e9,,Lead,worked,,,8b
Chris Sharma,,,The Never Ending Story (part 1+2),8b+,,Boulder,worked,,,8b+
James Squire,8th Aug 2017,,The Never Ending Story (part 1+2),8b+,08-08-2017,Boulder,worked,2017-08-08,2017.0,8b+
Nathan Phillips,16th Jun 2019,,The Never Ending Story (part 1+2),8b+,16-06-2019,Boulder,worked,2019-06-16,2019.0,8b+
Billy Ridal,25th Oct 2019,,The Never Ending Story (part 1+2),8b+,25-10-2019,Boulder,worked,2019-10-25,2019.0,8b+
Giuliano Cameroni,11th May 2020,,The Never Ending Story (part 1+2),8b+,11-05-2020,Boulder,worked,2020-11-05,2020.0,8b+
Jakob Schubert,Jun 2020,,The Never Ending Story (part 1+2),8b+,19-06-2020,Boulder,flash,2020-06-19,2020.0,8b+
Alex Waterhouse,17th Jul 2020,,The Never Ending Story (part 1+2),8b+,17-07-2020,Boulder,worked,2020-07-17,2020.0,8b+
Piotr Oleszczuk,Jun 2022,,The Never Ending Story (part 1+2),8b+,19-06-2022,Boulder,worked,2022-06-19,2022.0,8b+
Buster Martin,5th Jul 2022,,The Never Ending Story (part 1+2),8b+,05-07-2022,Boulder,worked,2022-05-07,2022.0,8b+
Sam Prior,19th May 2024,,The Never Ending Story (part 1+2),8b+,19-05-2024,Boulder,worked,2024-05-19,2024.0,8b+
Josh Levin,27th Aug 2024,,The Never Ending Story (part 1+2),8b+,27-08-2024,Boulder,worked,2024-08-27,2024.0,8b+
Shawn Diamond,,,The Never Ending Story (part 1+2),8b+,,Boulder,worked,,,8b+
Solomon Barth,,,The Never Ending Story (part 1+2),8b+,,Boulder,worked,,,8b+
Jesse Grupper,,,The Never Ending Story (part 1+2),8b+,,Boulder,worked,,,8b+
Paul Robinson,1st Jan 2014,,Trieste,8b+,01-01-2014,Boulder,worked,2014-01-01,2014.0,8b+
Taylor McNeill,1st Feb 2021,,Trieste,8b+,01-02-2021,Boulder,worked,2021-01-02,2021.0,8b+
Brooke Raboutou,Nov 2021,,Trieste,8b+,19-11-2021,Boulder,worked,2021-11-19,2021.0,8b+
Clay Gordon,25th Feb 2022,,Trieste,8b+,25-02-2022,Boulder,worked,2022-02-25,2022.0,8b+
Owen Whaley,19th Dec 2023,,Trieste,8b+,19-12-2023,Boulder,worked,2023-12-19,2023.0,8b+
Milo Timberlake,6th Jan 2024,,Trieste,8b+,06-01-2024,Boulder,worked,2024-06-01,2024.0,8b+
Cody Fults,,,Trieste,8b+,,Boulder,worked,,,8b+
Tanner Mack,,,Trieste,8b+,,Boulder,worked,,,8b+
Duke Lettieri,,,Trieste,8b+,,Boulder,worked,,,8b+
Brian Squire,,,Trieste,8b+,,Boulder,worked,,,8b+
Tanner Bauer,,,Trieste,8b+,,Boulder,worked,,,8b+
Brett Walker,,,Trieste,8b+,,Boulder,worked,,,8b+
Andy Lamb,,,Trieste,8b+,,Boulder,worked,,,8b+
Tristan Chen,,,Trieste,8b+,,Boulder,worked,,,8b+
Tony Mitchell,1993,,Unjustified,8b+,19-11-1993,Lead,worked,1993-11-19,1993.0,8b+
Ian Vickers,1st Sep 2000,,Unjustified,8b+,01-09-2000,Lead,worked,2000-01-09,2000.0,8b+
Malcolm Smith,Jun 2008,,Unjustified,8b+,19-06-2008,Lead,worked,2008-06-19,2008.0,8b+
Dan Walker,14th Mar 2010,,Unjustified,8b+,14-03-2010,Lead,worked,2010-03-14,2010.0,8b+
Paul Reeve,Apr 2010,,Unjustified,8b+,19-04-2010,Lead,worked,2010-04-19,2010.0,8b+
Sam Whittaker,26th Apr 2011,,Unjustified,8b+,26-04-2011,Lead,worked,2011-04-26,2011.0,8b+
James McHaffie,6th Aug 2011,,Unjustified,8b+,06-08-2011,Lead,worked,2011-06-08,2011.0,8b+
Alan Cassidy,4th Oct 2011,,Unjustified,8b+,04-10-2011,Lead,worked,2011-04-10,2011.0,8b+
Alex Megos,Jun 2014,,Unjustified,8b+,19-06-2014,Lead,worked,2014-06-19,2014.0,8b+
Antony Ingham,Jun 2014,,Unjustified,8b+,19-06-2014,Lead,worked,2014-06-19,2014.0,8b+
Ted Kingsnorth,29th Jun 2014,,Unjustified,8b+,29-06-2014,Lead,worked,2014-06-29,2014.0,8b+
Emma Twyford,Aug 2014,,Unjustified,8b+,19-08-2014,Lead,worked,2014-08-19,2014.0,8b+
Pete Dawson,1st Oct 2016,,Unjustified,8b+,01-10-2016,Lead,worked,2016-01-10,2016.0,8b+
Bruno Marks,,,Unjustified,8b+,,Lead,worked,,,8b+
Simon Nadin,Sep 1988,,Aberration,8a,19-09-1988,Lead,worked,1988-09-19,1988.0,8a
Emily Allen,26th Jun 2013,,Aberration,8a,26-06-2013,Lead,worked,2013-06-26,2013.0,8a
Debbie Birch,2016,,Aberration,8a,19-11-2016,Lead,worked,2016-11-19,2016.0,8a
Becca Lounds,18th Aug 2018,,Aberration,8a,18-08-2018,Lead,worked,2018-08-18,2018.0,8a
James Oswald,8th Jun 2021,,Aberration,8a,08-06-2021,Lead,worked,2021-08-06,2021.0,8a
Ewa Rams,Jul 2021,,Aberration,8a,19-07-2021,Lead,worked,2021-07-19,2021.0,8a
Rhoslyn Frugtniet,29th May 2022,,Aberration,8a,29-05-2022,Lead,flash,2022-05-29,2022.0,8a
Jemima Churchhouse,26th Jun 2022,,Aberration,8a,26-06-2022,Lead,worked,2022-06-26,2022.0,8a
Katie Keeley,20th Jul 2023,,Aberration,8a,20-07-2023,Lead,worked,2023-07-20,2023.0,8a
Alice Thompson,5th May 2024,,Aberration,8a,05-05-2024,Lead,worked,2024-05-05,2024.0,8a
Katie Landon,5th Jun 2024,,Aberration,8a,05-06-2024,Lead,worked,2024-05-06,2024.0,8a
Nicky Brierly,17th Jun 2024,,Aberration,8a,17-06-2024,Lead,worked,2024-06-17,2024.0,8a
Karen Whitehouse,,,Aberration,8a,,Lead,worked,,,8a
Daniel Woods,27th Sep 2016,,Creature From The Black Lagoon,8c+,27-09-2016,Boulder,worked,2016-09-27,2016.0,8c+
Dave Graham,Oct 2016,,Creature From The Black Lagoon,8c+,19-10-2016,Boulder,worked,2016-10-19,2016.0,8c+
Jimmy Webb,20th Aug 2017,,Creature From The Black Lagoon,8c+,20-08-2017,Boulder,worked,2017-08-20,2017.0,8c+
Daisuke Ichimiya,15th Sep 2017,,Creature From The Black Lagoon,8c+,15-09-2017,Boulder,worked,2017-09-15,2017.0,8c+
Griffin Whiteside,20th Jul 2018,,Creature From The Black Lagoon,8c+,20-07-2018,Boulder,worked,2018-07-20,2018.0,8c+
Shawn Raboutou,30th Sep 2018,,Creature From The Black Lagoon,8c+,30-09-2018,Boulder,worked,2018-09-30,2018.0,8c+
Carlo Traversi,24th Jul 2020,,Creature From The Black Lagoon,8c+,24-07-2020,Boulder,worked,2020-07-24,2020.0,8c+
Drew Ruana,16th Aug 2020,,Creature From The Black Lagoon,8c+,16-08-2020,Boulder,worked,2020-08-16,2020.0,8c+
Matt Fultz,3rd Jul 2021,,Creature From The Black Lagoon,8c+,03-07-2021,Boulder,worked,2021-03-07,2021.0,8c+
Andy Lamb,18th Aug 2021,,Creature From The Black Lagoon,8c+,18-08-2021,Boulder,worked,2021-08-18,2021.0,8c+
Dylan Barks,30th Aug 2021,,Creature From The Black Lagoon,8c+,30-08-2021,Boulder,worked,2021-08-30,2021.0,8c+
Nathan Williams,8th Sep 2024,,Creature From The Black Lagoon,8c+,08-09-2024,Boulder,worked,2024-08-09,2024.0,8c+
Pablo Hammack,,,Creature From The Black Lagoon,8c+,,Boulder,worked,,,8c+
Ramón Julián Puigblanque,17th Apr 2006,,Esclatamàsters,9a,17-04-2006,Lead,worked,2006-04-17,2006.0,9a
James Pearson,14th Mar 2012,,Esclatamàsters,9a,14-03-2012,Lead,worked,2012-03-14,2012.0,9a
Florence Pinet,2015,8c+,Esclatamàsters,9a,19-11-2015,Lead,worked,2015-11-19,2015.0,9a
Mar Álvarez,11th Aug 2015,,Esclatamàsters,9a,11-08-2015,Lead,worked,2015-11-08,2015.0,9a
Anak Verhoeven,8th Jan 2022,,Esclatamàsters,9a,08-01-2022,Lead,worked,2022-08-01,2022.0,9a
Hazel Findlay,9th Mar 2022,,Esclatamàsters,9a,09-03-2022,Lead,worked,2022-09-03,2022.0,9a
Angus Kille,25th Mar 2022,,Esclatamàsters,9a,25-03-2022,Lead,worked,2022-03-25,2022.0,9a
Jorg Verhoeven,Apr 2022,,Esclatamàsters,9a,19-04-2022,Lead,worked,2022-04-19,2022.0,9a
Angelika Rainer,Feb 2023,,Esclatamàsters,9a,19-02-2023,Lead,worked,2023-02-19,2023.0,9a
Luke Dawson,1st Mar 2023,,Esclatamàsters,9a,01-03-2023,Lead,worked,2023-01-03,2023.0,9a
Josh Ibbertson,Between 1st May 2023 and 5th May 2023,,Esclatamàsters,9a,,Lead,worked,,,9a
Solveig Korherr,13th Jan 2024,8c+,Esclatamàsters,9a,13-01-2024,Lead,worked,2024-01-13,2024.0,9a
David Bermudez,25th Jan 2024,,Esclatamàsters,9a,25-01-2024,Lead,worked,2024-01-25,2024.0,9a
Dave Graham,15th Oct 2013,,Foundations Edge,8c,15-10-2013,Boulder,worked,2013-10-15,2013.0,8c
Shawn Raboutou,19th Nov 2018,,Foundations Edge,8c,19-11-2018,Boulder,worked,2018-11-19,2018.0,8c
Clément Lechaptois,23rd Oct 2019,,Foundations Edge,8c,23-10-2019,Boulder,worked,2019-10-23,2019.0,8c
Dylan Chuat,4th Jul 2020,,Foundations Edge,8c,04-07-2020,Boulder,worked,2020-04-07,2020.0,8c
Tim Reuser,3rd Sep 2020,,Foundations Edge,8c,03-09-2020,Boulder,worked,2020-03-09,2020.0,8c
Teo Genecand,1st Oct 2020,,Foundations Edge,8c,01-10-2020,Boulder,worked,2020-01-10,2020.0,8c
Will Bosi,23rd Sep 2021,,Foundations Edge,8c,23-09-2021,Boulder,worked,2021-09-23,2021.0,8c
Simon Lorenzi,Sep 2022,,Foundations Edge,8c,19-09-2022,Boulder,worked,2022-09-19,2022.0,8c
Simone Tentori,2nd Sep 2022,,Foundations Edge,8c,02-09-2022,Boulder,worked,2022-02-09,2022.0,8c
Sam Weir,27th May 2023,,Foundations Edge,8c,27-05-2023,Boulder,worked,2023-05-27,2023.0,8c
Thomas Salakenos,24th Jun 2023,,Foundations Edge,8c,24-06-2023,Boulder,worked,2023-06-24,2023.0,8c
Solly Kemball-Dorey,3rd Nov 2024,,Foundations Edge,8c,03-11-2024,Boulder,worked,2024-03-11,2024.0,8c
Olivier Lebreton,,,Gecko Assis,8b+,,Boulder,worked,,,8b+
Tyler Landman,11th Feb 2009,,Gecko Assis,8b+,11-02-2009,Boulder,worked,2009-11-02,2009.0,8b+
Adam Ondra,11th Dec 2011,8B,Gecko Assis,8b+,11-12-2011,Boulder,flash,2011-11-12,2011.0,8b+
Kevin Lopata,14th May 2013,,Gecko Assis,8b+,14-05-2013,Boulder,worked,2013-05-14,2013.0,8b+
Nathan Phillips,14th Dec 2018,,Gecko Assis,8b+,14-12-2018,Boulder,worked,2018-12-14,2018.0,8b+
Ben Preston,11th Apr 2023,,Gecko Assis,8b+,11-04-2023,Boulder,worked,2023-11-04,2023.0,8b+
Sam Struthers,4th Mar 2024,,Gecko Assis,8b+,04-03-2024,Boulder,worked,2024-04-03,2024.0,8b+
Sam Prior,7th Mar 2024,,Gecko Assis,8b+,07-03-2024,Boulder,worked,2024-07-03,2024.0,8b+
Eric Jerome,,,Gecko Assis,8b+,,Boulder,worked,,,8b+
Charles Albert,,,Gecko Assis,8b+,,Boulder,worked,,,8b+
Paul Nadler,,,Gecko Assis,8b+,,Boulder,worked,,,8b+
Tristan Chen,,,Gecko Assis,8b+,,Boulder,worked,,,8b+
Dave Barrans,,,Gecko Assis,8b+,,Boulder,worked,,,8b+
Ben Moon,14th Jun 1990,8c+,Hubble,9a,14-06-1990,Lead,worked,1990-06-14,1990.0,9a
Malcolm Smith,1992,,Hubble,9a,19-11-1992,Lead,worked,1992-11-19,1992.0,9a
John Gaskins,Sep 1994,,Hubble,9a,19-09-1994,Lead,worked,1994-09-19,1994.0,9a
Steve Dunning,Jul 2003,,Hubble,9a,19-07-2003,Lead,worked,2003-07-19,2003.0,9a
Richard Simpson,25th Apr 2005,8c+,Hubble,9a,25-04-2005,Lead,worked,2005-04-25,2005.0,9a
Steve McClure,30th Jul 2009,8c+ (hard),Hubble,9a,30-07-2009,Lead,worked,2009-07-30,2009.0,9a
Alex Megos,31st May 2016,8c+,Hubble,9a,31-05-2016,Lead,worked,2016-05-31,2016.0,9a
Will Bosi,25th Oct 2016,9a,Hubble,9a,25-10-2016,Lead,worked,2016-10-25,2016.0,9a
Pete Dawson,13th Aug 2019,9a,Hubble,9a,13-08-2019,Lead,worked,2019-08-13,2019.0,9a
Mathew Wright,30th Sep 2020,9a,Hubble,9a,30-09-2020,Lead,worked,2020-09-30,2020.0,9a
Buster Martin,11th Oct 2020,9a (soft),Hubble,9a,11-10-2020,Lead,worked,2020-11-10,2020.0,9a
Toby Roberts,26th Oct 2021,9a,Hubble,9a,26-10-2021,Lead,worked,2021-10-26,2021.0,9a
Andy Pollitt,2nd Mar 1988,E9,Knockin On Heavens Door,e9,02-03-1988,Lead,worked,1988-02-03,1988.0,8b
Ron Fawcett,Between 2nd Mar 1988 and 20th Mar 1994,E7,Knockin On Heavens Door,e9,,Lead,worked,,,8b
Seb Grieve,20th Mar 1994,E7,Knockin On Heavens Door,e9,20-03-1994,Lead,worked,1994-03-20,1994.0,8b
Richie Patterson,19th Oct 1996,E8,Knockin On Heavens Door,e9,19-10-1996,Lead,worked,1996-10-19,1996.0,8b
Ben Tetler,11th Nov 1998,E9,Knockin On Heavens Door,e9,11-11-1998,Solo,worked,1998-11-11,1998.0,8b
Mike Weeks,2002,,Knockin On Heavens Door,e9,19-11-2002,Lead,worked,2002-11-19,2002.0,8b
James Pearson,2003,,Knockin On Heavens Door,e9,19-11-2003,Lead,worked,2003-11-19,2003.0,8b
Alex Honnold,12th Nov 2008,,Knockin On Heavens Door,e9,12-11-2008,Lead,worked,2008-12-11,2008.0,8b
Aly Robertson,24th Jan 2009,,Knockin On Heavens Door,e9,24-01-2009,Lead,worked,2009-01-24,2009.0,8b
Neil Kershaw,Oct 2010,E8,Knockin On Heavens Door,e9,19-10-2010,Lead,worked,2010-10-19,2010.0,8b
Ryan Pasquill,22nd Oct 2010,E8,Knockin On Heavens Door,e9,22-10-2010,Lead,flash,2010-10-22,2010.0,8b
Katy Whittaker,Nov 2013,,Knockin On Heavens Door,e9,19-11-2013,Lead,worked,2013-11-19,2013.0,8b
Dan Honeyman,,,Knockin On Heavens Door,e9,,Lead,worked,,,8b
Tim Emmett,6th Jun 2010,,Muy Caliente!,e9,06-06-2010,Lead,worked,2010-06-06,2010.0,8b
Steve Townshend,18th Sep 2010,,Muy Caliente!,e9,18-09-2010,Lead,worked,2010-09-18,2010.0,8b
Dave MacLeod,26th Sep 2010,,Muy Caliente!,e9,26-09-2010,Lead,worked,2010-09-26,2010.0,8b
James Pearson,2011,,Muy Caliente!,e9,19-11-2011,Lead,ground up,2011-11-19,2011.0,8b
Neil Mawson,13th May 2011,,Muy Caliente!,e9,13-05-2011,Lead,worked,2011-05-13,2011.0,8b
Steve McClure,Jun 2015,,Muy Caliente!,e9,19-06-2015,Lead,worked,2015-06-19,2015.0,8b
Jordan Buys,Aug 2016,,Muy Caliente!,e9,19-08-2016,Lead,worked,2016-08-19,2016.0,8b
Ali Kennedy,27th Aug 2016,,Muy Caliente!,e9,27-08-2016,Lead,worked,2016-08-27,2016.0,8b
Barbara Zangerl,1st Jul 2017,,Muy Caliente!,e9,01-07-2017,Lead,worked,2017-01-07,2017.0,8b
Angus Kille,31st May 2021,,Muy Caliente!,e9,31-05-2021,Lead,worked,2021-05-31,2021.0,8b
Hazel Findlay,27th Jun 2021,,Muy Caliente!,e9,27-06-2021,Lead,worked,2021-06-27,2021.0,8b
Ed Morris,22nd Jun 2024,,Muy Caliente!,e9,22-06-2024,Lead,worked,2024-06-22,2024.0,8b
Ben Heason,,,Muy Caliente!,e9,,Lead,worked,,,8b
Chris Sharma,,,Papichulo,9a+,,Lead,worked,,,9a+
Ramón Julián Puigblanque,21st Mar 2009,,Papichulo,9a+,21-03-2009,Lead,worked,2009-03-21,2009.0,9a+
Sachi Amma,24th Dec 2010,,Papichulo,9a+,24-12-2010,Lead,worked,2010-12-24,2010.0,9a+
Domen Škofic,11th Dec 2014,,Papichulo,9a+,11-12-2014,Lead,worked,2014-11-12,2014.0,9a+
Magnus Midtbø,22nd Mar 2015,9a+ (soft),Papichulo,9a+,22-03-2015,Lead,worked,2015-03-22,2015.0,9a+
Mateusz Haladaj,30th May 2015,,Papichulo,9a+,30-05-2015,Lead,worked,2015-05-30,2015.0,9a+
Klemen Bečan,9th Jun 2016,,Papichulo,9a+,09-06-2016,Lead,worked,2016-09-06,2016.0,9a+
Felipe Camargo,23rd Apr 2017,,Papichulo,9a+,23-04-2017,Lead,worked,2017-04-23,2017.0,9a+
Margo Hayes,22nd Mar 2019,,Papichulo,9a+,22-03-2019,Lead,worked,2019-03-22,2019.0,9a+
Lucien Martinez,Apr 2022,9a+ (soft),Papichulo,9a+,19-04-2022,Lead,worked,2022-04-19,2022.0,9a+
Thibault Lair,Apr 2023,,Papichulo,9a+,19-04-2023,Lead,worked,2023-04-19,2023.0,9a+
Jorg Verhoeven,May 2024,,Papichulo,9a+,19-05-2024,Lead,worked,2024-05-19,2024.0,9a+
Jessica Pilz,14th Nov 2024,,Papichulo,9a+,14-11-2024,Lead,worked,2024-11-14,2024.0,9a+
Steve McClure,18th Jun 2003,,Rainshadow,9a,18-06-2003,Lead,worked,2003-06-18,2003.0,9a
Adam Ondra,17th May 2011,,Rainshadow,9a,17-05-2011,Lead,worked,2011-05-17,2011.0,9a
Jordan Buys,3rd May 2013,,Rainshadow,9a,03-05-2013,Lead,worked,2013-03-05,2013.0,9a
Ben Moon,8th Jun 2015,,Rainshadow,9a,08-06-2015,Lead,worked,2015-08-06,2015.0,9a
Stuart Littlefair,8th Sep 2015,,Rainshadow,9a,08-09-2015,Lead,worked,2015-08-09,2015.0,9a
Will Bosi,2nd May 2016,,Rainshadow,9a,02-05-2016,Lead,worked,2016-02-05,2016.0,9a
Ryan Pasquill,2nd May 2018,,Rainshadow,9a,02-05-2018,Lead,worked,2018-02-05,2018.0,9a
Buster Martin,Jun 2018,,Rainshadow,9a,19-06-2018,Lead,worked,2018-06-19,2018.0,9a
Pete Dawson,2nd Jun 2018,,Rainshadow,9a,02-06-2018,Lead,worked,2018-02-06,2018.0,9a
Toby Roberts,2nd Dec 2020,,Rainshadow,9a,02-12-2020,Lead,worked,2020-02-12,2020.0,9a
Josh Ibbertson,6th Dec 2020,,Rainshadow,9a,06-12-2020,Lead,worked,2020-06-12,2020.0,9a
Eder Lomba,8th Apr 2021,,Rainshadow,9a,08-04-2021,Lead,worked,2021-08-04,2021.0,9a
Luke Dawson,9th Apr 2022,,Rainshadow,9a,09-04-2022,Lead,worked,2022-09-04,2022.0,9a
Dave Graham,10th Jan 2001,,Spectre,8b,10-01-2001,Boulder,worked,2001-10-01,2001.0,8b
Fred Nicole,20th Jan 2001,,Spectre,8b,20-01-2001,Boulder,worked,2001-01-20,2001.0,8b
Tony Lamiche,25th Nov 2002,,Spectre,8b,25-11-2002,Boulder,worked,2002-11-25,2002.0,8b
Ryan Pasquill,2005,,Spectre,8b,19-11-2005,Boulder,worked,2005-11-19,2005.0,8b
Kevin Jorgeson,27th Dec 2009,,Spectre,8b,27-12-2009,Boulder,worked,2009-12-27,2009.0,8b
Carlo Traversi,15th Dec 2013,8B+ (hard),Spectre,8b,15-12-2013,Boulder,worked,2013-12-15,2013.0,8b
Jimmy Webb,2014,,Spectre,8b,19-11-2014,Boulder,worked,2014-11-19,2014.0,8b
Andy Lamb,6th Nov 2016,,Spectre,8b,06-11-2016,Boulder,worked,2016-06-11,2016.0,8b
Brian Nugent,Mar 2019,,Spectre,8b,19-03-2019,Boulder,flash,2019-03-19,2019.0,8b
Shawn Raboutou,2021,,Spectre,8b,19-11-2021,Boulder,flash,2021-11-19,2021.0,8b
Katie Lamb,10th Feb 2023,8B+ (hard),Spectre,8b,10-02-2023,Boulder,worked,2023-10-02,2023.0,8b
Sean Bailey,Dec 2023,,Spectre,8b,19-12-2023,Boulder,worked,2023-12-19,2023.0,8b
Tyler Landman,,,Spectre,8b,,Boulder,worked,,,8b
Martin Atkinson,1987,,Supercool,8a+,19-11-1987,Lead,worked,1987-11-19,1987.0,8a+
Tim Lowe,28th Jul 1990,,Supercool,8a+,28-07-1990,Lead,worked,1990-07-28,1990.0,8a+
Dougie Hall,Before 1st Jan 1991,,Supercool,8a+,,Lead,worked,,,8a+
Mick Lovatt,Before 1st Jan 1991,,Supercool,8a+,,Lead,worked,,,8a+
Jenny Woodward,2003,,Supercool,8a+,19-11-2003,Lead,worked,2003-11-19,2003.0,8a+
Lucy Creamer,Between 1st May 2003 and 1st Jan 2004,,Supercool,8a+,,Lead,worked,,,8a+
Ruth Smitton,26th Sep 2009,,Supercool,8a+,26-09-2009,Lead,worked,2009-09-26,2009.0,8a+
James McHaffie,2015,,Supercool,8a+,19-11-2015,Lead,onsight,2015-11-19,2015.0,8a+
Nicola Taylor,30th Aug 2018,,Supercool,8a+,30-08-2018,Lead,worked,2018-08-30,2018.0,8a+
Anna Wild,10th Jun 2021,,Supercool,8a+,10-06-2021,Lead,worked,2021-10-06,2021.0,8a+
Julie Pearson,,,Supercool,8a+,,Lead,worked,,,8a+
Kate Gascoyne,,,Supercool,8a+,,Lead,worked,,,8a+
Ako Shillitoe,,,Supercool,8a+,,Lead,worked,,,8a+
Boone Speed,1994,,Super Tweak,8c,19-11-1994,Lead,worked,1994-11-19,1994.0,8c
Joe Brooks,Between 1st Jan 1995 and 1st Jul 1996,,Super Tweak,8c,,Lead,worked,,,8c
Chris Sharma,Jul 1996,,Super Tweak,8c,19-07-1996,Lead,worked,1996-07-19,1996.0,8c
Tommy Caldwell,1997,,Super Tweak,8c,19-11-1997,Lead,worked,1997-11-19,1997.0,8c
Yuji Hirayama,2001,,Super Tweak,8c,19-11-2001,Lead,worked,2001-11-19,2001.0,8c
James Litz,22nd Oct 2003,,Super Tweak,8c,22-10-2003,Lead,worked,2003-10-22,2003.0,8c
Daniel Woods,14th Aug 2004,,Super Tweak,8c,14-08-2004,Lead,worked,2004-08-14,2004.0,8c
Ethan Pringle,12th Jun 2008,,Super Tweak,8c,12-06-2008,Lead,worked,2008-12-06,2008.0,8c
B.J. Tilden,1st Oct 2010,,Super Tweak,8c,01-10-2010,Lead,worked,2010-01-10,2010.0,8c
Jonathan Siegrest,2nd Oct 2013,,Super Tweak,8c,02-10-2013,Lead,worked,2013-02-10,2013.0,8c
Michaela Kiersch,Sep 2021,,Super Tweak,8c,19-09-2021,Lead,worked,2021-09-19,2021.0,8c
Miles Perry,27th Mar 2022,,Super Tweak,8c,27-03-2022,Lead,worked,2022-03-27,2022.0,8c
Julia Duffy,23rd Oct 2024,,Super Tweak,8c,23-10-2024,Lead,worked,2024-10-23,2024.0,8c
Michael O'Rourke,27th Apr 2014,,The Phoenix,8b+,27-04-2014,Boulder,worked,2014-04-27,2014.0,8b+
Daniel Woods,18th May 2014,,The Phoenix,8b+,18-05-2014,Boulder,worked,2014-05-18,2014.0,8b+
Jimmy Webb,22nd May 2014,,The Phoenix,8b+,22-05-2014,Boulder,worked,2014-05-22,2014.0,8b+
Dave Graham,Jun 2014,,The Phoenix,8b+,19-06-2014,Boulder,worked,2014-06-19,2014.0,8b+
Carlo Traversi,20th Mar 2015,,The Phoenix,8b+,20-03-2015,Boulder,worked,2015-03-20,2015.0,8b+
Griffin Whiteside,4th Nov 2016,,The Phoenix,8b+,04-11-2016,Boulder,worked,2016-04-11,2016.0,8b+
Will Anglin,14th Jun 2019,,The Phoenix,8b+,14-06-2019,Boulder,worked,2019-06-14,2019.0,8b+
Sam Weir,2020,,The Phoenix,8b+,19-11-2020,Boulder,worked,2020-11-19,2020.0,8b+
Colin Duffy,18th Dec 2022,,The Phoenix,8b+,18-12-2022,Boulder,worked,2022-12-18,2022.0,8b+
Benn Wheeler,23rd Mar 2024,,The Phoenix,8b+,23-03-2024,Boulder,worked,2024-03-23,2024.0,8b+
Taylor McNeill,,,The Phoenix,8b+,,Boulder,worked,,,8b+
Tanner Bauer,,,The Phoenix,8b+,,Boulder,worked,,,8b+
Conor Wellman,,,The Phoenix,8b+,,Boulder,worked,,,8b+
Jimmy Webb,5th Sep 2013,8C,The Wheel Of Wolvo,8b+,05-09-2013,Boulder,worked,2013-05-09,2013.0,8b+
Daniel Woods,9th Sep 2013,8C,The Wheel Of Wolvo,8b+,09-09-2013,Boulder,worked,2013-09-09,2013.0,8b+
Dave Graham,17th Sep 2013,8C,The Wheel Of Wolvo,8b+,17-09-2013,Boulder,worked,2013-09-17,2013.0,8b+
Griffin Whiteside,11th Jun 2017,,The Wheel Of Wolvo,8b+,11-06-2017,Boulder,worked,2017-11-06,2017.0,8b+
Austin Purdy,1st Jun 2023,,The Wheel Of Wolvo,8b+,01-06-2023,Boulder,worked,2023-01-06,2023.0,8b+
Daniel Fong,,,The Wheel Of Wolvo,8b+,,Boulder,worked,,,8b+
Noah Wheeler,,,The Wheel Of Wolvo,8b+,,Boulder,worked,,,8b+
Matt Fultz,,,The Wheel Of Wolvo,8b+,,Boulder,worked,,,8b+
Nick Bradley,,,The Wheel Of Wolvo,8b+,,Boulder,worked,,,8b+
Ben Blackmore,,,The Wheel Of Wolvo,8b+,,Boulder,worked,,,8b+
Benn Wheeler,,,The Wheel Of Wolvo,8b+,,Boulder,worked,,,8b+
Nathan Williams,,,The Wheel Of Wolvo,8b+,,Boulder,worked,,,8b+
Andy Lamb,,,The Wheel Of Wolvo,8b+,,Boulder,worked,,,8b+
Ben Moon,4th Aug 1987,,Zeke The Freak,8b,04-08-1987,Lead,worked,1987-04-08,1987.0,8b
Ed Morgan,1990,,Zeke The Freak,8b,19-11-1990,Lead,worked,1990-11-19,1990.0,8b
Jerry Moffatt,Before 1st Jan 1991,,Zeke The Freak,8b,,Lead,worked,,,8b
Ben Masterson,Before 1st Jan 1991,,Zeke The Freak,8b,,Lead,worked,,,8b
John Welford,Before 1st Jan 1991,,Zeke The Freak,8b,,Lead,worked,,,8b
Chris Gore,Before 1st Jan 1991,,Zeke The Freak,8b,,Lead,worked,,,8b
Mark Pretty,1993,,Zeke The Freak,8b,19-11-1993,Lead,worked,1993-11-19,1993.0,8b
Ruth Jenkins,1995,,Zeke The Freak,8b,19-11-1995,Lead,worked,1995-11-19,1995.0,8b
Steve McClure,1st Oct 1995,,Zeke The Freak,8b,01-10-1995,Lead,worked,1995-01-10,1995.0,8b
Holly Rees,5th Sep 2019,,Zeke The Freak,8b,05-09-2019,Lead,worked,2019-05-09,2019.0,8b
Rhoslyn Frugtniet,25th Oct 2020,,Zeke The Freak,8b,25-10-2020,Lead,worked,2020-10-25,2020.0,8b
Jennifer Wood,30th Sep 2023,,Zeke The Freak,8b,30-09-2023,Lead,worked,2023-09-30,2023.0,8b
Matt Donnelly,,,Zeke The Freak,8b,,Lead,worked,,,8b
Ben Moon,2000,,8 Ball,8a+,19-11-2000,Boulder,worked,2000-11-19,2000.0,8a+
John Gaskins,2001,,8 Ball,8a+,19-11-2001,Boulder,worked,2001-11-19,2001.0,8a+
Malcolm Smith,Nov 2001,,8 Ball,8a+,19-11-2001,Boulder,worked,2001-11-19,2001.0,8a+
Ivan Tresch,26th Feb 2002,,8 Ball,8a+,26-02-2002,Boulder,worked,2002-02-26,2002.0,8a+
Ben Bransby,26th Feb 2002,,8 Ball,8a+,26-02-2002,Boulder,worked,2002-02-26,2002.0,8a+
Tim Clifford,22nd Mar 2002,,8 Ball,8a+,22-03-2002,Boulder,worked,2002-03-22,2002.0,8a+
Richard Simpson,Dec 2004,8A+,8 Ball,8a+,19-12-2004,Boulder,worked,2004-12-19,2004.0,8a+
Gareth Parry,15th Jan 2007,,8 Ball,8a+,15-01-2007,Boulder,worked,2007-01-15,2007.0,8a+
Dave Barrans,3rd Feb 2008,,8 Ball,8a+,03-02-2008,Boulder,worked,2008-03-02,2008.0,8a+
Nathan Phillips,12th Mar 2017,,8 Ball,8a+,12-03-2017,Boulder,worked,2017-12-03,2017.0,8a+
Ash Wolsey-Heard,14th Dec 2018,,8 Ball,8a+,14-12-2018,Boulder,worked,2018-12-14,2018.0,8a+
Billy Ridal,20th Mar 2021,,8 Ball,8a+,20-03-2021,Boulder,worked,2021-03-20,2021.0,8a+
Dan Varian,,,Bewilderness,8b+,,Boulder,worked,,,8b+
Dan Turner,18th Jul 2015,,Bewilderness,8b+,18-07-2015,Boulder,worked,2015-07-18,2015.0,8b+
Dave Mason,Nov 2016,,Bewilderness,8b+,19-11-2016,Boulder,worked,2016-11-19,2016.0,8b+
Will Bosi,2nd Jun 2020,,Bewilderness,8b+,02-06-2020,Boulder,worked,2020-02-06,2020.0,8b+
Aidan Roberts,Aug 2020,,Bewilderness,8b+,19-08-2020,Boulder,worked,2020-08-19,2020.0,8b+
Sam Blackwell,1st Jun 2022,,Bewilderness,8b+,01-06-2022,Boulder,worked,2022-01-06,2022.0,8b+
Pete Dawson,Oct 2022,,Bewilderness,8b+,19-10-2022,Boulder,worked,2022-10-19,2022.0,8b+
Nathan Phillips,31st May 2023,,Bewilderness,8b+,31-05-2023,Boulder,worked,2023-05-31,2023.0,8b+
Sam Prior,3rd Jul 2023,,Bewilderness,8b+,03-07-2023,Boulder,worked,2023-03-07,2023.0,8b+
Eli Cartwright,21st Jun 2024,,Bewilderness,8b+,21-06-2024,Boulder,worked,2024-06-21,2024.0,8b+
Leo Skinner,13th Jul 2024,,Bewilderness,8b+,13-07-2024,Boulder,worked,2024-07-13,2024.0,8b+
Max Milne,Aug 2024,,Bewilderness,8b+,19-08-2024,Boulder,flash,2024-08-19,2024.0,8b+
Chris Sharma,28th Feb 2010,,First Ley,9a+,28-02-2010,Lead,worked,2010-02-28,2010.0,9a+
Mateusz Haladaj,31st Mar 2016,,First Ley,9a+,31-03-2016,Lead,worked,2016-03-31,2016.0,9a+
Stefano Ghisolfi,12th Jan 2017,,First Ley,9a+,12-01-2017,Lead,worked,2017-12-01,2017.0,9a+
Shawn Raboutou,2018,,First Ley,9a+,19-11-2018,Lead,worked,2018-11-19,2018.0,9a+
Daniel Woods,13th Mar 2018,,First Ley,9a+,13-03-2018,Lead,worked,2018-03-13,2018.0,9a+
Sean Bailey,Dec 2018,,First Ley,9a+,19-12-2018,Lead,worked,2018-12-19,2018.0,9a+
Buster Martin,17th Nov 2019,,First Ley,9a+,17-11-2019,Lead,worked,2019-11-17,2019.0,9a+
Will Bosi,24th Feb 2021,,First Ley,9a+,24-02-2021,Lead,worked,2021-02-24,2021.0,9a+
Jorge Díaz-Rullo,3rd Mar 2021,,First Ley,9a+,03-03-2021,Lead,worked,2021-03-03,2021.0,9a+
Marcello Bombardi,11th Dec 2021,,First Ley,9a+,11-12-2021,Lead,worked,2021-11-12,2021.0,9a+
Marco Zanone,8th Jan 2022,,First Ley,9a+,08-01-2022,Lead,worked,2022-08-01,2022.0,9a+
Jules Marchland,14th Feb 2023,,First Ley,9a+,14-02-2023,Lead,worked,2023-02-14,2023.0,9a+
Dave Graham,7th Mar 2005,,From Dirt Grows The Flowers,8c,07-03-2005,Boulder,worked,2005-07-03,2005.0,8c
Bernd Zangerl,17th Mar 2009,,From Dirt Grows The Flowers,8c,17-03-2009,Boulder,worked,2009-03-17,2009.0,8c
Adam Ondra,30th Nov 2010,,From Dirt Grows The Flowers,8c,30-11-2010,Boulder,worked,2010-11-30,2010.0,8c
Nils Favre,19th Jan 2015,,From Dirt Grows The Flowers,8c,19-01-2015,Boulder,worked,2015-01-19,2015.0,8c
Eliot Stephens,Feb 2020,,From Dirt Grows The Flowers,8c,19-02-2020,Boulder,worked,2020-02-19,2020.0,8c
Florian Wientjes,2022,,From Dirt Grows The Flowers,8c,19-11-2022,Boulder,worked,2022-11-19,2022.0,8c
Carlo Traversi,2023,,From Dirt Grows The Flowers,8c,19-11-2023,Boulder,worked,2023-11-19,2023.0,8c
Clément Lechaptois,14th Jan 2023,,From Dirt Grows The Flowers,8c,14-01-2023,Boulder,worked,2023-01-14,2023.0,8c
Yannick Flohé,24th Jan 2023,,From Dirt Grows The Flowers,8c,24-01-2023,Boulder,worked,2023-01-24,2023.0,8c
Simone Tentori,1st Apr 2023,,From Dirt Grows The Flowers,8c,01-04-2023,Boulder,worked,2023-01-04,2023.0,8c
Alex Khazanov,24th Mar 2024,,From Dirt Grows The Flowers,8c,24-03-2024,Boulder,worked,2024-03-24,2024.0,8c
Elias Krüger,23rd Apr 2024,,From Dirt Grows The Flowers,8c,23-04-2024,Boulder,worked,2024-04-23,2024.0,8c
John Gaskins,1999,,Isla De Encanta,8b,19-11-1999,Boulder,worked,1999-11-19,1999.0,8b
Mark Katz,2004,,Isla De Encanta,8b,19-11-2004,Boulder,worked,2004-11-19,2004.0,8b
Gareth Parry,20th Mar 2007,,Isla De Encanta,8b,20-03-2007,Boulder,worked,2007-03-20,2007.0,8b
Jordan Buys,6th Jan 2008,,Isla De Encanta,8b,06-01-2008,Boulder,worked,2008-06-01,2008.0,8b
Dan Turner,1st Apr 2012,,Isla De Encanta,8b,01-04-2012,Boulder,worked,2012-01-04,2012.0,8b
Dan Varian,Oct 2013,,Isla De Encanta,8b,19-10-2013,Boulder,worked,2013-10-19,2013.0,8b
Alex Moore,12th Apr 2018,,Isla De Encanta,8b,12-04-2018,Boulder,worked,2018-12-04,2018.0,8b
Will Bosi,19th Sep 2020,,Isla De Encanta,8b,19-09-2020,Boulder,flash,2020-09-19,2020.0,8b
Brad Bushell,17th Jan 2023,,Isla De Encanta,8b,17-01-2023,Boulder,worked,2023-01-17,2023.0,8b
Jack Palmieri,27th Jan 2023,,Isla De Encanta,8b,27-01-2023,Boulder,worked,2023-01-27,2023.0,8b
Sam Prior,21st Oct 2023,,Isla De Encanta,8b,21-10-2023,Boulder,worked,2023-10-21,2023.0,8b
Mathew Wright,21st Nov 2023,,Isla De Encanta,8b,21-11-2023,Boulder,worked,2023-11-21,2023.0,8b
Danny Cattell,20th Nov 2007,8A+,Louis Armstrong,8b,20-11-2007,Boulder,worked,2007-11-20,2007.0,8b
Ignacio Sánchez González,Mar 2009,,Louis Armstrong,8b,19-03-2009,Boulder,worked,2009-03-19,2009.0,8b
Ed Hamer,21st Apr 2012,,Louis Armstrong,8b,21-04-2012,Boulder,worked,2012-04-21,2012.0,8b
Jonny Argue,Dec 2012,,Louis Armstrong,8b,19-12-2012,Boulder,worked,2012-12-19,2012.0,8b
Richard Hession,19th May 2015,,Louis Armstrong,8b,19-05-2015,Boulder,worked,2015-05-19,2015.0,8b
Tim Blake,2021,,Louis Armstrong,8b,19-11-2021,Boulder,worked,2021-11-19,2021.0,8b
Aidan Roberts,31st Jul 2021,,Louis Armstrong,8b,31-07-2021,Boulder,worked,2021-07-31,2021.0,8b
Hamish Potokar,30th Aug 2021,,Louis Armstrong,8b,30-08-2021,Boulder,worked,2021-08-30,2021.0,8b
Leo Skinner,25th Aug 2022,,Louis Armstrong,8b,25-08-2022,Boulder,worked,2022-08-25,2022.0,8b
Elliot Verry,20th Dec 2023,,Louis Armstrong,8b,20-12-2023,Boulder,worked,2023-12-20,2023.0,8b
Tom Williams,,,Louis Armstrong,8b,,Boulder,worked,,,8b
Joe Lawson,,,Louis Armstrong,8b,,Boulder,worked,,,8b
Shawn Raboutou,27th Oct 2018,8C+,Off The Wagon Low,8c+,27-10-2018,Boulder,worked,2018-10-27,2018.0,8c+
Jimmy Webb,27th Feb 2020,,Off The Wagon Low,8c+,27-02-2020,Boulder,worked,2020-02-27,2020.0,8c+
Daniel Woods,9th Mar 2020,,Off The Wagon Low,8c+,09-03-2020,Boulder,worked,2020-09-03,2020.0,8c+
Giuliano Cameroni,26th May 2021,,Off The Wagon Low,8c+,26-05-2021,Boulder,worked,2021-05-26,2021.0,8c+
Simon Lorenzi,24th Nov 2021,,Off The Wagon Low,8c+,24-11-2021,Boulder,worked,2021-11-24,2021.0,8c+
Sergii Topishko,26th Dec 2021,,Off The Wagon Low,8c+,26-12-2021,Boulder,worked,2021-12-26,2021.0,8c+
Yannick Flohé,1st Jan 2022,,Off The Wagon Low,8c+,01-01-2022,Boulder,worked,2022-01-01,2022.0,8c+
Niccolò Ceria,3rd Feb 2023,,Off The Wagon Low,8c+,03-02-2023,Boulder,worked,2023-03-02,2023.0,8c+
Florian Wientjes,18th Feb 2023,,Off The Wagon Low,8c+,18-02-2023,Boulder,worked,2023-02-18,2023.0,8c+
Francesco Berardino,17th May 2023,,Off The Wagon Low,8c+,17-05-2023,Boulder,worked,2023-05-17,2023.0,8c+
Lasse von Freier,2nd Jan 2024,,Off The Wagon Low,8c+,02-01-2024,Boulder,worked,2024-02-01,2024.0,8c+
Giuliano Cameroni,29th Jun 2020,,Power Of Now,8b+,29-06-2020,Boulder,worked,2020-06-29,2020.0,8b+
Luca Rinaldi,2020,,Power Of Now,8b+,19-11-2020,Boulder,worked,2020-11-19,2020.0,8b+
James Squire,25th Aug 2020,,Power Of Now,8b+,25-08-2020,Boulder,worked,2020-08-25,2020.0,8b+
Pol Roca Lopez,Jun 2021,,Power Of Now,8b+,19-06-2021,Boulder,worked,2021-06-19,2021.0,8b+
Anthony Gullsten,Aug 2021,,Power Of Now,8b+,19-08-2021,Boulder,worked,2021-08-19,2021.0,8b+
Piotr Oleszczuk,20th Aug 2022,,Power Of Now,8b+,20-08-2022,Boulder,worked,2022-08-20,2022.0,8b+
Emil Abrahamsson,Sep 2022,,Power Of Now,8b+,19-09-2022,Boulder,worked,2022-09-19,2022.0,8b+
Billy Ridal,26th May 2023,8B+ (soft),Power Of Now,8b+,26-05-2023,Boulder,worked,2023-05-26,2023.0,8b+
Stephan Vogt,2nd Jul 2023,,Power Of Now,8b+,02-07-2023,Boulder,worked,2023-02-07,2023.0,8b+
Austin Purdy,29th Apr 2024,,Power Of Now,8b+,29-04-2024,Boulder,worked,2024-04-29,2024.0,8b+
Elliot Verry,20th Sep 2024,,Power Of Now,8b+,20-09-2024,Boulder,worked,2024-09-20,2024.0,8b+
Elias Iagnemma,,,Power Of Now,8b+,,Boulder,,,,8b+
Fred Nicole,1st Mar 1996,,Radja,8b+,01-03-1996,Boulder,worked,1996-01-03,1996.0,8b+
Klem Loskot,Apr 1997,,Radja,8b+,19-04-1997,Boulder,worked,1997-04-19,1997.0,8b+
Sébastien Frigault,Oct 2002,,Radja,8b+,19-10-2002,Boulder,worked,2002-10-19,2002.0,8b+
Dave Graham,25th Oct 2005,,Radja,8b+,25-10-2005,Boulder,worked,2005-10-25,2005.0,8b+
Tyler Landman,21st Jul 2008,,Radja,8b+,21-07-2008,Boulder,worked,2008-07-21,2008.0,8b+
Romain Desgranges,Nov 2009,,Radja,8b+,19-11-2009,Boulder,worked,2009-11-19,2009.0,8b+
Jimmy Webb,19th May 2014,,Radja,8b+,19-05-2014,Boulder,worked,2014-05-19,2014.0,8b+
Daniel Woods,15th Oct 2022,,Radja,8b+,15-10-2022,Boulder,worked,2022-10-15,2022.0,8b+
Sam Weir,Jan 2024,,Radja,8b+,19-01-2024,Boulder,worked,2024-01-19,2024.0,8b+
Simone Tentori,27th Feb 2024,,Radja,8b+,27-02-2024,Boulder,worked,2024-02-27,2024.0,8b+
Clément Lechaptois,8th Mar 2024,,Radja,8b+,08-03-2024,Boulder,worked,2024-08-03,2024.0,8b+
Eliot Stephens,4th Nov 2024,,Radja,8b+,04-11-2024,Boulder,worked,2024-04-11,2024.0,8b+
Jerry Moffatt,1989,,Superman,8b,19-11-1989,Boulder,worked,1989-11-19,1989.0,8b
Dave Mason,Mar 2013,,Superman,8b,19-03-2013,Boulder,worked,2013-03-19,2013.0,8b
James Noble,5th Jan 2019,,Superman,8b,05-01-2019,Boulder,worked,2019-05-01,2019.0,8b
Aiden Dunne,Sep 2022,,Superman,8b,19-09-2022,Boulder,worked,2022-09-19,2022.0,8b
Ben Bransby,19th Oct 2022,,Superman,8b,19-10-2022,Boulder,worked,2022-10-19,2022.0,8b
Sam Blackwell,5th May 2023,,Superman,8b,05-05-2023,Boulder,worked,2023-05-05,2023.0,8b
Max Milne,5th Sep 2023,,Superman,8b,05-09-2023,Boulder,worked,2023-05-09,2023.0,8b
Harry Constantine,10th Jun 2024,,Superman,8b,10-06-2024,Boulder,worked,2024-10-06,2024.0,8b
Shauna Coxsey,29th Jun 2024,,Superman,8b,29-06-2024,Boulder,worked,2024-06-29,2024.0,8b
Leo Skinner,7th Jul 2024,,Superman,8b,07-07-2024,Boulder,worked,2024-07-07,2024.0,8b
Adam Wheeler,6th Aug 2024,,Superman,8b,06-08-2024,Boulder,worked,2024-06-08,2024.0,8b
John Welford,,,Superman,8b,,Boulder,worked,,,8b
Toni Lamprecht,21st Mar 2003,8B,The Dagger,8b,21-03-2003,Boulder,worked,2003-03-21,2003.0,8b
Dave Graham,19th Dec 2004,8B+,The Dagger,8b,19-12-2004,Boulder,worked,2004-12-19,2004.0,8b
Martin Keller,31st Mar 2009,8B+ (soft),The Dagger,8b,31-03-2009,Boulder,worked,2009-03-31,2009.0,8b
Adam Ondra,18th Dec 2009,8B+,The Dagger,8b,18-12-2009,Boulder,worked,2009-12-18,2009.0,8b
Giuliano Cameroni,Nov 2013,,The Dagger,8b,19-11-2013,Boulder,worked,2013-11-19,2013.0,8b
Billy Ridal,28th Oct 2022,,The Dagger,8b,28-10-2022,Boulder,worked,2022-10-28,2022.0,8b
Will Bosi,6th Dec 2022,8B/8B+,The Dagger,8b,06-12-2022,Boulder,flash,2022-06-12,2022.0,8b
Mélissa Le Nevé,Jan 2023,8B+,The Dagger,8b,19-01-2023,Boulder,worked,2023-01-19,2023.0,8b
Arthur Le Bris,Feb 2024,,The Dagger,8b,19-02-2024,Boulder,flash,2024-02-19,2024.0,8b
Daniel Martins,,,The Dagger,8b,,Boulder,worked,,,8b
Fabian Buhl,,,The Dagger,8b,,Boulder,worked,,,8b
Micky Page,,,The Dagger,8b,,Boulder,worked,,,8b
Nalle Hukkataival,26th Jun 2017,,The Finnish Line,8c,26-06-2017,Boulder,worked,2017-06-26,2017.0,8c
Alex Megos,22nd Jul 2017,,The Finnish Line,8c,22-07-2017,Boulder,worked,2017-07-22,2017.0,8c
Toby Saxton,19th Sep 2017,,The Finnish Line,8c,19-09-2017,Boulder,worked,2017-09-19,2017.0,8c
Shawn Raboutou,22nd Jun 2018,8C,The Finnish Line,8c,22-06-2018,Boulder,worked,2018-06-22,2018.0,8c
Daniel Woods,30th Jun 2018,8C,The Finnish Line,8c,30-06-2018,Boulder,worked,2018-06-30,2018.0,8c
Daisuke Ichimiya,6th Aug 2018,,The Finnish Line,8c,06-08-2018,Boulder,worked,2018-06-08,2018.0,8c
Jimmy Webb,29th Jun 2019,8C,The Finnish Line,8c,29-06-2019,Boulder,worked,2019-06-29,2019.0,8c
Giuliano Cameroni,13th Sep 2019,,The Finnish Line,8c,13-09-2019,Boulder,worked,2019-09-13,2019.0,8c
Vadim Timonov,5th Jul 2021,8C (soft),The Finnish Line,8c,05-07-2021,Boulder,worked,2021-05-07,2021.0,8c
Antoine Girard,21st Aug 2022,8C,The Finnish Line,8c,21-08-2022,Boulder,worked,2022-08-21,2022.0,8c
Florian Wientjes,2024,,The Finnish Line,8c,19-11-2024,Boulder,worked,2024-11-19,2024.0,8c
Lee Sungsu,5th Jul 2024,,The Finnish Line,8c,05-07-2024,Boulder,worked,2024-05-07,2024.0,8c
Daniel Woods,10th Feb 2010,8C,The Game,8c,10-02-2010,Boulder,worked,2010-10-02,2010.0,8c
Carlo Traversi,13th Mar 2011,8C,The Game,8c,13-03-2011,Boulder,worked,2011-03-13,2011.0,8c
Jon Cardwell,8th Jan 2013,8C,The Game,8c,08-01-2013,Boulder,worked,2013-08-01,2013.0,8c
Jimmy Webb,16th Jan 2016,8C,The Game,8c,16-01-2016,Boulder,worked,2016-01-16,2016.0,8c
Ryuichi Murai,12th May 2019,,The Game,8c,12-05-2019,Boulder,worked,2019-12-05,2019.0,8c
Matt Fultz,23rd Jan 2020,8C (hard),The Game,8c,23-01-2020,Boulder,worked,2020-01-23,2020.0,8c
Zach Galla,16th Mar 2020,8C (hard),The Game,8c,16-03-2020,Boulder,worked,2020-03-16,2020.0,8c
Drew Ruana,14th Apr 2021,,The Game,8c,14-04-2021,Boulder,worked,2021-04-14,2021.0,8c
Ben Burkhalter,11th Feb 2022,,The Game,8c,11-02-2022,Boulder,worked,2022-11-02,2022.0,8c
Nick Bradley,26th Feb 2022,,The Game,8c,26-02-2022,Boulder,worked,2022-02-26,2022.0,8c
Beckett Hsin,20th Dec 2023,,The Game,8c,20-12-2023,Boulder,worked,2023-12-20,2023.0,8c
Nicholas Milburn,,,The Game,8c,,Boulder,worked,,,8c
Daniel Woods,18th Dec 2013,,The Nest,8c,18-12-2013,Boulder,worked,2013-12-18,2013.0,8c
Jimmy Webb,19th Dec 2013,,The Nest,8c,19-12-2013,Boulder,worked,2013-12-19,2013.0,8c
Paul Robinson,24th Dec 2013,,The Nest,8c,24-12-2013,Boulder,worked,2013-12-24,2013.0,8c
Keenan Takahashi,25th Jan 2018,,The Nest,8c,25-01-2018,Boulder,worked,2018-01-25,2018.0,8c
Sam Weir,19th Dec 2019,,The Nest,8c,19-12-2019,Boulder,worked,2019-12-19,2019.0,8c
Drew Ruana,29th Jan 2020,,The Nest,8c,29-01-2020,Boulder,worked,2020-01-29,2020.0,8c
Matt Fultz,11th Feb 2021,,The Nest,8c,11-02-2021,Boulder,worked,2021-11-02,2021.0,8c
Jon Glassberg,8th Apr 2021,,The Nest,8c,08-04-2021,Boulder,worked,2021-08-04,2021.0,8c
Palmer Larsen,7th Apr 2024,,The Nest,8c,07-04-2024,Boulder,worked,2024-07-04,2024.0,8c
Ethan Pringle,,,The Nest,8c,,Boulder,worked,,,8c
Liam Andrews-Bancroft,,,The Nest,8c,,Boulder,worked,,,8c
John Brock,,,The Nest,8c,,Boulder,worked,,,8c
Matt Birch,2004,,The Swarm,8b,19-11-2004,Boulder,worked,2004-11-19,2004.0,8b
Dave Graham,15th Dec 2005,,The Swarm,8b,15-12-2005,Boulder,worked,2005-12-15,2005.0,8b
Kevin Jorgeson,26th Nov 2006,,The Swarm,8b,26-11-2006,Boulder,worked,2006-11-26,2006.0,8b
Fred Nicole,2009,,The Swarm,8b,19-11-2009,Boulder,worked,2009-11-19,2009.0,8b
Brian Hedrick,28th Jan 2012,8B+,The Swarm,8b,28-01-2012,Boulder,worked,2012-01-28,2012.0,8b
Ashima Shiraishi,2nd Jan 2015,,The Swarm,8b,02-01-2015,Boulder,worked,2015-02-01,2015.0,8b
Alex Puccio,24th Feb 2015,,The Swarm,8b,24-02-2015,Boulder,worked,2015-02-24,2015.0,8b
Alex Johnson,3rd Apr 2021,,The Swarm,8b,03-04-2021,Boulder,worked,2021-03-04,2021.0,8b
Katie Lamb,24th Dec 2021,,The Swarm,8b,24-12-2021,Boulder,worked,2021-12-24,2021.0,8b
Minyoung Lee,Dec 2023,,The Swarm,8b,19-12-2023,Boulder,worked,2023-12-19,2023.0,8b
Brett Walker,,,The Swarm,8b,,Boulder,worked,,,8b
David Fitzgerald,,,The Swarm,8b,,Boulder,worked,,,8b
Thomas Willenberg,Nov 1999,,The Vice,8b,19-11-1999,Boulder,worked,1999-11-19,1999.0,8b
Adam Ondra,30th Jul 2012,,The Vice,8b,30-07-2012,Boulder,flash,2012-07-30,2012.0,8b
Dave Graham,1st Aug 2012,,The Vice,8b,01-08-2012,Boulder,worked,2012-01-08,2012.0,8b
Jimmy Webb,28th Jun 2013,,The Vice,8b,28-06-2013,Boulder,flash,2013-06-28,2013.0,8b
Euan MacFadyen,Jul 2014,,The Vice,8b,19-07-2014,Boulder,worked,2014-07-19,2014.0,8b
Ignacio Sánchez González,Jun 2015,,The Vice,8b,19-06-2015,Boulder,worked,2015-06-19,2015.0,8b
Buster Martin,2016,,The Vice,8b,19-11-2016,Boulder,worked,2016-11-19,2016.0,8b
Liam Vance,14th Jun 2017,,The Vice,8b,14-06-2017,Boulder,worked,2017-06-14,2017.0,8b
Kyra Condie,Jul 2024,,The Vice,8b,19-07-2024,Boulder,worked,2024-07-19,2024.0,8b
Fred Nicole,,,The Vice,8b,,Boulder,worked,,,8b
Wiz Fineron,,,The Vice,8b,,Boulder,worked,,,8b
Ned Feehally,,,The Vice,8b,,Boulder,worked,,,8b
Brad Jackson,1997,,Belly Full Of Bad Berries,e8,19-11-1997,Lead,worked,1997-11-19,1997.0,8a+
Alex Honnold,27th Mar 2008,,Belly Full Of Bad Berries,e8,27-03-2008,Lead,worked,2008-03-27,2008.0,8a+
Tom Randall,Oct 2011,,Belly Full Of Bad Berries,e8,19-10-2011,Lead,worked,2011-10-19,2011.0,8a+
Pete Whittaker,Oct 2011,,Belly Full Of Bad Berries,e8,19-10-2011,Lead,flash,2011-10-19,2011.0,8a+
Adam Ondra,15th Nov 2018,,Belly Full Of Bad Berries,e8,15-11-2018,Lead,worked,2018-11-15,2018.0,8a+
Mari Salvesen,Mar 2022,,Belly Full Of Bad Berries,e8,19-03-2022,Lead,flash,2022-03-19,2022.0,8a+
Mary Eden,25th May 2022,,Belly Full Of Bad Berries,e8,25-05-2022,Lead,worked,2022-05-25,2022.0,8a+
Lor Sabourin,2023,,Belly Full Of Bad Berries,e8,19-11-2023,Lead,worked,2023-11-19,2023.0,8a+
Alex Waterhouse,Oct 2023,,Belly Full Of Bad Berries,e8,19-10-2023,Lead,flash,2023-10-19,2023.0,8a+
Mason Earle,,,Belly Full Of Bad Berries,e8,,Lead,worked,,,8a+
Emilie Pellerin,,,Belly Full Of Bad Berries,e8,,Lead,worked,,,8a+
Dan Varian,2011,,Dandelion Mind,8b,19-11-2011,Boulder,worked,2011-11-19,2011.0,8b
Dave Jones,Sep 2012,,Dandelion Mind,8b,19-09-2012,Boulder,worked,2012-09-19,2012.0,8b
Taylor Parsons,Mar 2013,,Dandelion Mind,8b,19-03-2013,Boulder,worked,2013-03-19,2013.0,8b
Dan Turner,13th Mar 2014,,Dandelion Mind,8b,13-03-2014,Boulder,worked,2014-03-13,2014.0,8b
Ethan Walker,21st Apr 2014,,Dandelion Mind,8b,21-04-2014,Boulder,worked,2014-04-21,2014.0,8b
James Noble,26th Apr 2014,,Dandelion Mind,8b,26-04-2014,Boulder,worked,2014-04-26,2014.0,8b
Ben Freeman,9th Jul 2015,,Dandelion Mind,8b,09-07-2015,Boulder,worked,2015-09-07,2015.0,8b
Tom Newman,4th Aug 2015,,Dandelion Mind,8b,04-08-2015,Boulder,worked,2015-04-08,2015.0,8b
Ned Feehally,Sep 2015,,Dandelion Mind,8b,19-09-2015,Boulder,worked,2015-09-19,2015.0,8b
Dave Mason,29th May 2019,8B (hard),Dandelion Mind,8b,29-05-2019,Boulder,worked,2019-05-29,2019.0,8b
Sam Prior,12th Jul 2024,,Dandelion Mind,8b,12-07-2024,Boulder,worked,2024-12-07,2024.0,8b
Carlo Traversi,15th Nov 2012,,Heritage,8b,15-11-2012,Boulder,worked,2012-11-15,2012.0,8b
Taylor Parsons,21st Nov 2012,,Heritage,8b,21-11-2012,Boulder,worked,2012-11-21,2012.0,8b
Paul Robinson,8th Jan 2019,,Heritage,8b,08-01-2019,Boulder,worked,2019-08-01,2019.0,8b
Alex Puccio,22nd Apr 2019,,Heritage,8b,22-04-2019,Boulder,worked,2019-04-22,2019.0,8b
Eliot Stephens,10th Nov 2019,,Heritage,8b,10-11-2019,Boulder,worked,2019-10-11,2019.0,8b
Clément Lechaptois,17th Mar 2021,,Heritage,8b,17-03-2021,Boulder,worked,2021-03-17,2021.0,8b
Nathan Phillips,5th Dec 2021,,Heritage,8b,05-12-2021,Boulder,worked,2021-05-12,2021.0,8b
Brooke Raboutou,Jan 2022,8B,Heritage,8b,19-01-2022,Boulder,worked,2022-01-19,2022.0,8b
Alizée Dufraisse,12th Feb 2022,8B/8B+,Heritage,8b,12-02-2022,Boulder,worked,2022-12-02,2022.0,8b
Jim Pope,7th Mar 2022,,Heritage,8b,07-03-2022,Boulder,worked,2022-07-03,2022.0,8b
Camilla Moroni,5th Nov 2022,,Heritage,8b,05-11-2022,Boulder,worked,2022-05-11,2022.0,8b
Liam Andrews-Bancroft,,,Mirror Reality,8b+,,Boulder,worked,,,8b+
Zach Galla,,,Mirror Reality,8b+,,Boulder,worked,,,8b+
Paul Robinson,,,Mirror Reality,8b+,,Boulder,worked,,,8b+
Jimmy Webb,,,Mirror Reality,8b+,,Boulder,worked,,,8b+
Daniel Woods,,,Mirror Reality,8b+,,Boulder,worked,,,8b+
Ben Burkhalter,,,Mirror Reality,8b+,,Boulder,worked,,,8b+
Austin Purdy,,,Mirror Reality,8b+,,Boulder,worked,,,8b+
Ryuichi Murai,,,Mirror Reality,8b+,,Boulder,worked,,,8b+
Matt Fultz,,,Mirror Reality,8b+,,Boulder,worked,,,8b+
Michael O'Rourke,,,Mirror Reality,8b+,,Boulder,worked,,,8b+
Kyle Hilton,,,Mirror Reality,8b+,,Boulder,worked,,,8b+
Ray Jardine,1977,,Rays Roof,e7,19-11-1977,Lead,ground up,1977-11-19,1977.0,7c+
Ben Bransby,2000,,Rays Roof,e7,19-11-2000,Lead,ground up,2000-11-19,2000.0,7c+
Tom Randall,17th Jun 2008,,Rays Roof,e7,17-06-2008,Lead,ground up,2008-06-17,2008.0,7c+
Pete Whittaker,17th Jun 2008,,Rays Roof,e7,17-06-2008,Lead,ground up,2008-06-17,2008.0,7c+
Rob Smith,2009,,Rays Roof,e7,19-11-2009,Lead,worked,2009-11-19,2009.0,7c+
Pete Whittaker,Nov 2010,,Rays Roof,e7,19-11-2010,Solo,repeat,2010-11-19,2010.0,7c+
Tom Randall,13th Nov 2010,,Rays Roof,e7,13-11-2010,Solo,repeat,2010-11-13,2010.0,7c+
Mari Salvesen,14th Feb 2019,,Rays Roof,e7,14-02-2019,Lead,ground up,2019-02-14,2019.0,7c+
Adam Ondra,2023,,Rays Roof,e7,19-11-2023,Lead,ground up,2023-11-19,2023.0,7c+
Chris Plant,,,Rays Roof,e7,,Lead,ground up,,,7c+
Pete Livesey,1974,,Right Wall,e5,19-11-1974,Lead,worked,1974-11-19,1974.0,7a+
Phil Davidson,1977,,Right Wall,e5,19-11-1977,Lead,onsight,1977-11-19,1977.0,7a+
Bob Smith,1979,,Right Wall,e5,19-11-1979,Lead,onsight,1979-11-19,1979.0,7a+
John Kirk,1980,,Right Wall,e5,19-11-1980,Lead,,1980-11-19,1980.0,7a+
Phil Davidson,20th Aug 1982,,Right Wall,e5,20-08-1982,Solo,repeat,1982-08-20,1982.0,7a+
Jerry Moffatt,15th Jul 1983,,Right Wall,e5,15-07-1983,Solo,worked,1983-07-15,1983.0,7a+
Jill Lawrence,29th May 1984,,Right Wall,e5,29-05-1984,Lead,onsight,1984-05-29,1984.0,7a+
Angela Soper,1995,,Right Wall,e5,19-11-1995,Lead,onsight,1995-11-19,1995.0,7a+
Tim Emmett,1997,,Right Wall,e5,19-11-1997,Solo,worked,1997-11-19,1997.0,7a+
Philip Jewel,,,Right Wall,e5,,Solo,repeat,,,7a+
Dave Cuthbertson,,,Right Wall,e5,,Lead,onsight,,,7a+
Dave Graham,27th Apr 2012,8B+,The Grey,8b+,27-04-2012,Boulder,worked,2012-04-27,2012.0,8b+
Daniel Woods,22nd Jan 2013,8B+ (soft),The Grey,8b+,22-01-2013,Boulder,worked,2013-01-22,2013.0,8b+
Carlo Traversi,2nd Jun 2013,8A+,The Grey,8b+,02-06-2013,Boulder,worked,2013-02-06,2013.0,8b+
Paul Robinson,12th Nov 2013,8B+ (soft),The Grey,8b+,12-11-2013,Boulder,worked,2013-12-11,2013.0,8b+
Keenan Takahashi,15th Aug 2019,8B (hard),The Grey,8b+,15-08-2019,Boulder,worked,2019-08-15,2019.0,8b+
Brian Squire,11th Jul 2023,8B+ (soft),The Grey,8b+,11-07-2023,Boulder,worked,2023-11-07,2023.0,8b+
Ben Burkhalter,15th Oct 2023,8B+,The Grey,8b+,15-10-2023,Boulder,worked,2023-10-15,2023.0,8b+
Ben Blackmore,8th May 2024,8B+,The Grey,8b+,08-05-2024,Boulder,worked,2024-08-05,2024.0,8b+
Tristan Chen,27th May 2024,8B+,The Grey,8b+,27-05-2024,Boulder,worked,2024-05-27,2024.0,8b+
Drew Ruana,,,The Grey,8b+,,Boulder,worked,,,8b+
Isabelle Faus,,,The Grey,8b+,,Boulder,worked,,,8b+
Carlo Traversi,31st Mar 2013,8C,The Kingdom,8b+,31-03-2013,Boulder,worked,2013-03-31,2013.0,8b+
Jimmy Webb,19th Mar 2014,8C,The Kingdom,8b+,19-03-2014,Boulder,worked,2014-03-19,2014.0,8b+
Florian Wientjes,3rd Mar 2019,8B+,The Kingdom,8b+,03-03-2019,Boulder,worked,2019-03-03,2019.0,8b+
Daniel Woods,16th Apr 2019,8C (soft),The Kingdom,8b+,16-04-2019,Boulder,worked,2019-04-16,2019.0,8b+
Vadim Timonov,12th Dec 2019,8C (soft),The Kingdom,8b+,12-12-2019,Boulder,worked,2019-12-12,2019.0,8b+
Martin Stráník,10th Feb 2020,8B+,The Kingdom,8b+,10-02-2020,Boulder,worked,2020-10-02,2020.0,8b+
Matt Fultz,11th Mar 2020,8C (soft),The Kingdom,8b+,11-03-2020,Boulder,worked,2020-11-03,2020.0,8b+
Elias Iagnemma,20th Jan 2021,8C,The Kingdom,8b+,20-01-2021,Boulder,worked,2021-01-20,2021.0,8b+
Nicolai Užnik,15th Mar 2021,8B+,The Kingdom,8b+,15-03-2021,Boulder,worked,2021-03-15,2021.0,8b+
Yannick Flohé,16th Mar 2022,8B+ (hard),The Kingdom,8b+,16-03-2022,Boulder,worked,2022-03-16,2022.0,8b+
Max Milne,Nov 2024,,The Kingdom,8b+,19-11-2024,Boulder,worked,2024-11-19,2024.0,8b+
James Pearson,29th Sep 2008,E12,The Walk Of Life,e9,29-09-2008,Lead,worked,2008-09-29,2008.0,8b
Dave MacLeod,2009,E9,The Walk Of Life,e9,19-11-2009,Lead,worked,2009-11-19,2009.0,8b
Dave Birkett,2010,E9,The Walk Of Life,e9,19-11-2010,Lead,worked,2010-11-19,2010.0,8b
Charlie Woodburn,25th Nov 2010,,The Walk Of Life,e9,25-11-2010,Lead,worked,2010-11-25,2010.0,8b
Keita Kurakami,13th May 2017,8b,The Walk Of Life,e9,13-05-2017,Lead,worked,2017-05-13,2017.0,8b
Ali Kennedy,17th Sep 2017,,The Walk Of Life,e9,17-09-2017,Lead,worked,2017-09-17,2017.0,8b
James McHaffie,May 2018,,The Walk Of Life,e9,19-05-2018,Lead,worked,2018-05-19,2018.0,8b
Angus Kille,31st Aug 2021,,The Walk Of Life,e9,31-08-2021,Lead,worked,2021-08-31,2021.0,8b
Anna Hazlett,Jun 2022,,The Walk Of Life,e9,19-06-2022,Lead,worked,2022-06-19,2022.0,8b
Calum Muskett,5th Feb 2023,,The Walk Of Life,e9,05-02-2023,Lead,worked,2023-05-02,2023.0,8b
Tom Randall,5th Feb 2023,,The Walk Of Life,e9,05-02-2023,Lead,worked,2023-05-02,2023.0,8b
Dai Koyamada,12th May 2004,8C+,The Wheel Of Life,9a,12-05-2004,Boulder,worked,2004-12-05,2004.0,9a
Taylor Parsons,13th Oct 2007,9a+,The Wheel Of Life,9a,13-10-2007,Boulder,worked,2007-10-13,2007.0,9a
Ethan Pringle,24th Jun 2010,9a,The Wheel Of Life,9a,24-06-2010,Boulder,worked,2010-06-24,2010.0,9a
Ben Cossey,30th Sep 2011,8B+,The Wheel Of Life,9a,30-09-2011,Boulder,worked,2011-09-30,2011.0,9a
Dave Graham,8th Jun 2012,,The Wheel Of Life,9a,08-06-2012,Boulder,worked,2012-08-06,2012.0,9a
Ian Dory,17th Jun 2012,,The Wheel Of Life,9a,17-06-2012,Boulder,worked,2012-06-17,2012.0,9a
Alex Megos,6th Jul 2013,,The Wheel Of Life,9a,06-07-2013,Boulder,worked,2013-06-07,2013.0,9a
Daniel Woods,23rd Jul 2013,9a,The Wheel Of Life,9a,23-07-2013,Boulder,worked,2013-07-23,2013.0,9a
Jorg Verhoeven,4th Nov 2015,,The Wheel Of Life,9a,04-11-2015,Boulder,worked,2015-04-11,2015.0,9a
Alex Barrows,28th May 2016,,The Wheel Of Life,9a,28-05-2016,Boulder,worked,2016-05-28,2016.0,9a
Tom O'Halloran,20th Oct 2017,,The Wheel Of Life,9a,20-10-2017,Boulder,worked,2017-10-20,2017.0,9a
Bernd Zangerl,Mar 2004,,Vecchio Leone,8b,19-03-2004,Boulder,worked,2004-03-19,2004.0,8b
Andy Earl,2007,,Vecchio Leone,8b,19-11-2007,Boulder,worked,2007-11-19,2007.0,8b
James Pearson,13th Feb 2007,,Vecchio Leone,8b,13-02-2007,Boulder,worked,2007-02-13,2007.0,8b
Michele Caminati,1st Apr 2010,,Vecchio Leone,8b,01-04-2010,Boulder,worked,2010-01-04,2010.0,8b
Ash Wolsey-Heard,14th Nov 2017,,Vecchio Leone,8b,14-11-2017,Boulder,worked,2017-11-14,2017.0,8b
Nathan Michel,29th Dec 2020,,Vecchio Leone,8b,29-12-2020,Boulder,flash,2020-12-29,2020.0,8b
Eliot Stephens,21st Feb 2022,,Vecchio Leone,8b,21-02-2022,Boulder,worked,2022-02-21,2022.0,8b
Aidan Roberts,3rd Mar 2022,,Vecchio Leone,8b,03-03-2022,Boulder,flash,2022-03-03,2022.0,8b
Will Bosi,2nd Nov 2022,,Vecchio Leone,8b,02-11-2022,Boulder,flash,2022-02-11,2022.0,8b
Killian Charbier,24th Nov 2022,,Vecchio Leone,8b,24-11-2022,Boulder,flash,2022-11-24,2022.0,8b
Liam Desroy,,,Vecchio Leone,8b,,Boulder,worked,,,8b
Fred Nicole,Sep 1993,,Bain De Sang,9a,19-09-1993,Lead,worked,1993-09-19,1993.0,9a
François Nicole,After 1st Oct 1993,,Bain De Sang,9a,01-10-1993,Lead,worked,1993-01-10,1993.0,9a
Fred Rouhling,Nov 2001,,Bain De Sang,9a,19-11-2001,Lead,worked,2001-11-19,2001.0,9a
Josune Bereziartu,29th Oct 2002,,Bain De Sang,9a,29-10-2002,Lead,worked,2002-10-29,2002.0,9a
Iker Pou,20th Mar 2003,,Bain De Sang,9a,20-03-2003,Lead,worked,2003-03-20,2003.0,9a
Dave Graham,13th Apr 2005,,Bain De Sang,9a,13-04-2005,Lead,worked,2005-04-13,2005.0,9a
Ryan Pasquill,Apr 2019,,Bain De Sang,9a,19-04-2019,Lead,worked,2019-04-19,2019.0,9a
Samuel Ometz,6th Apr 2019,,Bain De Sang,9a,06-04-2019,Lead,worked,2019-06-04,2019.0,9a
Jonas Schild,May 2021,,Bain De Sang,9a,19-05-2021,Lead,worked,2021-05-19,2021.0,9a
Gaetan Simian,Feb 2024,,Bain De Sang,9a,19-02-2024,Lead,worked,2024-02-19,2024.0,9a
Jason Myers,1995,,Brad Pit,7c,19-11-1995,Boulder,worked,1995-11-19,1995.0,7c
Marc le Menestrel,1997,,Brad Pit,7c,19-11-1997,Boulder,worked,1997-11-19,1997.0,7c
Stéphan Denys,1999,,Brad Pit,7c,19-11-1999,Boulder,worked,1999-11-19,1999.0,7c
Thomas Willenberg,2000,,Brad Pit,7c,19-11-2000,Boulder,worked,2000-11-19,2000.0,7c
Ivan Tresch,2002,,Brad Pit,7c,19-11-2002,Boulder,flash,2002-11-19,2002.0,7c
Dalvinder Sodhi,Jun 2003,,Brad Pit,7c,19-06-2003,Boulder,worked,2003-06-19,2003.0,7c
Katy Whittaker,16th Mar 2010,,Brad Pit,7c,16-03-2010,Boulder,worked,2010-03-16,2010.0,7c
Frances Bensley,Apr 2021,,Brad Pit,7c,19-04-2021,Boulder,worked,2021-04-19,2021.0,7c
Ben Moon,,,Brad Pit,7c,,Boulder,worked,,,7c
Katherine Schirrmacher,,,Brad Pit,7c,,Boulder,worked,,,7c
Ron Fawcett,1987,,Careless Torque,8a,19-11-1987,Boulder,worked,1987-11-19,1987.0,8a
John Dunne,1989,,Careless Torque,8a,19-11-1989,Boulder,worked,1989-11-19,1989.0,8a
Malcolm Smith,20th Dec 2001,,Careless Torque,8a,20-12-2001,Boulder,worked,2001-12-20,2001.0,8a
Andy Earl,2007,,Careless Torque,8a,19-11-2007,Boulder,ground up,2007-11-19,2007.0,8a
Ned Feehally,6th Sep 2009,,Careless Torque,8a,06-09-2009,Boulder,worked,2009-06-09,2009.0,8a
Mina Leslie-Wujastyk,21st Feb 2013,,Careless Torque,8a,21-02-2013,Boulder,ground up,2013-02-21,2013.0,8a
Cailean Harker,9th Nov 2013,,Careless Torque,8a,09-11-2013,Boulder,worked,2013-09-11,2013.0,8a
Adam Ondra,22nd Jan 2023,,Careless Torque,8a,22-01-2023,Boulder,worked,2023-01-22,2023.0,8a
Bernabé Fernández,4th Jul 2003,,Chilam Balam,9b,04-07-2003,Lead,worked,2003-04-07,2003.0,9b
Adam Ondra,13th Apr 2011,9b (soft),Chilam Balam,9b,13-04-2011,Lead,worked,2011-04-13,2011.0,9b
Dani Andrada,14th Nov 2015,9a+,Chilam Balam,9b,14-11-2015,Lead,worked,2015-11-14,2015.0,9b
Eduard Marin,24th Dec 2015,9a+/9b,Chilam Balam,9b,24-12-2015,Lead,worked,2015-12-24,2015.0,9b
Sébastien Bouin,May 2017,9a+/9b,Chilam Balam,9b,19-05-2017,Lead,worked,2017-05-19,2017.0,9b
Sindre Sæther,2nd Dec 2019,,Chilam Balam,9b,02-12-2019,Lead,worked,2019-02-12,2019.0,9b
Jonatan Flor,8th Nov 2021,9a+/9b,Chilam Balam,9b,08-11-2021,Lead,worked,2021-08-11,2021.0,9b
Yu Okumura,Jan 2023,,Chilam Balam,9b,19-01-2023,Lead,worked,2023-01-19,2023.0,9b
Cédric Lachat,Nov 2023,,Chilam Balam,9b,19-11-2023,Lead,worked,2023-11-19,2023.0,9b
Domen Škofic,3rd Nov 2024,,Chilam Balam,9b,03-11-2024,Lead,worked,2024-03-11,2024.0,9b
Antoine Le Menestrel,1984,,Chouca,8a+,19-11-1984,Lead,worked,1984-11-19,1984.0,8a+
Ben Moon,1985,,Chouca,8a+,19-11-1985,Lead,worked,1985-11-19,1985.0,8a+
Catherine Destivelle,1988,,Chouca,8a+,19-11-1988,Lead,worked,1988-11-19,1988.0,8a+
John Welford,Before 1st Jan 1991,,Chouca,8a+,,Lead,worked,,,8a+
Mark Pretty,Before 1st Jan 1991,,Chouca,8a+,,Lead,worked,,,8a+
Chris Sharma,1998,,Chouca,8a+,19-11-1998,Lead,flash,1998-11-19,1998.0,8a+
Adam Ondra,2005,,Chouca,8a+,19-11-2005,Lead,onsight,2005-11-19,2005.0,8a+
Martin Atkinson,,,Chouca,8a+,,Lead,worked,,,8a+
Jerry Moffatt,,,Chouca,8a+,,Lead,worked,,,8a+
Lynn Hill,,,Chouca,8a+,,Lead,worked,,,8a+
Dave Graham,Before 10th Jun 2017,8B+,Cosmic Artifact,8b+,,Boulder,worked,,,8b+
Jimmy Webb,10th Jun 2017,8B (hard),Cosmic Artifact,8b+,10-06-2017,Boulder,worked,2017-10-06,2017.0,8b+
Paul Robinson,26th Jun 2017,8B+,Cosmic Artifact,8b+,26-06-2017,Boulder,worked,2017-06-26,2017.0,8b+
Daniel Woods,9th Aug 2018,8B+ (hard),Cosmic Artifact,8b+,09-08-2018,Boulder,worked,2018-09-08,2018.0,8b+
Giuliano Cameroni,10th Aug 2018,8B+,Cosmic Artifact,8b+,10-08-2018,Boulder,worked,2018-10-08,2018.0,8b+
Austin Purdy,5th Aug 2022,8B+ (soft),Cosmic Artifact,8b+,05-08-2022,Boulder,worked,2022-05-08,2022.0,8b+
Keenan Takahashi,6th Aug 2022,8B+,Cosmic Artifact,8b+,06-08-2022,Boulder,worked,2022-06-08,2022.0,8b+
Michiel Nieuwenhuijsen,9th Sep 2022,8B+,Cosmic Artifact,8b+,09-09-2022,Boulder,worked,2022-09-09,2022.0,8b+
Vadim Timonov,5th Jul 2023,8B+ (soft),Cosmic Artifact,8b+,05-07-2023,Boulder,flash,2023-05-07,2023.0,8b+
Milo Timberlake,29th Jul 2024,,Cosmic Artifact,8b+,29-07-2024,Boulder,worked,2024-07-29,2024.0,8b+
Ron Fawcett,1982,,Eye Of The Tiger,e7,19-11-1982,Lead,worked,1982-11-19,1982.0,7c+
Maddy Cope,Before 8th Sep 2020,,Eye Of The Tiger,e7,,Lead,worked,,,7c+
Jim Pope,Apr 2022,,Eye Of The Tiger,e7,19-04-2022,Lead,flash,2022-04-19,2022.0,7c+
Jacopo Larcher,2023,,Eye Of The Tiger,e7,19-11-2023,Lead,onsight,2023-11-19,2023.0,7c+
Katie Keeley,9th May 2023,,Eye Of The Tiger,e7,09-05-2023,Lead,worked,2023-09-05,2023.0,7c+
Alex Norton,2nd Jun 2023,,Eye Of The Tiger,e7,02-06-2023,Lead,flash,2023-02-06,2023.0,7c+
Rhoslyn Frugtniet,22nd Sep 2023,,Eye Of The Tiger,e7,22-09-2023,Lead,worked,2023-09-22,2023.0,7c+
Nicky Brierly,30th Apr 2024,,Eye Of The Tiger,e7,30-04-2024,Lead,worked,2024-04-30,2024.0,7c+
Steve McClure,,,Eye Of The Tiger,e7,,Lead,onsight,,,7c+
Andy Pollitt,,,Eye Of The Tiger,e7,,Lead,worked,,,7c+
Chris Sharma,2008,9a,Gancho Perfecto,9a,19-11-2008,Lead,worked,2008-11-19,2008.0,9a
Ramón Julián Puigblanque,5th Jul 2008,9a,Gancho Perfecto,9a,05-07-2008,Lead,worked,2008-05-07,2008.0,9a
Adam Ondra,31st Jul 2011,9a (hard),Gancho Perfecto,9a,31-07-2011,Lead,worked,2011-07-31,2011.0,9a
Stefano Ghisolfi,Apr 2018,9a,Gancho Perfecto,9a,19-04-2018,Lead,worked,2018-04-19,2018.0,9a
Piotr Schab,18th Sep 2018,9a (hard),Gancho Perfecto,9a,18-09-2018,Lead,worked,2018-09-18,2018.0,9a
Felipe Camargo,30th Nov 2018,9a+,Gancho Perfecto,9a,30-11-2018,Lead,worked,2018-11-30,2018.0,9a
Domen Škofic,28th Nov 2019,9a+,Gancho Perfecto,9a,28-11-2019,Lead,worked,2019-11-28,2019.0,9a
Tom Bolger,4th Oct 2020,,Gancho Perfecto,9a,04-10-2020,Lead,worked,2020-04-10,2020.0,9a
Jorge Díaz-Rullo,20th Nov 2020,9a (hard),Gancho Perfecto,9a,20-11-2020,Lead,worked,2020-11-20,2020.0,9a
Toby Roberts,Oct 2024,,Gancho Perfecto,9a,19-10-2024,Lead,worked,2024-10-19,2024.0,9a
Shawn Diamond,17th Apr 2004,8B/8B+,Goldfish Trombone,8b+,17-04-2004,Boulder,worked,2004-04-17,2004.0,8b+
Stefano Ghisolfi,Nov 2022,,Goldfish Trombone,8b+,19-11-2022,Boulder,worked,2022-11-19,2022.0,8b+
Tim Kang,,,Goldfish Trombone,8b+,,Boulder,worked,,,8b+
Ethan Pringle,,,Goldfish Trombone,8b+,,Boulder,worked,,,8b+
Tanner Mack,,,Goldfish Trombone,8b+,,Boulder,worked,,,8b+
Noah Wheeler,,,Goldfish Trombone,8b+,,Boulder,worked,,,8b+
Chris Sharma,,,Goldfish Trombone,8b+,,Boulder,worked,,,8b+
Eric Wu,,,Goldfish Trombone,8b+,,Boulder,worked,,,8b+
Ben Cossey,16th Mar 2009,8c,Groove Train,8c,16-03-2009,Lead,worked,2009-03-16,2009.0,8c
Ethan Pringle,8th Jul 2010,8c+ (hard),Groove Train,8c,08-07-2010,Lead,worked,2010-08-07,2010.0,8c
Dave Graham,4th Jul 2012,8c+ (hard),Groove Train,8c,04-07-2012,Lead,ground up,2012-04-07,2012.0,8c
Tom O'Halloran,8th Nov 2012,,Groove Train,8c,08-11-2012,Lead,worked,2012-08-11,2012.0,8c
Chris Sharma,2013,,Groove Train,8c,19-11-2013,Lead,worked,2013-11-19,2013.0,8c
Jimmy Webb,9th Sep 2015,,Groove Train,8c,09-09-2015,Lead,worked,2015-09-09,2015.0,8c
Alex Barrows,23rd Apr 2016,8c (hard),Groove Train,8c,23-04-2016,Lead,worked,2016-04-23,2016.0,8c
Matt Pickles,13th May 2017,8c (hard),Groove Train,8c,13-05-2017,Lead,worked,2017-05-13,2017.0,8c
Paige Classen,23rd May 2019,,Groove Train,8c,23-05-2019,Lead,worked,2019-05-23,2019.0,8c
Jorg Verhoeven,,,Groove Train,8c,,Lead,worked,,,8c
Johnny Dawes,4th Oct 1986,,Indian Face,e9,04-10-1986,Lead,worked,1986-04-10,1986.0,8b
Nick Dixon,1994,,Indian Face,e9,19-11-1994,Lead,worked,1994-11-19,1994.0,8b
Neil Gresham,1994,,Indian Face,e9,19-11-1994,Lead,worked,1994-11-19,1994.0,8b
Dave MacLeod,Jun 2010,,Indian Face,e9,19-06-2010,Lead,worked,2010-06-19,2010.0,8b
Calum Muskett,Jul 2013,,Indian Face,e9,19-07-2013,Lead,worked,2013-07-19,2013.0,8b
James McHaffie,Jul 2013,,Indian Face,e9,19-07-2013,Lead,worked,2013-07-19,2013.0,8b
George Ulrich,Jul 2013,,Indian Face,e9,19-07-2013,Lead,worked,2013-07-19,2013.0,8b
Angus Kille,Jul 2018,,Indian Face,e9,19-07-2018,Lead,worked,2018-07-19,2018.0,8b
Morus Sanderson,25th Jul 2023,,Indian Face,e9,25-07-2023,Lead,worked,2023-07-25,2023.0,8b
Johnny Dawes,1986,,Kaluza Klein,e7,19-11-1986,Lead,worked,1986-11-19,1986.0,7c+
Dave MacLeod,1997,,Kaluza Klein,e7,19-11-1997,Lead,worked,1997-11-19,1997.0,7c+
Adam Long,1998,,Kaluza Klein,e7,19-11-1998,Lead,flash,1998-11-19,1998.0,7c+
Ben Tetler,Before 1st Jan 1999,,Kaluza Klein,e7,,Lead,worked,,,7c+
Tim Lowe,2000,,Kaluza Klein,e7,19-11-2000,Lead,worked,2000-11-19,2000.0,7c+
Katy Whittaker,Mar 2008,,Kaluza Klein,e7,19-03-2008,Lead,worked,2008-03-19,2008.0,7c+
Bob Hickish,29th Jan 2011,,Kaluza Klein,e7,29-01-2011,Lead,flash,2011-01-29,2011.0,7c+
Joseph Mullett,15th Oct 2023,,Kaluza Klein,e7,15-10-2023,Lead,flash,2023-10-15,2023.0,7c+
Lucinda Whittaker,,,Kaluza Klein,e7,,Lead,worked,,,7c+
Fred Nicole,1995,,Karma,8a+,19-11-1995,Boulder,worked,1995-11-19,1995.0,8a+
Klem Loskot,1997,,Karma,8a+,19-11-1997,Boulder,worked,1997-11-19,1997.0,8a+
Malcolm Smith,1999,,Karma,8a+,19-11-1999,Boulder,worked,1999-11-19,1999.0,8a+
Dan Varian,2016,,Karma,8a+,19-11-2016,Boulder,worked,2016-11-19,2016.0,8a+
Oriane Bertone,2022,,Karma,8a+,19-11-2022,Boulder,worked,2022-11-19,2022.0,8a+
Max Milne,2023,,Karma,8a+,19-11-2023,Boulder,worked,2023-11-19,2023.0,8a+
Francois Lombard,,,Karma,8a+,,Boulder,worked,,,8a+
Fred Rouhling,,,Karma,8a+,,Boulder,worked,,,8a+
Ben Moon,,,Karma,8a+,,Boulder,worked,,,8a+
Charles Albert,,,Karma,8a+,,Boulder,worked,,,8a+
Nalle Hukkataival,,8C,Kintsugi,8b+,,Boulder,worked,,,8b+
Jimmy Webb,19th Dec 2016,8C,Kintsugi,8b+,19-12-2016,Boulder,worked,2016-12-19,2016.0,8b+
Keenan Takahashi,10th Dec 2018,8C (soft),Kintsugi,8b+,10-12-2018,Boulder,worked,2018-10-12,2018.0,8b+
Bryce Viola,20th Feb 2019,8B,Kintsugi,8b+,20-02-2019,Boulder,worked,2019-02-20,2019.0,8b+
Andy Lamb,15th Feb 2021,8B,Kintsugi,8b+,15-02-2021,Boulder,worked,2021-02-15,2021.0,8b+
Tristan Chen,13th Nov 2021,8B+ (soft),Kintsugi,8b+,13-11-2021,Boulder,worked,2021-11-13,2021.0,8b+
Nils Favre,2022,8B+/8C,Kintsugi,8b+,19-11-2022,Boulder,worked,2022-11-19,2022.0,8b+
Nicolai Užnik,3rd Feb 2022,8B+,Kintsugi,8b+,03-02-2022,Boulder,worked,2022-03-02,2022.0,8b+
Kai Whaley,26th Oct 2024,,Kintsugi,8b+,26-10-2024,Boulder,worked,2024-10-26,2024.0,8b+
Brian Nugent,,,Kintsugi,8b+,,Boulder,worked,,,8b+
Fred Nicole,Apr 1992,,La Danse Des Balrogs,8b,19-04-1992,Boulder,worked,1992-04-19,1992.0,8b
Keith Bradbury,2008,,La Danse Des Balrogs,8b,19-11-2008,Boulder,worked,2008-11-19,2008.0,8b
Keita Mogaki,5th May 2009,,La Danse Des Balrogs,8b,05-05-2009,Boulder,flash,2009-05-05,2009.0,8b
Romain Desgranges,Nov 2009,,La Danse Des Balrogs,8b,19-11-2009,Boulder,worked,2009-11-19,2009.0,8b
Niccolò Ceria,20th Nov 2010,,La Danse Des Balrogs,8b,20-11-2010,Boulder,worked,2010-11-20,2010.0,8b
Gabriele Moroni,Before 1st Jan 2011,,La Danse Des Balrogs,8b,,Boulder,worked,,,8b
Dorothea Karalus,Feb 2018,,La Danse Des Balrogs,8b,19-02-2018,Boulder,worked,2018-02-19,2018.0,8b
Emilie Gerhardt,Sep 2022,,La Danse Des Balrogs,8b,19-09-2022,Boulder,worked,2022-09-19,2022.0,8b
Solly Kemball-Dorey,Oct 2024,,La Danse Des Balrogs,8b,19-10-2024,Boulder,worked,2024-10-19,2024.0,8b
Eliot Stephens,26th Oct 2024,,La Danse Des Balrogs,8b,26-10-2024,Boulder,worked,2024-10-26,2024.0,8b
Antoine Le Menestrel,1985,,La Rose Et Le Vampire,8b,19-11-1985,Lead,worked,1985-11-19,1985.0,8b
Ben Moon,1986,,La Rose Et Le Vampire,8b,19-11-1986,Lead,worked,1986-11-19,1986.0,8b
Neil Gresham,1990s,,La Rose Et Le Vampire,8b,19-11-2024,Lead,worked,2024-11-19,2024.0,8b
Mark Leach,Before 1st Jan 1991,,La Rose Et Le Vampire,8b,,Lead,worked,,,8b
Ben Masterson,Before 1st Jan 1991,,La Rose Et Le Vampire,8b,,Lead,worked,,,8b
Anna Stöhr,2014,,La Rose Et Le Vampire,8b,19-11-2014,Lead,worked,2014-11-19,2014.0,8b
Lucy Mitchell,6th Jan 2024,,La Rose Et Le Vampire,8b,06-01-2024,Lead,worked,2024-06-01,2024.0,8b
Sébastien Bouin,,,La Rose Et Le Vampire,8b,,Lead,worked,,,8b
Nic Sellars,,,La Rose Et Le Vampire,8b,,Lead,worked,,,8b
Wolfgang Güllich,,,La Rose Et Le Vampire,8b,,Lead,worked,,,8b
Peter Biven,1956,,London Wall,e5,19-11-1956,Lead,,1956-11-19,1956.0,7a+
John Allen,Jul 1975,,London Wall,e5,19-07-1975,Lead,worked,1975-07-19,1975.0,7a+
Steve Bancroft,1978,,London Wall,e5,19-11-1978,Lead,worked,1978-11-19,1978.0,7a+
Jonathan Reti,1987,,London Wall,e5,19-11-1987,Lead,,1987-11-19,1987.0,7a+
Felicity Butler,Before 1st Jan 2000,,London Wall,e5,,Lead,flash,,,7a+
Alex Honnold,21st Nov 2008,,London Wall,e5,21-11-2008,Solo,onsight,2008-11-21,2008.0,7a+
Tom Randall,,,London Wall,e5,,Solo,worked,,,7a+
Geraldine Taylor,,,London Wall,e5,,Solo,,,,7a+
Neil Foster,,,London Wall,e5,,Lead,flash,,,7a+
Jerry Moffatt,,,London Wall,e5,,Lead,flash,,,7a+
Ron Kauk,1978,,Midnight Lightning,7b,19-11-1978,Boulder,worked,1978-11-19,1978.0,7b
John Bachar,1978,,Midnight Lightning,7b,19-11-1978,Boulder,worked,1978-11-19,1978.0,7b
Kurt Smith,1984,,Midnight Lightning,7b,19-11-1984,Boulder,worked,1984-11-19,1984.0,7b
Jerry Moffatt,1984,,Midnight Lightning,7b,19-11-1984,Boulder,worked,1984-11-19,1984.0,7b
Lynn Hill,1998,,Midnight Lightning,7b,19-11-1998,Boulder,worked,1998-11-19,1998.0,7b
Lisa Rands,2001,,Midnight Lightning,7b,19-11-2001,Boulder,worked,2001-11-19,2001.0,7b
Mina Leslie-Wujastyk,2012,,Midnight Lightning,7b,19-11-2012,Boulder,worked,2012-11-19,2012.0,7b
Adam Ondra,30th Oct 2018,,Midnight Lightning,7b,30-10-2018,Boulder,flash,2018-10-30,2018.0,7b
Kurt Albert,,,Midnight Lightning,7b,,Boulder,worked,,,7b
Wolfgang Güllich,,,Midnight Lightning,7b,,Boulder,worked,,,7b
Neil Carson,23rd Jul 1997,,Mission Impossible,e9,23-07-1997,Lead,worked,1997-07-23,1997.0,8b
James McHaffie,Jun 2009,,Mission Impossible,e9,19-06-2009,Lead,worked,2009-06-19,2009.0,8b
Oli Grounsell,Jun 2016,,Mission Impossible,e9,19-06-2016,Lead,worked,2016-06-19,2016.0,8b
Angus Kille,17th Sep 2020,,Mission Impossible,e9,17-09-2020,Lead,worked,2020-09-17,2020.0,8b
Hazel Findlay,22nd Sep 2020,,Mission Impossible,e9,22-09-2020,Lead,worked,2020-09-22,2020.0,8b
James Taylor,20th Jul 2022,,Mission Impossible,e9,20-07-2022,Lead,worked,2022-07-20,2022.0,8b
Dave MacLeod,15th Sep 2022,,Mission Impossible,e9,15-09-2022,Lead,worked,2022-09-15,2022.0,8b
Steve McClure,May 2024,,Mission Impossible,e9,19-05-2024,Lead,worked,2024-05-19,2024.0,8b
Emma Twyford,2nd Jul 2024,,Mission Impossible,e9,02-07-2024,Lead,worked,2024-02-07,2024.0,8b
Alex Hall,30th Jul 2024,,Mission Impossible,e9,30-07-2024,Lead,worked,2024-07-30,2024.0,8b
Malcolm Smith,Oct 2003,,Monk Life,8b+,19-10-2003,Boulder,worked,2003-10-19,2003.0,8b+
Andy Earl,Jan 2004,,Monk Life,8b+,19-01-2004,Boulder,worked,2004-01-19,2004.0,8b+
John Gaskins,2005,,Monk Life,8b+,19-11-2005,Boulder,worked,2005-11-19,2005.0,8b+
Micky Page,Between 18th Jan 2011 and 18th Jan 2012,,Monk Life,8b+,,Boulder,worked,,,8b+
Nigel Callender,Feb 2011,,Monk Life,8b+,19-02-2011,Boulder,worked,2011-02-19,2011.0,8b+
Will Bosi,19th Oct 2015,,Monk Life,8b+,19-10-2015,Boulder,worked,2015-10-19,2015.0,8b+
Dan Turner,23rd Dec 2015,,Monk Life,8b+,23-12-2015,Boulder,worked,2015-12-23,2015.0,8b+
Ben Freeman,16th Jan 2016,,Monk Life,8b+,16-01-2016,Boulder,worked,2016-01-16,2016.0,8b+
Orrin Coley,31st Oct 2019,,Monk Life,8b+,31-10-2019,Boulder,worked,2019-10-31,2019.0,8b+
Dave Graham,29th Feb 2012,,Neon Desert,8b+,29-02-2012,Boulder,worked,2012-02-29,2012.0,8b+
Sam Davis,Feb 2013,,Neon Desert,8b+,19-02-2013,Boulder,worked,2013-02-19,2013.0,8b+
Jimmy Webb,13th Feb 2014,,Neon Desert,8b+,13-02-2014,Boulder,worked,2014-02-13,2014.0,8b+
Paul Robinson,13th Feb 2015,,Neon Desert,8b+,13-02-2015,Boulder,worked,2015-02-13,2015.0,8b+
Daniel Woods,9th Feb 2017,,Neon Desert,8b+,09-02-2017,Boulder,worked,2017-09-02,2017.0,8b+
Thilo Schröter,23rd Feb 2019,,Neon Desert,8b+,23-02-2019,Boulder,worked,2019-02-23,2019.0,8b+
Brian Antheunisse,16th Jan 2021,,Neon Desert,8b+,16-01-2021,Boulder,worked,2021-01-16,2021.0,8b+
Austin Purdy,14th Dec 2022,,Neon Desert,8b+,14-12-2022,Boulder,worked,2022-12-14,2022.0,8b+
B.J. Tilden,3rd Jan 2023,,Neon Desert,8b+,03-01-2023,Boulder,worked,2023-03-01,2023.0,8b+
Jonah Kreitzberg,13th Jan 2023,,Neon Desert,8b+,13-01-2023,Boulder,worked,2023-01-13,2023.0,8b+
Dave Birkett,Nov 2010,,Once Upon A Time In The Southwest,e9,19-11-2010,Lead,worked,2010-11-19,2010.0,8b
Charlie Woodburn,28th Jun 2011,,Once Upon A Time In The Southwest,e9,28-06-2011,Lead,worked,2011-06-28,2011.0,8b
Hazel Findlay,Jul 2011,,Once Upon A Time In The Southwest,e9,19-07-2011,Lead,worked,2011-07-19,2011.0,8b
James McHaffie,May 2018,,Once Upon A Time In The Southwest,e9,19-05-2018,Lead,worked,2018-05-19,2018.0,8b
Emma Twyford,23rd May 2018,,Once Upon A Time In The Southwest,e9,23-05-2018,Lead,worked,2018-05-23,2018.0,8b
Maddy Cope,24th May 2018,,Once Upon A Time In The Southwest,e9,24-05-2018,Lead,worked,2018-05-24,2018.0,8b
Tom Randall,26th Sep 2021,,Once Upon A Time In The Southwest,e9,26-09-2021,Lead,worked,2021-09-26,2021.0,8b
Anna Hazlett,26th Sep 2021,,Once Upon A Time In The Southwest,e9,26-09-2021,Lead,worked,2021-09-26,2021.0,8b
Ian Cooper,22nd Jun 2023,,Once Upon A Time In The Southwest,e9,22-06-2023,Lead,worked,2023-06-22,2023.0,8b
Nick Dixon,2024,,Once Upon A Time In The Southwest,e9,19-11-2024,Lead,worked,2024-11-19,2024.0,8b
John Dunne,19th Sep 1989,,Parthian Shot (pre 2011 Break),e9,19-09-1989,Lead,worked,1989-09-19,1989.0,8b
Seb Grieve,1st Apr 1997,,Parthian Shot (pre 2011 Break),e9,01-04-1997,Lead,worked,1997-01-04,1997.0,8b
Nic Sellars,Before 1st Jan 2000,,Parthian Shot (pre 2011 Break),e9,,Lead,worked,,,8b
Kevin Jorgeson,2008,,Parthian Shot (pre 2011 Break),e9,19-11-2008,Lead,yo-yo,2008-11-19,2008.0,8b
Tom Briggs,8th Oct 2008,,Parthian Shot (pre 2011 Break),e9,08-10-2008,Lead,worked,2008-08-10,2008.0,8b
Alex Honnold,16th Nov 2008,,Parthian Shot (pre 2011 Break),e9,16-11-2008,Lead,worked,2008-11-16,2008.0,8b
Toru  Nakajima,25th Aug 2009,,Parthian Shot (pre 2011 Break),e9,25-08-2009,Lead,worked,2009-08-25,2009.0,8b
Neil Bentley,,,Parthian Shot (pre 2011 Break),e9,,Lead,worked,,,8b
Beat Kammelander,2009,,Prinzip Hoffnung,e9,19-11-2009,Lead,worked,2009-11-19,2009.0,8b
Alex Luger,6th Dec 2010,,Prinzip Hoffnung,e9,06-12-2010,Lead,worked,2010-06-12,2010.0,8b
Barbara Zangerl,Mar 2014,,Prinzip Hoffnung,e9,19-03-2014,Lead,worked,2014-03-19,2014.0,8b
Fabian Buhl,2nd Mar 2014,,Prinzip Hoffnung,e9,02-03-2014,Lead,worked,2014-02-03,2014.0,8b
Nadine Wallner,27th Mar 2019,,Prinzip Hoffnung,e9,27-03-2019,Lead,worked,2019-03-27,2019.0,8b
Maddy Cope,2nd Apr 2019,,Prinzip Hoffnung,e9,02-04-2019,Lead,worked,2019-02-04,2019.0,8b
Lena Marie Müller,29th Feb 2020,,Prinzip Hoffnung,e9,29-02-2020,Lead,worked,2020-02-29,2020.0,8b
Luisa Deubzer,Mar 2022,,Prinzip Hoffnung,e9,19-03-2022,Lead,worked,2022-03-19,2022.0,8b
Anna Hazlett,16th Mar 2023,,Prinzip Hoffnung,e9,16-03-2023,Lead,worked,2023-03-16,2023.0,8b
Iris Bielli,10th Mar 2024,8b (hard),Prinzip Hoffnung,e9,10-03-2024,Lead,worked,2024-10-03,2024.0,8b
Royal Robbins,1961,,Salathé Wall,8a+,19-11-1961,Aid,worked,1961-11-19,1961.0,8a+
Tom Frost,1961,,Salathé Wall,8a+,19-11-1961,Aid,worked,1961-11-19,1961.0,8a+
Chuck Pratt,1961,,Salathé Wall,8a+,19-11-1961,Aid,worked,1961-11-19,1961.0,8a+
Todd Skinner,1988,,Salathé Wall,8a+,19-11-1988,Alternate Leads,worked,1988-11-19,1988.0,8a+
Paul Piana,1988,,Salathé Wall,8a+,19-11-1988,Alternate Leads,worked,1988-11-19,1988.0,8a+
Peter Habeler,May 1970,,Salathé Wall,8a+,19-05-1970,Alternate Leads,,1970-05-19,1970.0,8a+
Doug Scott,May 1970,,Salathé Wall,8a+,19-05-1970,Alternate Leads,,1970-05-19,1970.0,8a+
Alex Huber,1995,,Salathé Wall,8a+,19-11-1995,Lead,worked,1995-11-19,1995.0,8a+
Hazel Findlay,Dec 2017,,Salathé Wall,8a+,19-12-2017,Lead,worked,2017-12-19,2017.0,8a+
Emilie Pellerin,,,Salathé Wall,8a+,,Lead,worked,,,8a+
James Squire,19th May 2018,8B+,Spaceship,8b+,19-05-2018,Boulder,worked,2018-05-19,2018.0,8b+
Jonny Kydd,25th Aug 2018,,Spaceship,8b+,25-08-2018,Boulder,worked,2018-08-25,2018.0,8b+
Sam Prior,4th Sep 2019,8B+ (soft),Spaceship,8b+,04-09-2019,Boulder,worked,2019-04-09,2019.0,8b+
Hamish Potokar,Jul 2020,,Spaceship,8b+,19-07-2020,Boulder,worked,2020-07-19,2020.0,8b+
Sam Blackwell,9th Sep 2020,8B+ (soft),Spaceship,8b+,09-09-2020,Boulder,worked,2020-09-09,2020.0,8b+
Phil Rose,2022,,Spaceship,8b+,19-11-2022,Boulder,worked,2022-11-19,2022.0,8b+
Orrin Coley,28th May 2022,8B+ (soft),Spaceship,8b+,28-05-2022,Boulder,worked,2022-05-28,2022.0,8b+
Leo Skinner,12th Jun 2022,8B+ (soft),Spaceship,8b+,12-06-2022,Boulder,worked,2022-12-06,2022.0,8b+
Rajendra Pun,14th Jun 2022,,Spaceship,8b+,14-06-2022,Boulder,worked,2022-06-14,2022.0,8b+
Solly Kemball-Dorey,28th Jun 2022,8B+ (soft),Spaceship,8b+,28-06-2022,Boulder,worked,2022-06-28,2022.0,8b+
Jimmy Webb,13th Jul 2014,,Speed Of Sound,8b+,13-07-2014,Boulder,worked,2014-07-13,2014.0,8b+
Daniel Woods,13th Jul 2014,,Speed Of Sound,8b+,13-07-2014,Boulder,worked,2014-07-13,2014.0,8b+
Alex Khazanov,4th Jul 2017,,Speed Of Sound,8b+,04-07-2017,Boulder,worked,2017-04-07,2017.0,8b+
Vadim Timonov,4th Jul 2019,,Speed Of Sound,8b+,04-07-2019,Boulder,worked,2019-04-07,2019.0,8b+
Michiel Nieuwenhuijsen,30th Jul 2019,,Speed Of Sound,8b+,30-07-2019,Boulder,worked,2019-07-30,2019.0,8b+
David Naudé,3rd Aug 2019,,Speed Of Sound,8b+,03-08-2019,Boulder,worked,2019-03-08,2019.0,8b+
Ethan Pringle,,,Speed Of Sound,8b+,,Boulder,worked,,,8b+
Nathaniel Coleman,,,Speed Of Sound,8b+,,Boulder,worked,,,8b+
Anthony Gullsten,,,Speed Of Sound,8b+,,Boulder,worked,,,8b+
Cole Bradburn,,,Speed Of Sound,8b+,,Boulder,worked,,,8b+
Jimmy Webb,6th Dec 2018,8B+/8C,Squoze,8b+,06-12-2018,Boulder,worked,2018-06-12,2018.0,8b+
Daniel Woods,25th Jan 2019,8C,Squoze,8b+,25-01-2019,Boulder,worked,2019-01-25,2019.0,8b+
Carlo Traversi,9th Mar 2019,,Squoze,8b+,09-03-2019,Boulder,worked,2019-09-03,2019.0,8b+
Taylor McNeill,19th Mar 2019,8C (soft),Squoze,8b+,19-03-2019,Boulder,worked,2019-03-19,2019.0,8b+
Drew Ruana,9th Sep 2019,,Squoze,8b+,09-09-2019,Boulder,worked,2019-09-09,2019.0,8b+
Zach Galla,9th Nov 2019,,Squoze,8b+,09-11-2019,Boulder,worked,2019-09-11,2019.0,8b+
Thilo Schröter,4th Jan 2022,,Squoze,8b+,04-01-2022,Boulder,worked,2022-04-01,2022.0,8b+
Ryuichi Murai,8th Feb 2023,,Squoze,8b+,08-02-2023,Boulder,worked,2023-08-02,2023.0,8b+
Kai Whaley,2024,8B+/8C,Squoze,8b+,19-11-2024,Boulder,worked,2024-11-19,2024.0,8b+
Shunei Asao,Mar 2024,,Squoze,8b+,19-03-2024,Boulder,worked,2024-03-19,2024.0,8b+
John Dunne,May 1996,,The Big Issue,e9,19-05-1996,Lead,worked,1996-05-19,1996.0,8b
Gareth Parry,13th Apr 2010,,The Big Issue,e9,13-04-2010,Lead,worked,2010-04-13,2010.0,8b
Yuji Hirayama,Sep 2014,,The Big Issue,e9,19-09-2014,Lead,worked,2014-09-19,2014.0,8b
Ryan Pasquill,2017,,The Big Issue,e9,19-11-2017,Lead,ground up,2017-11-19,2017.0,8b
James McHaffie,2017,,The Big Issue,e9,19-11-2017,Lead,ground up,2017-11-19,2017.0,8b
Ali Kennedy,21st May 2017,,The Big Issue,e9,21-05-2017,Lead,worked,2017-05-21,2017.0,8b
Emma Twyford,Aug 2018,,The Big Issue,e9,19-08-2018,Lead,worked,2018-08-19,2018.0,8b
Matt Helliker,Sep 2019,,The Big Issue,e9,19-09-2019,Lead,worked,2019-09-19,2019.0,8b
Eder Lomba,Aug 2021,,The Big Issue,e9,19-08-2021,Lead,worked,2021-08-19,2021.0,8b
Adrian Berry,,,The Big Issue,e9,,Lead,worked,,,8b
Ned Feehally,9th Mar 2020,8B+,The Boss,8b+,09-03-2020,Boulder,worked,2020-09-03,2020.0,8b+
Micky Page,2020,,The Boss,8b+,19-11-2020,Boulder,worked,2020-11-19,2020.0,8b+
Billy Ridal,2nd Mar 2021,,The Boss,8b+,02-03-2021,Boulder,worked,2021-02-03,2021.0,8b+
Nathan Phillips,8th Mar 2021,8B,The Boss,8b+,08-03-2021,Boulder,worked,2021-08-03,2021.0,8b+
James Noble,10th Apr 2021,,The Boss,8b+,10-04-2021,Boulder,worked,2021-10-04,2021.0,8b+
Jim Pope,14th Apr 2021,,The Boss,8b+,14-04-2021,Boulder,worked,2021-04-14,2021.0,8b+
Shauna Coxsey,Apr 2024,,The Boss,8b+,19-04-2024,Boulder,worked,2024-04-19,2024.0,8b+
Ben Bransby,20th Apr 2024,,The Boss,8b+,20-04-2024,Boulder,worked,2024-04-20,2024.0,8b+
Sam Prior,Oct 2024,,The Boss,8b+,19-10-2024,Boulder,worked,2024-10-19,2024.0,8b+
Eder Lomba,18th Oct 2024,8B,The Boss,8b+,18-10-2024,Boulder,worked,2024-10-18,2024.0,8b+
Ron Fawcett,1978,E5,The Cad,e6,19-11-1978,Lead,worked,1978-11-19,1978.0,7b+
Phil Davidson,2nd May 1982,,The Cad,e6,02-05-1982,Lead,onsight,1982-02-05,1982.0,7b+
Mike Owen,24th Apr 1983,,The Cad,e6,24-04-1983,Lead,onsight,1983-04-24,1983.0,7b+
Duncan Critchley,Sep 1984,,The Cad,e6,19-09-1984,Lead,onsight,1984-09-19,1984.0,7b+
Crispin Waddy,30th May 1986,,The Cad,e6,30-05-1986,Lead,ground up,1986-05-30,1986.0,7b+
Philip Jewel,1987,,The Cad,e6,19-11-1987,Solo,repeat,1987-11-19,1987.0,7b+
Philip Jewel,1987,,The Cad,e6,19-11-1987,Lead,onsight,1987-11-19,1987.0,7b+
Rachel Pearce,6th Sep 2024,,The Cad,e6,06-09-2024,Lead,onsight,2024-06-09,2024.0,7b+
Chris Plant,,,The Cad,e6,,Lead,,,,7b+
Karin Magog,,,The Cad,e6,,Lead,worked,,,7b+
Tom Randall,Sep 2015,,The Final Round,e9,19-09-2015,Lead,worked,2015-09-19,2015.0,8b
Jordan Buys,Oct 2016,E9,The Final Round,e9,19-10-2016,Lead,worked,2016-10-19,2016.0,8b
Maddy Cope,5th Sep 2020,,The Final Round,e9,05-09-2020,Lead,worked,2020-05-09,2020.0,8b
Adam Bowman,26th Apr 2021,,The Final Round,e9,26-04-2021,Lead,worked,2021-04-26,2021.0,8b
Steve McClure,26th Apr 2021,,The Final Round,e9,26-04-2021,Lead,worked,2021-04-26,2021.0,8b
Jim Pope,27th Aug 2023,,The Final Round,e9,27-08-2023,Lead,worked,2023-08-27,2023.0,8b
Patrick Hill,27th Aug 2023,E8,The Final Round,e9,27-08-2023,Lead,worked,2023-08-27,2023.0,8b
Nathan Lee,28th Aug 2023,E8,The Final Round,e9,28-08-2023,Lead,worked,2023-08-28,2023.0,8b
Sam Radcliffe,21st Apr 2024,,The Final Round,e9,21-04-2024,Lead,worked,2024-04-21,2024.0,8b
Ramon Marin,14th May 2024,,The Final Round,e9,14-05-2024,Lead,worked,2024-05-14,2024.0,8b
Paul Houghoughi,1st May 2017,,You Can Go Now,8b,01-05-2017,Boulder,worked,2017-01-05,2017.0,8b
Jonny Kydd,12th Nov 2017,,You Can Go Now,8b,12-11-2017,Boulder,worked,2017-12-11,2017.0,8b
Nathan Phillips,26th Nov 2017,,You Can Go Now,8b,26-11-2017,Boulder,worked,2017-11-26,2017.0,8b
James Squire,16th Dec 2017,,You Can Go Now,8b,16-12-2017,Boulder,worked,2017-12-16,2017.0,8b
Sam Prior,6th Apr 2018,,You Can Go Now,8b,06-04-2018,Boulder,worked,2018-06-04,2018.0,8b
Eliot Stephens,2nd May 2019,,You Can Go Now,8b,02-05-2019,Boulder,worked,2019-02-05,2019.0,8b
Chris Smith,30th Dec 2019,,You Can Go Now,8b,30-12-2019,Boulder,worked,2019-12-30,2019.0,8b
Joe Walmsley,2020,,You Can Go Now,8b,19-11-2020,Boulder,worked,2020-11-19,2020.0,8b
Pete Dawson,21st May 2020,,You Can Go Now,8b,21-05-2020,Boulder,worked,2020-05-21,2020.0,8b
Louis Jones,18th Feb 2021,,You Can Go Now,8b,18-02-2021,Boulder,worked,2021-02-18,2021.0,8b
Griffin Whiteside,,,Zef,8b+,,Boulder,worked,,,8b+
Eric Jerome,26th Sep 2020,,Zef,8b+,26-09-2020,Boulder,worked,2020-09-26,2020.0,8b+
Josh Muehring,10th Jun 2021,,Zef,8b+,10-06-2021,Boulder,worked,2021-10-06,2021.0,8b+
Taylor McNeill,26th Jun 2021,,Zef,8b+,26-06-2021,Boulder,worked,2021-06-26,2021.0,8b+
Zach Galla,12th Sep 2021,,Zef,8b+,12-09-2021,Boulder,worked,2021-12-09,2021.0,8b+
Oscar Baudrand,19th Sep 2021,,Zef,8b+,19-09-2021,Boulder,worked,2021-09-19,2021.0,8b+
B.J. Tilden,22nd May 2022,,Zef,8b+,22-05-2022,Boulder,worked,2022-05-22,2022.0,8b+
Kiernan Tong,22nd Jul 2023,,Zef,8b+,22-07-2023,Boulder,worked,2023-07-22,2023.0,8b+
Brian Squire,11th May 2024,,Zef,8b+,11-05-2024,Boulder,worked,2024-11-05,2024.0,8b+
Stefan Fellner,,,Zef,8b+,,Boulder,worked,,,8b+
Neil Carson,1996,,All Out,8c,19-11-1996,Lead,worked,1996-11-19,1996.0,8c
Ian Vickers,2000,,All Out,8c,19-11-2000,Lead,worked,2000-11-19,2000.0,8c
Gareth Parry,1st Aug 2006,,All Out,8c,01-08-2006,Lead,worked,2006-01-08,2006.0,8c
Paul Smitton,12th May 2009,,All Out,8c,12-05-2009,Lead,worked,2009-12-05,2009.0,8c
Pete Dawson,28th Jul 2019,8c,All Out,8c,28-07-2019,Lead,worked,2019-07-28,2019.0,8c
Jon Freeman,20th Aug 2020,8c,All Out,8c,20-08-2020,Lead,worked,2020-08-20,2020.0,8c
Tom Newberry,31st Aug 2021,,All Out,8c,31-08-2021,Lead,worked,2021-08-31,2021.0,8c
Rhoslyn Frugtniet,25th May 2024,,All Out,8c,25-05-2024,Lead,worked,2024-05-25,2024.0,8c
Louis Lancaster,2nd Jul 2024,,All Out,8c,02-07-2024,Lead,worked,2024-02-07,2024.0,8c
Pete Whillance,28th Jul 1977,,A Midsummer Nights Dream,e6,28-07-1977,Lead,worked,1977-07-28,1977.0,7b+
John Redhead,30th May 1982,,A Midsummer Nights Dream,e6,30-05-1982,Lead,worked,1982-05-30,1982.0,7b+
Andy Pollitt,30th May 1982,,A Midsummer Nights Dream,e6,30-05-1982,Lead,worked,1982-05-30,1982.0,7b+
Graham Hoey,1984,,A Midsummer Nights Dream,e6,19-11-1984,Lead,onsight,1984-11-19,1984.0,7b+
Ian Riddington,1984,,A Midsummer Nights Dream,e6,19-11-1984,Lead,onsight,1984-11-19,1984.0,7b+
Leo Houlding,Between 1st Jun 1996 and 1st Sep 1996,,A Midsummer Nights Dream,e6,,Lead,onsight,,,7b+
Ferdia Earle,13th Jun 2018,,A Midsummer Nights Dream,e6,13-06-2018,Lead,onsight,2018-06-13,2018.0,7b+
Philip Jewel,,,A Midsummer Nights Dream,e6,,Lead,worked,,,7b+
Phil Davidson,,,A Midsummer Nights Dream,e6,,Lead,worked,,,7b+
Ben Moon,2000,,Black Lung,8b,19-11-2000,Boulder,worked,2000-11-19,2000.0,8b
Steven Jeffrery,2000,,Black Lung,8b,19-11-2000,Boulder,worked,2000-11-19,2000.0,8b
Dave Graham,20th Jan 2001,,Black Lung,8b,20-01-2001,Boulder,worked,2001-01-20,2001.0,8b
Tim Clifford,4th Nov 2004,,Black Lung,8b,04-11-2004,Boulder,worked,2004-04-11,2004.0,8b
Dan Turner,17th Nov 2014,,Black Lung,8b,17-11-2014,Boulder,worked,2014-11-17,2014.0,8b
Alex Puccio,25th Nov 2014,,Black Lung,8b,25-11-2014,Boulder,worked,2014-11-25,2014.0,8b
Simon Hibbeler,2018,,Black Lung,8b,19-11-2018,Boulder,worked,2018-11-19,2018.0,8b
Matt Willis,Jan 2024,,Black Lung,8b,19-01-2024,Boulder,worked,2024-01-19,2024.0,8b
Liam Andrews-Bancroft,2024,,Black Lung,8b,19-11-2024,Boulder,worked,2024-11-19,2024.0,8b
Klem Loskot,2001,,Bügeleisen,8b+,19-11-2001,Boulder,worked,2001-11-19,2001.0,8b+
Markus Bock,2002,,Bügeleisen,8b+,19-11-2002,Boulder,worked,2002-11-19,2002.0,8b+
Nalle Hukkataival,2013,,Bügeleisen,8b+,19-11-2013,Boulder,worked,2013-11-19,2013.0,8b+
David Fitzgerald,24th Mar 2018,,Bügeleisen,8b+,24-03-2018,Boulder,worked,2018-03-24,2018.0,8b+
Stefan Scarperi,7th Mar 2020,,Bügeleisen,8b+,07-03-2020,Boulder,worked,2020-07-03,2020.0,8b+
Florian Wientjes,18th Oct 2021,,Bügeleisen,8b+,18-10-2021,Boulder,worked,2021-10-18,2021.0,8b+
Yannick Flohé,30th Oct 2021,,Bügeleisen,8b+,30-10-2021,Boulder,worked,2021-10-30,2021.0,8b+
Janja Garnbret,2022,,Bügeleisen,8b+,19-11-2022,Boulder,worked,2022-11-19,2022.0,8b+
Niccolò Ceria,7th Nov 2022,,Bügeleisen,8b+,07-11-2022,Boulder,worked,2022-07-11,2022.0,8b+
Chris Sharma,2011,,Catxasa,9a+,19-11-2011,Lead,worked,2011-11-19,2011.0,9a+
Tom Bolger,27th Apr 2012,,Catxasa,9a+,27-04-2012,Lead,worked,2012-04-27,2012.0,9a+
Ramón Julián Puigblanque,29th Jun 2012,,Catxasa,9a+,29-06-2012,Lead,worked,2012-06-29,2012.0,9a+
Sachi Amma,11th Feb 2015,,Catxasa,9a+,11-02-2015,Lead,worked,2015-11-02,2015.0,9a+
Jakub Konečný,2018,,Catxasa,9a+,19-11-2018,Lead,worked,2018-11-19,2018.0,9a+
Piotr Schab,9th Apr 2018,,Catxasa,9a+,09-04-2018,Lead,worked,2018-09-04,2018.0,9a+
Adam Ondra,8th Feb 2019,,Catxasa,9a+,08-02-2019,Lead,worked,2019-08-02,2019.0,9a+
Sébastien Bouin,9th Feb 2020,,Catxasa,9a+,09-02-2020,Lead,worked,2020-09-02,2020.0,9a+
Domen Škofic,9th Apr 2024,,Catxasa,9a+,09-04-2024,Lead,worked,2024-09-04,2024.0,9a+
Jimmy Webb,10th Sep 2013,,Delirium,8c,10-09-2013,Boulder,worked,2013-10-09,2013.0,8c
Daniel Woods,18th Sep 2013,,Delirium,8c,18-09-2013,Boulder,worked,2013-09-18,2013.0,8c
Griffin Whiteside,18th Jun 2017,,Delirium,8c,18-06-2017,Boulder,worked,2017-06-18,2017.0,8c
Paul Robinson,27th Sep 2018,,Delirium,8c,27-09-2018,Boulder,worked,2018-09-27,2018.0,8c
Matt Fultz,17th Jun 2019,,Delirium,8c,17-06-2019,Boulder,worked,2019-06-17,2019.0,8c
Andy Lamb,30th Jun 2021,,Delirium,8c,30-06-2021,Boulder,worked,2021-06-30,2021.0,8c
Nick Bradley,14th Jul 2021,,Delirium,8c,14-07-2021,Boulder,worked,2021-07-14,2021.0,8c
Drew Ruana,2022,,Delirium,8c,19-11-2022,Boulder,worked,2022-11-19,2022.0,8c
Noah Wheeler,16th Sep 2022,,Delirium,8c,16-09-2022,Boulder,worked,2022-09-16,2022.0,8c
Martin Keller,24th Apr 2012,8C,Der Mit Dem Fels Tanzt,8c,24-04-2012,Boulder,worked,2012-04-24,2012.0,8c
Dai Koyamada,Oct 2012,8C,Der Mit Dem Fels Tanzt,8c,19-10-2012,Boulder,worked,2012-10-19,2012.0,8c
Giuliano Cameroni,7th Feb 2017,,Der Mit Dem Fels Tanzt,8c,07-02-2017,Boulder,worked,2017-07-02,2017.0,8c
Martin Stráník,23rd Feb 2018,,Der Mit Dem Fels Tanzt,8c,23-02-2018,Boulder,worked,2018-02-23,2018.0,8c
Christof Rauch,29th Dec 2018,,Der Mit Dem Fels Tanzt,8c,29-12-2018,Boulder,worked,2018-12-29,2018.0,8c
Jimmy Webb,3rd Apr 2019,,Der Mit Dem Fels Tanzt,8c,03-04-2019,Boulder,worked,2019-03-04,2019.0,8c
Elias Iagnemma,29th Jan 2021,,Der Mit Dem Fels Tanzt,8c,29-01-2021,Boulder,worked,2021-01-29,2021.0,8c
Michiel Nieuwenhuijsen,16th Oct 2021,,Der Mit Dem Fels Tanzt,8c,16-10-2021,Boulder,worked,2021-10-16,2021.0,8c
Luis Gerhardt,18th Dec 2021,,Der Mit Dem Fels Tanzt,8c,18-12-2021,Boulder,worked,2021-12-18,2021.0,8c
Dan Varian,,,Flip Flopera,8b,,Boulder,worked,,,8b
Jack Palmieri,9th Sep 2020,,Flip Flopera,8b,09-09-2020,Boulder,worked,2020-09-09,2020.0,8b
Alex Moore,6th Apr 2021,,Flip Flopera,8b,06-04-2021,Boulder,worked,2021-06-04,2021.0,8b
Flinn Mcinerney,5th Aug 2021,,Flip Flopera,8b,05-08-2021,Boulder,worked,2021-05-08,2021.0,8b
Molly Thompson-Smith,24th Nov 2021,,Flip Flopera,8b,24-11-2021,Boulder,worked,2021-11-24,2021.0,8b
Will Bosi,7th Mar 2022,,Flip Flopera,8b,07-03-2022,Boulder,worked,2022-07-03,2022.0,8b
Rowan Page,10th Sep 2022,,Flip Flopera,8b,10-09-2022,Boulder,worked,2022-10-09,2022.0,8b
Shauna Coxsey,May 2023,,Flip Flopera,8b,19-05-2023,Boulder,worked,2023-05-19,2023.0,8b
Gus Turner,25th Apr 2024,,Flip Flopera,8b,25-04-2024,Boulder,worked,2024-04-25,2024.0,8b
Drew Ruana,,,Hailstorm,8b+,,Boulder,worked,,,8b+
Dalton Bunker,4th Nov 2020,8B,Hailstorm,8b+,04-11-2020,Boulder,worked,2020-04-11,2020.0,8b+
Eric Jerome,7th Dec 2020,8B,Hailstorm,8b+,07-12-2020,Boulder,worked,2020-07-12,2020.0,8b+
Alex Puccio,Mar 2022,,Hailstorm,8b+,19-03-2022,Boulder,worked,2022-03-19,2022.0,8b+
Michaela Kiersch,1st Mar 2022,,Hailstorm,8b+,01-03-2022,Boulder,worked,2022-01-03,2022.0,8b+
Owen Whaley,31st Jan 2024,8B,Hailstorm,8b+,31-01-2024,Boulder,worked,2024-01-31,2024.0,8b+
Tanner Bauer,31st Jan 2024,8B,Hailstorm,8b+,31-01-2024,Boulder,worked,2024-01-31,2024.0,8b+
Nathaniel Coleman,,,Hailstorm,8b+,,Boulder,worked,,,8b+
Sean Bailey,,,Hailstorm,8b+,,Boulder,worked,,,8b+
Drew Ruana,9th Jul 2021,8C+,Insomniac,8c+,09-07-2021,Boulder,worked,2021-09-07,2021.0,8c+
Jimmy Webb,Sep 2022,,Insomniac,8c+,19-09-2022,Boulder,worked,2022-09-19,2022.0,8c+
Shawn Raboutou,Sep 2022,,Insomniac,8c+,19-09-2022,Boulder,worked,2022-09-19,2022.0,8c+
Daniel Woods,15th Sep 2022,8C+ (soft),Insomniac,8c+,15-09-2022,Boulder,worked,2022-09-15,2022.0,8c+
Austin Purdy,11th Jun 2023,8C+ (soft),Insomniac,8c+,11-06-2023,Boulder,worked,2023-11-06,2023.0,8c+
Liam Andrews-Bancroft,Between 1st Jul 2023 and 31st Oct 2023,,Insomniac,8c+,,Boulder,worked,,,8c+
Andy Lamb,14th Jul 2023,8C+ (soft),Insomniac,8c+,14-07-2023,Boulder,worked,2023-07-14,2023.0,8c+
Keenan Takahashi,18th Jul 2023,8C+ (soft),Insomniac,8c+,18-07-2023,Boulder,worked,2023-07-18,2023.0,8c+
Noah Wheeler,30th Aug 2024,8C+ (soft),Insomniac,8c+,30-08-2024,Boulder,worked,2024-08-30,2024.0,8c+
Kevin Lopata,13th Jan 2005,,La Force Du Destin,8b+,13-01-2005,Boulder,worked,2005-01-13,2005.0,8b+
Paul Robinson,17th Feb 2011,8B+,La Force Du Destin,8b+,17-02-2011,Boulder,worked,2011-02-17,2011.0,8b+
Nalle Hukkataival,Feb 2015,8C,La Force Du Destin,8b+,19-02-2015,Boulder,worked,2015-02-19,2015.0,8b+
Giuliano Cameroni,29th Oct 2018,8B+ (soft),La Force Du Destin,8b+,29-10-2018,Boulder,worked,2018-10-29,2018.0,8b+
Hannes Van Duysen,2022,,La Force Du Destin,8b+,19-11-2022,Boulder,worked,2022-11-19,2022.0,8b+
Yannick Flohé,25th Sep 2022,8B+ (soft),La Force Du Destin,8b+,25-09-2022,Boulder,worked,2022-09-25,2022.0,8b+
Pietro Vidi,10th Nov 2023,8B+,La Force Du Destin,8b+,10-11-2023,Boulder,worked,2023-10-11,2023.0,8b+
Kaito Watanabe,Apr 2024,,La Force Du Destin,8b+,19-04-2024,Boulder,worked,2024-04-19,2024.0,8b+
Stefan Scarperi,28th Oct 2024,,La Force Du Destin,8b+,28-10-2024,Boulder,worked,2024-10-28,2024.0,8b+
Paul Robinson,30th Mar 2010,8C,Lucid Dreaming,8c,30-03-2010,Boulder,worked,2010-03-30,2010.0,8c
Daniel Woods,28th Jan 2014,,Lucid Dreaming,8c,28-01-2014,Boulder,worked,2014-01-28,2014.0,8c
Alex Megos,27th Jan 2015,,Lucid Dreaming,8c,27-01-2015,Boulder,worked,2015-01-27,2015.0,8c
Toru  Nakajima,Feb 2017,,Lucid Dreaming,8c,19-02-2017,Boulder,worked,2017-02-19,2017.0,8c
Jimmy Webb,7th Jan 2020,,Lucid Dreaming,8c,07-01-2020,Boulder,worked,2020-07-01,2020.0,8c
Pablo Hammack,Dec 2023,,Lucid Dreaming,8c,19-12-2023,Boulder,worked,2023-12-19,2023.0,8c
Sean Bailey,Dec 2023,,Lucid Dreaming,8c,19-12-2023,Boulder,worked,2023-12-19,2023.0,8c
David Fitzgerald,18th Feb 2024,,Lucid Dreaming,8c,18-02-2024,Boulder,worked,2024-02-18,2024.0,8c
Fred Nicole,2003,,Mooiste Meisie,8b,19-11-2003,Boulder,worked,2003-11-19,2003.0,8b
Alex Barrows,5th Aug 2016,,Mooiste Meisie,8b,05-08-2016,Boulder,worked,2016-05-08,2016.0,8b
Jakob Schubert,23rd Jul 2017,,Mooiste Meisie,8b,23-07-2017,Boulder,flash,2017-07-23,2017.0,8b
Mike Mullins,2019,,Mooiste Meisie,8b,19-11-2019,Boulder,worked,2019-11-19,2019.0,8b
Staša Gejo,19th Jul 2021,,Mooiste Meisie,8b,19-07-2021,Boulder,worked,2021-07-19,2021.0,8b
Paige Classen,12th Aug 2024,,Mooiste Meisie,8b,12-08-2024,Boulder,worked,2024-12-08,2024.0,8b
Alex Gorham,,,Mooiste Meisie,8b,,Boulder,worked,,,8b
Dan Knight,,,Mooiste Meisie,8b,,Boulder,worked,,,8b
Ben West,,,Mooiste Meisie,8b,,Boulder,worked,,,8b
Fred Nicole,2003,,Nagual,8b,19-11-2003,Boulder,worked,2003-11-19,2003.0,8b
Tyler Landman,19th Feb 2007,,Nagual,8b,19-02-2007,Boulder,worked,2007-02-19,2007.0,8b
Paul Robinson,27th Dec 2007,,Nagual,8b,27-12-2007,Boulder,flash,2007-12-27,2007.0,8b
Sean McColl,3rd Mar 2012,,Nagual,8b,03-03-2012,Boulder,flash,2012-03-03,2012.0,8b
Jakob Schubert,Feb 2014,,Nagual,8b,19-02-2014,Boulder,flash,2014-02-19,2014.0,8b
Thilo Schröter,23rd Feb 2019,,Nagual,8b,23-02-2019,Boulder,flash,2019-02-23,2019.0,8b
Katie Lamb,19th Feb 2022,,Nagual,8b,19-02-2022,Boulder,worked,2022-02-19,2022.0,8b
J J Mah,2023,,Nagual,8b,19-11-2023,Boulder,flash,2023-11-19,2023.0,8b
Michaela Kiersch,4th Feb 2024,,Nagual,8b,04-02-2024,Boulder,worked,2024-04-02,2024.0,8b
Adam Ondra,9th Jul 2012,,Nordic Flower,8c,09-07-2012,Lead,onsight,2012-09-07,2012.0,8c
Alan Cassidy,12th Aug 2014,,Nordic Flower,8c,12-08-2014,Lead,worked,2014-12-08,2014.0,8c
Jakob Schubert,May 2016,,Nordic Flower,8c,19-05-2016,Lead,onsight,2016-05-19,2016.0,8c
Domen Škofic,29th May 2016,,Nordic Flower,8c,29-05-2016,Lead,flash,2016-05-29,2016.0,8c
Iva Vejmolová,8th Aug 2017,,Nordic Flower,8c,08-08-2017,Lead,worked,2017-08-08,2017.0,8c
Piotr Schab,27th Aug 2017,,Nordic Flower,8c,27-08-2017,Lead,onsight,2017-08-27,2017.0,8c
Denis Pail,15th Aug 2019,,Nordic Flower,8c,15-08-2019,Lead,worked,2019-08-15,2019.0,8c
Moritz Welt,17th Aug 2021,,Nordic Flower,8c,17-08-2021,Lead,flash,2021-08-17,2021.0,8c
Jorge Díaz-Rullo,Jul 2024,,Nordic Flower,8c,19-07-2024,Lead,onsight,2024-07-19,2024.0,8c
Dave Graham,1st Sep 2000,,Nuthin But Sunshine,8b,01-09-2000,Boulder,worked,2000-01-09,2000.0,8b
James Litz,29th Aug 2003,,Nuthin But Sunshine,8b,29-08-2003,Boulder,worked,2003-08-29,2003.0,8b
Shauna Coxsey,26th Jun 2013,,Nuthin But Sunshine,8b,26-06-2013,Boulder,worked,2013-06-26,2013.0,8b
Katharina Saurwein,2nd Oct 2014,,Nuthin But Sunshine,8b,02-10-2014,Boulder,worked,2014-02-10,2014.0,8b
Katie Lamb,28th Jun 2020,,Nuthin But Sunshine,8b,28-06-2020,Boulder,worked,2020-06-28,2020.0,8b
Allison Vest,21st Jul 2022,,Nuthin But Sunshine,8b,21-07-2022,Boulder,worked,2022-07-21,2022.0,8b
Lucas Uchida,1st Aug 2023,,Nuthin But Sunshine,8b,01-08-2023,Boulder,flash,2023-01-08,2023.0,8b
Kelly Birch,Aug 2024,,Nuthin But Sunshine,8b,19-08-2024,Boulder,worked,2024-08-19,2024.0,8b
Si Moore,,,Nuthin But Sunshine,8b,,Boulder,worked,,,8b
Martin Keller,16th Aug 2005,,One Summer In Paradise,8b,16-08-2005,Boulder,worked,2005-08-16,2005.0,8b
Ashima Shiraishi,Aug 2013,,One Summer In Paradise,8b,19-08-2013,Boulder,worked,2013-08-19,2013.0,8b
Shauna Coxsey,Jul 2014,,One Summer In Paradise,8b,19-07-2014,Boulder,worked,2014-07-19,2014.0,8b
James Squire,21st Jul 2015,,One Summer In Paradise,8b,21-07-2015,Boulder,worked,2015-07-21,2015.0,8b
Dave MacLeod,Nov 2015,,One Summer In Paradise,8b,19-11-2015,Boulder,worked,2015-11-19,2015.0,8b
Solly Kemball-Dorey,27th Apr 2022,,One Summer In Paradise,8b,27-04-2022,Boulder,worked,2022-04-27,2022.0,8b
Lucia Dörffel,23rd Jun 2023,,One Summer In Paradise,8b,23-06-2023,Boulder,worked,2023-06-23,2023.0,8b
Michaela Kiersch,,,One Summer In Paradise,8b,,Boulder,worked,,,8b
Rolands Rugens,,,One Summer In Paradise,8b,,Boulder,flash,,,8b
Drew Ruana,10th Feb 2020,,Pegasus,8c,10-02-2020,Boulder,worked,2020-10-02,2020.0,8c
Sean Bailey,22nd Nov 2020,,Pegasus,8c,22-11-2020,Boulder,worked,2020-11-22,2020.0,8c
Matt Fultz,23rd Mar 2021,,Pegasus,8c,23-03-2021,Boulder,worked,2021-03-23,2021.0,8c
Daniel Woods,3rd Apr 2021,,Pegasus,8c,03-04-2021,Boulder,worked,2021-03-04,2021.0,8c
Zach Galla,27th Nov 2021,,Pegasus,8c,27-11-2021,Boulder,worked,2021-11-27,2021.0,8c
Tristan Chen,7th Apr 2022,,Pegasus,8c,07-04-2022,Boulder,worked,2022-07-04,2022.0,8c
Zach Wilson,23rd Dec 2022,,Pegasus,8c,23-12-2022,Boulder,worked,2022-12-23,2022.0,8c
Brian Squire,13th Apr 2024,8C,Pegasus,8c,13-04-2024,Boulder,worked,2024-04-13,2024.0,8c
Luke Gerhardt,26th Oct 2024,,Pegasus,8c,26-10-2024,Boulder,worked,2024-10-26,2024.0,8c
Wolfgang Güllich,1985,,Punks In The Gym,8b+,19-11-1985,Lead,worked,1985-11-19,1985.0,8b+
Jerry Moffatt,1992,,Punks In The Gym,8b+,19-11-1992,Lead,worked,1992-11-19,1992.0,8b+
Sean Myles,1992,,Punks In The Gym,8b+,19-11-1992,Lead,worked,1992-11-19,1992.0,8b+
Andy Pollitt,5th May 1992,,Punks In The Gym,8b+,05-05-1992,Lead,worked,1992-05-05,1992.0,8b+
Neil Bentley,1993,,Punks In The Gym,8b+,19-11-1993,Lead,worked,1993-11-19,1993.0,8b+
Steve McClure,1999,,Punks In The Gym,8b+,19-11-1999,Lead,worked,1999-11-19,1999.0,8b+
Charlie Woodburn,2000,,Punks In The Gym,8b+,19-11-2000,Lead,worked,2000-11-19,2000.0,8b+
Robbie Phillips,2014,,Punks In The Gym,8b+,19-11-2014,Lead,worked,2014-11-19,2014.0,8b+
Mina Leslie-Wujastyk,4th Aug 2016,,Punks In The Gym,8b+,04-08-2016,Lead,worked,2016-04-08,2016.0,8b+
Jonathan Siegrest,13th Oct 2010,8c+,Pure Imagination,8c+,13-10-2010,Lead,worked,2010-10-13,2010.0,8c+
Sasha DiGiulian,15th Oct 2011,9a,Pure Imagination,8c+,15-10-2011,Lead,worked,2011-10-15,2011.0,8c+
Alex Megos,Nov 2012,,Pure Imagination,8c+,19-11-2012,Lead,flash,2012-11-19,2012.0,8c+
Adam Ondra,2nd Nov 2012,8c+,Pure Imagination,8c+,02-11-2012,Lead,onsight,2012-02-11,2012.0,8c+
Daniel Woods,2nd Nov 2012,8c+ (soft),Pure Imagination,8c+,02-11-2012,Lead,flash,2012-02-11,2012.0,8c+
Michaela Kiersch,2016,,Pure Imagination,8c+,19-11-2016,Lead,worked,2016-11-19,2016.0,8c+
Margo Hayes,25th Mar 2016,8c+,Pure Imagination,8c+,25-03-2016,Lead,worked,2016-03-25,2016.0,8c+
Barbara Zangerl,Between 1st Mar 2023 and 30th Apr 2023,,Pure Imagination,8c+,,Lead,worked,,,8c+
Jesse Grupper,Nov 2023,,Pure Imagination,8c+,19-11-2023,Lead,flash,2023-11-19,2023.0,8c+
Jerry Moffatt,Aug 1984,E7,Revelations (pre 1999),8a+,19-08-1984,Lead,worked,1984-08-19,1984.0,8a+
Ron Fawcett,1984,,Revelations (pre 1999),8a+,19-11-1984,Lead,worked,1984-11-19,1984.0,8a+
Alan Watts,1985,,Revelations (pre 1999),8a+,19-11-1985,Lead,worked,1985-11-19,1985.0,8a+
Ben Moon,1985,,Revelations (pre 1999),8a+,19-11-1985,Lead,worked,1985-11-19,1985.0,8a+
Antoine Le Menestrel,8th Aug 1985,,Revelations (pre 1999),8a+,08-08-1985,Solo,worked,1985-08-08,1985.0,8a+
John Welford,Before 1st Jan 1991,,Revelations (pre 1999),8a+,,Lead,worked,,,8a+
Ed Morgan,Before 1st Jan 1991,,Revelations (pre 1999),8a+,,Lead,worked,,,8a+
Martin Atkinson,Before 1st Jan 1991,,Revelations (pre 1999),8a+,,Lead,worked,,,8a+
Ian Dunn,,,Revelations (pre 1999),8a+,,Lead,worked,,,8a+
Beat Kammelander,1993,,Silbergeier,8b+,19-11-1993,Lead,worked,1993-11-19,1993.0,8b+
Peter Schäffler,1997,,Silbergeier,8b+,19-11-1997,Lead,worked,1997-11-19,1997.0,8b+
Stefan Glowacz,1998,,Silbergeier,8b+,19-11-1998,Lead,worked,1998-11-19,1998.0,8b+
Ondřej Beneš,2006,,Silbergeier,8b+,19-11-2006,Lead,,2006-11-19,2006.0,8b+
Adam Ondra,27th Jul 2007,,Silbergeier,8b+,27-07-2007,Lead,worked,2007-07-27,2007.0,8b+
Nina Caprez,2011,,Silbergeier,8b+,19-11-2011,Lead,worked,2011-11-19,2011.0,8b+
Nalle Hukkataival,21st Jun 2014,,Silbergeier,8b+,21-06-2014,Lead,worked,2014-06-21,2014.0,8b+
Robbie Phillips,2015,,Silbergeier,8b+,19-11-2015,Lead,worked,2015-11-19,2015.0,8b+
Barbara Zangerl,,,Silbergeier,8b+,,Lead,worked,,,8b+
Dave Graham,28th Jul 2015,,Spray Of Light,8c,28-07-2015,Boulder,worked,2015-07-28,2015.0,8c
Shawn Raboutou,Jul 2016,,Spray Of Light,8c,19-07-2016,Boulder,worked,2016-07-19,2016.0,8c
James Squire,10th Jun 2019,,Spray Of Light,8c,10-06-2019,Boulder,worked,2019-10-06,2019.0,8c
Giuliano Cameroni,25th Aug 2019,,Spray Of Light,8c,25-08-2019,Boulder,worked,2019-08-25,2019.0,8c
Vadim Timonov,18th Jul 2021,,Spray Of Light,8c,18-07-2021,Boulder,worked,2021-07-18,2021.0,8c
Lee Sungsu,29th Jun 2024,,Spray Of Light,8c,29-06-2024,Boulder,worked,2024-06-29,2024.0,8c
Piotr Oleszczuk,3rd Aug 2024,,Spray Of Light,8c,03-08-2024,Boulder,worked,2024-03-08,2024.0,8c
Christopher Cosser,3rd Aug 2024,,Spray Of Light,8c,03-08-2024,Boulder,worked,2024-03-08,2024.0,8c
Thilo Schröter,,,Spray Of Light,8c,,Boulder,worked,,,8c
Alex Megos,Oct 2016,,Super Crackinette,9a+,19-10-2016,Lead,worked,2016-10-19,2016.0,9a+
Adam Ondra,10th Feb 2018,,Super Crackinette,9a+,10-02-2018,Lead,flash,2018-10-02,2018.0,9a+
Julia Chanourdie,13th Mar 2020,,Super Crackinette,9a+,13-03-2020,Lead,worked,2020-03-13,2020.0,9a+
Sébastien Berthe,Nov 2020,,Super Crackinette,9a+,19-11-2020,Lead,worked,2020-11-19,2020.0,9a+
Nico Pelorson,Feb 2022,,Super Crackinette,9a+,19-02-2022,Lead,worked,2022-02-19,2022.0,9a+
Nolwen Berthier,19th Apr 2022,,Super Crackinette,9a+,19-04-2022,Lead,worked,2022-04-19,2022.0,9a+
Tanguy Merard,18th Feb 2023,,Super Crackinette,9a+,18-02-2023,Lead,worked,2023-02-18,2023.0,9a+
Jules Marchland,4th Apr 2023,,Super Crackinette,9a+,04-04-2023,Lead,worked,2023-04-04,2023.0,9a+
Luca Bana,1st Jan 2024,,Super Crackinette,9a+,01-01-2024,Lead,worked,2024-01-01,2024.0,9a+
Ben Moon,1994,,Superman Sds,8b+,19-11-1994,Boulder,worked,1994-11-19,1994.0,8b+
Tim Clifford,Between 1st Jan 2000 and 1st Jan 2006,,Superman Sds,8b+,,Boulder,worked,,,8b+
Ned Feehally,2nd Sep 2015,,Superman Sds,8b+,02-09-2015,Boulder,worked,2015-02-09,2015.0,8b+
Will Bosi,6th Jul 2020,,Superman Sds,8b+,06-07-2020,Boulder,worked,2020-06-07,2020.0,8b+
Aidan Roberts,31st Aug 2020,,Superman Sds,8b+,31-08-2020,Boulder,worked,2020-08-31,2020.0,8b+
Billy Ridal,16th Oct 2020,,Superman Sds,8b+,16-10-2020,Boulder,worked,2020-10-16,2020.0,8b+
Pete Dawson,11th May 2022,,Superman Sds,8b+,11-05-2022,Boulder,worked,2022-11-05,2022.0,8b+
Max Milne,5th Sep 2023,,Superman Sds,8b+,05-09-2023,Boulder,worked,2023-05-09,2023.0,8b+
Adam Wheeler,31st Aug 2024,,Superman Sds,8b+,31-08-2024,Boulder,worked,2024-08-31,2024.0,8b+
Fred Nicole,2000,,The Arch,8b,19-11-2000,Boulder,worked,2000-11-19,2000.0,8b
Eliot Stephens,6th Jul 2018,,The Arch,8b,06-07-2018,Boulder,worked,2018-06-07,2018.0,8b
Thilo Schröter,13th Jul 2018,,The Arch,8b,13-07-2018,Boulder,flash,2018-07-13,2018.0,8b
Alizée Dufraisse,6th Aug 2018,,The Arch,8b,06-08-2018,Boulder,worked,2018-06-08,2018.0,8b
Vadim Timonov,12th Jul 2019,,The Arch,8b,12-07-2019,Boulder,flash,2019-12-07,2019.0,8b
Antoine Girard,15th Aug 2022,,The Arch,8b,15-08-2022,Boulder,flash,2022-08-15,2022.0,8b
Michaela Kiersch,Jul 2024,,The Arch,8b,19-07-2024,Boulder,worked,2024-07-19,2024.0,8b
Siara Fabbri,19th Aug 2024,,The Arch,8b,19-08-2024,Boulder,worked,2024-08-19,2024.0,8b
Simone Tentori,19th Aug 2024,,The Arch,8b,19-08-2024,Boulder,flash,2024-08-19,2024.0,8b
John Redhead,30th Jun 1980,,The Bells! The Bells!,e7,30-06-1980,Lead,worked,1980-06-30,1980.0,7c+
Andy Pollitt,1986,,The Bells! The Bells!,e7,19-11-1986,Lead,onsight,1986-11-19,1986.0,7c+
Mike Owen,9th Jun 1990,,The Bells! The Bells!,e7,09-06-1990,Lead,worked,1990-09-06,1990.0,7c+
Dougie Hall,Sep 1990,,The Bells! The Bells!,e7,19-09-1990,Lead,,1990-09-19,1990.0,7c+
Glenda Huxter,1996,,The Bells! The Bells!,e7,19-11-1996,Lead,onsight,1996-11-19,1996.0,7c+
George Ulrich,Sep 2009,,The Bells! The Bells!,e7,19-09-2009,Lead,onsight,2009-09-19,2009.0,7c+
Craig Parnaby,,,The Bells! The Bells!,e7,,Lead,onsight,,,7c+
James McHaffie,,,The Bells! The Bells!,e7,,Lead,onsight,,,7c+
Jimmy Webb,2014,8B+,The Multiverse,8b+,19-11-2014,Boulder,worked,2014-11-19,2014.0,8b+
Taylor McNeill,16th Oct 2022,8C,The Multiverse,8b+,16-10-2022,Boulder,worked,2022-10-16,2022.0,8b+
Daniel Woods,Nov 2022,8B+,The Multiverse,8b+,19-11-2022,Boulder,worked,2022-11-19,2022.0,8b+
Eric Jerome,9th Nov 2022,8B+,The Multiverse,8b+,09-11-2022,Boulder,worked,2022-09-11,2022.0,8b+
Austin Purdy,23rd Apr 2023,8B+,The Multiverse,8b+,23-04-2023,Boulder,worked,2023-04-23,2023.0,8b+
Tristan Chen,17th Jun 2023,8B+,The Multiverse,8b+,17-06-2023,Boulder,worked,2023-06-17,2023.0,8b+
Ben Burkhalter,,8B+,The Multiverse,8b+,,Boulder,worked,,,8b+
Conor Wellman,,,The Multiverse,8b+,,Boulder,worked,,,8b+
Will Anglin,,,The Multiverse,8b+,,Boulder,worked,,,8b+
Jimmy Webb,11th Sep 2014,,The Reckoning,8b+,11-09-2014,Boulder,worked,2014-11-09,2014.0,8b+
Nicholas Milburn,8th Jun 2019,,The Reckoning,8b+,08-06-2019,Boulder,worked,2019-08-06,2019.0,8b+
Keenan Takahashi,20th Sep 2021,,The Reckoning,8b+,20-09-2021,Boulder,worked,2021-09-20,2021.0,8b+
Ethan Salvo,13th Sep 2022,,The Reckoning,8b+,13-09-2022,Boulder,worked,2022-09-13,2022.0,8b+
Matt Fultz,21st Sep 2024,,The Reckoning,8b+,21-09-2024,Boulder,worked,2024-09-21,2024.0,8b+
Daniel Woods,,,The Reckoning,8b+,,Boulder,worked,,,8b+
Jake Scharfman,,,The Reckoning,8b+,,Boulder,worked,,,8b+
Mike Foley,,,The Reckoning,8b+,,Boulder,worked,,,8b+
Marc Bourguignon,,,The Reckoning,8b+,,Boulder,worked,,,8b+
John Arran,1998,,The Zone,e9,19-11-1998,Lead,worked,1998-11-19,1998.0,8b
Chris Cubitt,2003,,The Zone,e9,19-11-2003,Lead,worked,2003-11-19,2003.0,8b
James Pearson,9th Nov 2003,,The Zone,e9,09-11-2003,Lead,worked,2003-09-11,2003.0,8b
Lucky Chance,2004,,The Zone,e9,19-11-2004,Solo,worked,2004-11-19,2004.0,8b
Oli Grounsell,11th Mar 2013,,The Zone,e9,11-03-2013,Lead,worked,2013-11-03,2013.0,8b
Nathan Lee,13th Nov 2013,,The Zone,e9,13-11-2013,Lead,worked,2013-11-13,2013.0,8b
Ethan Walker,3rd Dec 2013,,The Zone,e9,03-12-2013,Lead,worked,2013-03-12,2013.0,8b
Jim Pope,6th Dec 2023,,The Zone,e9,06-12-2023,Lead,worked,2023-06-12,2023.0,8b
Joseph Mullett,6th Dec 2023,,The Zone,e9,06-12-2023,Lead,worked,2023-06-12,2023.0,8b
Pete Gomersall,1989,,Urgent Action,8a+,19-11-1989,Lead,worked,1989-11-19,1989.0,8a+
Simon Nadin,30th Jun 1990,,Urgent Action,8a+,30-06-1990,Lead,onsight,1990-06-30,1990.0,8a+
Dougie Hall,Before 1st Jan 1991,,Urgent Action,8a+,,Lead,worked,,,8a+
Ian Vickers,1997,,Urgent Action,8a+,19-11-1997,Lead,flash,1997-11-19,1997.0,8a+
Jenny Woodward,2006,,Urgent Action,8a+,19-11-2006,Lead,worked,2006-11-19,2006.0,8a+
Chris Savage,4th Jun 2011,,Urgent Action,8a+,04-06-2011,Lead,flash,2011-04-06,2011.0,8a+
Molly Thompson-Smith,11th Jun 2021,,Urgent Action,8a+,11-06-2021,Lead,flash,2021-11-06,2021.0,8a+
Thea Cameron,23rd Sep 2021,,Urgent Action,8a+,23-09-2021,Lead,worked,2021-09-23,2021.0,8a+
Flo Tilley,12th Sep 2024,,Urgent Action,8a+,12-09-2024,Lead,worked,2024-12-09,2024.0,8a+
Daniel Woods,18th Sep 2012,,White Noise,8b+,18-09-2012,Boulder,worked,2012-09-18,2012.0,8b+
Matty Hong,Sep 2012,,White Noise,8b+,19-09-2012,Boulder,worked,2012-09-19,2012.0,8b+
Dave Graham,7th Oct 2012,,White Noise,8b+,07-10-2012,Boulder,worked,2012-07-10,2012.0,8b+
Paul Robinson,12th Nov 2013,,White Noise,8b+,12-11-2013,Boulder,worked,2013-12-11,2013.0,8b+
Griffin Whiteside,15th Apr 2018,8C,White Noise,8b+,15-04-2018,Boulder,worked,2018-04-15,2018.0,8b+
Sean Bailey,Sep 2020,,White Noise,8b+,19-09-2020,Boulder,worked,2020-09-19,2020.0,8b+
Drew Ruana,30th Sep 2020,,White Noise,8b+,30-09-2020,Boulder,worked,2020-09-30,2020.0,8b+
Jimmy Webb,8th Jul 2021,,White Noise,8b+,08-07-2021,Boulder,worked,2021-08-07,2021.0,8b+
Dylan Barks,15th Aug 2021,,White Noise,8b+,15-08-2021,Boulder,worked,2021-08-15,2021.0,8b+
Klem Loskot,Oct 1999,,Wrestling With An Alligator,8b,19-10-1999,Boulder,worked,1999-10-19,1999.0,8b
Markus Bock,26th Jan 2002,,Wrestling With An Alligator,8b,26-01-2002,Boulder,worked,2002-01-26,2002.0,8b
Jakob Schubert,Apr 2015,,Wrestling With An Alligator,8b,19-04-2015,Boulder,flash,2015-04-19,2015.0,8b
Michael Piccolruaz,4th Nov 2016,,Wrestling With An Alligator,8b,04-11-2016,Boulder,flash,2016-04-11,2016.0,8b
Stefan Scarperi,1st Mar 2020,,Wrestling With An Alligator,8b,01-03-2020,Boulder,flash,2020-01-03,2020.0,8b
Yannick Flohé,31st Oct 2021,,Wrestling With An Alligator,8b,31-10-2021,Boulder,flash,2021-10-31,2021.0,8b
Emilie Gerhardt,Mar 2022,,Wrestling With An Alligator,8b,19-03-2022,Boulder,worked,2022-03-19,2022.0,8b
Alex Megos,Oct 2023,,Wrestling With An Alligator,8b,19-10-2023,Boulder,flash,2023-10-19,2023.0,8b
Janja Garnbret,Nov 2024,,Wrestling With An Alligator,8b,19-11-2024,Boulder,worked,2024-11-19,2024.0,8b
Jonatan Flor,29th Jul 2019,,Ali Hulk (extension Total Sit Start),9b,29-07-2019,Lead,worked,2019-07-29,2019.0,9b
Jorge Díaz-Rullo,30th Jul 2019,,Ali Hulk (extension Total Sit Start),9b,30-07-2019,Lead,worked,2019-07-30,2019.0,9b
Laura Rogora,25th Jul 2020,,Ali Hulk (extension Total Sit Start),9b,25-07-2020,Lead,worked,2020-07-25,2020.0,9b
Dani Fuertes,20th Sep 2020,9b,Ali Hulk (extension Total Sit Start),9b,20-09-2020,Lead,worked,2020-09-20,2020.0,9b
Dave Graham,29th Sep 2020,,Ali Hulk (extension Total Sit Start),9b,29-09-2020,Lead,worked,2020-09-29,2020.0,9b
Gonzalo Larrocha,11th Nov 2022,9a+,Ali Hulk (extension Total Sit Start),9b,11-11-2022,Lead,worked,2022-11-11,2022.0,9b
Dani Moreno,13th May 2023,9a,Ali Hulk (extension Total Sit Start),9b,13-05-2023,Lead,worked,2023-05-13,2023.0,9b
Enrique Beltrán Blasco,9th Jul 2024,9a,Ali Hulk (extension Total Sit Start),9b,09-07-2024,Lead,worked,2024-09-07,2024.0,9b
John Gaskins,2000,8B/8B+,Anaesthesia,8a+,19-11-2000,Boulder,worked,2000-11-19,2000.0,8a+
Ian Vickers,2001,8A+,Anaesthesia,8a+,19-11-2001,Boulder,worked,2001-11-19,2001.0,8a+
Gareth Parry,20th Mar 2007,,Anaesthesia,8a+,20-03-2007,Boulder,worked,2007-03-20,2007.0,8a+
Nick Clement,May 2007,,Anaesthesia,8a+,19-05-2007,Boulder,worked,2007-05-19,2007.0,8a+
James Noble,25th Oct 2019,,Anaesthesia,8a+,25-10-2019,Boulder,worked,2019-10-25,2019.0,8a+
Ben Freeman,29th Jul 2020,,Anaesthesia,8a+,29-07-2020,Boulder,worked,2020-07-29,2020.0,8a+
Dan Turner,20th Jun 2021,,Anaesthesia,8a+,20-06-2021,Boulder,worked,2021-06-20,2021.0,8a+
Jack Palmieri,15th Oct 2021,,Anaesthesia,8a+,15-10-2021,Boulder,worked,2021-10-15,2021.0,8a+
Tokio Muroi,,,Asagimadara,8c,,Boulder,worked,,,8c
Toru  Nakajima,Mar 2014,,Asagimadara,8c,19-03-2014,Boulder,worked,2014-03-19,2014.0,8c
Toshi Takeuchi,18th Oct 2015,,Asagimadara,8c,18-10-2015,Boulder,worked,2015-10-18,2015.0,8c
Adam Ondra,16th Mar 2016,,Asagimadara,8c,16-03-2016,Boulder,worked,2016-03-16,2016.0,8c
Ryuichi Murai,15th Oct 2016,,Asagimadara,8c,15-10-2016,Boulder,worked,2016-10-15,2016.0,8c
Keenan Takahashi,5th Nov 2019,,Asagimadara,8c,05-11-2019,Boulder,worked,2019-05-11,2019.0,8c
Tomoa Narasaki,21st Oct 2021,,Asagimadara,8c,21-10-2021,Boulder,worked,2021-10-21,2021.0,8c
Lee Sungsu,28th Apr 2024,,Asagimadara,8c,28-04-2024,Boulder,worked,2024-04-28,2024.0,8c
Jorg Verhoeven,,,Aslan,8b+,,Boulder,worked,,,8b+
Andrew Rothner,,,Aslan,8b+,,Boulder,worked,,,8b+
Jimmy Webb,,,Aslan,8b+,,Boulder,worked,,,8b+
Daniel Woods,,,Aslan,8b+,,Boulder,worked,,,8b+
Dave Graham,,,Aslan,8b+,,Boulder,worked,,,8b+
Jon Cardwell,,,Aslan,8b+,,Boulder,worked,,,8b+
Tyler Landman,,,Aslan,8b+,,Boulder,worked,,,8b+
Carlo Traversi,,,Aslan,8b+,,Boulder,worked,,,8b+
Johnny Woodward,14th Feb 1982,,Beau Geste,e7,14-02-1982,Lead,worked,1982-02-14,1982.0,7c+
Johnny Dawes,Apr 1986,,Beau Geste,e7,19-04-1986,Lead,flash,1986-04-19,1986.0,7c+
Mark Leach,Between 1st May 1986 and 1st Jan 1987,,Beau Geste,e7,,Lead,flash,,,7c+
Siebe Vanhee,2021,,Beau Geste,e7,19-11-2021,Lead,flash,2021-11-19,2021.0,7c+
Simon Nadin,,,Beau Geste,e7,,Lead,flash,,,7c+
Mark Leach,,,Beau Geste,e7,,Lead,worked,,,7c+
Neil Bentley,,,Beau Geste,e7,,Lead,worked,,,7c+
Ed Hamer,,,Beau Geste,e7,,Lead,worked,,,7c+
Taylor Parsons,8th Nov 2013,8C (soft),Belly Of The Beast,8b,08-11-2013,Boulder,worked,2013-08-11,2013.0,8b
Stefano Ghisolfi,22nd Mar 2014,8B+ (soft),Belly Of The Beast,8b,22-03-2014,Boulder,worked,2014-03-22,2014.0,8b
Ethan Walker,10th Apr 2014,8B+,Belly Of The Beast,8b,10-04-2014,Boulder,worked,2014-10-04,2014.0,8b
Alex Barrows,5th Aug 2017,8B,Belly Of The Beast,8b,05-08-2017,Boulder,worked,2017-05-08,2017.0,8b
Mathew Wright,28th Apr 2019,,Belly Of The Beast,8b,28-04-2019,Boulder,worked,2019-04-28,2019.0,8b
Buster Martin,1st Nov 2020,,Belly Of The Beast,8b,01-11-2020,Boulder,worked,2020-01-11,2020.0,8b
Dave MacLeod,Dec 2022,,Belly Of The Beast,8b,19-12-2022,Boulder,worked,2022-12-19,2022.0,8b
Sam Prior,19th Apr 2023,8B,Belly Of The Beast,8b,19-04-2023,Boulder,worked,2023-04-19,2023.0,8b
Dave Graham,27th Nov 2008,,Big Paw,8b+,27-11-2008,Boulder,worked,2008-11-27,2008.0,8b+
Micky Page,16th Dec 2010,,Big Paw,8b+,16-12-2010,Boulder,worked,2010-12-16,2010.0,8b+
Adam Ondra,29th Nov 2011,8B+/8C,Big Paw,8b+,29-11-2011,Boulder,worked,2011-11-29,2011.0,8b+
Ned Feehally,28th Feb 2017,,Big Paw,8b+,28-02-2017,Boulder,worked,2017-02-28,2017.0,8b+
David Fitzgerald,5th Apr 2018,,Big Paw,8b+,05-04-2018,Boulder,worked,2018-05-04,2018.0,8b+
Eliot Stephens,13th Nov 2019,,Big Paw,8b+,13-11-2019,Boulder,worked,2019-11-13,2019.0,8b+
Nico Pelorson,13th Nov 2022,,Big Paw,8b+,13-11-2022,Boulder,worked,2022-11-13,2022.0,8b+
Will Bosi,Dec 2022,,Big Paw,8b+,19-12-2022,Boulder,worked,2022-12-19,2022.0,8b+
Andy Earl,24th Jun 2007,8B,Blood Sport,8a+,24-06-2007,Boulder,worked,2007-06-24,2007.0,8a+
Adam Watson,16th Nov 2009,,Blood Sport,8a+,16-11-2009,Boulder,worked,2009-11-16,2009.0,8a+
Dave Mason,5th Feb 2011,8A+ (soft),Blood Sport,8a+,05-02-2011,Boulder,worked,2011-05-02,2011.0,8a+
Dan Turner,5th Feb 2017,8B,Blood Sport,8a+,05-02-2017,Boulder,worked,2017-05-02,2017.0,8a+
Ben Freeman,10th Mar 2017,8B,Blood Sport,8a+,10-03-2017,Boulder,worked,2017-10-03,2017.0,8a+
Alex Moore,20th Mar 2018,,Blood Sport,8a+,20-03-2018,Boulder,worked,2018-03-20,2018.0,8a+
Michiel Nieuwenhuijsen,2nd Oct 2018,8A+,Blood Sport,8a+,02-10-2018,Boulder,worked,2018-02-10,2018.0,8a+
Orrin Coley,26th Feb 2022,8A+,Blood Sport,8a+,26-02-2022,Boulder,worked,2022-02-26,2022.0,8a+
Dave Graham,8th Dec 2004,,Boogalagga,8b,08-12-2004,Boulder,worked,2004-08-12,2004.0,8b
Ben Freeman,23rd Feb 2014,,Boogalagga,8b,23-02-2014,Boulder,worked,2014-02-23,2014.0,8b
Anna Stöhr,2015,,Boogalagga,8b,19-11-2015,Boulder,worked,2015-11-19,2015.0,8b
Dan Turner,29th Mar 2015,,Boogalagga,8b,29-03-2015,Boulder,worked,2015-03-29,2015.0,8b
Eliot Stephens,3rd Nov 2016,,Boogalagga,8b,03-11-2016,Boulder,worked,2016-03-11,2016.0,8b
James Squire,15th Feb 2017,,Boogalagga,8b,15-02-2017,Boulder,worked,2017-02-15,2017.0,8b
Dave Barrans,17th Oct 2021,,Boogalagga,8b,17-10-2021,Boulder,worked,2021-10-17,2021.0,8b
Sergii Topishko,17th Dec 2021,,Boogalagga,8b,17-12-2021,Boulder,flash,2021-12-17,2021.0,8b
Chris Sharma,2nd Jan 2016,,Catalan Witness The Fitness,8b+,02-01-2016,Boulder,worked,2016-02-01,2016.0,8b+
Ignacio Sánchez González,Feb 2016,,Catalan Witness The Fitness,8b+,19-02-2016,Boulder,worked,2016-02-19,2016.0,8b+
Alberto Rocasolano Jaudenes,3rd Feb 2016,,Catalan Witness The Fitness,8b+,03-02-2016,Boulder,worked,2016-03-02,2016.0,8b+
Martin Stráník,24th Dec 2016,,Catalan Witness The Fitness,8b+,24-12-2016,Boulder,worked,2016-12-24,2016.0,8b+
Jakob Schubert,13th Jan 2018,,Catalan Witness The Fitness,8b+,13-01-2018,Boulder,flash,2018-01-13,2018.0,8b+
Jorge Díaz-Rullo,2020,,Catalan Witness The Fitness,8b+,19-11-2020,Boulder,worked,2020-11-19,2020.0,8b+
Felipe Camargo,2021,,Catalan Witness The Fitness,8b+,19-11-2021,Boulder,worked,2021-11-19,2021.0,8b+
Dave MacLeod,,,Catalan Witness The Fitness,8b+,,Boulder,worked,,,8b+
Daniel Woods,3rd Sep 2020,8B+,Dicktopia,8b+,03-09-2020,Boulder,worked,2020-03-09,2020.0,8b+
Drew Ruana,7th Oct 2020,,Dicktopia,8b+,07-10-2020,Boulder,worked,2020-07-10,2020.0,8b+
Austin Purdy,25th Apr 2021,8B+,Dicktopia,8b+,25-04-2021,Boulder,worked,2021-04-25,2021.0,8b+
Gordon Anderson,9th Jun 2021,8B+,Dicktopia,8b+,09-06-2021,Boulder,worked,2021-09-06,2021.0,8b+
Tristan Chen,16th Nov 2021,8B+,Dicktopia,8b+,16-11-2021,Boulder,worked,2021-11-16,2021.0,8b+
Paul Robinson,14th Dec 2021,,Dicktopia,8b+,14-12-2021,Boulder,worked,2021-12-14,2021.0,8b+
Everett Sloane,17th Nov 2023,8B+,Dicktopia,8b+,17-11-2023,Boulder,worked,2023-11-17,2023.0,8b+
Bobby Taft-Pittman,,8B+,Dicktopia,8b+,,Boulder,worked,,,8b+
Jerry Moffatt,1993,,Dominator,8a+,19-11-1993,Boulder,worked,1993-11-19,1993.0,8a+
Fred Nicole,1995,,Dominator,8a+,19-11-1995,Boulder,worked,1995-11-19,1995.0,8a+
Tim Clifford,2001,,Dominator,8a+,19-11-2001,Boulder,worked,2001-11-19,2001.0,8a+
Ben Moon,Before 1st Jan 2001,,Dominator,8a+,,Boulder,worked,,,8a+
Carlo Traversi,2020,,Dominator,8a+,19-11-2020,Boulder,worked,2020-11-19,2020.0,8a+
Katie Lamb,27th Apr 2021,8A+ (hard),Dominator,8a+,27-04-2021,Boulder,worked,2021-04-27,2021.0,8a+
Ben Moon,,,Dominator,8a+,,Boulder,worked,,,8a+
Chris Sharma,,,Dominator,8a+,,Boulder,worked,,,8a+
Nick Dixon,Apr 1986,,Doug,e8,19-04-1986,Solo,worked,1986-04-19,1986.0,8a+
Justin Critchlow,12th Feb 1994,,Doug,e8,12-02-1994,Solo,worked,1994-12-02,1994.0,8a+
Julian Lines,Between 13th Feb 1994 and 1st Jan 1998,,Doug,e8,,Solo,worked,,,8a+
Nik Jennings,2000,,Doug,e8,19-11-2000,Solo,flash,2000-11-19,2000.0,8a+
Mark Sharrat,2003,,Doug,e8,19-11-2003,Solo,worked,2003-11-19,2003.0,8a+
Chris Hudgins,2nd Apr 2004,,Doug,e8,02-04-2004,Solo,worked,2004-02-04,2004.0,8a+
Sam Whittaker,,,Doug,e8,,Solo,worked,,,8a+
Carlo Traversi,15th Oct 2020,9a+,Empath,9a,15-10-2020,Lead,worked,2020-10-15,2020.0,9a
Jimmy Webb,21st Oct 2020,9a+,Empath,9a,21-10-2020,Lead,worked,2020-10-21,2020.0,9a
Daniel Woods,Between 21st Oct 2020 and 1st Nov 2020,,Empath,9a,,Lead,worked,,,9a
Nathaniel Coleman,Between 21st Oct 2020 and 1st Nov 2020,,Empath,9a,,Lead,worked,,,9a
Ethan Pringle,Jun 2021,9a,Empath,9a,19-06-2021,Lead,worked,2021-06-19,2021.0,9a
Connor Herson,Jun 2021,9a,Empath,9a,19-06-2021,Lead,worked,2021-06-19,2021.0,9a
Keenan Takahashi,3rd Jun 2021,,Empath,9a,03-06-2021,Lead,worked,2021-03-06,2021.0,9a
Connor Herson,Jun 2022,,Empath,9a,19-06-2022,Lead,repeat,2022-06-19,2022.0,9a
Fred Nicole,2005,,Entlinge,8b+,19-11-2005,Boulder,worked,2005-11-19,2005.0,8b+
Bernd Zangerl,2009,,Entlinge,8b+,19-11-2009,Boulder,worked,2009-11-19,2009.0,8b+
Daniel Woods,28th Nov 2011,8B+,Entlinge,8b+,28-11-2011,Boulder,flash,2011-11-28,2011.0,8b+
Niccolò Ceria,14th Oct 2012,8B+ (soft),Entlinge,8b+,14-10-2012,Boulder,worked,2012-10-14,2012.0,8b+
Jimmy Webb,14th Apr 2014,8B,Entlinge,8b+,14-04-2014,Boulder,worked,2014-04-14,2014.0,8b+
Toby Saxton,9th Mar 2015,8B+,Entlinge,8b+,09-03-2015,Boulder,worked,2015-09-03,2015.0,8b+
Eliot Stephens,18th Nov 2019,8B+,Entlinge,8b+,18-11-2019,Boulder,worked,2019-11-18,2019.0,8b+
Michiel Nieuwenhuijsen,17th Jul 2024,,Entlinge,8b+,17-07-2024,Boulder,worked,2024-07-17,2024.0,8b+
Chris Sharma,26th Sep 2007,,Es Pontas,9a+,26-09-2007,Deep Water Solo,worked,2007-09-26,2007.0,9a+
Jernej Kruder,1st Nov 2016,,Es Pontas,9a+,01-11-2016,Deep Water Solo,worked,2016-01-11,2016.0,9a+
Jan Hojer,5th Oct 2018,,Es Pontas,9a+,05-10-2018,Deep Water Solo,worked,2018-05-10,2018.0,9a+
Jakob Schubert,21st Oct 2021,9a,Es Pontas,9a+,21-10-2021,Deep Water Solo,worked,2021-10-21,2021.0,9a+
Hannes Van Duysen,Oct 2024,,Es Pontas,9a+,19-10-2024,Deep Water Solo,worked,2024-10-19,2024.0,9a+
Léo Favot,5th Oct 2024,,Es Pontas,9a+,05-10-2024,Deep Water Solo,worked,2024-05-10,2024.0,9a+
Mejdi Schalck,23rd Oct 2024,,Es Pontas,9a+,23-10-2024,Deep Water Solo,worked,2024-10-23,2024.0,9a+
Kim Marschner,16th Feb 2022,8C,Forgotten Gem,8c,16-02-2022,Boulder,worked,2022-02-16,2022.0,8c
Aidan Roberts,19th Mar 2022,,Forgotten Gem,8c,19-03-2022,Boulder,worked,2022-03-19,2022.0,8c
Yannick Flohé,19th Mar 2022,8C,Forgotten Gem,8c,19-03-2022,Boulder,worked,2022-03-19,2022.0,8c
Will Bosi,6th Nov 2022,8C,Forgotten Gem,8c,06-11-2022,Boulder,worked,2022-06-11,2022.0,8c
Nico Pelorson,13th Nov 2022,8B+,Forgotten Gem,8c,13-11-2022,Boulder,worked,2022-11-13,2022.0,8c
Sam Weir,16th Mar 2024,,Forgotten Gem,8c,16-03-2024,Boulder,worked,2024-03-16,2024.0,8c
Max Milne,Nov 2024,,Forgotten Gem,8c,19-11-2024,Boulder,worked,2024-11-19,2024.0,8c
Francesco Berardino,,,Forgotten Gem,8c,,Boulder,worked,,,8c
Ben Bransby,Oct 2002,,Freerider,7c+,19-10-2002,Alternate Leads,worked,2002-10-19,2002.0,7c+
Ivan Tresch,Oct 2002,,Freerider,7c+,19-10-2002,Alternate Leads,worked,2002-10-19,2002.0,7c+
Steph Davis,24th Apr 2004,,Freerider,7c+,24-04-2004,Lead,worked,2004-04-24,2004.0,7c+
Jacob Cook,1st Jun 2015,,Freerider,7c+,01-06-2015,Lead,worked,2015-01-06,2015.0,7c+
Calum Coldwell-Story,Oct 2016,,Freerider,7c+,19-10-2016,Lead,worked,2016-10-19,2016.0,7c+
Alex Honnold,3rd Jun 2017,,Freerider,7c+,03-06-2017,Solo,worked,2017-03-06,2017.0,7c+
Amity Warme,10th Apr 2022,,Freerider,7c+,10-04-2022,Lead,worked,2022-10-04,2022.0,7c+
Buck Yedor,,,Freerider,7c+,,Lead,ground up,,,7c+
Dave Graham,2012,,Golden Shadow,8b+,19-11-2012,Boulder,worked,2012-11-19,2012.0,8b+
Fabian Buhl,12th Aug 2012,,Golden Shadow,8b+,12-08-2012,Boulder,worked,2012-12-08,2012.0,8b+
Ashima Shiraishi,15th Jul 2014,,Golden Shadow,8b+,15-07-2014,Boulder,worked,2014-07-15,2014.0,8b+
James Noble,30th Aug 2015,,Golden Shadow,8b+,30-08-2015,Boulder,worked,2015-08-30,2015.0,8b+
Eliot Stephens,4th Jul 2017,,Golden Shadow,8b+,04-07-2017,Boulder,worked,2017-04-07,2017.0,8b+
Oriane Bertone,23rd Jan 2018,,Golden Shadow,8b+,23-01-2018,Boulder,worked,2018-01-23,2018.0,8b+
James Squire,17th Jun 2018,,Golden Shadow,8b+,17-06-2018,Boulder,worked,2018-06-17,2018.0,8b+
Solly Kemball-Dorey,23rd Jun 2023,,Golden Shadow,8b+,23-06-2023,Boulder,worked,2023-06-23,2023.0,8b+
Nick Dixon,24th May 1997,,Gribin Wall Climb,e9,24-05-1997,Lead,worked,1997-05-24,1997.0,8b
Neil Gresham,Between 24th May 1997 and 1st Sep 2016,,Gribin Wall Climb,e9,,Lead,worked,,,8b
John Dunne,Between 24th May 1997 and 1st Sep 2016,,Gribin Wall Climb,e9,,Lead,worked,,,8b
James McHaffie,2013,,Gribin Wall Climb,e9,19-11-2013,Lead,worked,2013-11-19,2013.0,8b
Angus Kille,Aug 2016,,Gribin Wall Climb,e9,19-08-2016,Lead,worked,2016-08-19,2016.0,8b
Ed Booth,10th Oct 2018,,Gribin Wall Climb,e9,10-10-2018,Lead,worked,2018-10-10,2018.0,8b
Morus Sanderson,May 2023,,Gribin Wall Climb,e9,19-05-2023,Lead,worked,2023-05-19,2023.0,8b
Nathan Lee,26th Jul 2024,,Gribin Wall Climb,e9,26-07-2024,Lead,worked,2024-07-26,2024.0,8b
Steve McClure,Sep 2004,,Hajj,8c,19-09-2004,Lead,worked,2004-09-19,2004.0,8c
Paul Smitton,21st Sep 2009,,Hajj,8c,21-09-2009,Lead,worked,2009-09-21,2009.0,8c
Ted Kingsnorth,2015,,Hajj,8c,19-11-2015,Lead,worked,2015-11-19,2015.0,8c
Haydn Jones,2nd Jan 2017,,Hajj,8c,02-01-2017,Lead,worked,2017-02-01,2017.0,8c
Ethan Walker,1st Aug 2017,,Hajj,8c,01-08-2017,Lead,worked,2017-01-08,2017.0,8c
Mathew Wright,29th Sep 2019,,Hajj,8c,29-09-2019,Lead,worked,2019-09-29,2019.0,8c
Alex Norton,1st Oct 2021,,Hajj,8c,01-10-2021,Lead,worked,2021-01-10,2021.0,8c
Dave McLoughlin,,,Hajj,8c,,Lead,worked,,,8c
Giuliano Cameroni,1st Aug 2017,,Hazel Grace Stand Start,8b+,01-08-2017,Boulder,worked,2017-01-08,2017.0,8b+
Sam Weir,11th Aug 2021,,Hazel Grace Stand Start,8b+,11-08-2021,Boulder,worked,2021-11-08,2021.0,8b+
Will Bosi,27th Sep 2021,,Hazel Grace Stand Start,8b+,27-09-2021,Boulder,worked,2021-09-27,2021.0,8b+
Aidan Roberts,2022,,Hazel Grace Stand Start,8b+,19-11-2022,Boulder,worked,2022-11-19,2022.0,8b+
Stefano Carnati,2nd Aug 2022,,Hazel Grace Stand Start,8b+,02-08-2022,Boulder,worked,2022-02-08,2022.0,8b+
Diego Cameroni,30th Jul 2023,,Hazel Grace Stand Start,8b+,30-07-2023,Boulder,worked,2023-07-30,2023.0,8b+
Shauna Coxsey,3rd Jan 2024,,Hazel Grace Stand Start,8b+,03-01-2024,Boulder,worked,2024-03-01,2024.0,8b+
Mark Brand,20th Sep 2024,,Hazel Grace Stand Start,8b+,20-09-2024,Boulder,worked,2024-09-20,2024.0,8b+
Fred Rouhling,Dec 1993,,Hugh,9a,19-12-1993,Lead,worked,1993-12-19,1993.0,9a
Pierre Bollinger,6th Apr 2002,,Hugh,9a,06-04-2002,Lead,worked,2002-06-04,2002.0,9a
Dai Koyamada,1st Nov 2002,,Hugh,9a,01-11-2002,Lead,worked,2002-01-11,2002.0,9a
Stevie Haston,Apr 2010,,Hugh,9a,19-04-2010,Lead,worked,2010-04-19,2010.0,9a
Sébastien Bouin,2020,,Hugh,9a,19-11-2020,Lead,worked,2020-11-19,2020.0,9a
Edwin Gaufrès,Oct 2022,,Hugh,9a,19-10-2022,Lead,worked,2022-10-19,2022.0,9a
Joshua Forteau,,,Hugh,9a,,Lead,worked,,,9a
Dave Birkett,May 1999,E9,Impact Day,e8,19-05-1999,Lead,worked,1999-05-19,1999.0,8a+
John Dunne,Jul 1999,E8,Impact Day,e8,19-07-1999,Lead,worked,1999-07-19,1999.0,8a+
Dave MacLeod,2007,,Impact Day,e8,19-11-2007,Lead,worked,2007-11-19,2007.0,8a+
Emma Twyford,Jul 2015,,Impact Day,e8,19-07-2015,Lead,worked,2015-07-19,2015.0,8a+
Steve McClure,19th Jun 2021,,Impact Day,e8,19-06-2021,Lead,flash,2021-06-19,2021.0,8a+
Hazel Findlay,Sep 2021,,Impact Day,e8,19-09-2021,Lead,worked,2021-09-19,2021.0,8a+
Robbie Phillips,2022,,Impact Day,e8,19-11-2022,Lead,worked,2022-11-19,2022.0,8a+
Daniel Woods,27th Dec 2016,,Jumpman,8b+,27-12-2016,Boulder,worked,2016-12-27,2016.0,8b+
Jimmy Webb,21st Jan 2017,,Jumpman,8b+,21-01-2017,Boulder,worked,2017-01-21,2017.0,8b+
Paul Robinson,26th Feb 2018,,Jumpman,8b+,26-02-2018,Boulder,worked,2018-02-26,2018.0,8b+
Andre Branchizio,16th Dec 2018,,Jumpman,8b+,16-12-2018,Lead,worked,2018-12-16,2018.0,8b+
Tristan Chen,17th Mar 2020,,Jumpman,8b+,17-03-2020,Boulder,worked,2020-03-17,2020.0,8b+
Ben Blackmore,2022,,Jumpman,8b+,19-11-2022,Boulder,worked,2022-11-19,2022.0,8b+
Liam Andrews-Bancroft,,,Jumpman,8b+,,Boulder,worked,,,8b+
Jack Felix,,,Jumpman,8b+,,Boulder,worked,,,8b+
Henry Henderson,29th Apr 2023,,Keen Roof   Nachos Start,8b,29-04-2023,Boulder,worked,2023-04-29,2023.0,8b
Leon Joyce,29th Sep 2023,,Keen Roof   Nachos Start,8b,29-09-2023,Boulder,worked,2023-09-29,2023.0,8b
Rob Cook,19th Feb 2024,,Keen Roof   Nachos Start,8b,19-02-2024,Boulder,worked,2024-02-19,2024.0,8b
Dave Parry,28th Jun 2024,,Keen Roof   Nachos Start,8b,28-06-2024,Boulder,worked,2024-06-28,2024.0,8b
Hayato Furusugi,11th Sep 2024,,Keen Roof   Nachos Start,8b,11-09-2024,Boulder,worked,2024-11-09,2024.0,8b
Orrin Coley,,,Keen Roof   Nachos Start,8b,,Boulder,worked,,,8b
Jack Palmieri,,,Keen Roof   Nachos Start,8b,,Boulder,worked,,,8b
Mathew Wright,,,Keen Roof   Nachos Start,8b,,Boulder,worked,,,8b
Lionel Clerc,Between 1st Jan 2005 and 1st Jan 2007,9a,La Cabane Au Canada,9a,,Lead,worked,,,9a
Pirmin Bertle,28th Jul 2010,,La Cabane Au Canada,9a,28-07-2010,Lead,worked,2010-07-28,2010.0,9a
Adam Ondra,9th Jul 2013,8c+,La Cabane Au Canada,9a,09-07-2013,Lead,onsight,2013-09-07,2013.0,9a
Julia Chanourdie,Aug 2018,,La Cabane Au Canada,9a,19-08-2018,Lead,worked,2018-08-19,2018.0,9a
Katherine Choong,21st Aug 2018,,La Cabane Au Canada,9a,21-08-2018,Lead,worked,2018-08-21,2018.0,9a
Pete Dawson,12th Sep 2019,9a,La Cabane Au Canada,9a,12-09-2019,Lead,worked,2019-12-09,2019.0,9a
Solveig Korherr,23rd Aug 2021,,La Cabane Au Canada,9a,23-08-2021,Lead,worked,2021-08-23,2021.0,9a
Arlo Rogers,29th Jul 2024,8c+ (hard),La Cabane Au Canada,9a,29-07-2024,Lead,worked,2024-07-29,2024.0,9a
Daniel Woods,15th Oct 2011,,La Force Tranquille,8c,15-10-2011,Boulder,worked,2011-10-15,2011.0,8c
Nalle Hukkataival,17th Jun 2013,,La Force Tranquille,8c,17-06-2013,Boulder,worked,2013-06-17,2013.0,8c
Simon Lorenzi,2021,,La Force Tranquille,8c,19-11-2021,Boulder,worked,2021-11-19,2021.0,8c
Giuliano Cameroni,19th Jun 2021,,La Force Tranquille,8c,19-06-2021,Boulder,worked,2021-06-19,2021.0,8c
Nico Pelorson,13th Sep 2022,8C,La Force Tranquille,8c,13-09-2022,Boulder,worked,2022-09-13,2022.0,8c
Clément Lechaptois,12th Jun 2023,,La Force Tranquille,8c,12-06-2023,Boulder,worked,2023-12-06,2023.0,8c
Florian Wientjes,26th May 2024,,La Force Tranquille,8c,26-05-2024,Boulder,worked,2024-05-26,2024.0,8c
Alex Khazanov,29th Oct 2024,,La Force Tranquille,8c,29-10-2024,Boulder,worked,2024-10-29,2024.0,8c
Enzo Oddo,2011,,La Moustache Qui Fâche,9a+,19-11-2011,Lead,worked,2011-11-19,2011.0,9a+
Stefano Ghisolfi,23rd Aug 2014,,La Moustache Qui Fâche,9a+,23-08-2014,Lead,worked,2014-08-23,2014.0,9a+
Hugo Parmentier,Aug 2019,,La Moustache Qui Fâche,9a+,19-08-2019,Lead,worked,2019-08-19,2019.0,9a+
Sébastien Bouin,28th Aug 2020,,La Moustache Qui Fâche,9a+,28-08-2020,Lead,worked,2020-08-28,2020.0,9a+
Tanguy Merard,19th Jul 2021,,La Moustache Qui Fâche,9a+,19-07-2021,Lead,worked,2021-07-19,2021.0,9a+
Nao Monchois,8th Jul 2022,,La Moustache Qui Fâche,9a+,08-07-2022,Lead,worked,2022-08-07,2022.0,9a+
Yannis Gautier,Aug 2022,,La Moustache Qui Fâche,9a+,19-08-2022,Lead,worked,2022-08-19,2022.0,9a+
Stefano Carnati,12th Aug 2022,,La Moustache Qui Fâche,9a+,12-08-2022,Lead,worked,2022-12-08,2022.0,9a+
Adam Ondra,7th Apr 2011,,La Planta De Shiva,9b,07-04-2011,Lead,worked,2011-07-04,2011.0,9b
Jakob Schubert,9th Jan 2016,,La Planta De Shiva,9b,09-01-2016,Lead,worked,2016-09-01,2016.0,9b
Angela Eiter,22nd Oct 2017,,La Planta De Shiva,9b,22-10-2017,Lead,worked,2017-10-22,2017.0,9b
Jonathan Siegrest,5th May 2019,,La Planta De Shiva,9b,05-05-2019,Lead,worked,2019-05-05,2019.0,9b
Jorge Díaz-Rullo,28th May 2019,,La Planta De Shiva,9b,28-05-2019,Lead,worked,2019-05-28,2019.0,9b
Jonatan Flor,7th Dec 2020,,La Planta De Shiva,9b,07-12-2020,Lead,worked,2020-07-12,2020.0,9b
Anak Verhoeven,15th May 2024,,La Planta De Shiva,9b,15-05-2024,Lead,worked,2024-05-15,2024.0,9b
Anak Verhoeven,21st May 2024,,La Planta De Shiva,9b,21-05-2024,Lead,repeat,2024-05-21,2024.0,9b
Jimmy Webb,7th Apr 2013,,La Rustica,8c,07-04-2013,Boulder,worked,2013-07-04,2013.0,8c
Nalle Hukkataival,Oct 2018,8C,La Rustica,8c,19-10-2018,Boulder,worked,2018-10-19,2018.0,8c
Daniel Woods,6th May 2019,,La Rustica,8c,06-05-2019,Boulder,worked,2019-06-05,2019.0,8c
Giuliano Cameroni,10th Apr 2021,,La Rustica,8c,10-04-2021,Boulder,worked,2021-10-04,2021.0,8c
Jernej Kruder,16th Dec 2021,,La Rustica,8c,16-12-2021,Boulder,worked,2021-12-16,2021.0,8c
Sergii Topishko,31st Dec 2021,,La Rustica,8c,31-12-2021,Boulder,worked,2021-12-31,2021.0,8c
Dave Graham,2nd Apr 2022,,La Rustica,8c,02-04-2022,Boulder,worked,2022-02-04,2022.0,8c
Jonas Winter,,,La Rustica,8c,,Boulder,worked,,,8c
Elijah Kiser,Between 20th Feb 2021 and 15th Mar 2024,8B+,Levity,8b+,,Boulder,worked,,,8b+
Matt Nunes,23rd Apr 2021,8B+ (soft),Levity,8b+,23-04-2021,Boulder,worked,2021-04-23,2021.0,8b+
Taylor McNeill,9th Nov 2021,8B+,Levity,8b+,09-11-2021,Boulder,worked,2021-09-11,2021.0,8b+
Davis Stewart,,,Levity,8b+,,Boulder,worked,,,8b+
Henry Ritterpusch,,,Levity,8b+,,Boulder,worked,,,8b+
Isaac Dunk,,,Levity,8b+,,Boulder,worked,,,8b+
Tyler Thompson,,,Levity,8b+,,Boulder,worked,,,8b+
Nicolas Bass,,,Levity,8b+,,Boulder,worked,,,8b+
Jerry Moffatt,30th Mar 1990,8c,Liquid Ambar,8c+,30-03-1990,Lead,worked,1990-03-30,1990.0,8c+
Ben Moon,1991,,Liquid Ambar,8c+,19-11-1991,Lead,worked,1991-11-19,1991.0,8c+
Richard Simpson,15th Jun 2004,8c,Liquid Ambar,8c+,15-06-2004,Lead,worked,2004-06-15,2004.0,8c+
Pete Robins,25th Aug 2009,,Liquid Ambar,8c+,25-08-2009,Lead,worked,2009-08-25,2009.0,8c+
Kieran Forrest,6th Jul 2020,,Liquid Ambar,8c+,06-07-2020,Lead,worked,2020-06-07,2020.0,8c+
Ron Fawcett,26th Jun 1979,,Lord Of The Flies,e6,26-06-1979,Lead,worked,1979-06-26,1979.0,7b+
Dave Thomas,1986,,Lord Of The Flies,e6,19-11-1986,Lead,onsight,1986-11-19,1986.0,7b+
Dave Thomas,Aug 1990,,Lord Of The Flies,e6,19-08-1990,Solo,repeat,1990-08-19,1990.0,7b+
Felicity Butler,1993,,Lord Of The Flies,e6,19-11-1993,Lead,onsight,1993-11-19,1993.0,7b+
Leo Houlding,1998,,Lord Of The Flies,e6,19-11-1998,Lead,repeat,1998-11-19,1998.0,7b+
Rachel Pearce,14th Jul 2022,,Lord Of The Flies,e6,14-07-2022,Lead,onsight,2022-07-14,2022.0,7b+
Jude Spancken,,,Lord Of The Flies,e6,,Lead,onsight,,,7b+
Phil Davidson,,,Lord Of The Flies,e6,,Lead,onsight,,,7b+
John Dunne,1988,,Magnetic Fields,8b,19-11-1988,Lead,worked,1988-11-19,1988.0,8b
Mark Leach,Before 1st Jan 1991,,Magnetic Fields,8b,,Lead,worked,,,8b
Tony Mitchell,Before 1st Jan 1991,,Magnetic Fields,8b,,Lead,worked,,,8b
Dave Cuthbertson,Before 1st Jan 1991,,Magnetic Fields,8b,,Lead,worked,,,8b
Malcolm Smith,4th May 1991,,Magnetic Fields,8b,04-05-1991,Lead,worked,1991-04-05,1991.0,8b
John Gaskins,1992,,Magnetic Fields,8b,19-11-1992,Lead,worked,1992-11-19,1992.0,8b
Stewart Watson,1st Jan 2002,,Magnetic Fields,8b,01-01-2002,Lead,worked,2002-01-01,2002.0,8b
Adam Ondra,29th Apr 2010,,Magnetic Fields,8b,29-04-2010,Lead,onsight,2010-04-29,2010.0,8b
Sébastien Frigault,,,Mécanique Élémentaire,8b+,,Boulder,worked,,,8b+
Kevin Lopata,29th Dec 2015,,Mécanique Élémentaire,8b+,29-12-2015,Boulder,worked,2015-12-29,2015.0,8b+
Mélissa Le Nevé,16th Mar 2017,,Mécanique Élémentaire,8b+,16-03-2017,Boulder,worked,2017-03-16,2017.0,8b+
Mejdi Schalck,7th Nov 2021,,Mécanique Élémentaire,8b+,07-11-2021,Boulder,worked,2021-07-11,2021.0,8b+
Hannes Van Duysen,17th Apr 2022,,Mécanique Élémentaire,8b+,17-04-2022,Boulder,worked,2022-04-17,2022.0,8b+
Staša Gejo,5th Nov 2022,,Mécanique Élémentaire,8b+,05-11-2022,Boulder,worked,2022-05-11,2022.0,8b+
Tim Würthner,21st Apr 2023,,Mécanique Élémentaire,8b+,21-04-2023,Boulder,worked,2023-04-21,2023.0,8b+
Ben Blackmore,,,Mécanique Élémentaire,8b+,,Boulder,worked,,,8b+
Alex Waterhouse,2016,,Merlins Beard,8b,19-11-2016,Boulder,worked,2016-11-19,2016.0,8b
Pete Dawson,8th Apr 2018,,Merlins Beard,8b,08-04-2018,Boulder,worked,2018-08-04,2018.0,8b
Shauna Coxsey,21st Sep 2019,,Merlins Beard,8b,21-09-2019,Boulder,worked,2019-09-21,2019.0,8b
Solly Kemball-Dorey,2020,,Merlins Beard,8b,19-11-2020,Boulder,worked,2020-11-19,2020.0,8b
Brad Bushell,2023,,Merlins Beard,8b,19-11-2023,Boulder,worked,2023-11-19,2023.0,8b
Jack Palmieri,24th Aug 2023,,Merlins Beard,8b,24-08-2023,Boulder,worked,2023-08-24,2023.0,8b
Hayato Furusugi,18th Jun 2024,,Merlins Beard,8b,18-06-2024,Boulder,worked,2024-06-18,2024.0,8b
Jamie Rankin,27th Jun 2024,,Merlins Beard,8b,27-06-2024,Boulder,worked,2024-06-27,2024.0,8b
Jimmy Webb,1st Jul 2019,,Moon Shadow,8b,01-07-2019,Boulder,worked,2019-01-07,2019.0,8b
Sergei Skorodumov,4th Jul 2021,,Moon Shadow,8b,04-07-2021,Boulder,flash,2021-04-07,2021.0,8b
Piotr Schab,20th Jun 2023,,Moon Shadow,8b,20-06-2023,Boulder,flash,2023-06-20,2023.0,8b
Adam Shahar,Jul 2023,,Moon Shadow,8b,19-07-2023,Boulder,flash,2023-07-19,2023.0,8b
Nils Favre,Jul 2024,,Moon Shadow,8b,19-07-2024,Boulder,flash,2024-07-19,2024.0,8b
Piotr Oleszczuk,19th Jul 2024,,Moon Shadow,8b,19-07-2024,Boulder,flash,2024-07-19,2024.0,8b
Georg Parma,12th Aug 2024,,Moon Shadow,8b,12-08-2024,Boulder,flash,2024-12-08,2024.0,8b
Diego Cameroni,16th Aug 2024,,Moon Shadow,8b,16-08-2024,Boulder,flash,2024-08-16,2024.0,8b
Brooke Raboutou,3rd May 2020,,Muscle Car,8b+,03-05-2020,Boulder,worked,2020-03-05,2020.0,8b+
Zach Arenberg,14th Nov 2020,,Muscle Car,8b+,14-11-2020,Boulder,worked,2020-11-14,2020.0,8b+
Colin Duffy,6th Nov 2022,,Muscle Car,8b+,06-11-2022,Boulder,worked,2022-06-11,2022.0,8b+
Kelly Birch,14th Nov 2023,,Muscle Car,8b+,14-11-2023,Boulder,worked,2023-11-14,2023.0,8b+
Ilias Hosain,11th Oct 2024,,Muscle Car,8b+,11-10-2024,Boulder,worked,2024-11-10,2024.0,8b+
Beckett Hsin,25th Oct 2024,,Muscle Car,8b+,25-10-2024,Boulder,worked,2024-10-25,2024.0,8b+
Liam Andrews-Bancroft,,,Muscle Car,8b+,,Boulder,worked,,,8b+
Fitz Allen,,,Muscle Car,8b+,,Boulder,worked,,,8b+
Chris Sharma,17th Mar 1997,,Necessary Evil,8c+,17-03-1997,Lead,worked,1997-03-17,1997.0,8c+
Tommy Caldwell,1998,,Necessary Evil,8c+,19-11-1998,Lead,worked,1998-11-19,1998.0,8c+
Dave Graham,20th Nov 2001,,Necessary Evil,8c+,20-11-2001,Lead,worked,2001-11-20,2001.0,8c+
James Litz,19th Dec 2004,,Necessary Evil,8c+,19-12-2004,Lead,worked,2004-12-19,2004.0,8c+
Daniel Woods,28th Oct 2006,,Necessary Evil,8c+,28-10-2006,Lead,worked,2006-10-28,2006.0,8c+
Mike Doyle,13th Feb 2015,,Necessary Evil,8c+,13-02-2015,Lead,worked,2015-02-13,2015.0,8c+
Adam Ondra,24th Feb 2015,,Necessary Evil,8c+,24-02-2015,Lead,worked,2015-02-24,2015.0,8c+
Paige Classen,Feb 2018,,Necessary Evil,8c+,19-02-2018,Lead,worked,2018-02-19,2018.0,8c+
Steve McClure,18th Jul 2000,,Northern Lights,9a,18-07-2000,Lead,worked,2000-07-18,2000.0,9a
Adam Ondra,3rd May 2010,,Northern Lights,9a,03-05-2010,Lead,worked,2010-03-05,2010.0,9a
Alex Megos,5th Jun 2016,,Northern Lights,9a,05-06-2016,Lead,worked,2016-05-06,2016.0,9a
Will Bosi,11th Jun 2021,,Northern Lights,9a,11-06-2021,Lead,worked,2021-11-06,2021.0,9a
Josh Ibbertson,27th Aug 2021,,Northern Lights,9a,27-08-2021,Lead,worked,2021-08-27,2021.0,9a
Pete Dawson,20th Aug 2022,,Northern Lights,9a,20-08-2022,Lead,worked,2022-08-20,2022.0,9a
Julian Lines,22nd Jun 1992,,Obsession Fatale,e8,22-06-1992,Solo,worked,1992-06-22,1992.0,8a+
Sam Whittaker,1996,,Obsession Fatale,e8,19-11-1996,Solo,worked,1996-11-19,1996.0,8a+
Ben Heason,1996,,Obsession Fatale,e8,19-11-1996,Solo,worked,1996-11-19,1996.0,8a+
Mark Sharrat,Jan 2001,,Obsession Fatale,e8,19-01-2001,Solo,worked,2001-01-19,2001.0,8a+
Sam Barstow,19th Oct 2024,,Obsession Fatale,e8,19-10-2024,Solo,worked,2024-10-19,2024.0,8a+
Andy Popp,,,Obsession Fatale,e8,,Solo,worked,,,8a+
Andy Popp,,,Obsession Fatale,e8,,Top Rope,worked,,,8a+
Nick Dixon,1984,,One Chromosomes Missing,e7,19-11-1984,Lead,worked,1984-11-19,1984.0,7c+
Seb Grieve,Apr 1994,,One Chromosomes Missing,e7,19-04-1994,Lead,worked,1994-04-19,1994.0,7c+
Pete Robins,1998,,One Chromosomes Missing,e7,19-11-1998,Lead,worked,1998-11-19,1998.0,7c+
Ben Tetler,1st May 1999,,One Chromosomes Missing,e7,01-05-1999,Solo,onsight,1999-01-05,1999.0,7c+
Andi Turner,2006,,One Chromosomes Missing,e7,19-11-2006,Lead,worked,2006-11-19,2006.0,7c+
Mark Sharrat,2006,,One Chromosomes Missing,e7,19-11-2006,Lead,worked,2006-11-19,2006.0,7c+
Neil Kershaw,2010,,One Chromosomes Missing,e7,19-11-2010,Lead,flash,2010-11-19,2010.0,7c+
Andy Reeve,14th Sep 2013,,One Chromosomes Missing,e7,14-09-2013,Lead,flash,2013-09-14,2013.0,7c+
Eneko Pou,Aug 2009,,Orbayu,8c,19-08-2009,Alternate Leads,worked,2009-08-19,2009.0,8c
Iker Pou,Aug 2009,,Orbayu,8c,19-08-2009,Alternate Leads,worked,2009-08-19,2009.0,8c
Nicolas Favresse,Aug 2011,,Orbayu,8c,19-08-2011,Lead,worked,2011-08-19,2011.0,8c
Adam Pustelnik,Aug 2011,,Orbayu,8c,19-08-2011,Lead,worked,2011-08-19,2011.0,8c
Cédric Lachat,9th Jul 2014,,Orbayu,8c,09-07-2014,Lead,worked,2014-09-07,2014.0,8c
Eduard Marin,2016,,Orbayu,8c,19-11-2016,Lead,worked,2016-11-19,2016.0,8c
Siebe Vanhee,25th Jul 2020,,Orbayu,8c,25-07-2020,Lead,worked,2020-07-25,2020.0,8c
Sébastien Berthe,25th Aug 2023,,Orbayu,8c,25-08-2023,Lead,worked,2023-08-25,2023.0,8c
Paul Smitton,2010,,Pedigree Chum,8c+,19-11-2010,Boulder,worked,2010-11-19,2010.0,8c+
Steve McClure,2010,,Pedigree Chum,8c+,19-11-2010,Boulder,worked,2010-11-19,2010.0,8c+
Neil Mawson,25th Aug 2011,,Pedigree Chum,8c+,25-08-2011,Boulder,worked,2011-08-25,2011.0,8c+
Pete Dawson,23rd Aug 2020,,Pedigree Chum,8c+,23-08-2020,Boulder,worked,2020-08-23,2020.0,8c+
Haydn Jones,31st Aug 2020,,Pedigree Chum,8c+,31-08-2020,Boulder,worked,2020-08-31,2020.0,8c+
Mathew Wright,1st Feb 2022,,Pedigree Chum,8c+,01-02-2022,Boulder,worked,2022-01-02,2022.0,8c+
Felix Wilkins,11th Sep 2022,,Pedigree Chum,8c+,11-09-2022,Boulder,worked,2022-11-09,2022.0,8c+
Ryan Pasquill,,,Pedigree Chum,8c+,,Boulder,worked,,,8c+
Iker Pou,Sep 2020,,Rayu,8c,19-09-2020,Alternate Leads,worked,2020-09-19,2020.0,8c
Kico Cerdá,Sep 2020,,Rayu,8c,19-09-2020,Alternate Leads,worked,2020-09-19,2020.0,8c
Eneko Pou,Sep 2020,,Rayu,8c,19-09-2020,Alternate Leads,worked,2020-09-19,2020.0,8c
Matilda Söderlund,13th Sep 2022,,Rayu,8c,13-09-2022,Alternate Leads,worked,2022-09-13,2022.0,8c
Sasha DiGiulian,13th Sep 2022,,Rayu,8c,13-09-2022,Alternate Leads,worked,2022-09-13,2022.0,8c
Brette Harrington,13th Sep 2022,,Rayu,8c,13-09-2022,Alternate Leads,worked,2022-09-13,2022.0,8c
Siebe Vanhee,Aug 2023,,Rayu,8c,19-08-2023,Alternate Leads,worked,2023-08-19,2023.0,8c
Sébastien Berthe,Aug 2023,,Rayu,8c,19-08-2023,Alternate Leads,flash,2023-08-19,2023.0,8c
Steve Dunning,2004,8B+,Rhythm,8a+,19-11-2004,Boulder,worked,2004-11-19,2004.0,8a+
Dan Varian,2011,,Rhythm,8a+,19-11-2011,Boulder,worked,2011-11-19,2011.0,8a+
Ben Freeman,30th Nov 2013,,Rhythm,8a+,30-11-2013,Boulder,worked,2013-11-30,2013.0,8a+
Dan Turner,4th Dec 2013,,Rhythm,8a+,04-12-2013,Boulder,worked,2013-04-12,2013.0,8a+
Tom Newman,21st Jan 2016,8A+,Rhythm,8a+,21-01-2016,Boulder,worked,2016-01-21,2016.0,8a+
Dave Mason,26th Jan 2018,8A+ (hard),Rhythm,8a+,26-01-2018,Boulder,worked,2018-01-26,2018.0,8a+
Will Buck,,,Rhythm,8a+,,Boulder,worked,,,8a+
Mark Katz,,,Rhythm,8a+,,Boulder,worked,,,8a+
Dave MacLeod,Feb 2006,,Sanction,8b,19-02-2006,Boulder,worked,2006-02-19,2006.0,8b
Mark McQuade,5th Mar 2010,,Sanction,8b,05-03-2010,Boulder,worked,2010-05-03,2010.0,8b
Hamish Potokar,28th Apr 2018,,Sanction,8b,28-04-2018,Boulder,worked,2018-04-28,2018.0,8b
Fraser Moodie,19th Sep 2021,,Sanction,8b,19-09-2021,Boulder,worked,2021-09-19,2021.0,8b
Rhys Langlands,15th Apr 2022,,Sanction,8b,15-04-2022,Boulder,worked,2022-04-15,2022.0,8b
Mathew Wright,2nd Jul 2024,,Sanction,8b,02-07-2024,Boulder,worked,2024-02-07,2024.0,8b
Angus Davidson,15th Sep 2024,,Sanction,8b,15-09-2024,Boulder,worked,2024-09-15,2024.0,8b
Lewis Roy,,,Sanction,8b,,Boulder,worked,,,8b
Dave Graham,7th Apr 2000,,The Fly,9a,07-04-2000,Lead,worked,2000-07-04,2000.0,9a
Luke Parady,27th Apr 2001,,The Fly,9a,27-04-2001,Lead,worked,2001-04-27,2001.0,9a
Tony Lamiche,10th Oct 2003,,The Fly,9a,10-10-2003,Lead,worked,2003-10-10,2003.0,9a
Chris Sharma,30th Oct 2003,,The Fly,9a,30-10-2003,Lead,worked,2003-10-30,2003.0,9a
Jason Kehl,7th Nov 2003,,The Fly,9a,07-11-2003,Solo,worked,2003-07-11,2003.0,9a
Kevin Jorgeson,12th Apr 2008,8B+,The Fly,9a,12-04-2008,Solo,worked,2008-12-04,2008.0,9a
Sam Weir,2019,,The Fly,9a,19-11-2019,Lead,worked,2019-11-19,2019.0,9a
Alex Waterhouse,3rd Apr 2019,8B,The Fly,9a,03-04-2019,Lead,worked,2019-03-04,2019.0,9a
Tony Lamiche,,,The Mandala Sds,8b+,,Boulder,worked,,,8b+
Kevin Jorgeson,14th Oct 2007,,The Mandala Sds,8b+,14-10-2007,Boulder,worked,2007-10-14,2007.0,8b+
Brian Hedrick,20th Nov 2010,8B,The Mandala Sds,8b+,20-11-2010,Boulder,worked,2010-11-20,2010.0,8b+
Tim Palmer,Mar 2012,,The Mandala Sds,8b+,19-03-2012,Boulder,worked,2012-03-19,2012.0,8b+
Liam Vance,30th Dec 2016,,The Mandala Sds,8b+,30-12-2016,Boulder,worked,2016-12-30,2016.0,8b+
Drew Ruana,2022,,The Mandala Sds,8b+,19-11-2022,Boulder,worked,2022-11-19,2022.0,8b+
Shawn Raboutou,,,The Mandala Sds,8b+,,Boulder,worked,,,8b+
Matt Birch,,,The Mandala Sds,8b+,,Boulder,worked,,,8b+
Carlo Traversi,16th Oct 2013,,The Penrose Step,8b+,16-10-2013,Boulder,worked,2013-10-16,2013.0,8b+
Jimmy Webb,4th Nov 2013,,The Penrose Step,8b+,04-11-2013,Boulder,worked,2013-04-11,2013.0,8b+
Anna Stöhr,1st Nov 2017,,The Penrose Step,8b+,01-11-2017,Boulder,worked,2017-01-11,2017.0,8b+
Alex Puccio,3rd Apr 2018,,The Penrose Step,8b+,03-04-2018,Boulder,worked,2018-03-04,2018.0,8b+
Chase Martinez,19th Oct 2020,,The Penrose Step,8b+,19-10-2020,Boulder,worked,2020-10-19,2020.0,8b+
Katie Lamb,18th Apr 2022,,The Penrose Step,8b+,18-04-2022,Boulder,worked,2022-04-18,2022.0,8b+
Sam Wolff,,,The Penrose Step,8b+,,Boulder,worked,,,8b+
Paul Nadler,,,The Penrose Step,8b+,,Boulder,worked,,,8b+
Tony Lamiche,2007,,The Quintessential,8b,19-11-2007,Boulder,worked,2007-11-19,2007.0,8b
Tom Newman,8th Jul 2010,,The Quintessential,8b,08-07-2010,Boulder,worked,2010-08-07,2010.0,8b
Vadim Timonov,15th Jul 2016,,The Quintessential,8b,15-07-2016,Boulder,flash,2016-07-15,2016.0,8b
Eliot Stephens,19th Jun 2017,,The Quintessential,8b,19-06-2017,Boulder,worked,2017-06-19,2017.0,8b
Tom Peckitt,2024,,The Quintessential,8b,19-11-2024,Boulder,worked,2024-11-19,2024.0,8b
Tanner Bauer,5th Jun 2024,,The Quintessential,8b,05-06-2024,Boulder,flash,2024-05-06,2024.0,8b
Michaela Kiersch,Jul 2024,,The Quintessential,8b,19-07-2024,Boulder,worked,2024-07-19,2024.0,8b
Simone Tentori,28th Jul 2024,,The Quintessential,8b,28-07-2024,Boulder,flash,2024-07-28,2024.0,8b
Ramón Julián Puigblanque,4th Jun 2006,8c/8c+,Victimes Del Futur,9a,04-06-2006,Lead,worked,2006-04-06,2006.0,9a
Alberto Ginés López,2nd Apr 2018,9a,Victimes Del Futur,9a,02-04-2018,Lead,worked,2018-02-04,2018.0,9a
Jakob Schubert,21st Nov 2019,8c+/9a,Victimes Del Futur,9a,21-11-2019,Lead,flash,2019-11-21,2019.0,9a
Alex Totkova,9th Mar 2020,,Victimes Del Futur,9a,09-03-2020,Lead,worked,2020-09-03,2020.0,9a
Angie Scarth-Johnson,26th Sep 2021,9a,Victimes Del Futur,9a,26-09-2021,Lead,worked,2021-09-26,2021.0,9a
Buster Martin,19th Apr 2023,,Victimes Del Futur,9a,19-04-2023,Lead,worked,2023-04-19,2023.0,9a
Michaela Kiersch,Nov 2023,,Victimes Del Futur,9a,19-11-2023,Lead,worked,2023-11-19,2023.0,9a
Pepa Šindel,9th Feb 2024,,Victimes Del Futur,9a,09-02-2024,Lead,worked,2024-09-02,2024.0,9a
Dave MacLeod,9th Oct 2001,,Achemine,e9,09-10-2001,Lead,worked,2001-09-10,2001.0,8b
Barbara Zangerl,May 2016,,Achemine,e9,19-05-2016,Lead,worked,2016-05-19,2016.0,8b
Robbie Phillips,2020,,Achemine,e9,19-11-2020,Lead,worked,2020-11-19,2020.0,8b
Niall McNair,Nov 2021,,Achemine,e9,19-11-2021,Lead,worked,2021-11-19,2021.0,8b
Mathew Wright,10th Apr 2022,,Achemine,e9,10-04-2022,Lead,worked,2022-10-04,2022.0,8b
Rob Sutton,3rd Mar 2023,,Achemine,e9,03-03-2023,Lead,worked,2023-03-03,2023.0,8b
Sam Ley,Oct 2024,,Achemine,e9,19-10-2024,Lead,worked,2024-10-19,2024.0,8b
Fred Rouhling,6th Jun 1995,9b,Akira,9a,06-06-1995,Lead,worked,1995-06-06,1995.0,9a
Sébastien Bouin,21st Nov 2020,9a,Akira,9a,21-11-2020,Lead,worked,2020-11-21,2020.0,9a
Lucien Martinez,22nd Nov 2020,9a,Akira,9a,22-11-2020,Lead,worked,2020-11-22,2020.0,9a
Joshua Forteau,Mar 2021,,Akira,9a,19-03-2021,Lead,worked,2021-03-19,2021.0,9a
Klem Loskot,1999,8B+,Ammagamma,8b,19-11-1999,Boulder,worked,1999-11-19,1999.0,8b
Fred Nicole,1999,,Ammagamma,8b,19-11-1999,Boulder,worked,1999-11-19,1999.0,8b
Thomas Willenberg,15th Mar 2001,,Ammagamma,8b,15-03-2001,Boulder,worked,2001-03-15,2001.0,8b
Keith Bradbury,Apr 2013,,Ammagamma,8b,19-04-2013,Boulder,worked,2013-04-19,2013.0,8b
Jimmy Webb,17th Aug 2015,,Ammagamma,8b,17-08-2015,Boulder,flash,2015-08-17,2015.0,8b
Adam Watson,16th Sep 2017,,Ammagamma,8b,16-09-2017,Boulder,worked,2017-09-16,2017.0,8b
Tom O'Halloran,16th Apr 2022,,Ammagamma,8b,16-04-2022,Boulder,worked,2022-04-16,2022.0,8b
Fred Nicole,,,Arzak,8c,,Boulder,worked,,,8c
Toby Saxton,30th Jan 2018,,Arzak,8c,30-01-2018,Boulder,worked,2018-01-30,2018.0,8c
Guntram Jörg,1st Mar 2019,,Arzak,8c,01-03-2019,Boulder,worked,2019-01-03,2019.0,8c
Eliot Stephens,24th Nov 2019,,Arzak,8c,24-11-2019,Boulder,worked,2019-11-24,2019.0,8c
Vadim Timonov,18th Dec 2019,8B+,Arzak,8c,18-12-2019,Boulder,worked,2019-12-18,2019.0,8c
Christof Rauch,21st Nov 2021,,Arzak,8c,21-11-2021,Boulder,worked,2021-11-21,2021.0,8c
Patrick Vonbrül,29th Apr 2022,8B+/8C,Arzak,8c,29-04-2022,Boulder,worked,2022-04-29,2022.0,8c
Neil Foster,13th Apr 1995,,Balance It Is,e7,13-04-1995,Lead,worked,1995-04-13,1995.0,7c+
Keith Sharples,13th Apr 1995,,Balance It Is,e7,13-04-1995,Lead,worked,1995-04-13,1995.0,7c+
James Ibbertson,2001,,Balance It Is,e7,19-11-2001,Lead,ground up,2001-11-19,2001.0,7c+
Katherine Schirrmacher,18th Apr 2007,,Balance It Is,e7,18-04-2007,Lead,worked,2007-04-18,2007.0,7c+
Jordan Buys,25th Oct 2010,,Balance It Is,e7,25-10-2010,Lead,flash,2010-10-25,2010.0,7c+
Jim Pope,28th Oct 2021,,Balance It Is,e7,28-10-2021,Lead,flash,2021-10-28,2021.0,7c+
Lucinda Whittaker,,,Balance It Is,e7,,Lead,worked,,,7c+
Zach Galla,13th Dec 2019,,Brass Knuckles,8b+,13-12-2019,Boulder,worked,2019-12-13,2019.0,8b+
Nathan Williams,17th Oct 2020,,Brass Knuckles,8b+,17-10-2020,Boulder,worked,2020-10-17,2020.0,8b+
Davis Stewart,9th Apr 2022,,Brass Knuckles,8b+,09-04-2022,Boulder,worked,2022-09-04,2022.0,8b+
Ben Burkhalter,21st Nov 2022,,Brass Knuckles,8b+,21-11-2022,Boulder,worked,2022-11-21,2022.0,8b+
Paul Robinson,13th Feb 2024,,Brass Knuckles,8b+,13-02-2024,Boulder,worked,2024-02-13,2024.0,8b+
Tyre Taft,,,Brass Knuckles,8b+,,Boulder,worked,,,8b+
Elijah Kiser,,,Brass Knuckles,8b+,,Boulder,worked,,,8b+
Markus Bock,2006,,Corona,9a+,19-11-2006,Lead,worked,2006-11-19,2006.0,9a+
Adam Ondra,2009,,Corona,9a+,19-11-2009,Lead,worked,2009-11-19,2009.0,9a+
Alex Megos,May 2013,,Corona,9a+,19-05-2013,Lead,worked,2013-05-19,2013.0,9a+
Felix Neumärker,2014,,Corona,9a+,19-11-2014,Lead,worked,2014-11-19,2014.0,9a+
Dai Koyamada,2016,,Corona,9a+,19-11-2016,Lead,worked,2016-11-19,2016.0,9a+
Daniel Jung,21st Nov 2016,9a+,Corona,9a+,21-11-2016,Lead,worked,2016-11-21,2016.0,9a+
Moritz Perwitzschky,2024,,Corona,9a+,19-11-2024,Lead,worked,2024-11-19,2024.0,9a+
Ramón Julián Puigblanque,25th Feb 2006,,Darwin Dixit,8b+,25-02-2006,Lead,worked,2006-02-25,2006.0,8b+
Dave MacLeod,15th Mar 2008,,Darwin Dixit,8b+,15-03-2008,Solo,worked,2008-03-15,2008.0,8b+
Magnus Midtbø,21st Apr 2009,,Darwin Dixit,8b+,21-04-2009,Lead,worked,2009-04-21,2009.0,8b+
Jakob Schubert,19th Apr 2010,,Darwin Dixit,8b+,19-04-2010,Lead,flash,2010-04-19,2010.0,8b+
Jan Hojer,2nd Jan 2011,,Darwin Dixit,8b+,02-01-2011,Lead,flash,2011-02-01,2011.0,8b+
Katharina Saurwein,1st Jan 2013,,Darwin Dixit,8b+,01-01-2013,Lead,worked,2013-01-01,2013.0,8b+
Jorge Díaz-Rullo,6th Apr 2021,,Darwin Dixit,8b+,06-04-2021,Solo,worked,2021-06-04,2021.0,8b+
Dave Birkett,,,Dawes Rides A Shovelhead,e8,,Lead,worked,,,8a+
Tim Emmett,1999,,Dawes Rides A Shovelhead,e8,19-11-1999,Lead,worked,1999-11-19,1999.0,8a+
Mick Lovatt,May 2000,,Dawes Rides A Shovelhead,e8,19-05-2000,Lead,worked,2000-05-19,2000.0,8a+
Steve McClure,Aug 2011,,Dawes Rides A Shovelhead,e8,19-08-2011,Lead,onsight,2011-08-19,2011.0,8a+
James McHaffie,Aug 2011,,Dawes Rides A Shovelhead,e8,19-08-2011,Lead,onsight,2011-08-19,2011.0,8a+
Chris Fisher,17th Mar 2012,,Dawes Rides A Shovelhead,e8,17-03-2012,Lead,worked,2012-03-17,2012.0,8a+
Katy Forrester,,,Dawes Rides A Shovelhead,e8,,Lead,worked,,,8a+
Tom Williams,2014,,Dead And Bloated,8b,19-11-2014,Boulder,worked,2014-11-19,2014.0,8b
Eliot Stephens,29th Aug 2015,,Dead And Bloated,8b,29-08-2015,Boulder,worked,2015-08-29,2015.0,8b
Orrin Coley,27th Jul 2019,,Dead And Bloated,8b,27-07-2019,Boulder,worked,2019-07-27,2019.0,8b
Dave Barrans,3rd Aug 2020,,Dead And Bloated,8b,03-08-2020,Boulder,worked,2020-03-08,2020.0,8b
Aidan Roberts,Jul 2021,,Dead And Bloated,8b,19-07-2021,Boulder,worked,2021-07-19,2021.0,8b
Zedekaii Oliver-Jones,24th Oct 2024,,Dead And Bloated,8b,24-10-2024,Boulder,worked,2024-10-24,2024.0,8b
Luke Fletcher,,,Dead And Bloated,8b,,Boulder,worked,,,8b
Chris Sharma,Feb 2009,,Demencia Senil,9a+,19-02-2009,Lead,worked,2009-02-19,2009.0,9a+
Iker Pou,2010,,Demencia Senil,9a+,19-11-2010,Lead,worked,2010-11-19,2010.0,9a+
Ramón Julián Puigblanque,11th Oct 2010,,Demencia Senil,9a+,11-10-2010,Lead,worked,2010-11-10,2010.0,9a+
Stefano Ghisolfi,14th Mar 2015,,Demencia Senil,9a+,14-03-2015,Lead,worked,2015-03-14,2015.0,9a+
Alex Megos,Nov 2019,,Demencia Senil,9a+,19-11-2019,Lead,worked,2019-11-19,2019.0,9a+
Stefano Carnati,22nd Dec 2019,,Demencia Senil,9a+,22-12-2019,Lead,worked,2019-12-22,2019.0,9a+
Gabriele Moroni,30th Dec 2019,,Demencia Senil,9a+,30-12-2019,Lead,worked,2019-12-30,2019.0,9a+
Vincent Pochon,,,Elephunk,8b,,Boulder,worked,,,8b
Jimmy Webb,3rd May 2014,,Elephunk,8b,03-05-2014,Boulder,flash,2014-03-05,2014.0,8b
Sean McColl,Apr 2015,,Elephunk,8b,19-04-2015,Boulder,flash,2015-04-19,2015.0,8b
Hamish Potokar,30th Mar 2017,,Elephunk,8b,30-03-2017,Boulder,worked,2017-03-30,2017.0,8b
Sam Hunter,28th Apr 2018,,Elephunk,8b,28-04-2018,Boulder,worked,2018-04-28,2018.0,8b
Eliot Stephens,27th Mar 2022,,Elephunk,8b,27-03-2022,Boulder,worked,2022-03-27,2022.0,8b
Vadim Timonov,19th Apr 2022,,Elephunk,8b,19-04-2022,Boulder,flash,2022-04-19,2022.0,8b
Adam Ondra,3rd May 2010,,Full Tilt,8b,03-05-2010,Lead,onsight,2010-03-05,2010.0,8b
Molly Thompson-Smith,11th Jun 2021,,Full Tilt,8b,11-06-2021,Lead,worked,2021-11-06,2021.0,8b
Rhoslyn Frugtniet,23rd Jul 2021,,Full Tilt,8b,23-07-2021,Lead,worked,2021-07-23,2021.0,8b
Anna Wild,25th May 2022,,Full Tilt,8b,25-05-2022,Lead,worked,2022-05-25,2022.0,8b
Thea Cameron,21st Jun 2023,,Full Tilt,8b,21-06-2023,Lead,worked,2023-06-21,2023.0,8b
Jo Neame,14th Sep 2023,,Full Tilt,8b,14-09-2023,Lead,worked,2023-09-14,2023.0,8b
Jennifer Wood,19th Jul 2024,,Full Tilt,8b,19-07-2024,Lead,worked,2024-07-19,2024.0,8b
Nalle Hukkataival,2016,,Guest List,8b,19-11-2016,Boulder,worked,2016-11-19,2016.0,8b
Vadim Timonov,17th Jul 2021,,Guest List,8b,17-07-2021,Boulder,flash,2021-07-17,2021.0,8b
Keenan Takahashi,10th Aug 2022,,Guest List,8b,10-08-2022,Boulder,flash,2022-10-08,2022.0,8b
Billy Ridal,26th Jul 2023,,Guest List,8b,26-07-2023,Boulder,worked,2023-07-26,2023.0,8b
Noah Wheeler,28th Jul 2023,,Guest List,8b,28-07-2023,Boulder,flash,2023-07-28,2023.0,8b
Orrin Coley,31st Jul 2023,,Guest List,8b,31-07-2023,Boulder,worked,2023-07-31,2023.0,8b
Tom Peckitt,2024,,Guest List,8b,19-11-2024,Boulder,worked,2024-11-19,2024.0,8b
Jernej Kruder,11th Dec 2016,,Hide And Sick,8b+,11-12-2016,Boulder,worked,2016-11-12,2016.0,8b+
Paul Robinson,11th Nov 2017,,Hide And Sick,8b+,11-11-2017,Boulder,worked,2017-11-11,2017.0,8b+
Martin Stráník,23rd Oct 2018,,Hide And Sick,8b+,23-10-2018,Boulder,worked,2018-10-23,2018.0,8b+
Nicolai Užnik,17th Jun 2020,,Hide And Sick,8b+,17-06-2020,Boulder,worked,2020-06-17,2020.0,8b+
Kim Marschner,31st Oct 2020,,Hide And Sick,8b+,31-10-2020,Boulder,worked,2020-10-31,2020.0,8b+
Lukas Mayerhofer,17th Mar 2022,,Hide And Sick,8b+,17-03-2022,Boulder,worked,2022-03-17,2022.0,8b+
Janja Garnbret,Nov 2024,,Hide And Sick,8b+,19-11-2024,Boulder,worked,2024-11-19,2024.0,8b+
Johnny Dawes,27th Jul 1986,E7,Janus,e7,27-07-1986,Lead,worked,1986-07-27,1986.0,7c+
Andy Cave,1990,,Janus,e7,19-11-1990,Lead,ground up,1990-11-19,1990.0,7c+
Simon Nadin,1990,,Janus,e7,19-11-1990,Lead,ground up,1990-11-19,1990.0,7c+
Lucy Creamer,2007,,Janus,e7,19-11-2007,Lead,worked,2007-11-19,2007.0,7c+
Mia Stacey,6th Apr 2012,,Janus,e7,06-04-2012,Lead,worked,2012-06-04,2012.0,7c+
Katie Keeley,21st Nov 2021,,Janus,e7,21-11-2021,Lead,worked,2021-11-21,2021.0,7c+
Anna Gilyeat,29th Oct 2023,,Janus,e7,29-10-2023,Lead,worked,2023-10-29,2023.0,7c+
Rubén Díaz Torres,18th Oct 2020,,Juneru,8c,18-10-2020,Boulder,worked,2020-10-18,2020.0,8c
Ignacio Sánchez González,May 2021,,Juneru,8c,19-05-2021,Boulder,worked,2021-05-19,2021.0,8c
James Pearson,1st Mar 2022,,Juneru,8c,01-03-2022,Boulder,worked,2022-01-03,2022.0,8c
Luis Gerhardt,8th Mar 2022,,Juneru,8c,08-03-2022,Boulder,worked,2022-08-03,2022.0,8c
Jonatan Flor,Nov 2022,,Juneru,8c,19-11-2022,Boulder,worked,2022-11-19,2022.0,8c
Nathan Phillips,5th Nov 2023,8C (soft),Juneru,8c,05-11-2023,Boulder,worked,2023-05-11,2023.0,8c
Marine Thevenet,11th Oct 2024,,Juneru,8c,11-10-2024,Boulder,worked,2024-11-10,2024.0,8c
Adam Ondra,5th Jun 2012,9a+,Jungle Boogie,9a+,05-06-2012,Lead,worked,2012-05-06,2012.0,9a+
Sachi Amma,17th Sep 2015,9a+,Jungle Boogie,9a+,17-09-2015,Lead,worked,2015-09-17,2015.0,9a+
Stefano Ghisolfi,3rd Oct 2016,9a+ (hard),Jungle Boogie,9a+,03-10-2016,Lead,worked,2016-03-10,2016.0,9a+
Alex Megos,21st Jun 2017,,Jungle Boogie,9a+,21-06-2017,Lead,worked,2017-06-21,2017.0,9a+
Nico Pelorson,Jun 2022,,Jungle Boogie,9a+,19-06-2022,Lead,worked,2022-06-19,2022.0,9a+
Jonathan Siegrest,8th Jul 2023,9a+ (hard),Jungle Boogie,9a+,08-07-2023,Lead,worked,2023-08-07,2023.0,9a+
Minyoung Lee,27th Jul 2023,,Jungle Boogie,9a+,27-07-2023,Lead,worked,2023-07-27,2023.0,9a+
Daniel Jung,11th Mar 2010,,Jungle Speed,9a,11-03-2010,Lead,worked,2010-11-03,2010.0,9a
Ryan Pasquill,2013,,Jungle Speed,9a,19-11-2013,Lead,worked,2013-11-19,2013.0,9a
Will Bosi,9th Apr 2017,,Jungle Speed,9a,09-04-2017,Lead,worked,2017-09-04,2017.0,9a
Hamish McArthur,2020,,Jungle Speed,9a,19-11-2020,Lead,worked,2020-11-19,2020.0,9a
Buster Martin,22nd Mar 2021,,Jungle Speed,9a,22-03-2021,Lead,worked,2021-03-22,2021.0,9a
Simon Lorenzi,3rd Nov 2021,,Jungle Speed,9a,03-11-2021,Lead,worked,2021-03-11,2021.0,9a
Jakob Schubert,15th Dec 2021,,Jungle Speed,9a,15-12-2021,Lead,flash,2021-12-15,2021.0,9a
Lucy Creamer,Apr 2009,,Kalea Borroka,8b+,19-04-2009,Lead,worked,2009-04-19,2009.0,8b+
Steve McClure,20th May 2009,,Kalea Borroka,8b+,20-05-2009,Lead,onsight,2009-05-20,2009.0,8b+
Hazel Findlay,Feb 2013,,Kalea Borroka,8b+,19-02-2013,Lead,worked,2013-02-19,2013.0,8b+
Ed Hamer,6th Jan 2014,,Kalea Borroka,8b+,06-01-2014,Lead,flash,2014-06-01,2014.0,8b+
Jim Pope,10th Jan 2018,,Kalea Borroka,8b+,10-01-2018,Lead,onsight,2018-10-01,2018.0,8b+
Frances Bensley,27th Apr 2018,,Kalea Borroka,8b+,27-04-2018,Lead,worked,2018-04-27,2018.0,8b+
Gwyneth Uttley,28th Oct 2022,,Kalea Borroka,8b+,28-10-2022,Lead,worked,2022-10-28,2022.0,8b+
Matt Fultz,1st May 2019,,Kenny Loggins,8b+,01-05-2019,Boulder,worked,2019-01-05,2019.0,8b+
Jeramie Claussen,2021,,Kenny Loggins,8b+,19-11-2021,Boulder,worked,2021-11-19,2021.0,8b+
Austin Purdy,27th Nov 2022,,Kenny Loggins,8b+,27-11-2022,Boulder,worked,2022-11-27,2022.0,8b+
Everett Sloane,1st Dec 2022,,Kenny Loggins,8b+,01-12-2022,Boulder,worked,2022-01-12,2022.0,8b+
Ethan Freudenheim,15th Mar 2023,,Kenny Loggins,8b+,15-03-2023,Boulder,worked,2023-03-15,2023.0,8b+
Ben Burkhalter,23rd Apr 2023,,Kenny Loggins,8b+,23-04-2023,Boulder,worked,2023-04-23,2023.0,8b+
Tanner Bauer,10th May 2024,,Kenny Loggins,8b+,10-05-2024,Boulder,worked,2024-10-05,2024.0,8b+
Antoine Vandeputte,19th Feb 2007,,Khéops Assis,8b+,19-02-2007,Boulder,worked,2007-02-19,2007.0,8b+
Micky Page,2008,,Khéops Assis,8b+,19-11-2008,Boulder,worked,2008-11-19,2008.0,8b+
Tyler Landman,21st Feb 2009,,Khéops Assis,8b+,21-02-2009,Boulder,worked,2009-02-21,2009.0,8b+
Thomas Willenberg,24th Apr 2009,,Khéops Assis,8b+,24-04-2009,Boulder,worked,2009-04-24,2009.0,8b+
Sébastien Frigault,17th Mar 2011,,Khéops Assis,8b+,17-03-2011,Boulder,worked,2011-03-17,2011.0,8b+
Sean McColl,Between 29th Jan 2012 and 29th Jan 2013,,Khéops Assis,8b+,,Boulder,worked,,,8b+
Guillaume Joubert,10th Jan 2024,,Khéops Assis,8b+,10-01-2024,Boulder,worked,2024-10-01,2024.0,8b+
Patxi Usobiaga,22nd Mar 2008,,La Fabela Por La Enmienda,9a,22-03-2008,Lead,worked,2008-03-22,2008.0,9a
Tom Bolger,18th Jan 2012,,La Fabela Por La Enmienda,9a,18-01-2012,Lead,worked,2012-01-18,2012.0,9a
Mina Markovic,Dec 2015,,La Fabela Por La Enmienda,9a,19-12-2015,Lead,worked,2015-12-19,2015.0,9a
Janja Garnbret,6th Jan 2018,,La Fabela Por La Enmienda,9a,06-01-2018,Lead,worked,2018-06-01,2018.0,9a
Alex Barrows,28th Feb 2023,,La Fabela Por La Enmienda,9a,28-02-2023,Lead,worked,2023-02-28,2023.0,9a
Anak Verhoeven,Nov 2023,,La Fabela Por La Enmienda,9a,19-11-2023,Lead,worked,2023-11-19,2023.0,9a
Ana Belén Argudo Marugan,2024,,La Fabela Por La Enmienda,9a,19-11-2024,Lead,worked,2024-11-19,2024.0,9a
Will Bosi,4th Feb 2021,9b,La Furia De Jabali,9a+,04-02-2021,Lead,worked,2021-04-02,2021.0,9a+
Alex Megos,29th Nov 2021,,La Furia De Jabali,9a+,29-11-2021,Lead,worked,2021-11-29,2021.0,9a+
Jakob Schubert,15th Dec 2021,9a+,La Furia De Jabali,9a+,15-12-2021,Lead,worked,2021-12-15,2021.0,9a+
Adam Ondra,19th Jan 2022,9a+,La Furia De Jabali,9a+,19-01-2022,Lead,worked,2022-01-19,2022.0,9a+
Michal Mikušínec,8th Nov 2022,9a+ (soft),La Furia De Jabali,9a+,08-11-2022,Lead,worked,2022-08-11,2022.0,9a+
Minyoung Lee,22nd Nov 2022,,La Furia De Jabali,9a+,22-11-2022,Lead,worked,2022-11-22,2022.0,9a+
Buster Martin,6th Mar 2024,9a+ (soft),La Furia De Jabali,9a+,06-03-2024,Lead,worked,2024-06-03,2024.0,9a+
Stefano Ghisolfi,2nd Nov 2015,9a+,Lapsus,9a+,02-11-2015,Lead,worked,2015-02-11,2015.0,9a+
Adam Ondra,20th Apr 2017,9a+,Lapsus,9a+,20-04-2017,Lead,worked,2017-04-20,2017.0,9a+
Marcello Bombardi,6th May 2021,9a+ (hard),Lapsus,9a+,06-05-2021,Lead,worked,2021-06-05,2021.0,9a+
Jonathan Siegrest,26th Oct 2021,9a+ (hard),Lapsus,9a+,26-10-2021,Lead,worked,2021-10-26,2021.0,9a+
Tommy Gió,21st Nov 2022,9b,Lapsus,9a+,21-11-2022,Lead,worked,2022-11-21,2022.0,9a+
Sébastien Bouin,Sep 2023,9a+,Lapsus,9a+,19-09-2023,Lead,worked,2023-09-19,2023.0,9a+
Laura Rogora,Nov 2023,,Lapsus,9a+,19-11-2023,Lead,worked,2023-11-19,2023.0,9a+
Charles Albert,Nov 2017,,La Révolutionnaire Assis,8c+,19-11-2017,Boulder,worked,2017-11-19,2017.0,8c+
Ryohei Kameyama,16th Mar 2019,,La Révolutionnaire Assis,8c+,16-03-2019,Boulder,worked,2019-03-16,2019.0,8c+
Simon Lorenzi,12th Feb 2022,,La Révolutionnaire Assis,8c+,12-02-2022,Boulder,worked,2022-12-02,2022.0,8c+
Niccolò Ceria,Mar 2022,,La Révolutionnaire Assis,8c+,19-03-2022,Boulder,worked,2022-03-19,2022.0,8c+
Tim Reuser,26th Feb 2023,,La Révolutionnaire Assis,8c+,26-02-2023,Boulder,worked,2023-02-26,2023.0,8c+
Michiel Nieuwenhuijsen,13th Apr 2023,,La Révolutionnaire Assis,8c+,13-04-2023,Boulder,worked,2023-04-13,2023.0,8c+
Jabee Kim,22nd Apr 2024,,La Révolutionnaire Assis,8c+,22-04-2024,Boulder,worked,2024-04-22,2024.0,8c+
Guillaume Glairon-Mondet,15th Jan 2016,8C+,Le Pied À Coulisse,8c,15-01-2016,Boulder,worked,2016-01-15,2016.0,8c
Jimmy Webb,15th Feb 2016,8C,Le Pied À Coulisse,8c,15-02-2016,Boulder,worked,2016-02-15,2016.0,8c
Nico Januel,21st Mar 2019,,Le Pied À Coulisse,8c,21-03-2019,Boulder,worked,2019-03-21,2019.0,8c
Rob Denayer,27th Feb 2022,,Le Pied À Coulisse,8c,27-02-2022,Boulder,worked,2022-02-27,2022.0,8c
Nico Pelorson,27th Feb 2022,8B+,Le Pied À Coulisse,8c,27-02-2022,Boulder,worked,2022-02-27,2022.0,8c
Hugo Parmentier,4th Apr 2023,,Le Pied À Coulisse,8c,04-04-2023,Boulder,worked,2023-04-04,2023.0,8c
Camille Coudert,22nd Apr 2023,,Le Pied À Coulisse,8c,22-04-2023,Boulder,worked,2023-04-22,2023.0,8c
Jean-Baptiste Tribout,1994,,Le Super Plafond,8c+,19-11-1994,Lead,worked,1994-11-19,1994.0,8c+
François Petit,1995,,Le Super Plafond,8c+,19-11-1995,Lead,worked,1995-11-19,1995.0,8c+
Ben Moon,1995,,Le Super Plafond,8c+,19-11-1995,Lead,worked,1995-11-19,1995.0,8c+
Christian Bindhammer,14th Apr 2001,,Le Super Plafond,8c+,14-04-2001,Lead,worked,2001-04-14,2001.0,8c+
Dai Koyamada,30th Sep 2006,,Le Super Plafond,8c+,30-09-2006,Lead,worked,2006-09-30,2006.0,8c+
Adam Ondra,6th Jul 2014,,Le Super Plafond,8c+,06-07-2014,Lead,onsight,2014-06-07,2014.0,8c+
Loïc Zehani,25th Nov 2018,,Le Super Plafond,8c+,25-11-2018,Lead,worked,2018-11-25,2018.0,8c+
Joe Kinder,4th Mar 2018,,Life Of Villains,9a,04-03-2018,Lead,worked,2018-04-03,2018.0,9a
Jonathan Siegrest,16th Mar 2019,,Life Of Villains,9a,16-03-2019,Lead,worked,2019-03-16,2019.0,9a
Jon Cardwell,3rd Apr 2019,,Life Of Villains,9a,03-04-2019,Lead,worked,2019-03-04,2019.0,9a
Dru Mack,22nd Mar 2021,,Life Of Villains,9a,22-03-2021,Lead,worked,2021-03-22,2021.0,9a
Colin Duffy,19th Nov 2021,,Life Of Villains,9a,19-11-2021,Lead,worked,2021-11-19,2021.0,9a
Tyler Thompson,8th Jun 2023,,Life Of Villains,9a,08-06-2023,Lead,worked,2023-08-06,2023.0,9a
Kai Lightner,21st Nov 2023,,Life Of Villains,9a,21-11-2023,Lead,worked,2023-11-21,2023.0,9a
Ed Drummond,Jul 1970,,Longhope Route Direct,e9,19-07-1970,Aid,worked,1970-07-19,1970.0,8b
Oliver Hill,Jul 1970,,Longhope Route Direct,e9,19-07-1970,Aid,worked,1970-07-19,1970.0,8b
Dave MacLeod,21st Jun 2011,,Longhope Route Direct,e9,21-06-2011,Lead,worked,2011-06-21,2011.0,8b
James McHaffie,25th May 2013,,Longhope Route Direct,e9,25-05-2013,Alternate Leads,worked,2013-05-25,2013.0,8b
Ben Bransby,25th May 2013,,Longhope Route Direct,e9,25-05-2013,Alternate Leads,worked,2013-05-25,2013.0,8b
Alex Moore,25th May 2022,,Longhope Route Direct,e9,25-05-2022,Alternate Leads,worked,2022-05-25,2022.0,8b
Robbie Phillips,25th May 2022,E10,Longhope Route Direct,e9,25-05-2022,Alternate Leads,worked,2022-05-25,2022.0,8b
Stefan Glowacz,,,Lord Of The Rings,8b,,Lead,worked,,,8b
Steve Bullen,1991,,Lord Of The Rings,8b,19-11-1991,Lead,worked,1991-11-19,1991.0,8b
Robbie Phillips,2014,,Lord Of The Rings,8b,19-11-2014,Lead,worked,2014-11-19,2014.0,8b
Henry Bolte,,,Lord Of The Rings,8b,,Lead,worked,,,8b
Steve McClure,,,Lord Of The Rings,8b,,Lead,worked,,,8b
Chris Davies,1997,,Lou Ferrino,7c+,19-11-1997,Boulder,worked,1997-11-19,1997.0,7c+
Danny Cattell,2001,,Lou Ferrino,7c+,19-11-2001,Boulder,worked,2001-11-19,2001.0,7c+
Mina Leslie-Wujastyk,18th Mar 2010,,Lou Ferrino,7c+,18-03-2010,Boulder,worked,2010-03-18,2010.0,7c+
Anna Wild,29th Mar 2023,,Lou Ferrino,7c+,29-03-2023,Boulder,worked,2023-03-29,2023.0,7c+
Ayesha Khan,24th Apr 2024,,Lou Ferrino,7c+,24-04-2024,Boulder,worked,2024-04-24,2024.0,7c+
Gracie Martin,,,Lou Ferrino,7c+,,Boulder,worked,,,7c+
Shauna Coxsey,,,Lou Ferrino,7c+,,Boulder,repeat,,,7c+
Ron Kauk,6th Dec 1996,8c,Magic Line,e10,06-12-1996,Lead,worked,1996-06-12,1996.0,8b+
Lonnie Kauk,11th Jan 2017,8c+,Magic Line,e10,11-01-2017,Lead,worked,2017-11-01,2017.0,8b+
Hazel Findlay,26th Nov 2019,,Magic Line,e10,26-11-2019,Lead,worked,2019-11-26,2019.0,8b+
Carlo Traversi,27th Feb 2022,8c+ (soft),Magic Line,e10,27-02-2022,Lead,worked,2022-02-27,2022.0,8b+
Connor Herson,Oct 2024,,Magic Line,e10,19-10-2024,Lead,worked,2024-10-19,2024.0,8b+
Barbara Zangerl,29th Oct 2024,,Magic Line,e10,29-10-2024,Lead,worked,2024-10-29,2024.0,8b+
Jacopo Larcher,6th Nov 2024,,Magic Line,e10,06-11-2024,Lead,worked,2024-06-11,2024.0,8b+
Mark Leach,Before 1st Jan 1991,,Mandela,8a+,,Lead,worked,,,8a+
Steve McClure,2002,,Mandela,8a+,19-11-2002,Lead,flash,2002-11-19,2002.0,8a+
Adam Ondra,3rd May 2010,,Mandela,8a+,03-05-2010,Lead,onsight,2010-03-05,2010.0,8a+
Jenny Woodward,6th Sep 2010,,Mandela,8a+,06-09-2010,Lead,worked,2010-06-09,2010.0,8a+
Tanya Meredith,29th Jul 2021,,Mandela,8a+,29-07-2021,Lead,worked,2021-07-29,2021.0,8a+
Ella Russell,5th Aug 2021,,Mandela,8a+,05-08-2021,Lead,worked,2021-05-08,2021.0,8a+
Naomi Buys,,,Mandela,8a+,,Lead,worked,,,8a+
Jerry Moffatt,1984,,Messiah,e7,19-11-1984,Lead,worked,1984-11-19,1984.0,7c+
Pete Robins,1998,,Messiah,e7,19-11-1998,Lead,ground up,1998-11-19,1998.0,7c+
Charlie Woodburn,2000,,Messiah,e7,19-11-2000,Lead,worked,2000-11-19,2000.0,7c+
Jon Read,May 2000,,Messiah,e7,19-05-2000,Lead,worked,2000-05-19,2000.0,7c+
Ben Bransby,20th Apr 2002,,Messiah,e7,20-04-2002,Lead,ground up,2002-04-20,2002.0,7c+
Dave MacLeod,2022,,Messiah,e7,19-11-2022,Lead,worked,2022-11-19,2022.0,7c+
Nils Favre,17th May 2023,,Messiah,e7,17-05-2023,Solo,worked,2023-05-17,2023.0,7c+
Paul Robinson,9th Jul 2011,8B+,Mirta,8b+,09-07-2011,Boulder,worked,2011-09-07,2011.0,8b+
Carlo Traversi,25th Jul 2012,8B,Mirta,8b+,25-07-2012,Boulder,worked,2012-07-25,2012.0,8b+
Jimmy Webb,1st Jun 2016,8B+,Mirta,8b+,01-06-2016,Boulder,worked,2016-01-06,2016.0,8b+
Daniel Woods,7th Aug 2018,8B+,Mirta,8b+,07-08-2018,Boulder,worked,2018-07-08,2018.0,8b+
Keenan Takahashi,2nd Sep 2022,8B+,Mirta,8b+,02-09-2022,Boulder,worked,2022-02-09,2022.0,8b+
Vadim Timonov,20th Jul 2023,8B+,Mirta,8b+,20-07-2023,Boulder,flash,2023-07-20,2023.0,8b+
Isabelle Faus,6th Aug 2024,,Mirta,8b+,06-08-2024,Boulder,worked,2024-06-08,2024.0,8b+
Nick Dixon,1994,,My Piano,e8,19-11-1994,Lead,worked,1994-11-19,1994.0,8a+
Sean Villanueva O’Driscoll,2008,,My Piano,e8,19-11-2008,Lead,flash,2008-11-19,2008.0,8a+
Dave Birkett,22nd May 2008,,My Piano,e8,22-05-2008,Lead,onsight,2008-05-22,2008.0,8a+
Nathan Lee,17th Mar 2012,,My Piano,e8,17-03-2012,Lead,worked,2012-03-17,2012.0,8a+
Phil Davidson,1st Nov 2017,,My Piano,e8,01-11-2017,Lead,worked,2017-01-11,2017.0,8a+
Calum Coldwell-Story,12th Jun 2018,,My Piano,e8,12-06-2018,Lead,flash,2018-12-06,2018.0,8a+
Ali Kennedy,29th Sep 2018,,My Piano,e8,29-09-2018,Lead,flash,2018-09-29,2018.0,8a+
Daniel Woods,,8B+,Mystic Stylez,8b+,,Boulder,worked,,,8b+
Dave MacLeod,May 2012,,Mystic Stylez,8b+,19-05-2012,Boulder,worked,2012-05-19,2012.0,8b+
Nathan Phillips,20th Jun 2016,,Mystic Stylez,8b+,20-06-2016,Boulder,worked,2016-06-20,2016.0,8b+
Eliot Stephens,Apr 2022,8B+,Mystic Stylez,8b+,19-04-2022,Boulder,worked,2022-04-19,2022.0,8b+
Solly Kemball-Dorey,19th Sep 2022,8B+,Mystic Stylez,8b+,19-09-2022,Boulder,worked,2022-09-19,2022.0,8b+
Elias Krüger,15th Sep 2023,,Mystic Stylez,8b+,15-09-2023,Boulder,worked,2023-09-15,2023.0,8b+
Shinichiro Nomura,10th Nov 2024,,Mystic Stylez,8b+,10-11-2024,Boulder,worked,2024-10-11,2024.0,8b+
Steve Mayers,16th Jun 1992,,Nightmayer,e8,16-06-1992,Lead,worked,1992-06-16,1992.0,8a+
Tim Emmett,Jul 1996,,Nightmayer,e8,19-07-1996,Lead,worked,1996-07-19,1996.0,8a+
Alex Mason,10th Jun 2016,,Nightmayer,e8,10-06-2016,Lead,worked,2016-10-06,2016.0,8a+
Emma Twyford,Jul 2018,,Nightmayer,e8,19-07-2018,Lead,worked,2018-07-19,2018.0,8a+
Steve McClure,2019,,Nightmayer,e8,19-11-2019,Lead,onsight,2019-11-19,2019.0,8a+
Rachel Pearce,13th Jun 2023,,Nightmayer,e8,13-06-2023,Lead,worked,2023-06-13,2023.0,8a+
Bryce Viola,,,Nuclear Base,8b+,,Boulder,worked,,,8b+
Austin Hoyt,29th May 2020,8B,Nuclear Base,8b+,29-05-2020,Boulder,worked,2020-05-29,2020.0,8b+
Teo Genecand,,,Nuclear Base,8b+,,Boulder,worked,,,8b+
Adam Shahar,,,Nuclear Base,8b+,,Boulder,worked,,,8b+
Noah Wheeler,,,Nuclear Base,8b+,,Boulder,worked,,,8b+
Isaac Leff,,,Nuclear Base,8b+,,Boulder,worked,,,8b+
Mike McCracken,,,Nuclear Base,8b+,,Boulder,worked,,,8b+
Fred Nicole,Sep 2000,,Oliphants Dawn,8b+,19-09-2000,Boulder,worked,2000-09-19,2000.0,8b+
Nalle Hukkataival,Aug 2012,,Oliphants Dawn,8b+,19-08-2012,Boulder,worked,2012-08-19,2012.0,8b+
Daniel Woods,8th Aug 2012,8B+,Oliphants Dawn,8b+,08-08-2012,Boulder,worked,2012-08-08,2012.0,8b+
Aidan Roberts,15th Jul 2018,,Oliphants Dawn,8b+,15-07-2018,Boulder,worked,2018-07-15,2018.0,8b+
Florian Wientjes,2022,,Oliphants Dawn,8b+,19-11-2022,Boulder,worked,2022-11-19,2022.0,8b+
Nathan Phillips,29th Jul 2022,8B+ (hard),Oliphants Dawn,8b+,29-07-2022,Boulder,worked,2022-07-29,2022.0,8b+
Naoki Shimatani,8th Jul 2024,,Oliphants Dawn,8b+,08-07-2024,Boulder,worked,2024-08-07,2024.0,8b+
Paul Ingham,1988,,Overnite Sensation,8a+,19-11-1988,Lead,worked,1988-11-19,1988.0,8a+
Dougie Hall,Before 1st Jan 1991,,Overnite Sensation,8a+,,Lead,worked,,,8a+
Mick Lovatt,Before 1st Jan 1991,,Overnite Sensation,8a+,,Lead,worked,,,8a+
Simon Lee,19th Apr 2007,,Overnite Sensation,8a+,19-04-2007,Lead,worked,2007-04-19,2007.0,8a+
Natalie Berry,Aug 2011,,Overnite Sensation,8a+,19-08-2011,Lead,worked,2011-08-19,2011.0,8a+
Ella Russell,5th Jul 2015,,Overnite Sensation,8a+,05-07-2015,Lead,worked,2015-05-07,2015.0,8a+
Ian Cummins,,,Overnite Sensation,8a+,,Lead,worked,,,8a+
Chris Sharma,29th May 2009,,Pachamama,9a+,29-05-2009,Lead,worked,2009-05-29,2009.0,9a+
Sachi Amma,17th Dec 2011,,Pachamama,9a+,17-12-2011,Lead,worked,2011-12-17,2011.0,9a+
Ramón Julián Puigblanque,3rd Apr 2015,,Pachamama,9a+,03-04-2015,Lead,worked,2015-03-04,2015.0,9a+
Adam Ondra,3rd Feb 2017,,Pachamama,9a+,03-02-2017,Lead,worked,2017-03-02,2017.0,9a+
Jonathan Siegrest,12th Apr 2017,,Pachamama,9a+,12-04-2017,Lead,worked,2017-12-04,2017.0,9a+
Patxi Usobiaga,10th Nov 2017,9a+/9b,Pachamama,9a+,10-11-2017,Lead,worked,2017-10-11,2017.0,9a+
Sébastien Bouin,6th Mar 2019,,Pachamama,9a+,06-03-2019,Lead,worked,2019-06-03,2019.0,9a+
Ron Kauk,1995,,Peace,8b,19-11-1995,Lead,worked,1995-11-19,1995.0,8b
Alex Honnold,1st Oct 2010,,Peace,8b,01-10-2010,Lead,worked,2010-01-10,2010.0,8b
Lonnie Kauk,3rd Oct 2010,,Peace,8b,03-10-2010,Lead,worked,2010-03-10,2010.0,8b
Jacob Cook,11th Oct 2015,,Peace,8b,11-10-2015,Lead,worked,2015-11-10,2015.0,8b
Calum Coldwell-Story,18th Oct 2018,,Peace,8b,18-10-2018,Lead,worked,2018-10-18,2018.0,8b
Anna Hazlett,2nd Jul 2024,,Peace,8b,02-07-2024,Lead,worked,2024-02-07,2024.0,8b
Matilda Söderlund,Oct 2024,,Peace,8b,19-10-2024,Lead,worked,2024-10-19,2024.0,8b
Malcolm Smith,2004,9a,Pilgrimage,8b+,19-11-2004,Boulder,worked,2004-11-19,2004.0,8b+
Alex Barrows,5th Mar 2013,8c+,Pilgrimage,8b+,05-03-2013,Boulder,worked,2013-05-03,2013.0,8b+
Mike Hart,Jul 2016,,Pilgrimage,8b+,19-07-2016,Boulder,worked,2016-07-19,2016.0,8b+
Jack Palmieri,1st Nov 2017,8B+,Pilgrimage,8b+,01-11-2017,Boulder,worked,2017-01-11,2017.0,8b+
Pete Dawson,12th Aug 2019,8B+ (soft),Pilgrimage,8b+,12-08-2019,Boulder,worked,2019-12-08,2019.0,8b+
Kieran Forrest,29th Jul 2020,8B+,Pilgrimage,8b+,29-07-2020,Boulder,worked,2020-07-29,2020.0,8b+
Ken Palmer,25th Mar 1994,8b,Poppy,8b+,25-03-1994,Lead,worked,1994-03-25,1994.0,8b+
Steve McClure,2000,,Poppy,8b+,19-11-2000,Lead,worked,2000-11-19,2000.0,8b+
Rob Sutton,11th Jun 2003,,Poppy,8b+,11-06-2003,Lead,worked,2003-11-06,2003.0,8b+
Stuart Littlefair,11th Jun 2003,,Poppy,8b+,11-06-2003,Lead,worked,2003-11-06,2003.0,8b+
Gavin Symonds,21st Mar 2012,,Poppy,8b+,21-03-2012,Lead,worked,2012-03-21,2012.0,8b+
Rhoslyn Frugtniet,11th Jul 2020,,Poppy,8b+,11-07-2020,Lead,worked,2020-11-07,2020.0,8b+
Pete Dawson,,,Poppy,8b+,,Lead,worked,,,8b+
Jimmy Webb,1st Apr 2019,,Primitivo,8c,01-04-2019,Boulder,worked,2019-01-04,2019.0,8c
Giuliano Cameroni,1st Apr 2019,,Primitivo,8c,01-04-2019,Boulder,worked,2019-01-04,2019.0,8c
Martin Stráník,8th Feb 2020,,Primitivo,8c,08-02-2020,Boulder,worked,2020-08-02,2020.0,8c
Daniel Woods,Mar 2020,,Primitivo,8c,19-03-2020,Boulder,worked,2020-03-19,2020.0,8c
Jakob Schubert,16th Mar 2021,,Primitivo,8c,16-03-2021,Boulder,worked,2021-03-16,2021.0,8c
Nicolai Užnik,16th Mar 2021,,Primitivo,8c,16-03-2021,Boulder,worked,2021-03-16,2021.0,8c
Dave Graham,12th Feb 2022,,Primitivo,8c,12-02-2022,Boulder,worked,2022-12-02,2022.0,8c
Neil Mawson,9th Jun 2012,,Raining Bats And Dogs,8c,09-06-2012,Lead,worked,2012-09-06,2012.0,8c
Adam Jeeworth,Sep 2015,,Raining Bats And Dogs,8c,19-09-2015,Lead,worked,2015-09-19,2015.0,8c
Mina Leslie-Wujastyk,14th Oct 2018,,Raining Bats And Dogs,8c,14-10-2018,Lead,worked,2018-10-14,2018.0,8c
James Turnbull,31st Oct 2018,,Raining Bats And Dogs,8c,31-10-2018,Lead,worked,2018-10-31,2018.0,8c
Matt Cooke,16th May 2021,,Raining Bats And Dogs,8c,16-05-2021,Lead,worked,2021-05-16,2021.0,8c
Tom Newberry,5th Oct 2024,,Raining Bats And Dogs,8c,05-10-2024,Lead,worked,2024-05-10,2024.0,8c
Richard Waterton,,,Raining Bats And Dogs,8c,,Lead,worked,,,8c
Jerry Moffatt,1995,,Renegade Master,e8,19-11-1995,Lead,worked,1995-11-19,1995.0,8a+
Kristian Clemmow,2000,,Renegade Master,e8,19-11-2000,Lead,worked,2000-11-19,2000.0,8a+
Tom Briggs,2001,,Renegade Master,e8,19-11-2001,Solo,ground up,2001-11-19,2001.0,8a+
Ben Heason,2001,,Renegade Master,e8,19-11-2001,Solo,worked,2001-11-19,2001.0,8a+
Nic Sellars,2001,,Renegade Master,e8,19-11-2001,Solo,ground up,2001-11-19,2001.0,8a+
Shauna Coxsey,Nov 2017,,Renegade Master,e8,19-11-2017,Solo,ground up,2017-11-19,2017.0,8a+
Neil Bentley,,,Renegade Master,e8,,Solo,,,,8a+
Dave MacLeod,9th Apr 2006,,Rhapsody,e11,09-04-2006,Lead,worked,2006-09-04,2006.0,8c+
Sonnie Trotter,9th Jun 2008,,Rhapsody,e11,09-06-2008,Lead,worked,2008-09-06,2008.0,8c+
Steve McClure,15th Jun 2008,,Rhapsody,e11,15-06-2008,Lead,worked,2008-06-15,2008.0,8c+
James Pearson,24th Sep 2014,,Rhapsody,e11,24-09-2014,Lead,worked,2014-09-24,2014.0,8c+
Jacopo Larcher,May 2016,,Rhapsody,e11,19-05-2016,Lead,worked,2016-05-19,2016.0,8c+
Gérome Pouvreau,Sep 2018,,Rhapsody,e11,19-09-2018,Lead,worked,2018-09-19,2018.0,8c+
Mathew Wright,26th Apr 2024,,Rhapsody,e11,26-04-2024,Lead,worked,2024-04-26,2024.0,8c+
Shawn Raboutou,,8C,Roadkill,8c,,Boulder,worked,,,8c
Jimmy Webb,7th Apr 2020,8C,Roadkill,8c,07-04-2020,Boulder,worked,2020-07-04,2020.0,8c
Kim Marschner,16th Mar 2021,8C,Roadkill,8c,16-03-2021,Boulder,worked,2021-03-16,2021.0,8c
Clément Lechaptois,6th Dec 2021,8C (soft),Roadkill,8c,06-12-2021,Boulder,worked,2021-06-12,2021.0,8c
Dave Graham,6th Dec 2021,8C,Roadkill,8c,06-12-2021,Boulder,worked,2021-06-12,2021.0,8c
Francesco Berardino,Nov 2023,,Roadkill,8c,19-11-2023,Boulder,worked,2023-11-19,2023.0,8c
Pietro Vidi,19th Nov 2023,8C (soft),Roadkill,8c,19-11-2023,Boulder,worked,2023-11-19,2023.0,8c
Jerry Moffatt,,,Rock Atrocity,7c,,Boulder,worked,,,7c
Mina Leslie-Wujastyk,20th May 2009,,Rock Atrocity,7c,20-05-2009,Boulder,worked,2009-05-20,2009.0,7c
Shauna Coxsey,Jun 2009,,Rock Atrocity,7c,19-06-2009,Boulder,worked,2009-06-19,2009.0,7c
Natalie Jordan-Rogers,13th Mar 2022,,Rock Atrocity,7c,13-03-2022,Boulder,worked,2022-03-13,2022.0,7c
Michelle Wardle,,,Rock Atrocity,7c,,Boulder,worked,,,7c
Esther Seddon,,,Rock Atrocity,7c,,Boulder,worked,,,7c
Charlie Torrance,,,Rock Atrocity,7c,,Boulder,worked,,,7c
Pete Robins,15th Jul 2014,8B,Ropes Of Maui,8a+,15-07-2014,Boulder,worked,2014-07-15,2014.0,8a+
Dom Bridgwood,Sep 2014,,Ropes Of Maui,8a+,19-09-2014,Boulder,worked,2014-09-19,2014.0,8a+
Oli Grounsell,Nov 2014,,Ropes Of Maui,8a+,19-11-2014,Boulder,worked,2014-11-19,2014.0,8a+
Shauna Coxsey,5th Apr 2016,,Ropes Of Maui,8a+,05-04-2016,Boulder,worked,2016-05-04,2016.0,8a+
Nathan Phillips,Jun 2017,,Ropes Of Maui,8a+,19-06-2017,Boulder,flash,2017-06-19,2017.0,8a+
Jack Palmieri,17th Jan 2020,8A+,Ropes Of Maui,8a+,17-01-2020,Boulder,worked,2020-01-17,2020.0,8a+
Jonny Kydd,,,Ropes Of Maui,8a+,,Boulder,worked,,,8a+
Neil Gresham,May 2004,,San Simian,e8,19-05-2004,Lead,worked,2004-05-19,2004.0,8a+
Charlie Woodburn,May 2004,,San Simian,e8,19-05-2004,Lead,worked,2004-05-19,2004.0,8a+
Neil Gresham,2007,,San Simian,e8,19-11-2007,Deep Water Solo,repeat,2007-11-19,2007.0,8a+
Gavin Symonds,22nd Aug 2009,,San Simian,e8,22-08-2009,Deep Water Solo,worked,2009-08-22,2009.0,8a+
Hazel Findlay,May 2011,,San Simian,e8,19-05-2011,Lead,worked,2011-05-19,2011.0,8a+
Bob Hickish,21st Jul 2013,,San Simian,e8,21-07-2013,Deep Water Solo,ground up,2013-07-21,2013.0,8a+
Ali Kennedy,2nd Jul 2017,,San Simian,e8,02-07-2017,Deep Water Solo,worked,2017-02-07,2017.0,8a+
Mike Adams,,,Serenity,8b,,Boulder,worked,,,8b
Tom Newberry,10th Apr 2013,,Serenity,8b,10-04-2013,Boulder,worked,2013-10-04,2013.0,8b
James Noble,22nd Feb 2015,,Serenity,8b,22-02-2015,Boulder,worked,2015-02-22,2015.0,8b
Tom Newman,29th Sep 2015,,Serenity,8b,29-09-2015,Boulder,worked,2015-09-29,2015.0,8b
Mathew Wright,9th Feb 2019,,Serenity,8b,09-02-2019,Boulder,worked,2019-09-02,2019.0,8b
Sam Prior,11th Jan 2020,,Serenity,8b,11-01-2020,Boulder,worked,2020-11-01,2020.0,8b
Dan Varian,,,Serenity,8b,,Boulder,worked,,,8b
Daniel Woods,2008,,Sky,8b,19-11-2008,Boulder,worked,2008-11-19,2008.0,8b
Jimmy Webb,30th Jun 2013,,Sky,8b,30-06-2013,Boulder,flash,2013-06-30,2013.0,8b
Toby Saxton,14th Aug 2014,,Sky,8b,14-08-2014,Boulder,worked,2014-08-14,2014.0,8b
Liam Vance,9th Jun 2017,,Sky,8b,09-06-2017,Boulder,flash,2017-09-06,2017.0,8b
James Squire,5th Jun 2018,,Sky,8b,05-06-2018,Boulder,worked,2018-05-06,2018.0,8b
Noah Wheeler,22nd Jul 2023,,Sky,8b,22-07-2023,Boulder,flash,2023-07-22,2023.0,8b
Ned Feehally,,,Sky,8b,,Boulder,worked,,,8b
Fred Nicole,1997,,Slashface,8b,19-11-1997,Boulder,worked,1997-11-19,1997.0,8b
Chris Sharma,1999,,Slashface,8b,19-11-1999,Boulder,worked,1999-11-19,1999.0,8b
Matt Birch,Feb 2003,,Slashface,8b,19-02-2003,Boulder,worked,2003-02-19,2003.0,8b
Dave Graham,11th Feb 2006,,Slashface,8b,11-02-2006,Boulder,worked,2006-11-02,2006.0,8b
Alex Puccio,Between 1st Feb 2016 and 20th Feb 2016,,Slashface,8b,,Boulder,worked,,,8b
Nathaniel Coleman,17th Feb 2024,,Slashface,8b,17-02-2024,Boulder,flash,2024-02-17,2024.0,8b
Pablo Hammack,,,Slashface,8b,,Boulder,flash,,,8b
Matt Fultz,27th Mar 2021,,Sound Of Violence,8c,27-03-2021,Boulder,worked,2021-03-27,2021.0,8c
Drew Ruana,18th Apr 2021,,Sound Of Violence,8c,18-04-2021,Boulder,worked,2021-04-18,2021.0,8c
Noah Wheeler,18th Mar 2022,,Sound Of Violence,8c,18-03-2022,Boulder,worked,2022-03-18,2022.0,8c
Zach Wilson,2nd Apr 2022,,Sound Of Violence,8c,02-04-2022,Boulder,worked,2022-02-04,2022.0,8c
Zach Galla,30th Sep 2023,,Sound Of Violence,8c,30-09-2023,Boulder,worked,2023-09-30,2023.0,8c
Brian Squire,13th Apr 2024,8B+,Sound Of Violence,8c,13-04-2024,Boulder,worked,2024-04-13,2024.0,8c
Ray Hansen,,,Sound Of Violence,8c,,Boulder,worked,,,8c
Mike Paul,May 1988,,Stingray,e9,19-05-1988,Top Rope,worked,1988-05-19,1988.0,8b
Hidetaka Suzuki,Jun 1988,,Stingray,e9,19-06-1988,Lead,worked,1988-06-19,1988.0,8b
Sonnie Trotter,2010,,Stingray,e9,19-11-2010,Lead,worked,2010-11-19,2010.0,8b
Will Stanhope,2015,,Stingray,e9,19-11-2015,Lead,worked,2015-11-19,2015.0,8b
Brittany Goris,7th Feb 2020,,Stingray,e9,07-02-2020,Lead,worked,2020-07-02,2020.0,8b
Amity Warme,4th Feb 2023,,Stingray,e9,04-02-2023,Lead,worked,2023-04-02,2023.0,8b
Jean-Pierre Ouellet,,,Stingray,e9,,Lead,worked,,,8b
Hazel Findlay,2017,,Tainted Love Aka Northern Soul,e8,19-11-2017,Lead,worked,2017-11-19,2017.0,8a+
Sean Villanueva O’Driscoll,Sep 2018,,Tainted Love Aka Northern Soul,e8,19-09-2018,Lead,worked,2018-09-19,2018.0,8a+
Katharina Saurwein,Oct 2018,,Tainted Love Aka Northern Soul,e8,19-10-2018,Lead,worked,2018-10-19,2018.0,8a+
Jorg Verhoeven,Oct 2018,,Tainted Love Aka Northern Soul,e8,19-10-2018,Lead,worked,2018-10-19,2018.0,8a+
Connor Herson,2023,,Tainted Love Aka Northern Soul,e8,19-11-2023,Lead,worked,2023-11-19,2023.0,8a+
Brent Barghahn,2023,,Tainted Love Aka Northern Soul,e8,19-11-2023,Lead,worked,2023-11-19,2023.0,8a+
Amity Warme,16th Aug 2023,,Tainted Love Aka Northern Soul,e8,16-08-2023,Lead,worked,2023-08-16,2023.0,8a+
Chris Savage,3rd May 2010,,The Death Star,8c,03-05-2010,Lead,worked,2010-03-05,2010.0,8c
Tom Newberry,19th Apr 2014,,The Death Star,8c,19-04-2014,Lead,worked,2014-04-19,2014.0,8c
Ian Cooper,13th May 2016,,The Death Star,8c,13-05-2016,Lead,worked,2016-05-13,2016.0,8c
Alexis Perry,21st Jul 2016,,The Death Star,8c,21-07-2016,Lead,worked,2016-07-21,2016.0,8c
Rhoslyn Frugtniet,24th Mar 2019,,The Death Star,8c,24-03-2019,Lead,worked,2019-03-24,2019.0,8c
Cailean Harker,13th Jun 2020,,The Death Star,8c,13-06-2020,Lead,worked,2020-06-13,2020.0,8c
Pete Dawson,3rd Aug 2020,,The Death Star,8c,03-08-2020,Lead,worked,2020-03-08,2020.0,8c
Markus Bock,2011,,The Elder Statesman,9a,19-11-2011,Lead,worked,2011-11-19,2011.0,9a
Daniel Jung,19th Oct 2012,,The Elder Statesman,9a,19-10-2012,Lead,worked,2012-10-19,2012.0,9a
Gabriele Moroni,29th Sep 2013,,The Elder Statesman,9a,29-09-2013,Lead,worked,2013-09-29,2013.0,9a
Adam Ondra,28th Oct 2013,,The Elder Statesman,9a,28-10-2013,Lead,worked,2013-10-28,2013.0,9a
David Firnenburg,22nd Nov 2014,,The Elder Statesman,9a,22-11-2014,Lead,worked,2014-11-22,2014.0,9a
Matilda Söderlund,17th Oct 2019,,The Elder Statesman,9a,17-10-2019,Lead,worked,2019-10-17,2019.0,9a
Kim Marschner,19th Jul 2020,,The Elder Statesman,9a,19-07-2020,Lead,worked,2020-07-19,2020.0,9a
John Dunne,1988,,The Groove,8a+,19-11-1988,Lead,worked,1988-11-19,1988.0,8a+
Simon Nadin,1990,,The Groove,8a+,19-11-1990,Lead,onsight,1990-11-19,1990.0,8a+
Tim Lowe,Aug 1990,,The Groove,8a+,19-08-1990,Lead,worked,1990-08-19,1990.0,8a+
Mike Owen,8th Aug 1990,,The Groove,8a+,08-08-1990,Lead,worked,1990-08-08,1990.0,8a+
Mick Lovatt,Before 1st Jan 1991,,The Groove,8a+,,Lead,worked,,,8a+
Karin Magog,2003,,The Groove,8a+,19-11-2003,Lead,worked,2003-11-19,2003.0,8a+
Jenny Woodward,18th Jul 2009,,The Groove,8a+,18-07-2009,Lead,worked,2009-07-18,2009.0,8a+
Niccolò Ceria,29th Mar 2013,,The Hourglass,8b,29-03-2013,Boulder,flash,2013-03-29,2013.0,8b
Joe Lawson,3rd Oct 2019,,The Hourglass,8b,03-10-2019,Boulder,worked,2019-03-10,2019.0,8b
Tim Blake,Oct 2022,,The Hourglass,8b,19-10-2022,Boulder,worked,2022-10-19,2022.0,8b
Craig Davies,6th Oct 2022,,The Hourglass,8b,06-10-2022,Boulder,worked,2022-06-10,2022.0,8b
Tom Williams,,,The Hourglass,8b,,Boulder,worked,,,8b
Rob Denayer,,,The Hourglass,8b,,Boulder,flash,,,8b
Vadim Timonov,,,The Hourglass,8b,,Boulder,,,,8b
Sonnie Trotter,21st Aug 2007,,The Path,e9,21-08-2007,Lead,worked,2007-08-21,2007.0,8b
Tommy Caldwell,Jul 2013,,The Path,e9,19-07-2013,Lead,worked,2013-07-19,2013.0,8b
Tim Emmett,2016,,The Path,e9,19-11-2016,Lead,worked,2016-11-19,2016.0,8b
Alex Megos,Aug 2016,,The Path,e9,19-08-2016,Lead,flash,2016-08-19,2016.0,8b
Barbara Zangerl,Jul 2018,,The Path,e9,19-07-2018,Lead,worked,2018-07-19,2018.0,8b
Jacopo Larcher,,,The Path,e9,,Lead,worked,,,8b
Ethan Pringle,,,The Path,e9,,Lead,worked,,,8b
Ray Jardine,May 1977,,The Phoenix,e7,19-05-1977,Lead,worked,1977-05-19,1977.0,7c+
Mark Hudon,1978,,The Phoenix,e7,19-11-1978,Lead,worked,1978-11-19,1978.0,7c+
Jerry Moffatt,1984,,The Phoenix,e7,19-11-1984,Lead,flash,1984-11-19,1984.0,7c+
Hidetaka Suzuki,Sep 1987,,The Phoenix,e7,19-09-1987,Lead,worked,1987-09-19,1987.0,7c+
Beth Rodden,2002,,The Phoenix,e7,19-11-2002,Lead,onsight,2002-11-19,2002.0,7c+
Alex Honnold,Jun 2011,,The Phoenix,e7,19-06-2011,Solo,worked,2011-06-19,2011.0,7c+
Hazel Findlay,9th Nov 2017,,The Phoenix,e7,09-11-2017,Lead,flash,2017-09-11,2017.0,7c+
Klem Loskot,1999,,The Power Of Goodbye,8b,19-11-1999,Boulder,worked,1999-11-19,1999.0,8b
Bernhard Schwaiger,17th Nov 2001,,The Power Of Goodbye,8b,17-11-2001,Boulder,worked,2001-11-17,2001.0,8b
Markus Bock,10th Feb 2002,,The Power Of Goodbye,8b,10-02-2002,Boulder,worked,2002-10-02,2002.0,8b
Chris Davies,11th Jan 2009,,The Power Of Goodbye,8b,11-01-2009,Boulder,worked,2009-11-01,2009.0,8b
Daniel Woods,21st Nov 2009,,The Power Of Goodbye,8b,21-11-2009,Boulder,worked,2009-11-21,2009.0,8b
Niccolò Ceria,24th Nov 2022,,The Power Of Goodbye,8b,24-11-2022,Boulder,worked,2022-11-24,2022.0,8b
Janja Garnbret,Nov 2024,,The Power Of Goodbye,8b,19-11-2024,Boulder,worked,2024-11-19,2024.0,8b
James Pearson,Mar 2007,E10,The Promise,e8,19-03-2007,Lead,worked,2007-03-19,2007.0,8a+
Kevin Jorgeson,28th Oct 2008,E8,The Promise,e8,28-10-2008,Lead,worked,2008-10-28,2008.0,8a+
Alex Honnold,1st Nov 2008,E8,The Promise,e8,01-11-2008,Lead,worked,2008-01-11,2008.0,8a+
Pete Robins,7th Dec 2008,E7,The Promise,e8,07-12-2008,Lead,ground up,2008-07-12,2008.0,8a+
Ben Bransby,7th Dec 2008,,The Promise,e8,07-12-2008,Lead,worked,2008-07-12,2008.0,8a+
John Roberts,7th Dec 2008,E8 (hard),The Promise,e8,07-12-2008,Lead,worked,2008-07-12,2008.0,8a+
Ned Feehally,2012,,The Promise,e8,19-11-2012,Boulder,ground up,2012-11-19,2012.0,8a+
Griffin Whiteside,2019,,Traffic,8c,19-11-2019,Boulder,worked,2019-11-19,2019.0,8c
Daniel Woods,11th May 2020,,Traffic,8c,11-05-2020,Boulder,worked,2020-11-05,2020.0,8c
Paul Robinson,11th Jun 2020,,Traffic,8c,11-06-2020,Boulder,worked,2020-11-06,2020.0,8c
Tanner Bauer,16th Jan 2021,,Traffic,8c,16-01-2021,Boulder,worked,2021-01-16,2021.0,8c
Drew Ruana,12th Feb 2021,,Traffic,8c,12-02-2021,Boulder,worked,2021-12-02,2021.0,8c
Matt Fultz,15th Jul 2021,,Traffic,8c,15-07-2021,Boulder,worked,2021-07-15,2021.0,8c
Everett Sloane,13th Mar 2023,,Traffic,8c,13-03-2023,Boulder,worked,2023-03-13,2023.0,8c
Jim Holloway,1975,,Trice,8a+,19-11-1975,Boulder,worked,1975-11-19,1975.0,8a+
Carlo Traversi,15th Nov 2007,,Trice,8a+,15-11-2007,Boulder,worked,2007-11-15,2007.0,8a+
James Pearson,13th Dec 2007,,Trice,8a+,13-12-2007,Boulder,worked,2007-12-13,2007.0,8a+
Daniel Woods,22nd Dec 2007,,Trice,8a+,22-12-2007,Boulder,worked,2007-12-22,2007.0,8a+
Dave Graham,10th Jan 2008,,Trice,8a+,10-01-2008,Boulder,worked,2008-10-01,2008.0,8a+
Nina Williams,11th Apr 2015,,Trice,8a+,11-04-2015,Boulder,worked,2015-11-04,2015.0,8a+
Paige Classen,Jan 2024,,Trice,8a+,19-01-2024,Boulder,worked,2024-01-19,2024.0,8a+
Nalle Hukkataival,2017,,Trust Issues,8b+,19-11-2017,Boulder,worked,2017-11-19,2017.0,8b+
Jimmy Webb,18th Jul 2017,8B+,Trust Issues,8b+,18-07-2017,Boulder,worked,2017-07-18,2017.0,8b+
Ned Feehally,23rd Jul 2017,,Trust Issues,8b+,23-07-2017,Boulder,flash,2017-07-23,2017.0,8b+
Gabriele Moroni,1st Aug 2018,8B,Trust Issues,8b+,01-08-2018,Boulder,worked,2018-01-08,2018.0,8b+
Keenan Takahashi,8th Jul 2022,8B+ (soft),Trust Issues,8b+,08-07-2022,Boulder,worked,2022-08-07,2022.0,8b+
Paul Robinson,31st Jul 2022,,Trust Issues,8b+,31-07-2022,Boulder,worked,2022-07-31,2022.0,8b+
Billy Ridal,30th Jul 2023,8B,Trust Issues,8b+,30-07-2023,Boulder,worked,2023-07-30,2023.0,8b+
Aidan Roberts,24th Oct 2016,,Tsunami,8a,24-10-2016,Boulder,flash,2016-10-24,2016.0,8a
Molly Thompson-Smith,26th Oct 2017,,Tsunami,8a,26-10-2017,Boulder,worked,2017-10-26,2017.0,8a
Frances Bensley,24th Feb 2021,,Tsunami,8a,24-02-2021,Boulder,worked,2021-02-24,2021.0,8a
Gracie Martin,Mar 2022,,Tsunami,8a,19-03-2022,Boulder,worked,2022-03-19,2022.0,8a
Hazel Dearlove,18th Apr 2022,,Tsunami,8a,18-04-2022,Boulder,worked,2022-04-18,2022.0,8a
Tara Hayes,6th May 2023,,Tsunami,8a,06-05-2023,Boulder,worked,2023-06-05,2023.0,8a
Michaela Tracy,Oct 2024,,Tsunami,8a,19-10-2024,Boulder,worked,2024-10-19,2024.0,8a
Dai Koyamada,2014,,Vanitas,8c,19-11-2014,Boulder,worked,2014-11-19,2014.0,8c
Ryuichi Murai,28th Mar 2016,,Vanitas,8c,28-03-2016,Boulder,worked,2016-03-28,2016.0,8c
Daisuke Ichimiya,28th Mar 2016,,Vanitas,8c,28-03-2016,Boulder,worked,2016-03-28,2016.0,8c
Toshi Takeuchi,Dec 2020,,Vanitas,8c,19-12-2020,Boulder,worked,2020-12-19,2020.0,8c
Toru  Nakajima,2021,,Vanitas,8c,19-11-2021,Boulder,worked,2021-11-19,2021.0,8c
Shinichiro Nomura,14th Jan 2021,,Vanitas,8c,14-01-2021,Boulder,worked,2021-01-14,2021.0,8c
Kazuma Ise,28th Feb 2021,,Vanitas,8c,28-02-2021,Boulder,worked,2021-02-28,2021.0,8c
James Litz,,,Warpath,8b+,,Boulder,worked,,,8b+
Daniel Woods,18th Mar 2011,,Warpath,8b+,18-03-2011,Boulder,worked,2011-03-18,2011.0,8b+
Matt Fultz,24th Jun 2013,,Warpath,8b+,24-06-2013,Boulder,worked,2013-06-24,2013.0,8b+
Paul Robinson,29th Sep 2013,,Warpath,8b+,29-09-2013,Boulder,worked,2013-09-29,2013.0,8b+
Jimmy Webb,9th Oct 2013,,Warpath,8b+,09-10-2013,Boulder,worked,2013-09-10,2013.0,8b+
Zach Galla,28th Oct 2022,,Warpath,8b+,28-10-2022,Boulder,worked,2022-10-28,2022.0,8b+
Dave Jones,,,Warpath,8b+,,Boulder,worked,,,8b+
Griffin Whiteside,,,When Life Gives You Lemons Low,8b+,,Boulder,worked,,,8b+
Dan Andrei,2022,8B,When Life Gives You Lemons Low,8b+,19-11-2022,Boulder,worked,2022-11-19,2022.0,8b+
Eric Jerome,7th Jan 2022,,When Life Gives You Lemons Low,8b+,07-01-2022,Boulder,worked,2022-07-01,2022.0,8b+
Taylor McNeill,28th May 2022,,When Life Gives You Lemons Low,8b+,28-05-2022,Boulder,worked,2022-05-28,2022.0,8b+
Drew Ruana,,,When Life Gives You Lemons Low,8b+,,Boulder,worked,,,8b+
Liam Andrews-Bancroft,,8B,When Life Gives You Lemons Low,8b+,,Boulder,worked,,,8b+
Thomas Betterton,,,When Life Gives You Lemons Low,8b+,,Boulder,worked,,,8b+
Nick Dixon,2000,,10 Oclock Saturday Morning,e7,19-11-2000,Lead,worked,2000-11-19,2000.0,7c+
Ed Booth,Apr 2006,,10 Oclock Saturday Morning,e7,19-04-2006,Lead,worked,2006-04-19,2006.0,7c+
Sean Villanueva O’Driscoll,2008,,10 Oclock Saturday Morning,e7,19-11-2008,Lead,flash,2008-11-19,2008.0,7c+
Nicolas Favresse,2008,,10 Oclock Saturday Morning,e7,19-11-2008,Lead,onsight,2008-11-19,2008.0,7c+
Katie Keeley,17th Sep 2022,,10 Oclock Saturday Morning,e7,17-09-2022,Lead,worked,2022-09-17,2022.0,7c+
Milena Muhlen,20th Apr 2024,,10 Oclock Saturday Morning,e7,20-04-2024,Lead,worked,2024-04-20,2024.0,7c+
Steve Dunning,Jul 2006,,Accelerator,8b+,19-07-2006,Lead,worked,2006-07-19,2006.0,8b+
Jordan Buys,21st Aug 2010,,Accelerator,8b+,21-08-2010,Lead,worked,2010-08-21,2010.0,8b+
Jon Freeman,4th Aug 2018,,Accelerator,8b+,04-08-2018,Lead,worked,2018-04-08,2018.0,8b+
Alex Barrows,26th May 2019,,Accelerator,8b+,26-05-2019,Lead,worked,2019-05-26,2019.0,8b+
Jim Pope,10th Jul 2020,,Accelerator,8b+,10-07-2020,Lead,worked,2020-10-07,2020.0,8b+
Luke Dawson,21st Jul 2020,,Accelerator,8b+,21-07-2020,Lead,worked,2020-07-21,2020.0,8b+
Shawn Raboutou,6th Apr 2022,9A,Alphane,9a,06-04-2022,Boulder,worked,2022-06-04,2022.0,9a
Aidan Roberts,19th Oct 2022,,Alphane,9a,19-10-2022,Boulder,worked,2022-10-19,2022.0,9a
Will Bosi,31st Oct 2022,9A (soft),Alphane,9a,31-10-2022,Boulder,worked,2022-10-31,2022.0,9a
Simon Lorenzi,15th Dec 2022,,Alphane,9a,15-12-2022,Boulder,worked,2022-12-15,2022.0,9a
Jakob Schubert,21st Dec 2023,,Alphane,9a,21-12-2023,Boulder,worked,2023-12-21,2023.0,9a
Austin Hoyt,22nd Nov 2022,8B (hard),A Man Escaped,8b+,22-11-2022,Boulder,worked,2022-11-22,2022.0,8b+
Brian Squire,,,A Man Escaped,8b+,,Boulder,worked,,,8b+
Liam Andrews-Bancroft,,,A Man Escaped,8b+,,Boulder,worked,,,8b+
Ray Hansen,,,A Man Escaped,8b+,,Boulder,worked,,,8b+
Julian Bresler,,,A Man Escaped,8b+,,Boulder,worked,,,8b+
Peter Torphy,,,A Man Escaped,8b+,,Boulder,worked,,,8b+
Kevin Jorgeson,9th Jan 2009,8A+,Ambrosia,8a,09-01-2009,Boulder,worked,2009-09-01,2009.0,8a
Alex Honnold,17th Feb 2010,8A,Ambrosia,8a,17-02-2010,Boulder,worked,2010-02-17,2010.0,8a
Enzo Oddo,2011,,Ambrosia,8a,19-11-2011,Boulder,worked,2011-11-19,2011.0,8a
Nina Williams,28th Feb 2017,8A,Ambrosia,8a,28-02-2017,Boulder,worked,2017-02-28,2017.0,8a
Chris Deuto,2022,,Ambrosia,8a,19-11-2022,Boulder,worked,2022-11-19,2022.0,8a
Richard Simpson,1st Mar 2006,9a,A Muerte,8c+,01-03-2006,Lead,worked,2006-01-03,2006.0,8c+
Eduard Marin,1st Apr 2006,,A Muerte,8c+,01-04-2006,Lead,worked,2006-01-04,2006.0,8c+
Dave Graham,7th Dec 2006,,A Muerte,8c+,07-12-2006,Lead,worked,2006-07-12,2006.0,8c+
Dave MacLeod,Nov 2007,,A Muerte,8c+,19-11-2007,Lead,worked,2007-11-19,2007.0,8c+
Will Bosi,18th Apr 2017,,A Muerte,8c+,18-04-2017,Lead,worked,2017-04-18,2017.0,8c+
Hamish McArthur,2020,,A Muerte,8c+,19-11-2020,Lead,worked,2020-11-19,2020.0,8c+
Dave Yerian,1981,,Bachar Yerian,e6,19-11-1981,Alternate Leads,ground up,1981-11-19,1981.0,7b+
John Bachar,1981,,Bachar Yerian,e6,19-11-1981,Alternate Leads,ground up,1981-11-19,1981.0,7b+
Steve Schneider,1983,,Bachar Yerian,e6,19-11-1983,Alternate Leads,,1983-11-19,1983.0,7b+
Kurt Smith,1984,,Bachar Yerian,e6,19-11-1984,Alternate Leads,,1984-11-19,1984.0,7b+
Hayden Kennedy,2008,,Bachar Yerian,e6,19-11-2008,Lead,onsight,2008-11-19,2008.0,7b+
George Ulrich,,,Bachar Yerian,e6,,Lead,onsight,,,7b+
Dave Graham,Aug 2018,,Black Eagle Assis,8b+,19-08-2018,Boulder,worked,2018-08-19,2018.0,8b+
Daniel Woods,16th Aug 2018,8B+,Black Eagle Assis,8b+,16-08-2018,Boulder,worked,2018-08-16,2018.0,8b+
Giuliano Cameroni,18th Aug 2018,8C (soft),Black Eagle Assis,8b+,18-08-2018,Boulder,worked,2018-08-18,2018.0,8b+
Jimmy Webb,18th Jun 2019,8B+,Black Eagle Assis,8b+,18-06-2019,Boulder,worked,2019-06-18,2019.0,8b+
Keenan Takahashi,15th Jul 2019,8B+ (hard),Black Eagle Assis,8b+,15-07-2019,Boulder,worked,2019-07-15,2019.0,8b+
Nathan Phillips,5th Jul 2022,8B+,Black Eagle Assis,8b+,05-07-2022,Boulder,worked,2022-05-07,2022.0,8b+
Taylor McNeill,7th Jan 2020,,Bone Saw,8b+,07-01-2020,Boulder,worked,2020-07-01,2020.0,8b+
Nate Draughn,17th Jan 2020,,Bone Saw,8b+,17-01-2020,Boulder,worked,2020-01-17,2020.0,8b+
Matt Nunes,25th Nov 2023,,Bone Saw,8b+,25-11-2023,Boulder,worked,2023-11-25,2023.0,8b+
Sam Dospoy,26th Mar 2024,,Bone Saw,8b+,26-03-2024,Boulder,worked,2024-03-26,2024.0,8b+
Tyre Taft,,,Bone Saw,8b+,,Boulder,worked,,,8b+
Elijah Kiser,,,Bone Saw,8b+,,Boulder,worked,,,8b+
Daniel Woods,29th Oct 2018,8C,Box Therapy,8c,29-10-2018,Boulder,worked,2018-10-29,2018.0,8c
Drew Ruana,18th Jul 2020,8C+,Box Therapy,8c,18-07-2020,Boulder,worked,2020-07-18,2020.0,8c
Sean Bailey,19th Oct 2020,8C+,Box Therapy,8c,19-10-2020,Boulder,worked,2020-10-19,2020.0,8c
Katie Lamb,28th Jul 2023,8C+,Box Therapy,8c,28-07-2023,Boulder,worked,2023-07-28,2023.0,8c
Brooke Raboutou,Between 7th Oct 2023 and 8th Oct 2023,8C,Box Therapy,8c,,Boulder,worked,,,8c
Shawn Raboutou,Between 7th Oct 2023 and 8th Oct 2023,,Box Therapy,8c,,Boulder,worked,,,8c
Johnny Dawes,1984,,Braille Trail,e7,19-11-1984,Boulder,,1984-11-19,1984.0,7c+
Seb Grieve,30th Oct 1988,,Braille Trail,e7,30-10-1988,Lead,worked,1988-10-30,1988.0,7c+
Katy Whittaker,2009,,Braille Trail,e7,19-11-2009,Lead,worked,2009-11-19,2009.0,7c+
Neil Kershaw,2010,,Braille Trail,e7,19-11-2010,Lead,ground up,2010-11-19,2010.0,7c+
Adam Long,21st Apr 2010,,Braille Trail,e7,21-04-2010,Lead,flash,2010-04-21,2010.0,7c+
Michele Caminati,13th Mar 2012,,Braille Trail,e7,13-03-2012,Lead,ground up,2012-03-13,2012.0,7c+
François Petit,1994,,Bronx,8c+,19-11-1994,Lead,worked,1994-11-19,1994.0,8c+
Jean-Baptiste Tribout,Jun 1994,,Bronx,8c+,19-06-1994,Lead,worked,1994-06-19,1994.0,8c+
Ben Moon,1995,,Bronx,8c+,19-11-1995,Lead,worked,1995-11-19,1995.0,8c+
Elie Chevieux,1995,,Bronx,8c+,19-11-1995,Lead,worked,1995-11-19,1995.0,8c+
James Pearson,2015,,Bronx,8c+,19-11-2015,Lead,worked,2015-11-19,2015.0,8c+
Victor Guillermin,24th Apr 2021,,Bronx,8c+,24-04-2021,Lead,worked,2021-04-24,2021.0,8c+
Nalle Hukkataival,May 2014,,Bügeleisen Sds,8c,19-05-2014,Boulder,worked,2014-05-19,2014.0,8c
Jakob Schubert,Apr 2015,,Bügeleisen Sds,8c,19-04-2015,Boulder,worked,2015-04-19,2015.0,8c
Nicolai Užnik,4th Dec 2020,8C,Bügeleisen Sds,8c,04-12-2020,Boulder,worked,2020-04-12,2020.0,8c
Florian Wientjes,29th Oct 2021,8C,Bügeleisen Sds,8c,29-10-2021,Boulder,worked,2021-10-29,2021.0,8c
Niccolò Ceria,11th Nov 2022,,Bügeleisen Sds,8c,11-11-2022,Boulder,worked,2022-11-11,2022.0,8c
Janja Garnbret,12th May 2024,,Bügeleisen Sds,8c,12-05-2024,Boulder,worked,2024-12-05,2024.0,8c
Fred Nicole,1996,,Caroline,7c+,19-11-1996,Boulder,worked,1996-11-19,1996.0,7c+
Xian Goh,Jul 2016,,Caroline,7c+,19-07-2016,Boulder,worked,2016-07-19,2016.0,7c+
Katie Maxwell,,,Caroline,7c+,,Boulder,worked,,,7c+
Lucinda Whittaker,,,Caroline,7c+,,Boulder,worked,,,7c+
Kitty Morrison,,,Caroline,7c+,,Boulder,worked,,,7c+
Charlotte Garden,,,Caroline,7c+,,Boulder,worked,,,7c+
Tony Ryan,Aug 1986,,Caviar,8a+,19-08-1986,Lead,worked,1986-08-19,1986.0,8a+
Ed Morgan,Before 1st Jan 1991,,Caviar,8a+,,Lead,worked,,,8a+
John Welford,Before 1st Jan 1991,,Caviar,8a+,,Lead,worked,,,8a+
Ruth Jenkins,1994,,Caviar,8a+,19-11-1994,Lead,worked,1994-11-19,1994.0,8a+
Jennifer Wood,11th Oct 2023,,Caviar,8a+,11-10-2023,Lead,worked,2023-11-10,2023.0,8a+
Rae Cowie,,,Caviar,8a+,,Lead,worked,,,8a+
Clément Lechaptois,1st May 2022,8B+,Compass North,8b+,01-05-2022,Boulder,worked,2022-01-05,2022.0,8b+
Aidan Roberts,Apr 2022,,Compass North,8b+,19-04-2022,Boulder,worked,2022-04-19,2022.0,8b+
Marine Thevenet,Oct 2022,,Compass North,8b+,19-10-2022,Boulder,worked,2022-10-19,2022.0,8b+
Daniel Woods,13th Oct 2022,8B+ (soft),Compass North,8b+,13-10-2022,Boulder,flash,2022-10-13,2022.0,8b+
Siara Fabbri,Between 1st Sep 2023 and 5th Oct 2023,,Compass North,8b+,,Boulder,worked,,,8b+
Nina Arthaud,Oct 2024,,Compass North,8b+,19-10-2024,Boulder,worked,2024-10-19,2024.0,8b+
Dave Graham,,,Dark Side Of The Compass,8b+,,Boulder,worked,,,8b+
Daniel Woods,22nd May 2018,,Dark Side Of The Compass,8b+,22-05-2018,Boulder,worked,2018-05-22,2018.0,8b+
Austin Purdy,12th May 2019,,Dark Side Of The Compass,8b+,12-05-2019,Boulder,worked,2019-12-05,2019.0,8b+
Tanner Bauer,20th Apr 2022,,Dark Side Of The Compass,8b+,20-04-2022,Boulder,worked,2022-04-20,2022.0,8b+
Wesley White,11th May 2024,,Dark Side Of The Compass,8b+,11-05-2024,Boulder,worked,2024-11-05,2024.0,8b+
Sam Struthers,24th May 2024,,Dark Side Of The Compass,8b+,24-05-2024,Boulder,worked,2024-05-24,2024.0,8b+
Daniel Woods,16th Nov 2013,,Defying Gravity,8c,16-11-2013,Boulder,worked,2013-11-16,2013.0,8c
Jimmy Webb,2013,,Defying Gravity,8c,19-11-2013,Boulder,worked,2013-11-19,2013.0,8c
Noah Wheeler,13th Nov 2023,,Defying Gravity,8c,13-11-2023,Boulder,worked,2023-11-13,2023.0,8c
Nathaniel Coleman,Between 13th Nov 2023 and 15th Dec 2023,,Defying Gravity,8c,,Boulder,worked,,,8c
Austin Geiman,20th Oct 2024,,Defying Gravity,8c,20-10-2024,Boulder,worked,2024-10-20,2024.0,8c
Adam Shahar,Nov 2024,,Defying Gravity,8c,19-11-2024,Boulder,worked,2024-11-19,2024.0,8c
Philippe Le Denmat,,,Duel,8a,,Boulder,worked,,,8a
Catherine Miquel,12th Oct 1998,,Duel,8a,12-10-1998,Boulder,worked,1998-12-10,1998.0,8a
Malcolm Smith,1999,,Duel,8a,19-11-1999,Boulder,worked,1999-11-19,1999.0,8a
Neil Kershaw,Apr 2018,,Duel,8a,19-04-2018,Boulder,worked,2018-04-19,2018.0,8a
Mari Salvesen,Apr 2024,,Duel,8a,19-04-2024,Boulder,worked,2024-04-19,2024.0,8a
Tyler Landman,,,Duel,8a,,Boulder,worked,,,8a
Daniel Woods,5th Jul 2008,,El Corazon,8a+,05-07-2008,Boulder,worked,2008-05-07,2008.0,8a+
Paul Robinson,10th Jul 2008,,El Corazon,8a+,10-07-2008,Boulder,worked,2008-10-07,2008.0,8a+
Jan Hojer,23rd Jul 2012,,El Corazon,8a+,23-07-2012,Boulder,flash,2012-07-23,2012.0,8a+
Sergii Topishko,7th Jul 2021,,El Corazon,8a+,07-07-2021,Boulder,flash,2021-07-07,2021.0,8a+
Billy Ridal,19th Jul 2023,,El Corazon,8a+,19-07-2023,Boulder,worked,2023-07-19,2023.0,8a+
Charles Albert,,,El Corazon,8a+,,Boulder,worked,,,8a+
Stefano Ghisolfi,11th Jan 2021,9b/9b+,Erebor,9b,11-01-2021,Lead,worked,2021-11-01,2021.0,9b
Laura Rogora,3rd Oct 2021,9b/9b+,Erebor,9b,03-10-2021,Lead,worked,2021-03-10,2021.0,9b
Adam Ondra,9th Nov 2021,9b,Erebor,9b,09-11-2021,Lead,worked,2021-09-11,2021.0,9b
Jakob Schubert,11th Jan 2022,9b,Erebor,9b,11-01-2022,Lead,worked,2022-11-01,2022.0,9b
Stefano Carnati,16th Apr 2023,9b,Erebor,9b,16-04-2023,Lead,worked,2023-04-16,2023.0,9b
Gabriele Moroni,15th Dec 2023,,Erebor,9b,15-12-2023,Lead,worked,2023-12-15,2023.0,9b
Daniel Woods,28th Jun 2010,,Evil Backwards,8b,28-06-2010,Boulder,worked,2010-06-28,2010.0,8b
Alex Puccio,28th Jun 2017,,Evil Backwards,8b,28-06-2017,Boulder,worked,2017-06-28,2017.0,8b
Brooke Raboutou,14th Jun 2022,,Evil Backwards,8b,14-06-2022,Boulder,worked,2022-06-14,2022.0,8b
Sera Gearhart,1st Jul 2023,,Evil Backwards,8b,01-07-2023,Boulder,worked,2023-01-07,2023.0,8b
Katie Lamb,9th Jul 2023,,Evil Backwards,8b,09-07-2023,Boulder,worked,2023-09-07,2023.0,8b
Jamie Emerson,,8B+,Evil Backwards,8b,,Boulder,worked,,,8b
Ellis Butler-Barker,16th May 2015,,Fallingwater,8c,16-05-2015,Lead,worked,2015-05-16,2015.0,8c
Mathew Wright,2nd May 2021,,Fallingwater,8c,02-05-2021,Lead,worked,2021-02-05,2021.0,8c
Freddy Mead,1st Oct 2022,,Fallingwater,8c,01-10-2022,Lead,worked,2022-01-10,2022.0,8c
Josh Rundle,24th Feb 2023,,Fallingwater,8c,24-02-2023,Lead,worked,2023-02-24,2023.0,8c
Jamie Rankin,27th May 2023,8b+ (soft),Fallingwater,8c,27-05-2023,Lead,worked,2023-05-27,2023.0,8c
Arlo Rogers,30th May 2023,8b+,Fallingwater,8c,30-05-2023,Lead,worked,2023-05-30,2023.0,8c
Dave Cuthbertson,27th Jul 1986,,Femme Fatale,e8,27-07-1986,Lead,worked,1986-07-27,1986.0,8a+
Dave MacLeod,1999,E8,Femme Fatale,e8,19-11-1999,Lead,worked,1999-11-19,1999.0,8a+
Ferdia Earle,28th Apr 2024,,Femme Fatale,e8,28-04-2024,Lead,worked,2024-04-28,2024.0,8a+
Dave Birkett,,,Femme Fatale,e8,,Lead,worked,,,8a+
Ewan Rogers,,,Femme Fatale,e8,,Lead,worked,,,8a+
Iain Small,,,Femme Fatale,e8,,Solo,worked,,,8a+
Chris Sharma,5th May 2011,,Fight Or Flight,9b,05-05-2011,Lead,worked,2011-05-05,2011.0,9b
Adam Ondra,10th Feb 2013,,Fight Or Flight,9b,10-02-2013,Lead,worked,2013-10-02,2013.0,9b
Jakob Schubert,31st Dec 2014,,Fight Or Flight,9b,31-12-2014,Lead,worked,2014-12-31,2014.0,9b
Sachi Amma,1st Feb 2015,,Fight Or Flight,9b,01-02-2015,Lead,worked,2015-01-02,2015.0,9b
Matty Hong,2nd May 2018,,Fight Or Flight,9b,02-05-2018,Lead,worked,2018-02-05,2018.0,9b
Piotr Schab,26th Apr 2019,,Fight Or Flight,9b,26-04-2019,Lead,worked,2019-04-26,2019.0,9b
Tommy Caldwell,2003,9a+,Flex Luthor,9a+,19-11-2003,Lead,worked,2003-11-19,2003.0,9a+
Matty Hong,12th Oct 2021,9b,Flex Luthor,9a+,12-10-2021,Lead,worked,2021-12-10,2021.0,9a+
Carlo Traversi,10th Nov 2021,9b,Flex Luthor,9a+,10-11-2021,Lead,worked,2021-10-11,2021.0,9a+
Jonathan Siegrest,31st Oct 2022,9a+ (soft),Flex Luthor,9a+,31-10-2022,Lead,worked,2022-10-31,2022.0,9a+
Nicholas Milburn,29th Oct 2023,9a+,Flex Luthor,9a+,29-10-2023,Lead,worked,2023-10-29,2023.0,9a+
Dan Mirsky,18th Nov 2023,9a,Flex Luthor,9a+,18-11-2023,Lead,worked,2023-11-18,2023.0,9a+
Nathaniel Coleman,2020,8C+,Grand Illusion,8c+,19-11-2020,Boulder,worked,2020-11-19,2020.0,8c+
Sean Bailey,2nd Nov 2020,9a+/9b,Grand Illusion,8c+,02-11-2020,Boulder,worked,2020-02-11,2020.0,8c+
Daniel Woods,7th Jun 2021,,Grand Illusion,8c+,07-06-2021,Boulder,worked,2021-07-06,2021.0,8c+
Matt Fultz,22nd Jun 2021,,Grand Illusion,8c+,22-06-2021,Lead,worked,2021-06-22,2021.0,8c+
Zach Galla,14th Nov 2021,,Grand Illusion,8c+,14-11-2021,Boulder,worked,2021-11-14,2021.0,8c+
Owen Whaley,16th Oct 2024,,Grand Illusion,8c+,16-10-2024,Boulder,worked,2024-10-16,2024.0,8c+
Patch Hammond,Jun 1997,,Gravediggers,e8,19-06-1997,Lead,worked,1997-06-19,1997.0,8a+
Neil Gresham,Jun 1997,,Gravediggers,e8,19-06-1997,Lead,worked,1997-06-19,1997.0,8a+
James McHaffie,2008,,Gravediggers,e8,19-11-2008,Lead,ground up,2008-11-19,2008.0,8a+
Neil Dickson,2008,,Gravediggers,e8,19-11-2008,Lead,ground up,2008-11-19,2008.0,8a+
Pete Robins,2008,,Gravediggers,e8,19-11-2008,Lead,ground up,2008-11-19,2008.0,8a+
Jack Geldard,2008,,Gravediggers,e8,19-11-2008,Lead,ground up,2008-11-19,2008.0,8a+
Charlie Woodburn,Nov 2000,,Harder Faster,e9,19-11-2000,Lead,worked,2000-11-19,2000.0,8b
Seb Grieve,2001,,Harder Faster,e9,19-11-2001,Top Rope,worked,2001-11-19,2001.0,8b
Lucky Chance,25th Dec 2003,,Harder Faster,e9,25-12-2003,Lead,worked,2003-12-25,2003.0,8b
Adam Watson,2012,,Harder Faster,e9,19-11-2012,Lead,worked,2012-11-19,2012.0,8b
James Pearson,24th Dec 2020,,Harder Faster,e9,24-12-2020,Lead,worked,2020-12-24,2020.0,8b
Mike Turner,Jun 1994,,Heart Of Stone,e7,19-06-1994,Lead,,1994-06-19,1994.0,7c+
Pete Robins,2009,,Heart Of Stone,e7,19-11-2009,Lead,onsight,2009-11-19,2009.0,7c+
Will Smith,16th Aug 2015,,Heart Of Stone,e7,16-08-2015,Lead,flash,2015-08-16,2015.0,7c+
Harriet Ridley,Jul 2021,,Heart Of Stone,e7,19-07-2021,Lead,worked,2021-07-19,2021.0,7c+
Tanya Meredith,22nd Jul 2021,,Heart Of Stone,e7,22-07-2021,Lead,worked,2021-07-22,2021.0,7c+
Hazel Findlay,24th Jul 2021,,Heart Of Stone,e7,24-07-2021,Lead,flash,2021-07-24,2021.0,7c+
Klem Loskot,,8b,Hupolup Kempf,8a+,,Deep Water Solo,worked,,,8a+
Alex Honnold,18th Sep 2009,,Hupolup Kempf,8a+,18-09-2009,Deep Water Solo,worked,2009-09-18,2009.0,8a+
Jakob Schubert,Oct 2021,,Hupolup Kempf,8a+,19-10-2021,Deep Water Solo,onsight,2021-10-19,2021.0,8a+
Julia Fiser,12th Oct 2021,8a+,Hupolup Kempf,8a+,12-10-2021,Deep Water Solo,flash,2021-12-10,2021.0,8a+
Michael Piccolruaz,12th Oct 2021,8a,Hupolup Kempf,8a+,12-10-2021,Deep Water Solo,flash,2021-12-10,2021.0,8a+
Marco Müller,Oct 2023,8a+,Hupolup Kempf,8a+,19-10-2023,Deep Water Solo,worked,2023-10-19,2023.0,8a+
James Litz,,,Insurgency,8b+,,Boulder,worked,,,8b+
Paul Robinson,13th Apr 2013,,Insurgency,8b+,13-04-2013,Boulder,worked,2013-04-13,2013.0,8b+
Kiernan Tong,30th Oct 2022,,Insurgency,8b+,30-10-2022,Boulder,worked,2022-10-30,2022.0,8b+
Luke Gerhardt,10th Mar 2024,,Insurgency,8b+,10-03-2024,Boulder,worked,2024-10-03,2024.0,8b+
Brian Squire,10th Mar 2024,,Insurgency,8b+,10-03-2024,Boulder,worked,2024-10-03,2024.0,8b+
Drew Ruana,,,Insurgency,8b+,,Boulder,worked,,,8b+
Jessica Pilz,31st Dec 2015,,Joe Blau,8c+,31-12-2015,Lead,worked,2015-12-31,2015.0,8c+
Luke Dawson,16th Jan 2019,,Joe Blau,8c+,16-01-2019,Lead,worked,2019-01-16,2019.0,8c+
Martina Demmel,24th Mar 2021,,Joe Blau,8c+,24-03-2021,Lead,worked,2021-03-24,2021.0,8c+
Anak Verhoeven,22nd Dec 2021,,Joe Blau,8c+,22-12-2021,Lead,worked,2021-12-22,2021.0,8c+
Ana Belén Argudo Marugan,Feb 2024,,Joe Blau,8c+,19-02-2024,Lead,worked,2024-02-19,2024.0,8c+
Julia Chanourdie,Apr 2024,,Joe Blau,8c+,19-04-2024,Lead,worked,2024-04-19,2024.0,8c+
Tommy Caldwell,1999,,Kryptonite,9a,19-11-1999,Lead,worked,1999-11-19,1999.0,9a
Yuji Hirayama,2001,,Kryptonite,9a,19-11-2001,Lead,worked,2001-11-19,2001.0,9a
Paige Classen,Jun 2020,,Kryptonite,9a,19-06-2020,Lead,worked,2020-06-19,2020.0,9a
Margo Hayes,Jun 2020,,Kryptonite,9a,19-06-2020,Lead,worked,2020-06-19,2020.0,9a
Matt Segal,,,Kryptonite,9a,,Lead,worked,,,9a
Jonathan Siegrest,,,Kryptonite,9a,,Lead,worked,,,9a
Franz Widmer,May 2009,,Kryptos,8c,19-05-2009,Boulder,worked,2009-05-19,2009.0,8c
Fred Nicole,Oct 2009,,Kryptos,8c,19-10-2009,Boulder,worked,2009-10-19,2009.0,8c
Kevin Heiniger,24th Apr 2017,,Kryptos,8c,24-04-2017,Boulder,worked,2017-04-24,2017.0,8c
Katrin Lehmann,14th May 2018,,Kryptos,8c,14-05-2018,Boulder,worked,2018-05-14,2018.0,8c
Christof Rauch,29th Mar 2019,8B+,Kryptos,8c,29-03-2019,Boulder,worked,2019-03-29,2019.0,8c
Elias Iagnemma,20th Jan 2021,8C,Kryptos,8c,20-01-2021,Boulder,worked,2021-01-20,2021.0,8c
Adam Ondra,16th Feb 2011,9a+,La Capella,9b,16-02-2011,Lead,worked,2011-02-16,2011.0,9b
Stefano Ghisolfi,12th Jan 2018,9a+,La Capella,9b,12-01-2018,Lead,worked,2018-12-01,2018.0,9b
Daniel Woods,25th Feb 2018,9b,La Capella,9b,25-02-2018,Lead,worked,2018-02-25,2018.0,9b
Will Bosi,5th Feb 2020,9b (soft),La Capella,9b,05-02-2020,Lead,worked,2020-05-02,2020.0,9b
Jakob Schubert,11th Dec 2021,9a+,La Capella,9b,11-12-2021,Lead,worked,2021-11-12,2021.0,9b
Alex Megos,14th Dec 2021,,La Capella,9b,14-12-2021,Lead,worked,2021-12-14,2021.0,9b
Dani Andrada,21st Dec 2007,,La Fabelita,8c,21-12-2007,Lead,worked,2007-12-21,2007.0,8c
Janja Garnbret,Between 3rd Jan 2016 and 3rd Jan 2017,,La Fabelita,8c,,Lead,flash,,,8c
Molly Thompson-Smith,2nd Dec 2018,,La Fabelita,8c,02-12-2018,Lead,worked,2018-02-12,2018.0,8c
Martina Demmel,10th Apr 2022,,La Fabelita,8c,10-04-2022,Lead,worked,2022-10-04,2022.0,8c
Jorge Díaz-Rullo,31st Mar 2023,,La Fabelita,8c,31-03-2023,Lead,onsight,2023-03-31,2023.0,8c
Rhys Conlon,3rd Nov 2024,8c,La Fabelita,8c,03-11-2024,Lead,worked,2024-03-11,2024.0,8c
Nalle Hukkataival,5th Mar 2015,,Lalchemiste,8b+,05-03-2015,Boulder,worked,2015-05-03,2015.0,8b+
Dan Varian,2016,,Lalchemiste,8b+,19-11-2016,Boulder,worked,2016-11-19,2016.0,8b+
Yannick Flohé,29th Sep 2022,8B+,Lalchemiste,8b+,29-09-2022,Boulder,worked,2022-09-29,2022.0,8b+
Nico Pelorson,Dec 2022,,Lalchemiste,8b+,19-12-2022,Boulder,worked,2022-12-19,2022.0,8b+
Pietro Vidi,28th Apr 2024,8B+ (hard),Lalchemiste,8b+,28-04-2024,Boulder,worked,2024-04-28,2024.0,8b+
Charles Albert,,,Lalchemiste,8b+,,Boulder,worked,,,8b+
Didier Raboutou,1986,,La Mission,8b,19-11-1986,Lead,worked,1986-11-19,1986.0,8b
Ben Masterson,Before 1st Jan 1991,,La Mission,8b,,Lead,worked,,,8b
Jean-Baptiste Tribout,Before 1st Jan 1991,,La Mission,8b,,Lead,worked,,,8b
Pete Gomersall,Before 1st Jan 1991,,La Mission,8b,,Lead,worked,,,8b
Jason Myers,Before 1st Jan 1991,,La Mission,8b,,Lead,worked,,,8b
Mark Pretty,Before 1st Jan 1991,,La Mission,8b,,Lead,worked,,,8b
Fred Nicole,1998,,La Proue,8b,19-11-1998,Boulder,worked,1998-11-19,1998.0,8b
Bernd Zangerl,1st May 2002,,La Proue,8b,01-05-2002,Boulder,worked,2002-01-05,2002.0,8b
Fred Rouhling,4th Oct 2003,,La Proue,8b,04-10-2003,Boulder,worked,2003-04-10,2003.0,8b
Jorg Verhoeven,Mar 2013,,La Proue,8b,19-03-2013,Boulder,flash,2013-03-19,2013.0,8b
Brooke Raboutou,15th Jan 2022,,La Proue,8b,15-01-2022,Boulder,worked,2022-01-15,2022.0,8b
Camilla Moroni,7th Dec 2022,,La Proue,8b,07-12-2022,Boulder,worked,2022-07-12,2022.0,8b
Zedekaii Oliver-Jones,15th May 2023,,Le Dernier Atrocity,8b,15-05-2023,Boulder,worked,2023-05-15,2023.0,8b
Mathew Wright,14th Dec 2023,,Le Dernier Atrocity,8b,14-12-2023,Boulder,worked,2023-12-14,2023.0,8b
Elliot Verry,14th Dec 2023,,Le Dernier Atrocity,8b,14-12-2023,Boulder,worked,2023-12-14,2023.0,8b
Rhys Conlon,6th Aug 2024,,Le Dernier Atrocity,8b,06-08-2024,Boulder,worked,2024-06-08,2024.0,8b
Danny Cattell,,,Le Dernier Atrocity,8b,,Boulder,worked,,,8b
Sam Whittaker,,,Le Dernier Atrocity,8b,,Boulder,worked,,,8b
John Gaskins,,8A+,Little Women,8b+,,Boulder,worked,,,8b+
Dan Varian,Dec 2008,,Little Women,8b+,19-12-2008,Boulder,worked,2008-12-19,2008.0,8b+
Nathan Phillips,6th Jan 2018,8B,Little Women,8b+,06-01-2018,Boulder,worked,2018-06-01,2018.0,8b+
Dan Turner,28th Sep 2018,8B (hard),Little Women,8b+,28-09-2018,Boulder,worked,2018-09-28,2018.0,8b+
Aidan Roberts,2021,8B+,Little Women,8b+,19-11-2021,Boulder,worked,2021-11-19,2021.0,8b+
Will Bosi,2022,8B (hard),Little Women,8b+,19-11-2022,Boulder,worked,2022-11-19,2022.0,8b+
Dave Graham,28th Feb 2008,,Lost In The Hood,8b+,28-02-2008,Boulder,worked,2008-02-28,2008.0,8b+
Brion Voges,14th Nov 2010,,Lost In The Hood,8b+,14-11-2010,Boulder,worked,2010-11-14,2010.0,8b+
John Brock,,,Lost In The Hood,8b+,,Boulder,worked,,,8b+
Paul Robinson,,,Lost In The Hood,8b+,,Boulder,worked,,,8b+
Jimmy Webb,,8B,Lost In The Hood,8b+,,Boulder,worked,,,8b+
Daniel Woods,,8B,Lost In The Hood,8b+,,Boulder,worked,,,8b+
Mike Doyle,14th Dec 2006,,Lucifer,8c+,14-12-2006,Lead,worked,2006-12-14,2006.0,8c+
Chris Sharma,2008,,Lucifer,8c+,19-11-2008,Lead,worked,2008-11-19,2008.0,8c+
Alex Megos,2012,,Lucifer,8c+,19-11-2012,Lead,worked,2012-11-19,2012.0,8c+
Natalia Grossman,Nov 2023,,Lucifer,8c+,19-11-2023,Lead,worked,2023-11-19,2023.0,8c+
Anastasia Sanders,Dec 2023,,Lucifer,8c+,19-12-2023,Lead,worked,2023-12-19,2023.0,8c+
Maya Ene,2nd Dec 2023,,Lucifer,8c+,02-12-2023,Lead,worked,2023-02-12,2023.0,8c+
Ben Moon,Nov 1989,,Maginot Line,8c,19-11-1989,Lead,worked,1989-11-19,1989.0,8c
Patrick Edlinger,1989,,Maginot Line,8c,19-11-1989,Lead,worked,1989-11-19,1989.0,8c
Mark Leach,Before 1st Jan 1991,,Maginot Line,8c,,Lead,worked,,,8c
Jean-Baptiste Tribout,Before 1st Jan 1991,,Maginot Line,8c,,Lead,worked,,,8c
Severino Scassa,1993,,Maginot Line,8c,19-11-1993,Lead,worked,1993-11-19,1993.0,8c
Richard Simpson,2004,,Maginot Line,8c,19-11-2004,Lead,worked,2004-11-19,2004.0,8c
Paul Robinson,8th Jul 2022,,Menage A Trois,8b+,08-07-2022,Boulder,worked,2022-08-07,2022.0,8b+
Ryuichi Murai,25th Jun 2023,,Menage A Trois,8b+,25-06-2023,Boulder,worked,2023-06-25,2023.0,8b+
Noah Wheeler,27th Jul 2023,,Menage A Trois,8b+,27-07-2023,Boulder,worked,2023-07-27,2023.0,8b+
Stefan Scarperi,21st Jul 2024,,Menage A Trois,8b+,21-07-2024,Boulder,worked,2024-07-21,2024.0,8b+
Clément Lechaptois,,,Menage A Trois,8b+,,Boulder,worked,,,8b+
Milo Timberlake,,,Menage A Trois,8b+,,Boulder,worked,,,8b+
Chris Sharma,2005,,Middle Trifecta,8b,19-11-2005,Boulder,worked,2005-11-19,2005.0,8b
Dan Smith,19th Jun 2014,,Middle Trifecta,8b,19-06-2014,Boulder,worked,2014-06-19,2014.0,8b
Jimmy Webb,19th Sep 2015,,Middle Trifecta,8b,19-09-2015,Boulder,worked,2015-09-19,2015.0,8b
Issac Buckley,5th Apr 2016,,Middle Trifecta,8b,05-04-2016,Boulder,worked,2016-05-04,2016.0,8b
Niccolò Ceria,2018,,Middle Trifecta,8b,19-11-2018,Boulder,flash,2018-11-19,2018.0,8b
Dave Mason,3rd Aug 2019,,Middle Trifecta,8b,03-08-2019,Boulder,worked,2019-03-08,2019.0,8b
Joe Healey,1985,,Monoblock,8a,19-11-1985,Boulder,worked,1985-11-19,1985.0,8a
Phil Davidson,1985,,Monoblock,8a,19-11-1985,Boulder,worked,1985-11-19,1985.0,8a
Andy Popp,2001,,Monoblock,8a,19-11-2001,Boulder,worked,2001-11-19,2001.0,8a
Mike Adams,17th Feb 2008,,Monoblock,8a,17-02-2008,Boulder,worked,2008-02-17,2008.0,8a
James Pearson,,,Monoblock,8a,,Boulder,worked,,,8a
Pete Chadwick,,,Monoblock,8a,,Top Rope,worked,,,8a
Markus Bock,Mar 2005,,Montecore,8c,19-03-2005,Boulder,worked,2005-03-19,2005.0,8c
Dai Koyamada,14th Oct 2007,,Montecore,8c,14-10-2007,Boulder,worked,2007-10-14,2007.0,8c
Fabian Christof,Between 1st Jan 2008 and 1st Jan 2012,,Montecore,8c,,Boulder,worked,,,8c
Manuel Brunn,2012,,Montecore,8c,19-11-2012,Boulder,worked,2012-11-19,2012.0,8c
Alex Megos,2014,8B+,Montecore,8c,19-11-2014,Boulder,worked,2014-11-19,2014.0,8c
Nalle Hukkataival,21st Dec 2009,,Ninja Skills,8b+,21-12-2009,Boulder,worked,2009-12-21,2009.0,8b+
Paul Robinson,3rd Dec 2010,,Ninja Skills,8b+,03-12-2010,Boulder,worked,2010-03-12,2010.0,8b+
Jimmy Webb,11th Mar 2013,,Ninja Skills,8b+,11-03-2013,Boulder,worked,2013-11-03,2013.0,8b+
Niccolò Ceria,23rd Dec 2014,,Ninja Skills,8b+,23-12-2014,Boulder,worked,2014-12-23,2014.0,8b+
Keenan Takahashi,14th Mar 2019,,Ninja Skills,8b+,14-03-2019,Boulder,worked,2019-03-14,2019.0,8b+
Nathan Phillips,12th Nov 2022,,Ninja Skills,8b+,12-11-2022,Boulder,worked,2022-12-11,2022.0,8b+
Severino Scassa,1992,,Noia,8c+,19-11-1992,Lead,worked,1992-11-19,1992.0,8c+
Christian Bindhammer,Jun 1998,,Noia,8c+,19-06-1998,Lead,worked,1998-06-19,1998.0,8c+
Cristian Brenna,1999,,Noia,8c+,19-11-1999,Lead,worked,1999-11-19,1999.0,8c+
Yuji Hirayama,Sep 2000,,Noia,8c+,19-09-2000,Lead,worked,2000-09-19,2000.0,8c+
Josune Bereziartu,18th Oct 2001,,Noia,8c+,18-10-2001,Lead,worked,2001-10-18,2001.0,8c+
Claudia Ghisolfi,May 2021,,Noia,8c+,19-05-2021,Lead,worked,2021-05-19,2021.0,8c+
Iva Vejmolová,16th Sep 2017,,Nordic Plumber,8c,16-09-2017,Lead,worked,2017-09-16,2017.0,8c
Mina Leslie-Wujastyk,12th Sep 2018,,Nordic Plumber,8c,12-09-2018,Lead,worked,2018-12-09,2018.0,8c
Matt Broadhurst,15th Aug 2019,,Nordic Plumber,8c,15-08-2019,Lead,worked,2019-08-15,2019.0,8c
Denis Pail,3rd Sep 2019,,Nordic Plumber,8c,03-09-2019,Lead,worked,2019-03-09,2019.0,8c
Marcello Bombardi,10th Aug 2020,,Nordic Plumber,8c,10-08-2020,Lead,flash,2020-10-08,2020.0,8c
Tom Newberry,3rd Sep 2022,,Nordic Plumber,8c,03-09-2022,Lead,worked,2022-03-09,2022.0,8c
Ethan Pringle,Jul 2012,,Odins Eye,8c+,19-07-2012,Lead,worked,2012-07-19,2012.0,8c+
Adam Ondra,Jul 2012,,Odins Eye,8c+,19-07-2012,Lead,onsight,2012-07-19,2012.0,8c+
Ben Davison,Jul 2014,,Odins Eye,8c+,19-07-2014,Lead,worked,2014-07-19,2014.0,8c+
Paige Classen,Sep 2017,,Odins Eye,8c+,19-09-2017,Lead,worked,2017-09-19,2017.0,8c+
Jim Pope,8th Aug 2018,,Odins Eye,8c+,08-08-2018,Lead,worked,2018-08-08,2018.0,8c+
Josh Ibbertson,Sep 2024,,Odins Eye,8c+,19-09-2024,Lead,worked,2024-09-19,2024.0,8c+
James Taylor,7th May 2023,,Olwen,e9,07-05-2023,Lead,worked,2023-07-05,2023.0,8b
Jim Pope,6th Aug 2023,,Olwen,e9,06-08-2023,Lead,worked,2023-06-08,2023.0,8b
Caroline Ciavaldini,15th Aug 2023,,Olwen,e9,15-08-2023,Lead,worked,2023-08-15,2023.0,8b
James Pearson,Between 15th Aug 2023 and 1st Sep 2023,,Olwen,e9,,Lead,ground up,,,8b
Emma Twyford,13th Jul 2024,,Olwen,e9,13-07-2024,Lead,worked,2024-07-13,2024.0,8b
Rachel Pearce,10th Sep 2024,,Olwen,e9,10-09-2024,Lead,worked,2024-10-09,2024.0,8b
John Gaskins,,,Pump Up The Stamina,8c+,,Boulder,worked,,,8c+
Richard Simpson,1st Aug 2005,,Pump Up The Stamina,8c+,01-08-2005,Boulder,worked,2005-01-08,2005.0,8c+
Paul Smitton,7th Jun 2007,,Pump Up The Stamina,8c+,07-06-2007,Boulder,worked,2007-07-06,2007.0,8c+
Taylor Parsons,2012,,Pump Up The Stamina,8c+,19-11-2012,Boulder,worked,2012-11-19,2012.0,8c+
Pete Dawson,2nd Oct 2022,,Pump Up The Stamina,8c+,02-10-2022,Boulder,worked,2022-02-10,2022.0,8c+
Shawn Raboutou,,,Reverse Cowgirl,8b+,,Boulder,worked,,,8b+
Daniel Woods,14th Jun 2018,,Reverse Cowgirl,8b+,14-06-2018,Boulder,worked,2018-06-14,2018.0,8b+
Jimmy Webb,29th Jun 2019,,Reverse Cowgirl,8b+,29-06-2019,Boulder,worked,2019-06-29,2019.0,8b+
Jonah Kreitzberg,8th Aug 2019,,Reverse Cowgirl,8b+,08-08-2019,Boulder,worked,2019-08-08,2019.0,8b+
Shinichiro Nomura,28th Jun 2023,,Reverse Cowgirl,8b+,28-06-2023,Boulder,worked,2023-06-28,2023.0,8b+
Nathan Phillips,19th Jul 2023,,Reverse Cowgirl,8b+,19-07-2023,Boulder,worked,2023-07-19,2023.0,8b+
Scott Franklin,Mar 1988,,Scarface,8b+,19-03-1988,Lead,worked,1988-03-19,1988.0,8b+
Alan Watts,1988,,Scarface,8b+,19-11-1988,Lead,worked,1988-11-19,1988.0,8b+
Jerry Moffatt,Mar 1988,,Scarface,8b+,19-03-1988,Lead,worked,1988-03-19,1988.0,8b+
Sean Myles,Apr 1988,,Scarface,8b+,19-04-1988,Lead,worked,1988-04-19,1988.0,8b+
Lynn Hill,1999,,Scarface,8b+,19-11-1999,Lead,worked,1999-11-19,1999.0,8b+
Adam Ondra,7th Nov 2018,,Scarface,8b+,07-11-2018,Lead,onsight,2018-07-11,2018.0,8b+
Steve Dunning,2001,,Second Coming,8b,19-11-2001,Boulder,worked,2001-11-19,2001.0,8b
Dan Varian,Nov 2012,,Second Coming,8b,19-11-2012,Boulder,worked,2012-11-19,2012.0,8b
Tom Newman,8th Apr 2018,,Second Coming,8b,08-04-2018,Boulder,worked,2018-08-04,2018.0,8b
Dave Mason,17th Apr 2019,8A+/8B,Second Coming,8b,17-04-2019,Boulder,worked,2019-04-17,2019.0,8b
Ned Feehally,1st Sep 2019,,Second Coming,8b,01-09-2019,Boulder,worked,2019-01-09,2019.0,8b
Tim Blake,22nd Dec 2021,,Second Coming,8b,22-12-2021,Boulder,worked,2021-12-22,2021.0,8b
Ron Kauk,1978,,Separate Reality,e5,19-11-1978,Lead,worked,1978-11-19,1978.0,7a+
Dave Diegelman,1979,,Separate Reality,e5,19-11-1979,Lead,worked,1979-11-19,1979.0,7a+
Wolfgang Güllich,1986,,Separate Reality,e5,19-11-1986,Solo,worked,1986-11-19,1986.0,7a+
Heinz Zak,2005,,Separate Reality,e5,19-11-2005,Solo,worked,2005-11-19,2005.0,7a+
Dean Potter,2006,,Separate Reality,e5,19-11-2006,Solo,worked,2006-11-19,2006.0,7a+
Will Stanhope,Jun 2012,,Separate Reality,e5,19-06-2012,Solo,worked,2012-06-19,2012.0,7a+
Mike Adams,3rd Feb 2015,,Serenata,8c,03-02-2015,Boulder,worked,2015-03-02,2015.0,8c
Dawid Skoczylas,Between 11th Jan 2016 and 11th Jan 2017,,Serenata,8c,,Boulder,worked,,,8c
Will Bosi,3rd Sep 2020,,Serenata,8c,03-09-2020,Boulder,worked,2020-03-09,2020.0,8c
Mathew Wright,19th Nov 2020,,Serenata,8c,19-11-2020,Boulder,worked,2020-11-19,2020.0,8c
Sam Prior,2nd Dec 2023,,Serenata,8c,02-12-2023,Boulder,worked,2023-02-12,2023.0,8c
Ned Feehally,,,Serenata,8c,,Boulder,worked,,,8c
Dan Varian,2008,,Serendipity,8b+,19-11-2008,Boulder,worked,2008-11-19,2008.0,8b+
Dawid Skoczylas,Mar 2015,,Serendipity,8b+,19-03-2015,Boulder,worked,2015-03-19,2015.0,8b+
Tom Newman,9th Oct 2015,,Serendipity,8b+,09-10-2015,Boulder,worked,2015-09-10,2015.0,8b+
Mathew Wright,4th Dec 2019,,Serendipity,8b+,04-12-2019,Boulder,worked,2019-04-12,2019.0,8b+
Sam Prior,31st Mar 2021,,Serendipity,8b+,31-03-2021,Boulder,worked,2021-03-31,2021.0,8b+
Ned Feehally,,,Serendipity,8b+,,Boulder,worked,,,8b+
Charlie Barron,2020,,Shadow Walker,8b+,19-11-2020,Boulder,worked,2020-11-19,2020.0,8b+
Isabelle Faus,2021,,Shadow Walker,8b+,19-11-2021,Boulder,worked,2021-11-19,2021.0,8b+
Jimmy Webb,21st Jun 2021,8B,Shadow Walker,8b+,21-06-2021,Boulder,worked,2021-06-21,2021.0,8b+
Chris Deuto,22nd Aug 2021,8B+ (soft),Shadow Walker,8b+,22-08-2021,Boulder,worked,2021-08-22,2021.0,8b+
Wes Walker,Feb 2024,,Shadow Walker,8b+,19-02-2024,Boulder,worked,2024-02-19,2024.0,8b+
Drew Ruana,,,Shadow Walker,8b+,,Boulder,worked,,,8b+
Dan Varian,,,Sideshow,8b,,Boulder,worked,,,8b
Alex Moore,30th Jan 2021,,Sideshow,8b,30-01-2021,Boulder,worked,2021-01-30,2021.0,8b
Calum Coldwell-Story,6th Mar 2022,,Sideshow,8b,06-03-2022,Boulder,worked,2022-06-03,2022.0,8b
Jack Palmieri,13th Sep 2022,,Sideshow,8b,13-09-2022,Boulder,worked,2022-09-13,2022.0,8b
Molly Thompson-Smith,15th Sep 2022,,Sideshow,8b,15-09-2022,Boulder,worked,2022-09-15,2022.0,8b
Hamish McArthur,,,Sideshow,8b,,Boulder,worked,,,8b
Johnny Dawes,1986,,Slab And Crack,e8,19-11-1986,Lead,worked,1986-11-19,1986.0,8a+
Leo Houlding,Between 28th Jul 1995 and 28th Jul 1996,,Slab And Crack,e8,,Lead,worked,,,8a+
Jon Read,15th Aug 1999,,Slab And Crack,e8,15-08-1999,Lead,worked,1999-08-15,1999.0,8a+
Tim Marsh,2000s,,Slab And Crack,e8,19-11-2024,Lead,worked,2024-11-19,2024.0,8a+
Lucy Creamer,2007,,Slab And Crack,e8,19-11-2007,Lead,worked,2007-11-19,2007.0,8a+
Ryan Pasquill,13th Nov 2010,,Slab And Crack,e8,13-11-2010,Lead,flash,2010-11-13,2010.0,8a+
Jimmy Webb,,,Somnolence,8b,,Boulder,worked,,,8b
Giuliano Cameroni,10th Feb 2018,8B (hard),Somnolence,8b,10-02-2018,Boulder,worked,2018-10-02,2018.0,8b
Yannick Flohé,28th Jan 2023,8B (hard),Somnolence,8b,28-01-2023,Boulder,worked,2023-01-28,2023.0,8b
Francesco Berardino,30th Jan 2023,8B+,Somnolence,8b,30-01-2023,Boulder,worked,2023-01-30,2023.0,8b
Will Bosi,1st Feb 2023,8B (hard),Somnolence,8b,01-02-2023,Boulder,worked,2023-01-02,2023.0,8b
Michael Piccolruaz,Nov 2023,8B,Somnolence,8b,19-11-2023,Boulder,worked,2023-11-19,2023.0,8b
Cédric Lachat,,,Speed Intégrale,9a,,Lead,worked,,,9a
Jonathan Siegrest,18th Jun 2014,,Speed Intégrale,9a,18-06-2014,Lead,worked,2014-06-18,2014.0,9a
Barbara Zangerl,May 2018,,Speed Intégrale,9a,19-05-2018,Lead,worked,2018-05-19,2018.0,9a
Ryan Pasquill,Oct 2018,,Speed Intégrale,9a,19-10-2018,Lead,worked,2018-10-19,2018.0,9a
Sébastien Berthe,2020,,Speed Intégrale,9a,19-11-2020,Lead,worked,2020-11-19,2020.0,9a
Luisa Deubzer,18th Jun 2022,,Speed Intégrale,9a,18-06-2022,Lead,worked,2022-06-18,2022.0,9a
Ben Moon,25th Jun 1984,,Statement Of Youth,8a,25-06-1984,Lead,worked,1984-06-25,1984.0,8a
Simon Nadin,1980s,,Statement Of Youth,8a,19-11-2024,Lead,flash,2024-11-19,2024.0,8a
Emma Twyford,29th May 2011,,Statement Of Youth,8a,29-05-2011,Lead,flash,2011-05-29,2011.0,8a
Jude Spancken,,,Statement Of Youth,8a,,Lead,worked,,,8a
Felicity Butler,,,Statement Of Youth,8a,,Lead,worked,,,8a
Dave Cuthbertson,,,Statement Of Youth,8a,,Lead,worked,,,8a
Chris Sharma,6th Feb 2013,9b,Stoking The Fire,9b,06-02-2013,Lead,worked,2013-06-02,2013.0,9b
Adam Ondra,19th Feb 2016,,Stoking The Fire,9b,19-02-2016,Lead,worked,2016-02-19,2016.0,9b
Jakob Schubert,5th Jan 2018,,Stoking The Fire,9b,05-01-2018,Lead,worked,2018-05-01,2018.0,9b
Sachi Amma,25th Mar 2019,,Stoking The Fire,9b,25-03-2019,Lead,worked,2019-03-25,2019.0,9b
Stefano Ghisolfi,28th Dec 2019,,Stoking The Fire,9b,28-12-2019,Lead,worked,2019-12-28,2019.0,9b
Jonathan Siegrest,16th Apr 2023,,Stoking The Fire,9b,16-04-2023,Lead,worked,2023-04-16,2023.0,9b
Karin Magog,3rd Aug 2006,,Stolen,8b,03-08-2006,Lead,worked,2006-03-08,2006.0,8b
Naomi Buys,3rd Aug 2019,,Stolen,8b,03-08-2019,Lead,worked,2019-03-08,2019.0,8b
Rhoslyn Frugtniet,12th Jul 2023,,Stolen,8b,12-07-2023,Lead,worked,2023-12-07,2023.0,8b
Jennifer Wood,1st Sep 2023,,Stolen,8b,01-09-2023,Lead,worked,2023-01-09,2023.0,8b
Anna Wild,4th Jul 2024,,Stolen,8b,04-07-2024,Lead,worked,2024-04-07,2024.0,8b
Dalvinder Sodhi,,,Stolen,8b,,Lead,worked,,,8b
Miles Gibson,Feb 2003,E8,Superbloc,8a+,19-02-2003,Boulder,worked,2003-02-19,2003.0,8a+
Dan Varian,6th Dec 2008,,Superbloc,8a+,06-12-2008,Boulder,ground up,2008-06-12,2008.0,8a+
Mike Adams,17th Dec 2008,,Superbloc,8a+,17-12-2008,Boulder,worked,2008-12-17,2008.0,8a+
Ben Bransby,2012,,Superbloc,8a+,19-11-2012,Boulder,worked,2012-11-19,2012.0,8a+
Issac Buckley,5th Mar 2023,,Superbloc,8a+,05-03-2023,Boulder,worked,2023-05-03,2023.0,8a+
Ned Feehally,,,Superbloc,8a+,,Boulder,worked,,,8a+
Jean-Baptiste Tribout,1986,,Tabou Zizi,8b,19-11-1986,Lead,worked,1986-11-19,1986.0,8b
Ben Masterson,Before 1st Jan 1991,,Tabou Zizi,8b,,Lead,worked,,,8b
Johnny Dawes,Before 1st Jan 1991,,Tabou Zizi,8b,,Lead,worked,,,8b
Pete Gomersall,Before 1st Jan 1991,,Tabou Zizi,8b,,Lead,worked,,,8b
Jason Myers,Before 1st Jan 1991,,Tabou Zizi,8b,,Lead,worked,,,8b
Mark Pretty,Before 1st Jan 1991,,Tabou Zizi,8b,,Lead,worked,,,8b
Fred Nicole,,,Team Work,8a,,Boulder,worked,,,8a
Mina Leslie-Wujastyk,2009,,Team Work,8a,19-11-2009,Boulder,worked,2009-11-19,2009.0,8a
Xian Goh,Mar 2019,,Team Work,8a,19-03-2019,Boulder,worked,2019-03-19,2019.0,8a
Rhoslyn Frugtniet,13th Mar 2019,,Team Work,8a,13-03-2019,Boulder,worked,2019-03-13,2019.0,8a
Hannah Meul,Oct 2022,,Team Work,8a,19-10-2022,Boulder,flash,2022-10-19,2022.0,8a
Molly Thompson-Smith,8th Nov 2024,,Team Work,8a,08-11-2024,Boulder,flash,2024-08-11,2024.0,8a
Nick White,1988,,The Cider Soak,8a,19-11-1988,Lead,worked,1988-11-19,1988.0,8a
Lucy Creamer,2003,,The Cider Soak,8a,19-11-2003,Lead,worked,2003-11-19,2003.0,8a
Cherry Bedford,2011,,The Cider Soak,8a,19-11-2011,Lead,worked,2011-11-19,2011.0,8a
Buster Martin,2011,,The Cider Soak,8a,19-11-2011,Lead,worked,2011-11-19,2011.0,8a
Pete Dawson,18th Apr 2011,,The Cider Soak,8a,18-04-2011,Lead,worked,2011-04-18,2011.0,8a
Gwyneth Uttley,4th Jun 2018,,The Cider Soak,8a,04-06-2018,Lead,worked,2018-04-06,2018.0,8a
Dave Graham,7th Apr 2008,8C,The Island,8b+,07-04-2008,Boulder,worked,2008-07-04,2008.0,8b+
Thomas Willenberg,15th Apr 2011,,The Island,8b+,15-04-2011,Boulder,worked,2011-04-15,2011.0,8b+
Simon Newstead,Apr 2013,,The Island,8b+,19-04-2013,Boulder,worked,2013-04-19,2013.0,8b+
Toby Saxton,2nd Nov 2015,,The Island,8b+,02-11-2015,Boulder,worked,2015-02-11,2015.0,8b+
Keenan Takahashi,1st Apr 2017,,The Island,8b+,01-04-2017,Boulder,worked,2017-01-04,2017.0,8b+
Chris Sharma,2000,,The Mandala,8a+,19-11-2000,Boulder,worked,2000-11-19,2000.0,8a+
Fred Nicole,2000,8A+,The Mandala,8a+,19-11-2000,Boulder,worked,2000-11-19,2000.0,8a+
Ian Vickers,2000,,The Mandala,8a+,19-11-2000,Boulder,worked,2000-11-19,2000.0,8a+
Lisa Rands,2008,,The Mandala,8a+,19-11-2008,Boulder,worked,2008-11-19,2008.0,8a+
David Fitzgerald,Between 27th Jan 2022 and 27th Jan 2023,,The Mandala,8a+,,Boulder,flash,,,8a+
Jesús Muñoz,Between 23rd Dec 2023 and 11th Jan 2024,,The Mandala,8a+,,Boulder,worked,,,8a+
John Dunne,Oct 1987,,The New Statesman,e8,19-10-1987,Lead,worked,1987-10-19,1987.0,8a+
Seb Grieve,10th May 1995,,The New Statesman,e8,10-05-1995,Lead,worked,1995-10-05,1995.0,8a+
Pete Hurley,2003,,The New Statesman,e8,19-11-2003,Lead,worked,2003-11-19,2003.0,8a+
Alex Honnold,15th Nov 2008,,The New Statesman,e8,15-11-2008,Lead,worked,2008-11-15,2008.0,8a+
Neil Bentley,,,The New Statesman,e8,,Lead,worked,,,8a+
Gordon Lennox,,,The New Statesman,e8,,Lead,worked,,,8a+
Kim Carrigan,1985,,The North Face,e5,19-11-1985,Lead,worked,1985-11-19,1985.0,7a+
Ron Kauk,,,The North Face,e5,,Lead,worked,,,7a+
John Yablonski,,,The North Face,e5,,Lead,worked,,,7a+
Peter Croft,1985,,The North Face,e5,19-11-1985,Solo,worked,1985-11-19,1985.0,7a+
Airlie Anderson,2001,,The North Face,e5,19-11-2001,Lead,onsight,2001-11-19,2001.0,7a+
Alex Honnold,2007,,The North Face,e5,19-11-2007,Solo,worked,2007-11-19,2007.0,7a+
Gwyneth Uttley,1st Aug 2020,,The Revolution Is Coming,8a,01-08-2020,Boulder,worked,2020-01-08,2020.0,8a
Rhoslyn Frugtniet,19th Sep 2020,,The Revolution Is Coming,8a,19-09-2020,Boulder,worked,2020-09-19,2020.0,8a
Lucy Ross,27th Aug 2022,,The Revolution Is Coming,8a,27-08-2022,Boulder,worked,2022-08-27,2022.0,8a
Ayesha Khan,29th Aug 2022,,The Revolution Is Coming,8a,29-08-2022,Boulder,worked,2022-08-29,2022.0,8a
Airlie Borlase,30th Aug 2022,,The Revolution Is Coming,8a,30-08-2022,Boulder,worked,2022-08-30,2022.0,8a
Ruby Petch,,,The Revolution Is Coming,8a,,Boulder,worked,,,8a
Nalle Hukkataival,,,The Understanding,8c,,Boulder,worked,,,8c
Jimmy Webb,10th Apr 2014,,The Understanding,8c,10-04-2014,Boulder,worked,2014-10-04,2014.0,8c
Vadim Timonov,7th Oct 2018,,The Understanding,8c,07-10-2018,Boulder,worked,2018-07-10,2018.0,8c
Clément Lechaptois,11th Nov 2020,,The Understanding,8c,11-11-2020,Boulder,worked,2020-11-11,2020.0,8c
Florian Wientjes,Jul 2024,,The Understanding,8c,19-07-2024,Boulder,worked,2024-07-19,2024.0,8c
Adam Shahar,2nd Jul 2024,,The Understanding,8c,02-07-2024,Boulder,worked,2024-02-07,2024.0,8c
Adam Ondra,8th Jul 2012,9a,Thors Hammer,9a,08-07-2012,Lead,worked,2012-08-07,2012.0,9a
Alex Megos,2015,,Thors Hammer,9a,19-11-2015,Lead,worked,2015-11-19,2015.0,9a
Dave Graham,5th Oct 2015,,Thors Hammer,9a,05-10-2015,Lead,worked,2015-05-10,2015.0,9a
Moritz Welt,27th Aug 2021,,Thors Hammer,9a,27-08-2021,Lead,worked,2021-08-27,2021.0,9a
Dylan Chuat,7th Aug 2022,9a+ (soft),Thors Hammer,9a,07-08-2022,Lead,worked,2022-07-08,2022.0,9a
Marco Müller,31st Jul 2024,,Thors Hammer,9a,31-07-2024,Lead,worked,2024-07-31,2024.0,9a
Chris Sharma,15th Jul 2007,9a,Three Degrees Of Separation,9a+,15-07-2007,Lead,worked,2007-07-15,2007.0,9a+
Adam Ondra,21st Jul 2015,9a+,Three Degrees Of Separation,9a+,21-07-2015,Lead,worked,2015-07-21,2015.0,9a+
Lucien Martinez,Apr 2019,9a (hard),Three Degrees Of Separation,9a+,19-04-2019,Lead,worked,2019-04-19,2019.0,9a+
Jules Marchland,7th Jun 2024,9a+,Three Degrees Of Separation,9a+,07-06-2024,Lead,worked,2024-07-06,2024.0,9a+
Matteo Marobin,Sep 2024,,Three Degrees Of Separation,9a+,19-09-2024,Lead,worked,2024-09-19,2024.0,9a+
Jernej Kruder,,,Three Degrees Of Separation,9a+,,Lead,worked,,,9a+
Leo Houlding,Jun 1999,E9,Trauma,e9,19-06-1999,Lead,worked,1999-06-19,1999.0,8b
James Pearson,Apr 2007,E9,Trauma,e9,19-04-2007,Lead,worked,2007-04-19,2007.0,8b
Dave MacLeod,Jun 2007,,Trauma,e9,19-06-2007,Lead,worked,2007-06-19,2007.0,8b
James McHaffie,17th Jun 2007,E9,Trauma,e9,17-06-2007,Lead,worked,2007-06-17,2007.0,8b
Angus Kille,2017,,Trauma,e9,19-11-2017,Lead,worked,2017-11-19,2017.0,8b
Alex Hall,31st May 2024,,Trauma,e9,31-05-2024,Lead,worked,2024-05-31,2024.0,8b
Ryuichi Murai,21st Nov 2018,,Utsushiyo,8b+,21-11-2018,Boulder,worked,2018-11-21,2018.0,8b+
Ryohei Kameyama,29th Mar 2019,,Utsushiyo,8b+,29-03-2019,Boulder,worked,2019-03-29,2019.0,8b+
Shinichiro Nomura,3rd Nov 2019,,Utsushiyo,8b+,03-11-2019,Boulder,worked,2019-03-11,2019.0,8b+
Naoki Shimatani,5th Oct 2020,,Utsushiyo,8b+,05-10-2020,Boulder,worked,2020-05-10,2020.0,8b+
Kazuma Ise,1st Nov 2021,,Utsushiyo,8b+,01-11-2021,Boulder,worked,2021-01-11,2021.0,8b+
Kokoro Fujii,Mar 2024,,Utsushiyo,8b+,19-03-2024,Boulder,flash,2024-03-19,2024.0,8b+
Jimmy Webb,19th May 2020,,Versace,8b,19-05-2020,Boulder,worked,2020-05-19,2020.0,8b
Daniel Woods,19th May 2020,,Versace,8b,19-05-2020,Boulder,worked,2020-05-19,2020.0,8b
Nathan Phillips,1st Dec 2021,,Versace,8b,01-12-2021,Boulder,worked,2021-01-12,2021.0,8b
Orrin Coley,4th Dec 2021,,Versace,8b,04-12-2021,Boulder,worked,2021-04-12,2021.0,8b
Alizée Dufraisse,20th Jan 2022,,Versace,8b,20-01-2022,Boulder,worked,2022-01-20,2022.0,8b
Romy Fuchs,2023,,Versace,8b,19-11-2023,Boulder,worked,2023-11-19,2023.0,8b
Ben Moon,Nov 2006,,Voyager Sds,8b+,19-11-2006,Boulder,worked,2006-11-19,2006.0,8b+
Niccolò Ceria,25th Oct 2015,,Voyager Sds,8b+,25-10-2015,Boulder,worked,2015-10-25,2015.0,8b+
Ned Feehally,3rd Feb 2016,,Voyager Sds,8b+,03-02-2016,Boulder,worked,2016-03-02,2016.0,8b+
David Fitzgerald,16th Mar 2017,,Voyager Sds,8b+,16-03-2017,Boulder,worked,2017-03-16,2017.0,8b+
Dan Turner,30th Nov 2017,,Voyager Sds,8b+,30-11-2017,Boulder,worked,2017-11-30,2017.0,8b+
Orrin Coley,5th Jan 2019,,Voyager Sds,8b+,05-01-2019,Boulder,worked,2019-05-01,2019.0,8b+
Jonny Kydd,3rd Jun 2017,,Wadzilla,8b,03-06-2017,Boulder,worked,2017-03-06,2017.0,8b
Finley Wood,27th Jun 2020,,Wadzilla,8b,27-06-2020,Boulder,worked,2020-06-27,2020.0,8b
Alex Oates,5th Jul 2020,,Wadzilla,8b,05-07-2020,Boulder,worked,2020-05-07,2020.0,8b
Rajendra Pun,12th Sep 2021,,Wadzilla,8b,12-09-2021,Boulder,worked,2021-12-09,2021.0,8b
Tom Stockton,6th Jul 2024,,Wadzilla,8b,06-07-2024,Boulder,worked,2024-06-07,2024.0,8b
Rory Fowler,,,Wadzilla,8b,,Boulder,worked,,,8b
Rob Gawthorpe,1980,,Walk On By,7c+,19-11-1980,Boulder,worked,1980-11-19,1980.0,7c+
Ben Moon,Before 1st Jan 2000,,Walk On By,7c+,,Boulder,worked,,,7c+
Darren Stevenson,Before 1st Jan 2000,8A,Walk On By,7c+,,Boulder,worked,,,7c+
John Welford,Before 1st Jan 2000,7C,Walk On By,7c+,,Boulder,worked,,,7c+
Katy Whittaker,23rd Jan 2012,,Walk On By,7c+,23-01-2012,Boulder,worked,2012-01-23,2012.0,7c+
Mia Stacey,5th Feb 2017,,Walk On By,7c+,05-02-2017,Boulder,worked,2017-05-02,2017.0,7c+
Jean-Baptiste Tribout,Jun 1988,,White Wedding,8b+,19-06-1988,Lead,worked,1988-06-19,1988.0,8b+
Jerry Moffatt,Apr 1988,,White Wedding,8b+,19-04-1988,Lead,worked,1988-04-19,1988.0,8b+
Peder Groseth,Aug 2015,,White Wedding,8b+,19-08-2015,Lead,worked,2015-08-19,2015.0,8b+
Ted Kingsnorth,Sep 2016,,White Wedding,8b+,19-09-2016,Lead,worked,2016-09-19,2016.0,8b+
Adam Ondra,7th Nov 2018,,White Wedding,8b+,07-11-2018,Lead,onsight,2018-07-11,2018.0,8b+
Ryan Palo,Oct 2020,,White Wedding,8b+,19-10-2020,Lead,worked,2020-10-19,2020.0,8b+
Fernando Martinez,17th Oct 1996,,White Zombie,8c,17-10-1996,Lead,worked,1996-10-17,1996.0,8c
Josune Bereziartu,9th May 1999,,White Zombie,8c,09-05-1999,Lead,worked,1999-09-05,1999.0,8c
Yuji Hirayama,Oct 2004,,White Zombie,8c,19-10-2004,Lead,onsight,2004-10-19,2004.0,8c
Tomáš Mrázek,2007,,White Zombie,8c,19-11-2007,Lead,worked,2007-11-19,2007.0,8c
Eva Lopez,5th Aug 2010,,White Zombie,8c,05-08-2010,Lead,worked,2010-05-08,2010.0,8c
Jorge Díaz-Rullo,2nd Sep 2020,,White Zombie,8c,02-09-2020,Lead,onsight,2020-02-09,2020.0,8c
Beat Kammelander,1997,,Wogü,8c,19-11-1997,Lead,worked,1997-11-19,1997.0,8c
Adam Ondra,26th Jul 2008,,Wogü,8c,26-07-2008,Lead,worked,2008-07-26,2008.0,8c
Eduard Marin,2016,,Wogü,8c,19-11-2016,Lead,worked,2016-11-19,2016.0,8c
Roland Hemetzberger,2017,,Wogü,8c,19-11-2017,Lead,worked,2017-11-19,2017.0,8c
Cédric Lachat,30th Jun 2020,,Wogü,8c,30-06-2020,Lead,worked,2020-06-30,2020.0,8c
Louna Ladevant,Oct 2023,,Wogü,8c,19-10-2023,Lead,worked,2023-10-19,2023.0,8c
Pete Livesey,Jul 1979,,Zero,e7,19-07-1979,Lead,worked,1979-07-19,1979.0,7c+
Andy Pollitt,1983,,Zero,e7,19-11-1983,Lead,worked,1983-11-19,1983.0,7c+
Jerry Moffatt,1983,,Zero,e7,19-11-1983,Lead,flash,1983-11-19,1983.0,7c+
Chris Gore,1983,,Zero,e7,19-11-1983,Lead,onsight,1983-11-19,1983.0,7c+
Pete Robins,2001,,Zero,e7,19-11-2001,Lead,onsight,2001-11-19,2001.0,7c+
James McHaffie,Before 1st Jan 2002,,Zero,e7,,Lead,onsight,,,7c+
Daniel Woods,Mar 2020,8C,4 Low,8c,19-03-2020,Boulder,worked,2020-03-19,2020.0,8c
Dave Graham,28th Feb 2022,,4 Low,8c,28-02-2022,Boulder,worked,2022-02-28,2022.0,8c
Martin Stráník,27th Jan 2023,8C (soft),4 Low,8c,27-01-2023,Boulder,worked,2023-01-27,2023.0,8c
Pietro Vidi,4th Jan 2024,8C,4 Low,8c,04-01-2024,Boulder,worked,2024-04-01,2024.0,8c
Giovanni Placci,24th Jan 2024,8C (soft),4 Low,8c,24-01-2024,Boulder,worked,2024-01-24,2024.0,8c
Mark Edwards,Aug 2007,E10,Academia,e8,19-08-2007,Lead,worked,2007-08-19,2007.0,8a+
Franco Cookson,15th Aug 2018,E8,Academia,e8,15-08-2018,Lead,worked,2018-08-15,2018.0,8a+
Alex Moore,27th Aug 2018,,Academia,e8,27-08-2018,Lead,worked,2018-08-27,2018.0,8a+
Tom Pearce,2nd Aug 2021,,Academia,e8,02-08-2021,Lead,worked,2021-02-08,2021.0,8a+
Anna Taylor,5th Feb 2022,E8,Academia,e8,05-02-2022,Solo,worked,2022-05-02,2022.0,8a+
James Litz,,,Ace Of Spades,9a+,,Lead,worked,,,9a+
Daniel Woods,18th Oct 2018,9a+ (soft),Ace Of Spades,9a+,18-10-2018,Lead,worked,2018-10-18,2018.0,9a+
Jonathan Siegrest,1st May 2021,9a+ (soft),Ace Of Spades,9a+,01-05-2021,Lead,worked,2021-01-05,2021.0,9a+
Ben Hanna,18th Oct 2022,,Ace Of Spades,9a+,18-10-2022,Lead,worked,2022-10-18,2022.0,9a+
Jack Street,1969,,Ajudicator Wall,e3,19-11-1969,Lead,,1969-11-19,1969.0,6b+
John Sheard,1972,,Ajudicator Wall,e3,19-11-1972,Lead,,1972-11-19,1972.0,6b+
Pete Livesey,1972,,Ajudicator Wall,e3,19-11-1972,Lead,,1972-11-19,1972.0,6b+
Alan Rouse,1972,,Ajudicator Wall,e3,19-11-1972,Lead,,1972-11-19,1972.0,6b+
Paul Braithwaite,1972,,Ajudicator Wall,e3,19-11-1972,Lead,,1972-11-19,1972.0,6b+
Jordan Buys,15th Aug 2014,,Aladdin,8c,15-08-2014,Lead,worked,2014-08-15,2014.0,8c
Ben Freeman,2018,,Aladdin,8c,19-11-2018,Lead,worked,2018-11-19,2018.0,8c
Jon Freeman,28th May 2020,,Aladdin,8c,28-05-2020,Lead,worked,2020-05-28,2020.0,8c
Luke Dawson,5th Sep 2020,,Aladdin,8c,05-09-2020,Lead,worked,2020-05-09,2020.0,8c
John Hartley,7th Sep 2024,,Aladdin,8c,07-09-2024,Lead,worked,2024-07-09,2024.0,8c
Ellis Butler-Barker,14th May 2018,,Ali Bomaye,8c,14-05-2018,Lead,worked,2018-05-14,2018.0,8c
Pete Dawson,28th Jun 2020,,Ali Bomaye,8c,28-06-2020,Lead,worked,2020-06-28,2020.0,8c
Tom Newberry,20th Apr 2021,,Ali Bomaye,8c,20-04-2021,Lead,worked,2021-04-20,2021.0,8c
Jamie Rankin,10th Sep 2022,,Ali Bomaye,8c,10-09-2022,Lead,worked,2022-10-09,2022.0,8c
Arlo Rogers,2nd Dec 2023,8c (soft),Ali Bomaye,8c,02-12-2023,Lead,worked,2023-02-12,2023.0,8c
Sam Whittaker,26th Oct 2003,,Appointment With Death,e9,26-10-2003,Lead,worked,2003-10-26,2003.0,8b
Nathan Lee,25th May 2013,,Appointment With Death,e9,25-05-2013,Lead,worked,2013-05-25,2013.0,8b
Jim Pope,24th Feb 2019,,Appointment With Death,e9,24-02-2019,Lead,worked,2019-02-24,2019.0,8b
Filip Babicz,11th May 2022,,Appointment With Death,e9,11-05-2022,Lead,worked,2022-11-05,2022.0,8b
Tom Randall,,,Appointment With Death,e9,,Lead,worked,,,8b
Simon Nadin,1985,,Art Nouveau,e6,19-11-1985,Solo,worked,1985-11-19,1985.0,7b+
Johnny Dawes,1986,,Art Nouveau,e6,19-11-1986,Solo,onsight,1986-11-19,1986.0,7b+
Adam Long,2001,,Art Nouveau,e6,19-11-2001,Solo,ground up,2001-11-19,2001.0,7b+
Pete Robins,2001,,Art Nouveau,e6,19-11-2001,Solo,ground up,2001-11-19,2001.0,7b+
Niall Grimes,,,Art Nouveau,e6,,Solo,ground up,,,7b+
John Bachar,May 1975,,Astroman,e5,19-05-1975,Lead,worked,1975-05-19,1975.0,7a+
Ron Kauk,May 1975,,Astroman,e5,19-05-1975,Lead,worked,1975-05-19,1975.0,7a+
John Long,May 1975,,Astroman,e5,19-05-1975,Lead,worked,1975-05-19,1975.0,7a+
Peter Croft,1987,,Astroman,e5,19-11-1987,Solo,worked,1987-11-19,1987.0,7a+
Alex Honnold,2007,,Astroman,e5,19-11-2007,Solo,worked,2007-11-19,2007.0,7a+
Jindrich Sustr,Aug 1981,,Attraverso Il Pesce,e6,19-08-1981,Alternate Leads,worked,1981-08-19,1981.0,7b+
Igor Koller,Aug 1981,,Attraverso Il Pesce,e6,19-08-1981,Alternate Leads,worked,1981-08-19,1981.0,7b+
Hansjörg Auer,29th Apr 2007,,Attraverso Il Pesce,e6,29-04-2007,Solo,worked,2007-04-29,2007.0,7b+
Ted Kingsnorth,Aug 2009,,Attraverso Il Pesce,e6,19-08-2009,Alternate Leads,onsight,2009-08-19,2009.0,7b+
Ben Heason,Aug 2009,,Attraverso Il Pesce,e6,19-08-2009,Alternate Leads,onsight,2009-08-19,2009.0,7b+
Dai Koyamada,31st Jan 2007,8C/8C+,Babel,8c,31-01-2007,Boulder,worked,2007-01-31,2007.0,8c
Ryuichi Murai,17th Mar 2016,8C,Babel,8c,17-03-2016,Boulder,worked,2016-03-17,2016.0,8c
Shinichiro Nomura,24th May 2018,8C,Babel,8c,24-05-2018,Boulder,worked,2018-05-24,2018.0,8c
Takuya Nakajima,10th Mar 2021,8C,Babel,8c,10-03-2021,Boulder,worked,2021-10-03,2021.0,8c
Naoki Shimatani,25th May 2021,8C (soft),Babel,8c,25-05-2021,Boulder,worked,2021-05-25,2021.0,8c
Iain Farrar,,,Back Street Mime Artist,8a,,Boulder,worked,,,8a
Emma Flaherty,2016,,Back Street Mime Artist,8a,19-11-2016,Boulder,worked,2016-11-19,2016.0,8a
Gwyneth Uttley,2nd Nov 2021,,Back Street Mime Artist,8a,02-11-2021,Boulder,worked,2021-02-11,2021.0,8a
Vickie Fringe,,,Back Street Mime Artist,8a,,Boulder,worked,,,8a
Jo Allen,,,Back Street Mime Artist,8a,,Boulder,worked,,,8a
Charles Albert,,8C,Bélial,8b+,,Boulder,worked,,,8b+
Jimmy Webb,18th Jan 2019,,Bélial,8b+,18-01-2019,Boulder,worked,2019-01-18,2019.0,8b+
Thilo Schröter,15th Jan 2021,8B+,Bélial,8b+,15-01-2021,Boulder,worked,2021-01-15,2021.0,8b+
Nico Januel,6th Oct 2021,8C,Bélial,8b+,06-10-2021,Boulder,worked,2021-06-10,2021.0,8b+
Tim Reuser,21st Dec 2021,,Bélial,8b+,21-12-2021,Boulder,worked,2021-12-21,2021.0,8b+
Sébastien Bouin,26th May 2019,9a,Beyond,9a+,26-05-2019,Lead,worked,2019-05-26,2019.0,9a+
Sébastien Bouin,Between 26th May 2019 and 29th Aug 2023,9a+,Beyond,9a+,,Lead,repeat,,,9a+
Tanguy Merard,29th Aug 2023,9a+,Beyond,9a+,29-08-2023,Lead,worked,2023-08-29,2023.0,9a+
Sébastien Berthe,23rd Dec 2023,9a+ (soft),Beyond,9a+,23-12-2023,Lead,worked,2023-12-23,2023.0,9a+
Dylan Chuat,16th Apr 2024,9a+,Beyond,9a+,16-04-2024,Lead,worked,2024-04-16,2024.0,9a+
Alex Megos,5th Aug 2020,9b+,Bibliographie,9b+,05-08-2020,Lead,worked,2020-05-08,2020.0,9b+
Stefano Ghisolfi,24th Aug 2021,9b+,Bibliographie,9b+,24-08-2021,Lead,worked,2021-08-24,2021.0,9b+
Sean Bailey,25th Sep 2021,9b+,Bibliographie,9b+,25-09-2021,Lead,worked,2021-09-25,2021.0,9b+
Sébastien Bouin,3rd Jun 2023,9b+,Bibliographie,9b+,03-06-2023,Lead,worked,2023-03-06,2023.0,9b+
Jorge Díaz-Rullo,16th Oct 2023,,Bibliographie,9b+,16-10-2023,Lead,worked,2023-10-16,2023.0,9b+
Neil Carson,6th Dec 1996,,Big Bang,9a,06-12-1996,Lead,worked,1996-06-12,1996.0,9a
James McHaffie,Jul 2011,,Big Bang,9a,19-07-2011,Lead,worked,2011-07-19,2011.0,9a
Emma Twyford,17th Sep 2019,,Big Bang,9a,17-09-2019,Lead,worked,2019-09-17,2019.0,9a
Kieran Forrest,28th Aug 2020,,Big Bang,9a,28-08-2020,Lead,worked,2020-08-28,2020.0,9a
Nalle Hukkataival,24th Oct 2016,9A,Burden Of Dreams,9a,24-10-2016,Boulder,worked,2016-10-24,2016.0,9a
Will Bosi,12th Apr 2023,9A,Burden Of Dreams,9a,12-04-2023,Boulder,worked,2023-12-04,2023.0,9a
Simon Lorenzi,27th Dec 2023,9A,Burden Of Dreams,9a,27-12-2023,Boulder,worked,2023-12-27,2023.0,9a
Elias Iagnemma,26th Mar 2024,9A,Burden Of Dreams,9a,26-03-2024,Boulder,worked,2024-03-26,2024.0,9a
Pete Whittaker,Nov 2011,,Century Crack,e10,19-11-2011,Lead,worked,2011-11-19,2011.0,8b+
Tom Randall,Nov 2011,,Century Crack,e10,19-11-2011,Lead,worked,2011-11-19,2011.0,8b+
Danny Parker,2018,,Century Crack,e10,19-11-2018,Lead,worked,2018-11-19,2018.0,8b+
Fumiya Nakamura,4th Nov 2023,,Century Crack,e10,04-11-2023,Lead,worked,2023-04-11,2023.0,8b+
Adam Ondra,4th Oct 2012,9b+,Change,9b+,04-10-2012,Lead,worked,2012-04-10,2012.0,9b+
Stefano Ghisolfi,28th Sep 2020,9b+,Change,9b+,28-09-2020,Lead,worked,2020-09-28,2020.0,9b+
Sébastien Bouin,Aug 2022,9b/9b+,Change,9b+,19-08-2022,Lead,worked,2022-08-19,2022.0,9b+
Alex Megos,Aug 2024,9b/9b+,Change,9b+,19-08-2024,Lead,worked,2024-08-19,2024.0,9b+
Jorge Díaz-Rullo,Aug 2024,9b/9b+,Change,9b+,19-08-2024,Lead,worked,2024-08-19,2024.0,9b+
Jean-Pierre Bouvier,Apr 1981,,Chimpanzodrome,7c+,19-04-1981,Lead,worked,1981-04-19,1981.0,7c+
Jean Claude Droyer,1984,,Chimpanzodrome,7c+,19-11-1984,Lead,worked,1984-11-19,1984.0,7c+
Jerry Moffatt,18th Mar 1984,,Chimpanzodrome,7c+,18-03-1984,Lead,flash,1984-03-18,1984.0,7c+
Sébastien Bouin,2021,,Chimpanzodrome,7c+,19-11-2021,Lead,worked,2021-11-19,2021.0,7c+
Cédric Lachat,,,Chimpanzodrome,7c+,,Lead,onsight,,,7c+
Angelo Dimai,1933,,Comici Dimai,e3,19-11-1933,Aid,worked,1933-11-19,1933.0,6b+
Emilio Comici,1933,,Comici Dimai,e3,19-11-1933,Aid,worked,1933-11-19,1933.0,6b+
Giuseppe Dimai,1933,,Comici Dimai,e3,19-11-1933,Aid,worked,1933-11-19,1933.0,6b+
Allen Steck,1949,,Comici Dimai,e3,19-11-1949,Aid,,1949-11-19,1949.0,6b+
Karl Lugmayer,1949,,Comici Dimai,e3,19-11-1949,Aid,,1949-11-19,1949.0,6b+
Dean Potter,2003,,Concepción,e8,19-11-2003,Lead,worked,2003-11-19,2003.0,8a+
Steph Davis,2008,,Concepción,e8,19-11-2008,Lead,worked,2008-11-19,2008.0,8a+
Adam Ondra,2018,,Concepción,e8,19-11-2018,Lead,onsight,2018-11-19,2018.0,8a+
Hazel Findlay,2019,,Concepción,e8,19-11-2019,Lead,worked,2019-11-19,2019.0,8a+
Tom Randall,,,Concepción,e8,,Lead,worked,,,8a+
Dave Graham,31st Oct 2005,9a+,Coup De Grace,9a,31-10-2005,Lead,worked,2005-10-31,2005.0,9a
Gabriele Moroni,Apr 2011,9a,Coup De Grace,9a,19-04-2011,Lead,worked,2011-04-19,2011.0,9a
Sean Bailey,2019,,Coup De Grace,9a,19-11-2019,Lead,worked,2019-11-19,2019.0,9a
Keenan Takahashi,17th Mar 2020,,Coup De Grace,9a,17-03-2020,Lead,worked,2020-03-17,2020.0,9a
Dylan Chuat,2nd May 2021,,Coup De Grace,9a,02-05-2021,Lead,worked,2021-02-05,2021.0,9a
Pete Gomersall,19th Sep 1980,,Death Wish,e7,19-09-1980,Lead,worked,1980-09-19,1980.0,7c+
Phil Davidson,19th Sep 1982,,Death Wish,e7,19-09-1982,Lead,onsight,1982-09-19,1982.0,7c+
Mike Owen,19th Jul 1989,,Death Wish,e7,19-07-1989,Lead,onsight,1989-07-19,1989.0,7c+
Karin Magog,,,Death Wish,e7,,Lead,onsight,,,7c+
Toru  Nakajima,,,Decided,8b+,,Boulder,worked,,,8b+
Toshi Takeuchi,23rd Apr 2017,,Decided,8b+,23-04-2017,Boulder,worked,2017-04-23,2017.0,8b+
Ryuichi Murai,3rd Nov 2018,,Decided,8b+,03-11-2018,Boulder,worked,2018-03-11,2018.0,8b+
Tomoa Narasaki,1st Dec 2019,,Decided,8b+,01-12-2019,Boulder,flash,2019-01-12,2019.0,8b+
Katie Lamb,25th Oct 2023,,Decided,8b+,25-10-2023,Boulder,worked,2023-10-25,2023.0,8b+
Stefan Glowacz,1994,,Des Kaisers Neue Kleider,8b+,19-11-1994,Lead,worked,1994-11-19,1994.0,8b+
Ondřej Beneš,2009,,Des Kaisers Neue Kleider,8b+,19-11-2009,Lead,,2009-11-19,2009.0,8b+
Kilian Fischhuber,28th Sep 2009,,Des Kaisers Neue Kleider,8b+,28-09-2009,Lead,worked,2009-09-28,2009.0,8b+
Robbie Phillips,Aug 2019,,Des Kaisers Neue Kleider,8b+,19-08-2019,Lead,worked,2019-08-19,2019.0,8b+
Barbara Zangerl,,,Des Kaisers Neue Kleider,8b+,,Lead,worked,,,8b+
Daniel Woods,27th Feb 2010,8B+,Desperanza,8c,27-02-2010,Boulder,worked,2010-02-27,2010.0,8c
Taylor Parsons,Feb 2012,8B+/8C,Desperanza,8c,19-02-2012,Boulder,worked,2012-02-19,2012.0,8c
Sam Davis,20th Feb 2015,8B+ (hard),Desperanza,8c,20-02-2015,Boulder,worked,2015-02-20,2015.0,8c
Matt Fultz,13th Feb 2020,8C (soft),Desperanza,8c,13-02-2020,Boulder,worked,2020-02-13,2020.0,8c
Tristan Chen,3rd Dec 2023,8C,Desperanza,8c,03-12-2023,Boulder,worked,2023-03-12,2023.0,8c
Tom Patey,18th Jul 1966,,East Face Route,e1,18-07-1966,Alternate Leads,onsight,1966-07-18,1966.0,5c
Chris Bonington,18th Jul 1966,,East Face Route,e1,18-07-1966,Alternate Leads,onsight,1966-07-18,1966.0,5c
Robert Baillie,18th Jul 1966,,East Face Route,e1,18-07-1966,Alternate Leads,onsight,1966-07-18,1966.0,5c
Catherine Destivelle,1997,,East Face Route,e1,19-11-1997,Alternate Leads,,1997-11-19,1997.0,5c
Jesse Dufton,2019,,East Face Route,e1,19-11-2019,Lead,onsight,2019-11-19,2019.0,5c
David Fitzgerald,,,Echo Chamber,8b+,,Boulder,worked,,,8b+
Carlo Traversi,4th Jun 2023,,Echo Chamber,8b+,04-06-2023,Boulder,worked,2023-04-06,2023.0,8b+
Danny Seo,21st Oct 2023,,Echo Chamber,8b+,21-10-2023,Boulder,worked,2023-10-21,2023.0,8b+
Tristan Chen,26th Oct 2023,,Echo Chamber,8b+,26-10-2023,Boulder,worked,2023-10-26,2023.0,8b+
Katie Lamb,2024,,Echo Chamber,8b+,19-11-2024,Boulder,worked,2024-11-19,2024.0,8b+
Thomas Huber,2001,,El Corazon,8a,19-11-2001,Lead,worked,2001-11-19,2001.0,8a
Alex Huber,2001,,El Corazon,8a,19-11-2001,Alternate Leads,worked,2001-11-19,2001.0,8a
Liam Vance,5th Jul 2017,,El Corazon,8a,05-07-2017,Lead,worked,2017-05-07,2017.0,8a
Lara Neumeier,Nov 2023,,El Corazon,8a,19-11-2023,Lead,worked,2023-11-19,2023.0,8a
Barbara Zangerl,Nov 2023,,El Corazon,8a,19-11-2023,Lead,worked,2023-11-19,2023.0,8a
Jimmy Webb,29th Mar 2019,8C+ (soft),Ephyra,8c+,29-03-2019,Boulder,worked,2019-03-29,2019.0,8c+
Niccolò Ceria,Nov 2020,,Ephyra,8c+,19-11-2020,Boulder,worked,2020-11-19,2020.0,8c+
Giuliano Cameroni,16th Mar 2021,8C+ (soft),Ephyra,8c+,16-03-2021,Boulder,worked,2021-03-16,2021.0,8c+
Will Bosi,8th Nov 2022,8C/8C+,Ephyra,8c+,08-11-2022,Boulder,worked,2022-08-11,2022.0,8c+
Yannick Flohé,24th Jan 2023,8C+ (soft),Ephyra,8c+,24-01-2023,Boulder,worked,2023-01-24,2023.0,8c+
Jordan Buys,15th Sep 2014,,Epic Adventures,8c,15-09-2014,Lead,worked,2014-09-15,2014.0,8c
Alex Barrows,19th Aug 2015,,Epic Adventures,8c,19-08-2015,Lead,worked,2015-08-19,2015.0,8c
James Turnbull,2nd Aug 2017,,Epic Adventures,8c,02-08-2017,Lead,worked,2017-02-08,2017.0,8c
Matt Cooke,27th Apr 2024,,Epic Adventures,8c,27-04-2024,Lead,worked,2024-04-27,2024.0,8c
Anna Wild,27th Jun 2024,,Epic Adventures,8c,27-06-2024,Lead,worked,2024-06-27,2024.0,8c
Carlo Traversi,3rd Nov 2020,,Equanimity,8c,03-11-2020,Boulder,worked,2020-03-11,2020.0,8c
Jimmy Webb,Oct 2023,,Equanimity,8c,19-10-2023,Boulder,worked,2023-10-19,2023.0,8c
David Fitzgerald,Oct 2023,,Equanimity,8c,19-10-2023,Boulder,worked,2023-10-19,2023.0,8c
Katie Lamb,15th Aug 2024,,Equanimity,8c,15-08-2024,Boulder,worked,2024-08-15,2024.0,8c
Keenan Takahashi,15th Aug 2024,,Equanimity,8c,15-08-2024,Boulder,worked,2024-08-15,2024.0,8c
Thomas Huber,Between 11th Aug 2009 and 14th Aug 2009,,Eternal Flame,e8,,Alternate Leads,worked,,,8a+
Alex Huber,Between 11th Aug 2009 and 14th Aug 2009,,Eternal Flame,e8,,Alternate Leads,worked,,,8a+
Barbara Zangerl,Between 18th Jul 2022 and 23rd Jul 2022,,Eternal Flame,e8,,Lead,flash,,,8a+
Jacopo Larcher,Between 18th Jul 2022 and 23rd Jul 2022,,Eternal Flame,e8,,Lead,flash,,,8a+
Stefano Ragazzo,Between 17th Jul 2024 and 26th Jul 2024,,Eternal Flame,e8,,Rope Solo,worked,,,8a+
Jimmy Webb,Nov 2021,,Fallen Angel,8c,19-11-2021,Boulder,worked,2021-11-19,2021.0,8c
David Fitzgerald,2022,,Fallen Angel,8c,19-11-2022,Boulder,worked,2022-11-19,2022.0,8c
Keenan Takahashi,19th Oct 2024,,Fallen Angel,8c,19-10-2024,Boulder,worked,2024-10-19,2024.0,8c
Katie Lamb,Nov 2024,,Fallen Angel,8c,19-11-2024,Boulder,worked,2024-11-19,2024.0,8c
Shawn Raboutou,,,Fallen Angel,8c,,Boulder,worked,,,8c
Chris Sharma,19th Apr 2011,9b,"First Round, First Minute",9b,19-04-2011,Lead,worked,2011-04-19,2011.0,9b
Adam Ondra,3rd Feb 2014,9b,"First Round, First Minute",9b,03-02-2014,Lead,worked,2014-03-02,2014.0,9b
Alex Megos,31st Dec 2015,,"First Round, First Minute",9b,31-12-2015,Lead,worked,2015-12-31,2015.0,9b
Stefano Ghisolfi,30th Jan 2017,,"First Round, First Minute",9b,30-01-2017,Lead,worked,2017-01-30,2017.0,9b
Jorge Díaz-Rullo,29th Mar 2021,,"First Round, First Minute",9b,29-03-2021,Lead,worked,2021-03-29,2021.0,9b
Yuji Hirayama,Mar 2003,9a/9a+,Flat Mountain,9a,19-03-2003,Lead,worked,2003-03-19,2003.0,9a
Toru  Nakajima,Between 1st Jan 2003 and 1st Jan 2016,,Flat Mountain,9a,,Lead,worked,,,9a
Alex Megos,2015,,Flat Mountain,9a,19-11-2015,Lead,worked,2015-11-19,2015.0,9a
Sachi Amma,2016,,Flat Mountain,9a,19-11-2016,Lead,worked,2016-11-19,2016.0,9a
Sachi Amma,Mar 2024,,Flat Mountain,9a,19-03-2024,Lead,repeat,2024-03-19,2024.0,9a
Dan Varian,2018,,Flipnic,8b,19-11-2018,Boulder,worked,2018-11-19,2018.0,8b
Dan Turner,21st Nov 2021,,Flipnic,8b,21-11-2021,Boulder,worked,2021-11-21,2021.0,8b
Jack Palmieri,20th Dec 2021,,Flipnic,8b,20-12-2021,Boulder,worked,2021-12-20,2021.0,8b
Will Bosi,7th Mar 2022,8B/8B+,Flipnic,8b,07-03-2022,Boulder,worked,2022-07-03,2022.0,8b
Flinn Mcinerney,6th Jun 2024,,Flipnic,8b,06-06-2024,Boulder,worked,2024-06-06,2024.0,8b
Pietro Vidi,17th Apr 2024,8C+,Flow State,8c,17-04-2024,Boulder,worked,2024-04-17,2024.0,8c
Adam Ondra,27th Aug 2024,8C,Flow State,8c,27-08-2024,Boulder,worked,2024-08-27,2024.0,8c
Stefano Carnati,28th Sep 2024,8C,Flow State,8c,28-09-2024,Boulder,worked,2024-09-28,2024.0,8c
Giovanni Placci,31st Oct 2024,8C,Flow State,8c,31-10-2024,Boulder,worked,2024-10-31,2024.0,8c
Simone Mabboni,4th Nov 2024,,Flow State,8c,04-11-2024,Boulder,worked,2024-04-11,2024.0,8c
Shawn Raboutou,Jul 2021,,Fuck The System,8c+,19-07-2021,Boulder,worked,2021-07-19,2021.0,8c+
Dave Graham,25th Jun 2022,,Fuck The System,8c+,25-06-2022,Boulder,worked,2022-06-25,2022.0,8c+
Clément Lechaptois,15th Oct 2022,,Fuck The System,8c+,15-10-2022,Boulder,worked,2022-10-15,2022.0,8c+
Pietro Vidi,12th Jun 2024,,Fuck The System,8c+,12-06-2024,Boulder,worked,2024-12-06,2024.0,8c+
Sam Weir,28th Jun 2024,,Fuck The System,8c+,28-06-2024,Boulder,worked,2024-06-28,2024.0,8c+
Patxi Usobiaga,9th Dec 2007,,Fuck The System,9a,09-12-2007,Lead,worked,2007-09-12,2007.0,9a
Adam Ondra,6th Feb 2008,,Fuck The System,9a,06-02-2008,Lead,worked,2008-06-02,2008.0,9a
Dani Andrada,8th Mar 2008,,Fuck The System,9a,08-03-2008,Lead,worked,2008-08-03,2008.0,9a
Tom Bolger,26th Feb 2010,,Fuck The System,9a,26-02-2010,Lead,worked,2010-02-26,2010.0,9a
Nika Potapova,2nd Mar 2019,,Fuck The System,9a,02-03-2019,Lead,worked,2019-02-03,2019.0,9a
Dave Graham,30th Sep 2005,,General Disarray,8b,30-09-2005,Boulder,worked,2005-09-30,2005.0,8b
James Pearson,17th Nov 2007,,General Disarray,8b,17-11-2007,Boulder,worked,2007-11-17,2007.0,8b
Solly Kemball-Dorey,5th Mar 2024,,General Disarray,8b,05-03-2024,Boulder,worked,2024-05-03,2024.0,8b
Leo Skinner,6th Mar 2024,,General Disarray,8b,06-03-2024,Boulder,worked,2024-06-03,2024.0,8b
Martin Smith,,,General Disarray,8b,,Boulder,worked,,,8b
Nalle Hukkataival,2015,,Get Railed,8b+,19-11-2015,Boulder,worked,2015-11-19,2015.0,8b+
Billy Ridal,31st Jul 2023,,Get Railed,8b+,31-07-2023,Boulder,worked,2023-07-31,2023.0,8b+
Brian Nugent,,,Get Railed,8b+,,Boulder,worked,,,8b+
Ethan Pringle,,,Get Railed,8b+,,Boulder,worked,,,8b+
Thilo Schröter,,,Get Railed,8b+,,Boulder,worked,,,8b+
Dave Pegg,1990,,Gigantic,e8,19-11-1990,Lead,worked,1990-11-19,1990.0,8a+
John Gaskins,1991,,Gigantic,e8,19-11-1991,Lead,worked,1991-11-19,1991.0,8a+
Adam Lincoln,17th Mar 2010,,Gigantic,e8,17-03-2010,Lead,ground up,2010-03-17,2010.0,8a+
Paul Robins,21st Jun 2015,,Gigantic,e8,21-06-2015,Lead,worked,2015-06-21,2015.0,8a+
Matt Cooke,16th Sep 2023,,Gigantic,e8,16-09-2023,Lead,worked,2023-09-16,2023.0,8a+
Christian Core,Mar 2008,,Gioia,8c+,19-03-2008,Boulder,worked,2008-03-19,2008.0,8c+
Adam Ondra,6th Dec 2011,8C+,Gioia,8c+,06-12-2011,Boulder,worked,2011-06-12,2011.0,8c+
Nalle Hukkataival,Feb 2014,,Gioia,8c+,19-02-2014,Boulder,worked,2014-02-19,2014.0,8c+
Niccolò Ceria,Dec 2020,,Gioia,8c+,19-12-2020,Boulder,worked,2020-12-19,2020.0,8c+
Elias Iagnemma,13th Feb 2021,,Gioia,8c+,13-02-2021,Boulder,worked,2021-02-13,2021.0,8c+
Vadim Timonov,19th Jul 2023,8C,G Master,8c,19-07-2023,Boulder,worked,2023-07-19,2023.0,8c
Noah Wheeler,8th Aug 2023,8B+/8C,G Master,8c,08-08-2023,Boulder,worked,2023-08-08,2023.0,8c
Paul Robinson,2024,,G Master,8c,19-11-2024,Boulder,worked,2024-11-19,2024.0,8c
Naoki Shimatani,Jul 2024,,G Master,8c,19-07-2024,Boulder,worked,2024-07-19,2024.0,8c
Jake Scharfman,,,G Master,8c,,Boulder,worked,,,8c
Jonny Kydd,26th Aug 2016,,Godzilla Sds,8b,26-08-2016,Boulder,worked,2016-08-26,2016.0,8b
Sam Blackwell,5th May 2021,,Godzilla Sds,8b,05-05-2021,Boulder,worked,2021-05-05,2021.0,8b
Leo Skinner,2nd May 2022,,Godzilla Sds,8b,02-05-2022,Boulder,worked,2022-02-05,2022.0,8b
Will Bosi,Jun 2023,,Godzilla Sds,8b,19-06-2023,Boulder,flash,2023-06-19,2023.0,8b
Finley Wood,,,Godzilla Sds,8b,,Boulder,worked,,,8b
Thomas Huber,Between 13th Oct 2000 and 16th Oct 2000,,Golden Gate,e8,,Alternate Leads,worked,,,8a+
Alex Huber,Between 13th Oct 2000 and 16th Oct 2000,,Golden Gate,e8,,Alternate Leads,worked,,,8a+
Emily Harrington,2015,,Golden Gate,e8,19-11-2015,Lead,worked,2015-11-19,2015.0,8a+
Amity Warme,May 2021,,Golden Gate,e8,19-05-2021,Lead,ground up,2021-05-19,2021.0,8a+
Michaela Izakovičová,Nov 2023,,Golden Gate,e8,19-11-2023,Lead,worked,2023-11-19,2023.0,8a+
Tony Mitchell,1992,,Grooved Arete,8a+,19-11-1992,Lead,worked,1992-11-19,1992.0,8a+
Nick Clement,20th Jul 1998,,Grooved Arete,8a+,20-07-1998,Lead,worked,1998-07-20,1998.0,8a+
Rhoslyn Frugtniet,12th Jun 2021,,Grooved Arete,8a+,12-06-2021,Lead,worked,2021-12-06,2021.0,8a+
Jennifer Wood,26th Jul 2024,,Grooved Arete,8a+,26-07-2024,Lead,worked,2024-07-26,2024.0,8a+
Pete Chadwick,,,Grooved Arete,8a+,,Lead,worked,,,8a+
Kurt Albert,,,Hasse Brandler,e5,,Lead,worked,,,7a+
Catherine Destivelle,25th Jun 1999,,Hasse Brandler,e5,25-06-1999,Rope Solo,worked,1999-06-25,1999.0,7a+
Alex Huber,Aug 2002,,Hasse Brandler,e5,19-08-2002,Solo,worked,2002-08-19,2002.0,7a+
Richard Simpson,,,Hasse Brandler,e5,,Rope Solo,onsight,,,7a+
Airlie Anderson,,,Hasse Brandler,e5,,Rope Solo,,,,7a+
Roberto Vigiani,1999,,Hotel Supramonte,8b,19-11-1999,Alternate Leads,ground up,1999-11-19,1999.0,8b
Rolando Larcher,1999,,Hotel Supramonte,8b,19-11-1999,Alternate Leads,ground up,1999-11-19,1999.0,8b
Aleksandra Taistra,11th Oct 2019,,Hotel Supramonte,8b,11-10-2019,Lead,worked,2019-11-10,2019.0,8b
Stefan Glowacz,23rd Mar 2000,,Hotel Supramonte,8b,23-03-2000,Lead,worked,2000-03-23,2000.0,8b
Solveig Korherr,30th Oct 2023,,Hotel Supramonte,8b,30-10-2023,Lead,worked,2023-10-30,2023.0,8b
Markus Bock,2012,,House Of Shock,9a,19-11-2012,Lead,worked,2012-11-19,2012.0,9a
Adam Ondra,28th Oct 2013,,House Of Shock,9a,28-10-2013,Lead,worked,2013-10-28,2013.0,9a
Alex Megos,16th Nov 2016,,House Of Shock,9a,16-11-2016,Lead,worked,2016-11-16,2016.0,9a
Pirmin Bertle,5th Dec 2019,,House Of Shock,9a,05-12-2019,Lead,worked,2019-05-12,2019.0,9a
Jan Hojer,13th Jul 2020,,House Of Shock,9a,13-07-2020,Lead,worked,2020-07-13,2020.0,9a
Dougie Hall,1990s,,Huecool,8b,19-11-2024,Lead,worked,2024-11-19,2024.0,8b
Mike Owen,20th Jun 1993,,Huecool,8b,20-06-1993,Lead,worked,1993-06-20,1993.0,8b
Lucy Creamer,Between 1st May 2003 and 1st Jan 2004,,Huecool,8b,,Lead,worked,,,8b
Karin Magog,20th May 2004,,Huecool,8b,20-05-2004,Lead,worked,2004-05-20,2004.0,8b
Lucy Mitchell,21st Jun 2013,,Huecool,8b,21-06-2013,Lead,worked,2013-06-21,2013.0,8b
Malcolm Smith,7th Jul 2010,,Hunger,9a,07-07-2010,Lead,worked,2010-07-07,2010.0,9a
Will Bosi,3rd Apr 2018,,Hunger,9a,03-04-2018,Lead,worked,2018-03-04,2018.0,9a
Dave MacLeod,2019,,Hunger,9a,19-11-2019,Lead,worked,2019-11-19,2019.0,9a
Hamish McArthur,14th Sep 2022,,Hunger,9a,14-09-2022,Lead,worked,2022-09-14,2022.0,9a
Rob Sutton,May 2023,,Hunger,9a,19-05-2023,Lead,worked,2023-05-19,2023.0,9a
Paul Robinson,12th Oct 2010,,Ill Thrill,8b+,12-10-2010,Boulder,worked,2010-12-10,2010.0,8b+
Micky Page,Apr 2011,,Ill Thrill,8b+,19-04-2011,Boulder,worked,2011-04-19,2011.0,8b+
Daniel Woods,19th Apr 2011,,Ill Thrill,8b+,19-04-2011,Boulder,worked,2011-04-19,2011.0,8b+
Toby Saxton,12th May 2018,,Ill Thrill,8b+,12-05-2018,Boulder,worked,2018-12-05,2018.0,8b+
Jakob Schubert,28th Jul 2020,8B+/8C,Ill Thrill,8b+,28-07-2020,Boulder,worked,2020-07-28,2020.0,8b+
Rikar Otegi,10th May 2002,9a,Iñi Ameriketan,9a+,10-05-2002,Lead,worked,2002-10-05,2002.0,9a+
Patxi Usobiaga,Apr 2003,9a,Iñi Ameriketan,9a+,19-04-2003,Lead,worked,2003-04-19,2003.0,9a+
Adam Ondra,9th May 2014,9a+,Iñi Ameriketan,9a+,09-05-2014,Lead,worked,2014-09-05,2014.0,9a+
Iban Larrión,Mar 2016,9a+,Iñi Ameriketan,9a+,19-03-2016,Lead,worked,2016-03-19,2016.0,9a+
Ainhize Belar,7th Sep 2024,9a+,Iñi Ameriketan,9a+,07-09-2024,Lead,worked,2024-07-09,2024.0,9a+
Daniel Woods,9th May 2008,,In Search Of Time Lost,8c,09-05-2008,Boulder,worked,2008-09-05,2008.0,8c
Dai Koyamada,Aug 2011,,In Search Of Time Lost,8c,19-08-2011,Boulder,worked,2011-08-19,2011.0,8c
Carlo Traversi,19th Oct 2012,,In Search Of Time Lost,8c,19-10-2012,Boulder,worked,2012-10-19,2012.0,8c
Tamas Zupan,10th Jul 2014,,In Search Of Time Lost,8c,10-07-2014,Boulder,worked,2014-10-07,2014.0,8c
Simon Boes,15th Apr 2024,,In Search Of Time Lost,8c,15-04-2024,Boulder,worked,2024-04-15,2024.0,8c
Jimmy Webb,1st Sep 2014,,I Shot The Sheriff,8b,01-09-2014,Boulder,worked,2014-01-09,2014.0,8b
Ethan Salvo,13th Oct 2023,,I Shot The Sheriff,8b,13-10-2023,Boulder,worked,2023-10-13,2023.0,8b
Keenan Takahashi,17th Aug 2017,,I Shot The Sheriff,8b,17-08-2017,Boulder,worked,2017-08-17,2017.0,8b
Ben Herrington,17th Nov 2017,,I Shot The Sheriff,8b,17-11-2017,Boulder,worked,2017-11-17,2017.0,8b
Hamish McArthur,11th Sep 2024,,I Shot The Sheriff,8b,11-09-2024,Boulder,worked,2024-11-09,2024.0,8b
Jerry Moffatt,1989,,Jerrys Roof,7c,19-11-1989,Boulder,worked,1989-11-19,1989.0,7c
Jennifer Wood,25th May 2019,,Jerrys Roof,7c,25-05-2019,Boulder,worked,2019-05-25,2019.0,7c
Zoe Wood,2021,,Jerrys Roof,7c,19-11-2021,Boulder,worked,2021-11-19,2021.0,7c
Flo Tilley,13th Oct 2023,,Jerrys Roof,7c,13-10-2023,Boulder,worked,2023-10-13,2023.0,7c
Emily Philips,,,Jerrys Roof,7c,,Boulder,worked,,,7c
Klemen Bečan,1st Mar 2016,,Joe Mama,9a+,01-03-2016,Lead,worked,2016-01-03,2016.0,9a+
Chris Sharma,Oct 2016,,Joe Mama,9a+,19-10-2016,Lead,worked,2016-10-19,2016.0,9a+
Jakob Schubert,Dec 2016,,Joe Mama,9a+,19-12-2016,Lead,worked,2016-12-19,2016.0,9a+
Sean Bailey,Mar 2019,,Joe Mama,9a+,19-03-2019,Lead,worked,2019-03-19,2019.0,9a+
Anak Verhoeven,5th Nov 2019,,Joe Mama,9a+,05-11-2019,Lead,worked,2019-05-11,2019.0,9a+
Giuliano Cameroni,1st Sep 2010,,Kingda Ka,8b,01-09-2010,Boulder,worked,2010-01-09,2010.0,8b
Siara Fabbri,15th Jul 2023,,Kingda Ka,8b,15-07-2023,Boulder,worked,2023-07-15,2023.0,8b
Alizée Dufraisse,16th Oct 2023,,Kingda Ka,8b,16-10-2023,Boulder,worked,2023-10-16,2023.0,8b
Iris Bielli,13th Jun 2024,,Kingda Ka,8b,13-06-2024,Boulder,worked,2024-06-13,2024.0,8b
Davide Bassotto,,,Kingda Ka,8b,,Boulder,flash,,,8b
Euan MacFadyen,Aug 2014,,King Of Limbs,8b,19-08-2014,Boulder,worked,2014-08-19,2014.0,8b
James Noble,17th Aug 2016,,King Of Limbs,8b,17-08-2016,Boulder,worked,2016-08-17,2016.0,8b
Liam Vance,4th Jul 2017,,King Of Limbs,8b,04-07-2017,Boulder,worked,2017-04-07,2017.0,8b
Dave Mason,,,King Of Limbs,8b,,Boulder,worked,,,8b
Anthony Gullsten,,,King Of Limbs,8b,,Boulder,flash,,,8b
Carlos Logroño,,8b+,La Fuerza De La Gravedad,e9,,Lead,worked,,,8b
Hannes Puman,2018,,La Fuerza De La Gravedad,e9,19-11-2018,Lead,worked,2018-11-19,2018.0,8b
Tom Randall,2019,8b,La Fuerza De La Gravedad,e9,19-11-2019,Lead,worked,2019-11-19,2019.0,8b
Pete Whittaker,Oct 2022,8b (soft),La Fuerza De La Gravedad,e9,19-10-2022,Lead,flash,2022-10-19,2022.0,8b
Anak Verhoeven,27th Oct 2023,,La Fuerza De La Gravedad,e9,27-10-2023,Lead,worked,2023-10-27,2023.0,8b
Bernard Poisson,1958,,Le Toit De Ben,e7,19-11-1958,Aid,worked,1958-11-19,1958.0,7c+
Erwin Hogson,1958,,Le Toit De Ben,e7,19-11-1958,Aid,worked,1958-11-19,1958.0,7c+
Francois Roy,1987,,Le Toit De Ben,e7,19-11-1987,Lead,worked,1987-11-19,1987.0,7c+
Nathalie Malo,2010,,Le Toit De Ben,e7,19-11-2010,Lead,worked,2010-11-19,2010.0,7c+
Jean-Pierre Ouellet,,,Le Toit De Ben,e7,,Lead,worked,,,7c+
Neil Gresham,4th Sep 2021,,Lexicon,e11,04-09-2021,Lead,worked,2021-04-09,2021.0,8c+
Steve McClure,21st Sep 2021,,Lexicon,e11,21-09-2021,Lead,worked,2021-09-21,2021.0,8c+
Dave MacLeod,27th Mar 2022,,Lexicon,e11,27-03-2022,Lead,worked,2022-03-27,2022.0,8c+
Mathew Wright,19th May 2022,,Lexicon,e11,19-05-2022,Lead,worked,2022-05-19,2022.0,8c+
James Pearson,11th Jun 2022,,Lexicon,e11,11-06-2022,Lead,worked,2022-11-06,2022.0,8c+
Stefano Ghisolfi,29th Aug 2010,,Lextremacura,8c,29-08-2010,Lead,worked,2010-08-29,2010.0,8c
Claudia Ghisolfi,7th Sep 2019,,Lextremacura,8c,07-09-2019,Lead,worked,2019-07-09,2019.0,8c
Oriane Bertone,31st Jul 2020,,Lextremacura,8c,31-07-2020,Lead,worked,2020-07-31,2020.0,8c
Tommy Gió,29th May 2021,,Lextremacura,8c,29-05-2021,Lead,flash,2021-05-29,2021.0,8c
Alex Ventajas,12th Aug 2024,,Lextremacura,8c,12-08-2024,Lead,flash,2024-12-08,2024.0,8c
Fred Nicole,14th Mar 2009,,Lisola Che No Cé,9a,14-03-2009,Lead,worked,2009-03-14,2009.0,9a
David Firnenburg,2018,,Lisola Che No Cé,9a,19-11-2018,Lead,worked,2018-11-19,2018.0,9a
Christof Rauch,15th Apr 2022,,Lisola Che No Cé,9a,15-04-2022,Lead,worked,2022-04-15,2022.0,9a
Marco Müller,27th Mar 2024,,Lisola Che No Cé,9a,27-03-2024,Lead,worked,2024-03-27,2024.0,9a
Lukas Götz,26th Apr 2024,,Lisola Che No Cé,9a,26-04-2024,Lead,worked,2024-04-26,2024.0,9a
Dan Varian,2017,,Master Of Stone,8b,19-11-2017,Boulder,worked,2017-11-19,2017.0,8b
Adam Watson,28th Nov 2020,,Master Of Stone,8b,28-11-2020,Boulder,worked,2020-11-28,2020.0,8b
Dan Turner,12th Dec 2020,,Master Of Stone,8b,12-12-2020,Boulder,worked,2020-12-12,2020.0,8b
Tim Blake,22nd Dec 2020,,Master Of Stone,8b,22-12-2020,Boulder,worked,2020-12-22,2020.0,8b
Joe Lawson,4th Jan 2022,,Master Of Stone,8b,04-01-2022,Boulder,worked,2022-04-01,2022.0,8b
James Litz,17th Mar 2009,,Masterpiece,8b,17-03-2009,Boulder,worked,2009-03-17,2009.0,8b
Anthony Chertudi,17th Mar 2009,,Masterpiece,8b,17-03-2009,Boulder,worked,2009-03-17,2009.0,8b
Paul Robinson,31st Oct 2009,,Masterpiece,8b,31-10-2009,Boulder,worked,2009-10-31,2009.0,8b
Carlo Traversi,2nd Nov 2009,,Masterpiece,8b,02-11-2009,Boulder,worked,2009-02-11,2009.0,8b
Allison Vest,30th Oct 2021,,Masterpiece,8b,30-10-2021,Boulder,worked,2021-10-30,2021.0,8b
Jerry Moffatt,14th Jul 1983,,Masters Wall,e7,14-07-1983,Lead,worked,1983-07-14,1983.0,7c+
John Redhead,1984,,Masters Wall,e7,19-11-1984,Lead,worked,1984-11-19,1984.0,7c+
Leo Houlding,Between 1st Jun 1996 and 1st Sep 1996,,Masters Wall,e7,,Lead,onsight,,,7c+
James McHaffie,28th Jun 2018,E9,Masters Wall,e7,28-06-2018,Lead,worked,2018-06-28,2018.0,7c+
Neil Dyer,Aug 2011,,Megalopa,8c+,19-08-2011,Lead,worked,2011-08-19,2011.0,8c+
Pete Robins,2011,,Megalopa,8c+,19-11-2011,Lead,worked,2011-11-19,2011.0,8c+
James McHaffie,Apr 2015,,Megalopa,8c+,19-04-2015,Lead,worked,2015-04-19,2015.0,8c+
Oli Grounsell,Apr 2015,,Megalopa,8c+,19-04-2015,Lead,worked,2015-04-19,2015.0,8c+
Jordan Buys,31st May 2019,,Megalopa,8c+,31-05-2019,Lead,worked,2019-05-31,2019.0,8c+
Beth Rodden,14th Feb 2008,,Meltdown,e11,14-02-2008,Lead,worked,2008-02-14,2008.0,8c+
Carlo Traversi,Nov 2018,,Meltdown,e11,19-11-2018,Lead,worked,2018-11-19,2018.0,8c+
Jacopo Larcher,Nov 2022,,Meltdown,e11,19-11-2022,Lead,worked,2022-11-19,2022.0,8c+
Barbara Zangerl,28th Oct 2023,,Meltdown,e11,28-10-2023,Lead,worked,2023-10-28,2023.0,8c+
Connor Herson,23rd Nov 2023,,Meltdown,e11,23-11-2023,Lead,worked,2023-11-23,2023.0,8c+
Dave Graham,31st Dec 2011,,Memory Is Parallax,8b+,31-12-2011,Boulder,worked,2011-12-31,2011.0,8b+
Isabelle Faus,15th Feb 2019,,Memory Is Parallax,8b+,15-02-2019,Boulder,worked,2019-02-15,2019.0,8b+
Ben Blackmore,2022,,Memory Is Parallax,8b+,19-11-2022,Boulder,worked,2022-11-19,2022.0,8b+
Sam Struthers,19th Nov 2023,,Memory Is Parallax,8b+,19-11-2023,Boulder,worked,2023-11-19,2023.0,8b+
Zach Lerner,,,Memory Is Parallax,8b+,,Boulder,worked,,,8b+
Al Evans,1972,,Menopause,e5,19-11-1972,Boulder,,1972-11-19,1972.0,7a+
Chris Hamper,1980,,Menopause,e5,19-11-1980,Lead,onsight,1980-11-19,1980.0,7a+
Gabe Reagan,1975,,Menopause,e5,19-11-1975,Lead,,1975-11-19,1975.0,7a+
Simon Nadin,1985,,Menopause,e5,19-11-1985,Solo,onsight,1985-11-19,1985.0,7a+
Dave Pickford,25th May 2009,,Mercia Wall,e8,25-05-2009,Lead,worked,2009-05-25,2009.0,8a+
Emma Twyford,2021,,Mercia Wall,e8,19-11-2021,Lead,worked,2021-11-19,2021.0,8a+
Ian Cooper,3rd Jun 2023,,Mercia Wall,e8,03-06-2023,Lead,worked,2023-03-06,2023.0,8a+
Daphne Kyriakaki,Aug 2024,,Mercia Wall,e8,19-08-2024,Lead,worked,2024-08-19,2024.0,8a+
Maddy Cope,,,Mercia Wall,e8,,Lead,worked,,,8a+
Nalle Hukkataival,Nov 2012,8C,Momentum,8b+,19-11-2012,Boulder,worked,2012-11-19,2012.0,8b+
Jan Hojer,20th Nov 2012,8B+,Momentum,8b+,20-11-2012,Boulder,worked,2012-11-20,2012.0,8b+
Florian Wientjes,Between 1st Jan 2022 and 1st Jan 2024,,Momentum,8b+,,Boulder,worked,,,8b+
Aidan Roberts,Apr 2023,,Momentum,8b+,19-04-2023,Boulder,flash,2023-04-19,2023.0,8b+
Roman Yalowitz,,,Momentum,8b+,,Boulder,worked,,,8b+
Dave Graham,2012,,Monkey Business,8b,19-11-2012,Boulder,worked,2012-11-19,2012.0,8b
Thilo Schröter,3rd Jun 2016,,Monkey Business,8b,03-06-2016,Boulder,flash,2016-03-06,2016.0,8b
Philipp Geisenhoff,2024,,Monkey Business,8b,19-11-2024,Boulder,flash,2024-11-19,2024.0,8b
Simone Tentori,14th Aug 2024,,Monkey Business,8b,14-08-2024,Boulder,flash,2024-08-14,2024.0,8b
Ethan Pringle,,,Monkey Business,8b,,Boulder,flash,,,8b
Jim Pope,27th May 2018,,Mr. Hyde,8c+,27-05-2018,Lead,worked,2018-05-27,2018.0,8c+
Billy Ridal,17th Aug 2020,,Mr. Hyde,8c+,17-08-2020,Lead,worked,2020-08-17,2020.0,8c+
Alex Waterhouse,17th Aug 2020,,Mr. Hyde,8c+,17-08-2020,Lead,worked,2020-08-17,2020.0,8c+
Miho Nonaka,15th Sep 2021,,Mr. Hyde,8c+,15-09-2021,Lead,worked,2021-09-15,2021.0,8c+
Wiz Fineron,,,Mr. Hyde,8c+,,Lead,worked,,,8c+
Steve McClure,14th Oct 1998,9a,Mutation,9a+,14-10-1998,Lead,worked,1998-10-14,1998.0,9a+
Will Bosi,Oct 2021,9a+,Mutation,9a+,19-10-2021,Lead,worked,2021-10-19,2021.0,9a+
Erik Grandelius,10th Jul 2012,,Muy Verdes,8c,10-07-2012,Lead,worked,2012-10-07,2012.0,8c
Adam Ondra,11th Jul 2012,,Muy Verdes,8c,11-07-2012,Lead,onsight,2012-11-07,2012.0,8c
Marcello Bombardi,8th Aug 2020,,Muy Verdes,8c,08-08-2020,Lead,flash,2020-08-08,2020.0,8c
Domen Škofic,18th Sep 2023,,Muy Verdes,8c,18-09-2023,Lead,flash,2023-09-18,2023.0,8c
Dave Barrans,Sep 2024,,Muy Verdes,8c,19-09-2024,Lead,worked,2024-09-19,2024.0,8c
Jean-Pierre Ouellet,1st Nov 2011,,Necronomicon,e9,01-11-2011,Lead,worked,2011-01-11,2011.0,8b
Tom Randall,Apr 2019,,Necronomicon,e9,19-04-2019,Lead,worked,2019-04-19,2019.0,8b
Pete Whittaker,Apr 2019,,Necronomicon,e9,19-04-2019,Lead,worked,2019-04-19,2019.0,8b
Mary Eden,7th Oct 2022,,Necronomicon,e9,07-10-2022,Lead,worked,2022-07-10,2022.0,8b
Bronwyn Hodgins,20th Nov 2022,8b,Necronomicon,e9,20-11-2022,Lead,worked,2022-11-20,2022.0,8b
Christian Core,,,Nem,8b+,,Boulder,worked,,,8b+
Daniel Woods,3rd Mar 2015,,Nem,8b+,03-03-2015,Boulder,worked,2015-03-03,2015.0,8b+
Dave Graham,12th Mar 2015,,Nem,8b+,12-03-2015,Boulder,worked,2015-12-03,2015.0,8b+
Giacomo Raimondi,3rd Oct 2019,,Nem,8b+,03-10-2019,Boulder,worked,2019-03-10,2019.0,8b+
Sam Weir,9th Apr 2023,,Nem,8b+,09-04-2023,Boulder,worked,2023-09-04,2023.0,8b+
Cédric Lachat,2005,,Nobody Is Perfect,8c,19-11-2005,Lead,onsight,2005-11-19,2005.0,8c
Solveig Korherr,1st May 2019,,Nobody Is Perfect,8c,01-05-2019,Lead,worked,2019-01-05,2019.0,8c
Adam Ondra,18th Oct 2020,8b+/8c,Nobody Is Perfect,8c,18-10-2020,Lead,onsight,2020-10-18,2020.0,8c
Martina Demmel,28th Sep 2023,,Nobody Is Perfect,8c,28-09-2023,Lead,worked,2023-09-28,2023.0,8c
Noé Looser,4th Oct 2023,,Nobody Is Perfect,8c,04-10-2023,Lead,worked,2023-04-10,2023.0,8c
Dani Fuertes,6th Jun 2017,,No Pain No Gain,9a+,06-06-2017,Lead,worked,2017-06-06,2017.0,9a+
Gonzalo Larrocha,23rd Sep 2017,,No Pain No Gain,9a+,23-09-2017,Lead,worked,2017-09-23,2017.0,9a+
Anak Verhoeven,Oct 2022,,No Pain No Gain,9a+,19-10-2022,Lead,worked,2022-10-19,2022.0,9a+
Martin Tekles,7th Oct 2022,,No Pain No Gain,9a+,07-10-2022,Lead,worked,2022-07-10,2022.0,9a+
Alex Ventajas,28th Apr 2024,,No Pain No Gain,9a+,28-04-2024,Lead,worked,2024-04-28,2024.0,9a+
Dave Birkett,May 2005,E8,Nowt Burra Fleein Thing,e8,19-05-2005,Lead,worked,2005-05-19,2005.0,8a+
Chris Fisher,14th Sep 2013,,Nowt Burra Fleein Thing,e8,14-09-2013,Lead,worked,2013-09-14,2013.0,8a+
Jon Freeman,2nd Sep 2017,,Nowt Burra Fleein Thing,e8,02-09-2017,Lead,worked,2017-02-09,2017.0,8a+
Calum Coldwell-Story,2nd Sep 2017,,Nowt Burra Fleein Thing,e8,02-09-2017,Lead,worked,2017-02-09,2017.0,8a+
Craig Matheson,29th Jun 2019,,Nowt Burra Fleein Thing,e8,29-06-2019,Lead,worked,2019-06-29,2019.0,8a+
Ben Bransby,Nov 2013,,Parthian Shot,e10,19-11-2013,Lead,worked,2013-11-19,2013.0,8b+
Neil Mawson,Apr 2014,,Parthian Shot,e10,19-04-2014,Lead,worked,2014-04-19,2014.0,8b+
Siebe Vanhee,28th Oct 2021,E9,Parthian Shot,e10,28-10-2021,Lead,worked,2021-10-28,2021.0,8b+
Jacopo Larcher,7th Jul 2023,,Parthian Shot,e10,07-07-2023,Lead,worked,2023-07-07,2023.0,8b+
James Pearson,Aug 2023,,Parthian Shot,e10,19-08-2023,Lead,worked,2023-08-19,2023.0,8b+
Jorge Díaz-Rullo,26th Aug 2019,9a+,Patanics,9a+,26-08-2019,Lead,worked,2019-08-26,2019.0,9a+
Sébastien Bouin,Oct 2019,9a/9a+,Patanics,9a+,19-10-2019,Lead,worked,2019-10-19,2019.0,9a+
Dani Fuertes,25th May 2021,9a+/9b,Patanics,9a+,25-05-2021,Lead,worked,2021-05-25,2021.0,9a+
Gonzalo Larrocha,18th Oct 2022,,Patanics,9a+,18-10-2022,Lead,worked,2022-10-18,2022.0,9a+
Martin Tekles,22nd Sep 2023,9a+/9b,Patanics,9a+,22-09-2023,Lead,worked,2023-09-22,2023.0,9a+
Buster Martin,25th Apr 2021,,Persian Dawn,8c+,25-04-2021,Lead,worked,2021-04-25,2021.0,8c+
Pete Dawson,30th Oct 2021,,Persian Dawn,8c+,30-10-2021,Lead,worked,2021-10-30,2021.0,8c+
Will Bosi,10th Nov 2021,,Persian Dawn,8c+,10-11-2021,Lead,worked,2021-10-11,2021.0,8c+
Alex Norton,11th Feb 2023,,Persian Dawn,8c+,11-02-2023,Lead,worked,2023-11-02,2023.0,8c+
Felix Wilkins,30th Sep 2023,,Persian Dawn,8c+,30-09-2023,Lead,worked,2023-09-30,2023.0,8c+
Alex Honnold,2017,,Pineapple Express Variation,8a+,19-11-2017,Alternate Leads,worked,2017-11-19,2017.0,8a+
Sonnie Trotter,2017,,Pineapple Express Variation,8a+,19-11-2017,Alternate Leads,worked,2017-11-19,2017.0,8a+
Sébastien Berthe,Apr 2022,,Pineapple Express Variation,8a+,19-04-2022,Lead,ground up,2022-04-19,2022.0,8a+
Amity Warme,2023,,Pineapple Express Variation,8a+,19-11-2023,Alternate Leads,ground up,2023-11-19,2023.0,8a+
Angus Kille,13th Nov 2023,,Pineapple Express Variation,8a+,13-11-2023,Lead,worked,2023-11-13,2023.0,8a+
Jerry Moffatt,1987,,Powerband,7c,19-11-1987,Boulder,worked,1987-11-19,1987.0,7c
Hazel Dearlove,26th Sep 2020,,Powerband,7c,26-09-2020,Boulder,worked,2020-09-26,2020.0,7c
Rae Cowie,,,Powerband,7c,,Boulder,worked,,,7c
Malcolm Smith,,,Powerband,7c,,Boulder,worked,,,7c
Michaela Tracy,,,Powerband,7c,,Boulder,worked,,,7c
Chris Sharma,2010,,Power Inverter,9a+,19-11-2010,Lead,worked,2010-11-19,2010.0,9a+
Adam Ondra,25th Jan 2013,,Power Inverter,9a+,25-01-2013,Lead,worked,2013-01-25,2013.0,9a+
Ramón Julián Puigblanque,3rd Mar 2014,,Power Inverter,9a+,03-03-2014,Lead,worked,2014-03-03,2014.0,9a+
Sachi Amma,16th Feb 2015,,Power Inverter,9a+,16-02-2015,Lead,worked,2015-02-16,2015.0,9a+
Jonathan Siegrest,2nd Dec 2015,,Power Inverter,9a+,02-12-2015,Lead,worked,2015-02-12,2015.0,9a+
Mick Fowler,5th May 1979,,Private World,e5,05-05-1979,Alternate Leads,onsight,1979-05-05,1979.0,7a+
Frank Ramsey,9th Aug 1989,,Private World,e5,09-08-1989,Alternate Leads,onsight,1989-09-08,1989.0,7a+
Crispin Waddy,9th Aug 1989,,Private World,e5,09-08-1989,Alternate Leads,,1989-09-08,1989.0,7a+
Clark Alston,Aug 1997,,Private World,e5,19-08-1997,Alternate Leads,onsight,1997-08-19,1997.0,7a+
Ian Parnell,Aug 1997,,Private World,e5,19-08-1997,Alternate Leads,onsight,1997-08-19,1997.0,7a+
Stefan Fürst,1996,8c+/9a,Qui,9a+,19-11-1996,Lead,worked,1996-11-19,1996.0,9a+
Adam Ondra,19th Sep 2019,9a+,Qui,9a+,19-09-2019,Lead,worked,2019-09-19,2019.0,9a+
Roland Hemetzberger,Jun 2020,9a+,Qui,9a+,19-06-2020,Lead,worked,2020-06-19,2020.0,9a+
Alfons Dornauer,13th Jul 2022,,Qui,9a+,13-07-2022,Lead,worked,2022-07-13,2022.0,9a+
Jakob Schubert,2nd Oct 2023,,Qui,9a+,02-10-2023,Lead,worked,2023-02-10,2023.0,9a+
Klem Loskot,2005,,Ray Of Light,8b,19-11-2005,Boulder,worked,2005-11-19,2005.0,8b
Nina Williams,14th Jul 2015,,Ray Of Light,8b,14-07-2015,Boulder,worked,2015-07-14,2015.0,8b
James Squire,8th Jun 2018,,Ray Of Light,8b,08-06-2018,Boulder,worked,2018-08-06,2018.0,8b
Eliot Stephens,19th Jun 2018,,Ray Of Light,8b,19-06-2018,Boulder,worked,2018-06-19,2018.0,8b
Alizée Dufraisse,10th Jul 2019,,Ray Of Light,8b,10-07-2019,Boulder,worked,2019-10-07,2019.0,8b
Fred Nicole,1999,,Reve De Faire,8a+,19-11-1999,Boulder,worked,1999-11-19,1999.0,8a+
Markus Bock,Sep 2000,,Reve De Faire,8a+,19-09-2000,Boulder,worked,2000-09-19,2000.0,8a+
Dave Graham,Jul 2001,,Reve De Faire,8a+,19-07-2001,Boulder,worked,2001-07-19,2001.0,8a+
Samuel Ometz,Sep 2013,,Reve De Faire,8a+,19-09-2013,Boulder,worked,2013-09-19,2013.0,8a+
Alizée Dufraisse,16th Jul 2024,,Reve De Faire,8a+,16-07-2024,Boulder,worked,2024-07-16,2024.0,8a+
Dani Andrada,28th Nov 2004,,Rock Fucks,8b+,28-11-2004,Lead,worked,2004-11-28,2004.0,8b+
Sachi Amma,5th Feb 2015,,Rock Fucks,8b+,05-02-2015,Lead,onsight,2015-05-02,2015.0,8b+
Adam Ondra,11th Feb 2015,,Rock Fucks,8b+,11-02-2015,Lead,onsight,2015-11-02,2015.0,8b+
Domen Škofic,9th Dec 2015,,Rock Fucks,8b+,09-12-2015,Lead,onsight,2015-09-12,2015.0,8b+
Alex Barrows,5th Nov 2023,,Rock Fucks,8b+,05-11-2023,Lead,flash,2023-05-11,2023.0,8b+
Nalle Hukkataival,May 2018,,Room Service Low,8b+,19-05-2018,Boulder,worked,2018-05-19,2018.0,8b+
Andy Lamb,11th Oct 2021,8B+ (hard),Room Service Low,8b+,11-10-2021,Boulder,worked,2021-11-10,2021.0,8b+
Lucas Uchida,14th Sep 2022,8B+ (hard),Room Service Low,8b+,14-09-2022,Boulder,worked,2022-09-14,2022.0,8b+
Ethan Salvo,4th May 2023,8B+ (hard),Room Service Low,8b+,04-05-2023,Boulder,worked,2023-04-05,2023.0,8b+
Zach Galla,20th Apr 2024,8B+,Room Service Low,8b+,20-04-2024,Boulder,worked,2024-04-20,2024.0,8b+
Martin Švec,1st Oct 2019,,Rustam Direct,8b,01-10-2019,Boulder,worked,2019-01-10,2019.0,8b
Jana Švecová,7th Aug 2020,,Rustam Direct,8b,07-08-2020,Boulder,worked,2020-07-08,2020.0,8b
Lucie Hrozová,22nd Apr 2022,,Rustam Direct,8b,22-04-2022,Boulder,worked,2022-04-22,2022.0,8b
Sara Šimekova,25th Jul 2024,,Rustam Direct,8b,25-07-2024,Boulder,worked,2024-07-25,2024.0,8b
Will Bosi,7th Nov 2024,,Rustam Direct,8b,07-11-2024,Boulder,flash,2024-07-11,2024.0,8b
Jerry Moffatt,1997,,Samson,8a,19-11-1997,Lead,worked,1997-11-19,1997.0,8a
Billy Ridal,27th Mar 2023,,Samson,8a,27-03-2023,Boulder,worked,2023-03-27,2023.0,8a
Nils Favre,17th May 2023,,Samson,8a,17-05-2023,Boulder,worked,2023-05-17,2023.0,8a
Sam Blackwell,25th Oct 2023,,Samson,8a,25-10-2023,Boulder,worked,2023-10-25,2023.0,8a
Jim Pope,25th Oct 2023,,Samson,8a,25-10-2023,Boulder,worked,2023-10-25,2023.0,8a
Ramón Julián Puigblanque,21st Dec 2013,,Selecció Anal,9a+,21-12-2013,Lead,worked,2013-12-21,2013.0,9a+
Eduard Marin,10th Jan 2016,,Selecció Anal,9a+,10-01-2016,Lead,worked,2016-10-01,2016.0,9a+
Magnus Midtbø,5th Mar 2016,,Selecció Anal,9a+,05-03-2016,Lead,worked,2016-05-03,2016.0,9a+
Jonathan Siegrest,22nd Mar 2022,,Selecció Anal,9a+,22-03-2022,Lead,worked,2022-03-22,2022.0,9a+
Lucas Uchida,10th May 2023,8C,Seven,8b+,10-05-2023,Boulder,worked,2023-10-05,2023.0,8b+
Ethan Salvo,5th Apr 2024,8B+ (hard),Seven,8b+,05-04-2024,Boulder,worked,2024-05-04,2024.0,8b+
Keenan Takahashi,9th Apr 2024,8B+,Seven,8b+,09-04-2024,Boulder,worked,2024-09-04,2024.0,8b+
Zach Galla,13th Apr 2024,8B+,Seven,8b+,13-04-2024,Boulder,worked,2024-04-13,2024.0,8b+
Jake Scharfman,,,Seven,8b+,,Boulder,worked,,,8b+
Tim Clifford,2004,,Shelter,8b,19-11-2004,Boulder,worked,2004-11-19,2004.0,8b
Daniel Fong,2nd Jul 2018,,Shelter,8b,02-07-2018,Boulder,flash,2018-02-07,2018.0,8b
Lucas Uchida,26th Jun 2021,,Shelter,8b,26-06-2021,Boulder,flash,2021-06-26,2021.0,8b
Zach Galla,17th Apr 2024,,Shelter,8b,17-04-2024,Boulder,flash,2024-04-17,2024.0,8b
Mejdi Schalck,Aug 2024,,Shelter,8b,19-08-2024,Boulder,flash,2024-08-19,2024.0,8b
Lucky Chance,,,Simbas Pride,e8,,Solo,worked,,,8a+
Eddie Barbour,2009,,Simbas Pride,e8,19-11-2009,Solo,worked,2009-11-19,2009.0,8a+
Jim Pope,16th Sep 2019,,Simbas Pride,e8,16-09-2019,Lead,worked,2019-09-16,2019.0,8a+
Dave Mason,,,Simbas Pride,e8,,Lead,worked,,,8a+
Ben Cossey,,,Simbas Pride,e8,,Solo,worked,,,8a+
Pete Dawson,5th Oct 2016,,Something For Nothing,8c,05-10-2016,Lead,worked,2016-05-10,2016.0,8c
Ted Kingsnorth,27th May 2017,,Something For Nothing,8c,27-05-2017,Lead,worked,2017-05-27,2017.0,8c
Jon Freeman,23rd Jun 2018,,Something For Nothing,8c,23-06-2018,Lead,worked,2018-06-23,2018.0,8c
Matt Cooke,25th May 2019,,Something For Nothing,8c,25-05-2019,Lead,worked,2019-05-25,2019.0,8c
Haydn Jones,22nd Oct 2024,,Something For Nothing,8c,22-10-2024,Lead,worked,2024-10-22,2024.0,8c
Jimmy Webb,19th Nov 2015,8B+,Southern Drawl,8c,19-11-2015,Boulder,worked,2015-11-19,2015.0,8c
Taylor McNeill,16th Jan 2019,8C (hard),Southern Drawl,8c,16-01-2019,Boulder,worked,2019-01-16,2019.0,8c
Nicholas Milburn,24th Nov 2020,8C,Southern Drawl,8c,24-11-2020,Boulder,worked,2020-11-24,2020.0,8c
Ben Burkhalter,Jan 2024,8C (hard),Southern Drawl,8c,19-01-2024,Boulder,worked,2024-01-19,2024.0,8c
Zach Galla,5th Jan 2024,8C (soft),Southern Drawl,8c,05-01-2024,Boulder,worked,2024-05-01,2024.0,8c
Adam Ondra,24th Jul 2015,,Spanish Caravan,8c,24-07-2015,Lead,onsight,2015-07-24,2015.0,8c
Dave Loh,13th Sep 2024,,Spanish Caravan,8c,13-09-2024,Lead,worked,2024-09-13,2024.0,8c
Giovanni Placci,Oct 2024,,Spanish Caravan,8c,19-10-2024,Lead,flash,2024-10-19,2024.0,8c
Laura Rogora,Oct 2024,,Spanish Caravan,8c,19-10-2024,Lead,onsight,2024-10-19,2024.0,8c
Claudia Ghisolfi,19th Oct 2024,,Spanish Caravan,8c,19-10-2024,Lead,worked,2024-10-19,2024.0,8c
Griffin Whiteside,,8C,Spidey,8b+,,Boulder,worked,,,8b+
Daniel Woods,10th May 2021,8B+,Spidey,8b+,10-05-2021,Boulder,worked,2021-10-05,2021.0,8b+
Isabelle Faus,Mar 2023,8B+ (hard),Spidey,8b+,19-03-2023,Boulder,worked,2023-03-19,2023.0,8b+
Austin Purdy,11th Mar 2023,,Spidey,8b+,11-03-2023,Boulder,worked,2023-11-03,2023.0,8b+
Drew Ruana,,8C,Spidey,8b+,,Boulder,worked,,,8b+
Steve McClure,2009,,Stevolution,9a,19-11-2009,Lead,worked,2009-11-19,2009.0,9a
Ryan Pasquill,Nov 2013,,Stevolution,9a,19-11-2013,Lead,worked,2013-11-19,2013.0,9a
Toby Roberts,12th Nov 2021,,Stevolution,9a,12-11-2021,Lead,worked,2021-12-11,2021.0,9a
Will Bosi,17th Mar 2022,,Stevolution,9a,17-03-2022,Lead,worked,2022-03-17,2022.0,9a
Felix Wilkins,14th May 2022,,Stevolution,9a,14-05-2022,Lead,worked,2022-05-14,2022.0,9a
Sonnie Trotter,2001,,Superman,8c+,19-11-2001,Lead,worked,2001-11-19,2001.0,8c+
Sean McColl,26th Aug 2004,,Superman,8c+,26-08-2004,Lead,worked,2004-08-26,2004.0,8c+
Steve Townshend,25th Jul 2008,,Superman,8c+,25-07-2008,Lead,worked,2008-07-25,2008.0,8c+
Alex Megos,2016,,Superman,8c+,19-11-2016,Lead,worked,2016-11-19,2016.0,8c+
Tim Emmett,May 2017,,Superman,8c+,19-05-2017,Lead,worked,2017-05-19,2017.0,8c+
Stefano Ghisolfi,31st May 2014,,Tct,9a,31-05-2014,Lead,worked,2014-05-31,2014.0,9a
Adam Ondra,11th Jul 2014,,Tct,9a,11-07-2014,Lead,onsight,2014-11-07,2014.0,9a
Alex Megos,May 2017,,Tct,9a,19-05-2017,Lead,onsight,2017-05-19,2017.0,9a
Claudia Ghisolfi,21st Sep 2022,,Tct,9a,21-09-2022,Lead,worked,2022-09-21,2022.0,9a
Max Bertone,3rd Jul 2023,,Tct,9a,03-07-2023,Lead,worked,2023-03-07,2023.0,9a
Fred Nicole,Dec 2004,8C,Terre De Sienne,8b,19-12-2004,Boulder,worked,2004-12-19,2004.0,8b
Dave Graham,Feb 2006,8B+,Terre De Sienne,8b,19-02-2006,Boulder,worked,2006-02-19,2006.0,8b
Daniel Woods,5th Jan 2007,8B,Terre De Sienne,8b,05-01-2007,Boulder,worked,2007-05-01,2007.0,8b
Ashima Shiraishi,25th Nov 2015,,Terre De Sienne,8b,25-11-2015,Boulder,worked,2015-11-25,2015.0,8b
Alex Puccio,20th Dec 2016,,Terre De Sienne,8b,20-12-2016,Boulder,worked,2016-12-20,2016.0,8b
Fred Nicole,2005,,Terremer,8c,19-11-2005,Boulder,worked,2005-11-19,2005.0,8c
Paul Robinson,1st Jan 2008,,Terremer,8c,01-01-2008,Boulder,worked,2008-01-01,2008.0,8c
Daniel Woods,30th Jan 2010,,Terremer,8c,30-01-2010,Boulder,worked,2010-01-30,2010.0,8c
Daniel Beall,22nd Jan 2013,,Terremer,8c,22-01-2013,Boulder,worked,2013-01-22,2013.0,8c
Pablo Hammack,,,Terremer,8c,,Boulder,worked,,,8c
Chris Bonington,1962,,The 1938 Route,ed2,19-11-1962,Alternate Leads,alpine,1962-11-19,1962.0,ed2
Ian Clough,1962,,The 1938 Route,ed2,19-11-1962,Alternate Leads,alpine,1962-11-19,1962.0,ed2
Dougal Haston,1963,,The 1938 Route,ed2,19-11-1963,Alternate Leads,alpine,1963-11-19,1963.0,ed2
Robert Baillie,1963,,The 1938 Route,ed2,19-11-1963,Alternate Leads,alpine,1963-11-19,1963.0,ed2
Catherine Destivelle,1992,,The 1938 Route,ed2,19-11-1992,Solo,onsight,1992-11-19,1992.0,ed2
Geoff Weigand,1989,,The Ashes,7c+,19-11-1989,Lead,worked,1989-11-19,1989.0,7c+
Bob Smith,1990,,The Ashes,7c+,19-11-1990,Lead,worked,1990-11-19,1990.0,7c+
Simon Lee,30th Jul 1997,,The Ashes,7c+,30-07-1997,Lead,worked,1997-07-30,1997.0,7c+
Rhoslyn Frugtniet,14th Jul 2021,,The Ashes,7c+,14-07-2021,Lead,flash,2021-07-14,2021.0,7c+
Jo Neame,19th Jul 2023,,The Ashes,7c+,19-07-2023,Lead,onsight,2023-07-19,2023.0,7c+
Ben Bransby,Aug 2013,,The Beast,8c,19-08-2013,Lead,worked,2013-08-19,2013.0,8c
Jordan Buys,20th Aug 2013,,The Beast,8c,20-08-2013,Lead,worked,2013-08-20,2013.0,8c
James McHaffie,2015,,The Beast,8c,19-11-2015,Lead,worked,2015-11-19,2015.0,8c
Luke Dawson,19th Aug 2022,,The Beast,8c,19-08-2022,Lead,worked,2022-08-19,2022.0,8c
Alex Hall,4th Aug 2024,,The Beast,8c,04-08-2024,Lead,worked,2024-04-08,2024.0,8c
Shawn Raboutou,2017,,The Book Club,8b+,19-11-2017,Boulder,worked,2017-11-19,2017.0,8b+
Katie Lamb,10th Aug 2022,,The Book Club,8b+,10-08-2022,Boulder,worked,2022-10-08,2022.0,8b+
Billy Ridal,24th Jul 2023,,The Book Club,8b+,24-07-2023,Boulder,worked,2023-07-24,2023.0,8b+
Ben Herrington,Aug 2023,,The Book Club,8b+,19-08-2023,Boulder,worked,2023-08-19,2023.0,8b+
Eli Perry,,,The Book Club,8b+,,Boulder,worked,,,8b+
Randy Leavitt,1999,,The Book Of Hate,e9,19-11-1999,Lead,worked,1999-11-19,1999.0,8b
Beth Rodden,2007,,The Book Of Hate,e9,19-11-2007,Lead,worked,2007-11-19,2007.0,8b
Alex Honnold,2nd May 2011,,The Book Of Hate,e9,02-05-2011,Lead,worked,2011-02-05,2011.0,8b
Adam Ondra,Nov 2018,,The Book Of Hate,e9,19-11-2018,Lead,worked,2018-11-19,2018.0,8b
Amity Warme,22nd Nov 2023,,The Book Of Hate,e9,22-11-2023,Lead,worked,2023-11-22,2023.0,8b
Craig Smith,1988,,The Bulge,8a,19-11-1988,Lead,worked,1988-11-19,1988.0,8a
Bob Smith,1989,,The Bulge,8a,19-11-1989,Lead,worked,1989-11-19,1989.0,8a
Simon Nadin,30th Jun 1990,,The Bulge,8a,30-06-1990,Lead,onsight,1990-06-30,1990.0,8a
Hannah Williams,31st Jul 2022,,The Bulge,8a,31-07-2022,Lead,worked,2022-07-31,2022.0,8a
Emma Ransome,31st Aug 2024,,The Bulge,8a,31-08-2024,Lead,worked,2024-08-31,2024.0,8a
Ricky Bell,20th Aug 2005,,The Complete Scream,e8,20-08-2005,Lead,worked,2005-08-20,2005.0,8a+
Pete Whittaker,Jun 2015,,The Complete Scream,e8,19-06-2015,Lead,onsight,2015-06-19,2015.0,8a+
Nathan Lee,19th Jun 2015,,The Complete Scream,e8,19-06-2015,Lead,worked,2015-06-19,2015.0,8a+
Alex Honnold,2016,,The Complete Scream,e8,19-11-2016,Solo,worked,2016-11-19,2016.0,8a+
Rory Cummins,23rd Jun 2024,,The Complete Scream,e8,23-06-2024,Lead,worked,2024-06-23,2024.0,8a+
Andy Earl,Oct 2003,,The Dark Side,e9,19-10-2003,Lead,worked,2003-10-19,2003.0,8b
Dan Varian,Dec 2011,,The Dark Side,e9,19-12-2011,Lead,ground up,2011-12-19,2011.0,8b
Alex Moore,11th Aug 2018,,The Dark Side,e9,11-08-2018,Boulder,ground up,2018-11-08,2018.0,8b
Tim Blake,11th Aug 2018,,The Dark Side,e9,11-08-2018,Boulder,ground up,2018-11-08,2018.0,8b
Niall McNair,,,The Dark Side,e9,,Boulder,worked,,,8b
Johnny Dawes,2nd Oct 1986,,The Hollow Man,e8,02-10-1986,Lead,worked,1986-02-10,1986.0,8a+
Andy Pollitt,2nd Oct 1986,,The Hollow Man,e8,02-10-1986,Lead,worked,1986-02-10,1986.0,8a+
Mike Owen,17th Jun 1990,,The Hollow Man,e8,17-06-1990,Lead,onsight,1990-06-17,1990.0,8a+
Neil Dickson,2008,,The Hollow Man,e8,19-11-2008,Lead,onsight,2008-11-19,2008.0,8a+
Nick Dixon,29th Jul 2023,,The Hollow Man,e8,29-07-2023,Lead,worked,2023-07-29,2023.0,8a+
Dave Graham,18th Oct 2011,8C,The Ice Knife,8b+,18-10-2011,Boulder,worked,2011-10-18,2011.0,8b+
Daniel Woods,19th May 2013,8B+,The Ice Knife,8b+,19-05-2013,Boulder,worked,2013-05-19,2013.0,8b+
Paul Robinson,19th May 2013,8C (soft),The Ice Knife,8b+,19-05-2013,Boulder,worked,2013-05-19,2013.0,8b+
Sam Weir,20th May 2018,8C (soft),The Ice Knife,8b+,20-05-2018,Boulder,worked,2018-05-20,2018.0,8b+
Drew Ruana,Jun 2022,8C,The Ice Knife,8b+,19-06-2022,Boulder,worked,2022-06-19,2022.0,8b+
Adam Ondra,27th May 2013,,The Illusionist,9a,27-05-2013,Lead,worked,2013-05-27,2013.0,9a
Micky Page,2019,,The Illusionist,9a,19-11-2019,Lead,worked,2019-11-19,2019.0,9a
Alex Megos,Sep 2024,9a (soft),The Illusionist,9a,19-09-2024,Lead,worked,2024-09-19,2024.0,9a
Josh Ibbertson,Sep 2024,,The Illusionist,9a,19-09-2024,Lead,worked,2024-09-19,2024.0,9a
Jorge Díaz-Rullo,Sep 2024,,The Illusionist,9a,19-09-2024,Lead,worked,2024-09-19,2024.0,9a
Johnny Dawes,24th Jul 1986,,The Medium,8a,24-07-1986,Lead,worked,1986-07-24,1986.0,8a
Ryan Pasquill,2009,,The Medium,8a,19-11-2009,Lead,onsight,2009-11-19,2009.0,8a
Anna Healy,27th Oct 2023,,The Medium,8a,27-10-2023,Lead,worked,2023-10-27,2023.0,8a
Will Perrin,,,The Medium,8a,,Lead,worked,,,8a
Sam Whittaker,,,The Medium,8a,,Lead,worked,,,8a
James McHaffie,May 2012,9a,The Meltdown,9a,19-05-2012,Lead,worked,2012-05-19,2012.0,9a
Ignacio Mulero,May 2018,8c+/9a,The Meltdown,9a,19-05-2018,Lead,worked,2018-05-19,2018.0,9a
Franco Cookson,5th Mar 2022,,The Meltdown,9a,05-03-2022,Lead,worked,2022-05-03,2022.0,9a
Angus Kille,5th Jun 2023,8c+/9a,The Meltdown,9a,05-06-2023,Lead,worked,2023-05-06,2023.0,9a
Eliot Stephens,7th May 2019,,The Origin,8b+,07-05-2019,Boulder,worked,2019-07-05,2019.0,8b+
Liam Fyfe,2020,,The Origin,8b+,19-11-2020,Boulder,worked,2020-11-19,2020.0,8b+
Aidan Roberts,Aug 2021,8B+,The Origin,8b+,19-08-2021,Boulder,worked,2021-08-19,2021.0,8b+
Solly Kemball-Dorey,2nd Apr 2022,,The Origin,8b+,02-04-2022,Boulder,worked,2022-02-04,2022.0,8b+
Leo Skinner,Feb 2023,,The Origin,8b+,19-02-2023,Boulder,worked,2023-02-19,2023.0,8b+
Andy Earl,Apr 2003,,The Prow,8a,19-04-2003,Solo,worked,2003-04-19,2003.0,8a
Dan Varian,Nov 2011,,The Prow,8a,19-11-2011,Boulder,worked,2011-11-19,2011.0,8a
Ned Feehally,Nov 2011,,The Prow,8a,19-11-2011,Boulder,worked,2011-11-19,2011.0,8a
Will Bosi,30th Jul 2017,,The Prow,8a,30-07-2017,Boulder,worked,2017-07-30,2017.0,8a
Franco Cookson,4th Feb 2022,,The Prow,8a,04-02-2022,Boulder,worked,2022-04-02,2022.0,8a
Johnny Dawes,Between 10th Sep 1986 and 11th Sep 1986,,The Quarryman,e8,,Lead,worked,,,8a+
Steve McClure,27th May 2011,,The Quarryman,e8,27-05-2011,Lead,worked,2011-05-27,2011.0,8a+
Caroline Ciavaldini,14th Apr 2018,,The Quarryman,e8,14-04-2018,Lead,worked,2018-04-14,2018.0,8a+
Harriet Ridley,May 2022,,The Quarryman,e8,19-05-2022,Lead,worked,2022-05-19,2022.0,8a+
James Pearson,,,The Quarryman,e8,,Lead,worked,,,8a+
Alex Mason,28th Oct 2018,,The Rising Son,e8,28-10-2018,Lead,worked,2018-10-28,2018.0,8a+
James McHaffie,2019,,The Rising Son,e8,19-11-2019,Lead,worked,2019-11-19,2019.0,8a+
Andy Moles,15th Apr 2023,,The Rising Son,e8,15-04-2023,Lead,worked,2023-04-15,2023.0,8a+
Ferdia Earle,18th Apr 2023,,The Rising Son,e8,18-04-2023,Lead,worked,2023-04-18,2023.0,8a+
Morus Sanderson,May 2023,,The Rising Son,e8,19-05-2023,Lead,worked,2023-05-19,2023.0,8a+
Jon Cardwell,18th Nov 2006,,The Saadhu,8b+,18-11-2006,Boulder,worked,2006-11-18,2006.0,8b+
Daniel Woods,9th Jun 2007,,The Saadhu,8b+,09-06-2007,Boulder,worked,2007-09-06,2007.0,8b+
Sam Davis,9th Dec 2017,8B,The Saadhu,8b+,09-12-2017,Boulder,worked,2017-09-12,2017.0,8b+
Ben Hanna,6th Apr 2019,,The Saadhu,8b+,06-04-2019,Boulder,worked,2019-06-04,2019.0,8b+
Cozmo Rothfork,26th Nov 2023,,The Saadhu,8b+,26-11-2023,Boulder,worked,2023-11-26,2023.0,8b+
Jimmy Webb,5th Jul 2012,,The Shining,8b,05-07-2012,Boulder,worked,2012-05-07,2012.0,8b
Katharina Saurwein,20th Sep 2015,,The Shining,8b,20-09-2015,Boulder,worked,2015-09-20,2015.0,8b
Nina Williams,28th Jun 2018,,The Shining,8b,28-06-2018,Boulder,worked,2018-06-28,2018.0,8b
Brooke Raboutou,16th Jul 2020,,The Shining,8b,16-07-2020,Boulder,worked,2020-07-16,2020.0,8b
Natalia Grossman,17th Jul 2020,,The Shining,8b,17-07-2020,Boulder,worked,2020-07-17,2020.0,8b
Tim Clifford,21st May 2007,8B+,The Singularity,8c,21-05-2007,Boulder,worked,2007-05-21,2007.0,8c
Nalle Hukkataival,21st Sep 2017,8B+/8C,The Singularity,8c,21-09-2017,Boulder,worked,2017-09-21,2017.0,8c
Lucas Uchida,Between 9th Jul 2022 and 8th Jul 2022,8C,The Singularity,8c,,Boulder,worked,,,8c
Ethan Salvo,5th Feb 2024,8C,The Singularity,8c,05-02-2024,Boulder,worked,2024-05-02,2024.0,8c
Andy Lamb,8th Nov 2024,,The Singularity,8c,08-11-2024,Boulder,worked,2024-08-11,2024.0,8c
Dave Kenyon,1987,,The Traverse Of The Gods,8b+,19-11-1987,Boulder,worked,1987-11-19,1987.0,8b+
Paul Robins,28th Jun 2015,,The Traverse Of The Gods,8b+,28-06-2015,Boulder,worked,2015-06-28,2015.0,8b+
Tanya Meredith,Sep 2015,,The Traverse Of The Gods,8b+,19-09-2015,Boulder,worked,2015-09-19,2015.0,8b+
Adam Lincoln,8th Oct 2016,,The Traverse Of The Gods,8b+,08-10-2016,Boulder,worked,2016-08-10,2016.0,8b+
Gill Peet,3rd Jul 2017,,The Traverse Of The Gods,8b+,03-07-2017,Boulder,worked,2017-03-07,2017.0,8b+
Mikey Cleverdon,21st Mar 2016,,The Waterman,8b,21-03-2016,Boulder,worked,2016-03-21,2016.0,8b
James Squire,30th Nov 2016,,The Waterman,8b,30-11-2016,Boulder,worked,2016-11-30,2016.0,8b
Solly Kemball-Dorey,2020,,The Waterman,8b,19-11-2020,Boulder,worked,2020-11-19,2020.0,8b
Pete Dawson,24th Dec 2020,,The Waterman,8b,24-12-2020,Boulder,worked,2020-12-24,2020.0,8b
Alex Oates,23rd Mar 2021,,The Waterman,8b,23-03-2021,Boulder,worked,2021-03-23,2021.0,8b
Daniel Woods,14th Aug 2013,,The Wheel Of Chaos,8b,14-08-2013,Boulder,worked,2013-08-14,2013.0,8b
Alex Puccio,20th Sep 2014,,The Wheel Of Chaos,8b,20-09-2014,Boulder,worked,2014-09-20,2014.0,8b
Isabelle Faus,2nd Oct 2016,,The Wheel Of Chaos,8b,02-10-2016,Boulder,worked,2016-02-10,2016.0,8b
Brooke Raboutou,20th Jul 2020,,The Wheel Of Chaos,8b,20-07-2020,Boulder,worked,2020-07-20,2020.0,8b
Katie Lamb,28th Jul 2020,,The Wheel Of Chaos,8b,28-07-2020,Boulder,worked,2020-07-28,2020.0,8b
Andy Earl,2000,8A+,The Young,7c+,19-11-2000,Boulder,worked,2000-11-19,2000.0,7c+
Dan Varian,2010,,The Young,7c+,19-11-2010,Boulder,worked,2010-11-19,2010.0,7c+
Tim Blake,7th Jun 2020,,The Young,7c+,07-06-2020,Boulder,worked,2020-07-06,2020.0,7c+
Calum Coldwell-Story,25th Oct 2020,,The Young,7c+,25-10-2020,Boulder,ground up,2020-10-25,2020.0,7c+
Alex Moore,25th Oct 2020,,The Young,7c+,25-10-2020,Boulder,ground up,2020-10-25,2020.0,7c+
John Dunne,,E7,Tolerance,e8,,Lead,worked,,,8a+
Si Moore,2002,E8,Tolerance,e8,19-11-2002,Lead,worked,2002-11-19,2002.0,8a+
Nathan Lee,23rd Jun 2015,,Tolerance,e8,23-06-2015,Lead,worked,2015-06-23,2015.0,8a+
Rory Cummins,30th Oct 2017,,Tolerance,e8,30-10-2017,Lead,worked,2017-10-30,2017.0,8a+
Ricky Bell,,,Tolerance,e8,,Lead,worked,,,8a+
Mike Adams,,,Tomahawk,8b+,,Boulder,worked,,,8b+
Orrin Coley,14th Oct 2019,,Tomahawk,8b+,14-10-2019,Boulder,worked,2019-10-14,2019.0,8b+
Will Bosi,26th Jun 2020,,Tomahawk,8b+,26-06-2020,Boulder,worked,2020-06-26,2020.0,8b+
Joe Lawson,31st Dec 2020,8B/8B+,Tomahawk,8b+,31-12-2020,Boulder,worked,2020-12-31,2020.0,8b+
Ned Feehally,,,Tomahawk,8b+,,Boulder,worked,,,8b+
Dave Graham,12th Oct 2016,,Topaz,8c,12-10-2016,Boulder,worked,2016-12-10,2016.0,8c
Paul Robinson,23rd Oct 2016,,Topaz,8c,23-10-2016,Boulder,worked,2016-10-23,2016.0,8c
Sam Weir,26th Sep 2017,,Topaz,8c,26-09-2017,Boulder,worked,2017-09-26,2017.0,8c
Griffin Whiteside,12th Apr 2018,,Topaz,8c,12-04-2018,Boulder,worked,2018-12-04,2018.0,8c
Giuliano Cameroni,24th May 2019,8B+/8C,Topaz,8c,24-05-2019,Boulder,worked,2019-05-24,2019.0,8c
Malcolm Smith,1999,,Transform,8c,19-11-1999,Lead,worked,1999-11-19,1999.0,8c
Steve McClure,1999,,Transform,8c,19-11-1999,Lead,worked,1999-11-19,1999.0,8c
Sebastian Halenke,Apr 2015,,Transform,8c,19-04-2015,Lead,worked,2015-04-19,2015.0,8c
Will Bosi,2nd Jul 2015,,Transform,8c,02-07-2015,Lead,worked,2015-02-07,2015.0,8c
Jim Pope,5th May 2021,,Transform,8c,05-05-2021,Lead,worked,2021-05-05,2021.0,8c
Tomáš Mrázek,4th May 2002,,Underground,8c+,04-05-2002,Lead,worked,2002-04-05,2002.0,8c+
Alex Khazanov,7th Oct 2016,,Underground,8c+,07-10-2016,Lead,worked,2016-07-10,2016.0,8c+
Alex Megos,14th Sep 2020,,Underground,8c+,14-09-2020,Lead,flash,2020-09-14,2020.0,8c+
Eva Hammelmüller,15th May 2021,,Underground,8c+,15-05-2021,Lead,worked,2021-05-15,2021.0,8c+
Janja Garnbret,Sep 2023,,Underground,8c+,19-09-2023,Lead,worked,2023-09-19,2023.0,8c+
Drew Ruana,Before 9th Aug 2021,,Variant,8c,,Boulder,worked,,,8c
Everett Sloane,9th Aug 2021,,Variant,8c,09-08-2021,Boulder,worked,2021-09-08,2021.0,8c
Will Anglin,,,Variant,8c,,Boulder,worked,,,8c
Taylor McNeill,,,Variant,8c,,Boulder,worked,,,8c
Liam Andrews-Bancroft,,8B+,Variant,8c,,Boulder,worked,,,8c
Ramón Julián Puigblanque,26th Oct 2008,,Víctimas Pérez,9a,26-10-2008,Lead,worked,2008-10-26,2008.0,9a
Tom Bolger,Apr 2017,,Víctimas Pérez,9a,19-04-2017,Lead,worked,2017-04-19,2017.0,9a
Angie Scarth-Johnson,1st Jun 2022,,Víctimas Pérez,9a,01-06-2022,Lead,worked,2022-01-06,2022.0,9a
Will Smith,10th Nov 2022,,Víctimas Pérez,9a,10-11-2022,Lead,worked,2022-10-11,2022.0,9a
David Bermudez,30th Mar 2024,,Víctimas Pérez,9a,30-03-2024,Lead,worked,2024-03-30,2024.0,9a
Arnaud Petit,1997,,Voie Petit,8b,19-11-1997,Lead,,1997-11-19,1997.0,8b
Stephanie Bodet,1997,,Voie Petit,8b,19-11-1997,Lead,,1997-11-19,1997.0,8b
Alex Huber,17th Jul 2005,,Voie Petit,8b,17-07-2005,Lead,worked,2005-07-17,2005.0,8b
Eduard Marin,20th Jul 2017,,Voie Petit,8b,20-07-2017,Lead,worked,2017-07-20,2017.0,8b
Nina Caprez,Jul 2019,,Voie Petit,8b,19-07-2019,Lead,worked,2019-07-19,2019.0,8b
Allan Austin,28th Jun 1961,,Wall Of Horrors,e3,28-06-1961,Solo,worked,1961-06-28,1961.0,6b+
Arthur Dolphin,1944,,Wall Of Horrors,e3,19-11-1944,Top Rope,worked,1944-11-19,1944.0,6b+
Tony Nicholls,1967,,Wall Of Horrors,e3,19-11-1967,Lead,onsight,1967-11-19,1967.0,6b+
John Syrett,5th Nov 1970,,Wall Of Horrors,e3,05-11-1970,Lead,flash,1970-05-11,1970.0,6b+
Klemen Bečan,,,Water World,9a,,Lead,worked,,,9a
Domen Škofic,25th Apr 2014,,Water World,9a,25-04-2014,Lead,worked,2014-04-25,2014.0,9a
Jernej Kruder,1st May 2018,,Water World,9a,01-05-2018,Lead,worked,2018-01-05,2018.0,9a
Mina Markovic,Aug 2020,,Water World,9a,19-08-2020,Lead,worked,2020-08-19,2020.0,9a
Adam Ondra,28th Nov 2022,,Water World,9a,28-11-2022,Lead,onsight,2022-11-28,2022.0,9a
Will Smith,4th Nov 2017,8B,Weeding The Lip,8b+,04-11-2017,Boulder,worked,2017-04-11,2017.0,8b+
Will Bosi,15th Mar 2022,8B+,Weeding The Lip,8b+,15-03-2022,Lead,worked,2022-03-15,2022.0,8b+
Felix Wilkins,19th Nov 2022,,Weeding The Lip,8b+,19-11-2022,Boulder,worked,2022-11-19,2022.0,8b+
Pete Dawson,8th Jun 2023,8B+,Weeding The Lip,8b+,08-06-2023,Boulder,worked,2023-08-06,2023.0,8b+
Sam Blackwell,Sep 2023,8B+,Weeding The Lip,8b+,19-09-2023,Boulder,worked,2023-09-19,2023.0,8b+
Josune Bereziartu,21st May 2000,,Welcome To Tijuana,8c,21-05-2000,Lead,worked,2000-05-21,2000.0,8c
Shawn Raboutou,2010,,Welcome To Tijuana,8c,19-11-2010,Lead,worked,2010-11-19,2010.0,8c
Brooke Raboutou,Jul 2012,,Welcome To Tijuana,8c,19-07-2012,Lead,worked,2012-07-19,2012.0,8c
Robyn Erbesfield-Raboutou,Jul 2012,,Welcome To Tijuana,8c,19-07-2012,Lead,worked,2012-07-19,2012.0,8c
Ed Hamer,18th Sep 2013,,Welcome To Tijuana,8c,18-09-2013,Lead,worked,2013-09-18,2013.0,8c
Todd Skinner,2004,,Wet Lycra Nightmare,8b,19-11-2004,Lead,worked,2004-11-19,2004.0,8b
Alex Honnold,23rd Sep 2015,,Wet Lycra Nightmare,8b,23-09-2015,Lead,worked,2015-09-23,2015.0,8b
Jordan Cannon,Nov 2022,,Wet Lycra Nightmare,8b,19-11-2022,Lead,worked,2022-11-19,2022.0,8b
William Moss,2024,,Wet Lycra Nightmare,8b,19-11-2024,Lead,worked,2024-11-19,2024.0,8b
Nik Berry,,,Wet Lycra Nightmare,8b,,Lead,worked,,,8b
Rikar Otegi,1st Jul 2004,,Yeah Man!,8b+,01-07-2004,Lead,worked,2004-01-07,2004.0,8b+
Josune Bereziartu,1st Jul 2004,,Yeah Man!,8b+,01-07-2004,Lead,worked,2004-01-07,2004.0,8b+
Giovanni Quirici,1st Aug 2010,,Yeah Man!,8b+,01-08-2010,Lead,worked,2010-01-08,2010.0,8b+
Cédric Lachat,2019,,Yeah Man!,8b+,19-11-2019,Lead,worked,2019-11-19,2019.0,8b+
Nina Caprez,18th Jun 2023,,Yeah Man!,8b+,18-06-2023,Lead,worked,2023-06-18,2023.0,8b+
Pete Oxley,20th May 1992,,Adrenochrome,8a,20-05-1992,Lead,worked,1992-05-20,1992.0,8a
Richard Bingham,1999,,Adrenochrome,8a,19-11-1999,Deep Water Solo,worked,1999-11-19,1999.0,8a
Buster Martin,21st Jul 2022,,Adrenochrome,8a,21-07-2022,Deep Water Solo,onsight,2022-07-21,2022.0,8a
Eder Lomba,,,Adrenochrome,8a,,Deep Water Solo,onsight,,,8a
Nick Dixon,25th Sep 1983,,A Fist Full Of Crystals,e6,25-09-1983,Solo,worked,1983-09-25,1983.0,7b+
Johnny Dawes,1985,,A Fist Full Of Crystals,e6,19-11-1985,Solo,onsight,1985-11-19,1985.0,7b+
Andy Popp,1985,,A Fist Full Of Crystals,e6,19-11-1985,Solo,onsight,1985-11-19,1985.0,7b+
Nick Dixon,2000s,,A Fist Full Of Crystals,e6,19-11-2024,Solo,repeat,2024-11-19,2024.0,7b+
Allison Vest,9th Nov 2023,,After Hours,8b,09-11-2023,Boulder,worked,2023-09-11,2023.0,8b
Melina Costanza,13th Nov 2023,,After Hours,8b,13-11-2023,Boulder,worked,2023-11-13,2023.0,8b
Michaela Kiersch,Dec 2023,,After Hours,8b,19-12-2023,Boulder,worked,2023-12-19,2023.0,8b
Sera Gearhart,27th Oct 2024,,After Hours,8b,27-10-2024,Boulder,worked,2024-10-27,2024.0,8b
Ben Moon,1989,,Agincourt,8c,19-11-1989,Lead,worked,1989-11-19,1989.0,8c
Patrick Edlinger,1989,,Agincourt,8c,19-11-1989,Lead,worked,1989-11-19,1989.0,8c
Richard Simpson,2004,,Agincourt,8c,19-11-2004,Lead,worked,2004-11-19,2004.0,8c
Sébastien Bouin,,,Agincourt,8c,,Lead,worked,,,8c
Eric Talmadge,1991,,Angel Of Pain,8b+,19-11-1991,Lead,worked,1991-11-19,1991.0,8b+
Derek Thatcher,27th Oct 2007,,Angel Of Pain,8b+,27-10-2007,Lead,worked,2007-10-27,2007.0,8b+
Wiz Fineron,,,Angel Of Pain,8b+,,Lead,worked,,,8b+
Jonatan Flor,26th Aug 2019,9b,Apocalipsis De La Gioconda,9a+,26-08-2019,Lead,worked,2019-08-26,2019.0,9a+
Jose Luis Palao,29th Jun 2020,9a+,Apocalipsis De La Gioconda,9a+,29-06-2020,Lead,worked,2020-06-29,2020.0,9a+
Jorge Díaz-Rullo,17th Aug 2020,9a+,Apocalipsis De La Gioconda,9a+,17-08-2020,Lead,worked,2020-08-17,2020.0,9a+
Dani Fuertes,13th May 2023,9a (hard),Apocalipsis De La Gioconda,9a+,13-05-2023,Lead,worked,2023-05-13,2023.0,9a+
Paul Robinson,27th Jul 2011,,A Simple Knowing,8b,27-07-2011,Boulder,worked,2011-07-27,2011.0,8b
Dave Graham,13th Jul 2012,,A Simple Knowing,8b,13-07-2012,Boulder,worked,2012-07-13,2012.0,8b
Jimmy Webb,30th Jul 2013,,A Simple Knowing,8b,30-07-2013,Boulder,flash,2013-07-30,2013.0,8b
Dave Mason,Jun 2017,,A Simple Knowing,8b,19-06-2017,Boulder,worked,2017-06-19,2017.0,8b
John Gaskins,,8A,Atomic Garden,8a,,Boulder,worked,,,8a
Chris Davies,2004,8A,Atomic Garden,8a,19-11-2004,Boulder,worked,2004-11-19,2004.0,8a
Dave Noden,2004,8A,Atomic Garden,8a,19-11-2004,Boulder,worked,2004-11-19,2004.0,8a
Greg Chapman,2004,8A,Atomic Garden,8a,19-11-2004,Boulder,worked,2004-11-19,2004.0,8a
Matty Hong,,,Bad Girls Club,9a,,Lead,worked,,,9a
Margo Hayes,Aug 2016,,Bad Girls Club,9a,19-08-2016,Lead,worked,2016-08-19,2016.0,9a
Alex Barrows,19th Sep 2016,,Bad Girls Club,9a,19-09-2016,Lead,worked,2016-09-19,2016.0,9a
Seo Chae-Hyun,31st Jul 2018,,Bad Girls Club,9a,31-07-2018,Lead,worked,2018-07-31,2018.0,9a
Tokio Muroi,9th Dec 2001,8C,Bansosya,8b,09-12-2001,Boulder,worked,2001-09-12,2001.0,8b
Toru  Nakajima,2007,,Bansosya,8b,19-11-2007,Boulder,worked,2007-11-19,2007.0,8b
Nalle Hukkataival,22nd Apr 2009,8B (hard),Bansosya,8b,22-04-2009,Boulder,worked,2009-04-22,2009.0,8b
Yuki Miyashita,2017,,Bansosya,8b,19-11-2017,Boulder,worked,2017-11-19,2017.0,8b
Jack Palmieri,17th Sep 2020,,Bara Brith Low,7c+,17-09-2020,Boulder,worked,2020-09-17,2020.0,7c+
Elin Lois,7th Jan 2024,,Bara Brith Low,7c+,07-01-2024,Boulder,worked,2024-07-01,2024.0,7c+
Emma Twyford,7th Jan 2024,,Bara Brith Low,7c+,07-01-2024,Boulder,worked,2024-07-01,2024.0,7c+
Hazel Findlay,8th Jan 2024,,Bara Brith Low,7c+,08-01-2024,Boulder,worked,2024-08-01,2024.0,7c+
Steve McClure,22nd May 2013,9a/9a+,Batman,9a,22-05-2013,Lead,worked,2013-05-22,2013.0,9a
Eder Lomba,May 2021,,Batman,9a,19-05-2021,Lead,worked,2021-05-19,2021.0,9a
Josh Ibbertson,29th Sep 2021,9a/9a+,Batman,9a,29-09-2021,Lead,worked,2021-09-29,2021.0,9a
Toby Roberts,11th Oct 2021,,Batman,9a,11-10-2021,Lead,worked,2021-11-10,2021.0,9a
Dave Graham,23rd Mar 2012,,Bear Toss,8b,23-03-2012,Boulder,worked,2012-03-23,2012.0,8b
Adam Ondra,1st Jun 2015,,Bear Toss,8b,01-06-2015,Boulder,flash,2015-01-06,2015.0,8b
Chon Jongwon,Jun 2016,,Bear Toss,8b,19-06-2016,Boulder,flash,2016-06-19,2016.0,8b
Alex Puccio,Jun 2017,,Bear Toss,8b,19-06-2017,Boulder,worked,2017-06-19,2017.0,8b
Taylor Parsons,16th Oct 2010,,Believe In Two,8b+,16-10-2010,Boulder,worked,2010-10-16,2010.0,8b+
Daniel Woods,20th Apr 2011,,Believe In Two,8b+,20-04-2011,Boulder,worked,2011-04-20,2011.0,8b+
Jimmy Webb,24th Apr 2014,,Believe In Two,8b+,24-04-2014,Boulder,worked,2014-04-24,2014.0,8b+
Eliot Stephens,27th Apr 2022,,Believe In Two,8b+,27-04-2022,Boulder,worked,2022-04-27,2022.0,8b+
Alex Huber,18th Jul 2001,,Bellavista,e10,18-07-2001,Lead,worked,2001-07-18,2001.0,8b+
Eduard Marin,13th Aug 2013,,Bellavista,e10,13-08-2013,Alternate Leads,worked,2013-08-13,2013.0,8b+
Sasha DiGiulian,13th Aug 2013,,Bellavista,e10,13-08-2013,Alternate Leads,worked,2013-08-13,2013.0,8b+
Dave MacLeod,Sep 2013,,Bellavista,e10,19-09-2013,Alternate Leads,worked,2013-09-19,2013.0,8b+
Mick Fowler,20th Jun 1988,,Big John,e5,20-06-1988,Alternate Leads,worked,1988-06-20,1988.0,7a+
Jon Lincoln,30th Jun 1988,,Big John,e5,30-06-1988,Alternate Leads,onsight,1988-06-30,1988.0,7a+
Rob Stanfield,4th Sep 2021,,Big John,e5,04-09-2021,Lead,onsight,2021-04-09,2021.0,7a+
Jack Bradbrook,4th Sep 2021,,Big John,e5,04-09-2021,Second,onsight,2021-04-09,2021.0,7a+
François Nicole,Mar 2004,9a/9a+,Bimbaluna,9a+,19-03-2004,Lead,worked,2004-03-19,2004.0,9a+
Josune Bereziartu,1st May 2005,,Bimbaluna,9a+,01-05-2005,Lead,worked,2005-01-05,2005.0,9a+
Rosta Stefanek,14th Mar 2006,9a/9a+,Bimbaluna,9a+,14-03-2006,Lead,worked,2006-03-14,2006.0,9a+
Maurizio Zanolla,20th Jan 2008,,Bimbaluna,9a+,20-01-2008,Lead,worked,2008-01-20,2008.0,9a+
Tom Randall,Apr 2019,,Black Mamba,e9,19-04-2019,Lead,worked,2019-04-19,2019.0,8b
Pete Whittaker,Apr 2019,,Black Mamba,e9,19-04-2019,Lead,worked,2019-04-19,2019.0,8b
Mary Eden,Nov 2023,,Black Mamba,e9,19-11-2023,Lead,worked,2023-11-19,2023.0,8b
Mari Salvesen,3rd Dec 2023,8b+,Black Mamba,e9,03-12-2023,Lead,worked,2023-03-12,2023.0,8b
Adam Ondra,23rd Feb 2022,9a+/9b,Bombardino,9a+,23-02-2022,Lead,worked,2022-02-23,2022.0,9a+
Stefano Ghisolfi,13th Dec 2022,9a+,Bombardino,9a+,13-12-2022,Lead,worked,2022-12-13,2022.0,9a+
Giovanni Placci,21st Dec 2022,,Bombardino,9a+,21-12-2022,Lead,worked,2022-12-21,2022.0,9a+
Laura Rogora,Nov 2024,,Bombardino,9a+,19-11-2024,Lead,worked,2024-11-19,2024.0,9a+
Joe Kinder,28th Oct 2016,9a+,Bone Tomahawk,9a+,28-10-2016,Lead,worked,2016-10-28,2016.0,9a+
Jonathan Siegrest,28th Mar 2018,9a+ (soft),Bone Tomahawk,9a+,28-03-2018,Lead,worked,2018-03-28,2018.0,9a+
Cameron Hörst,24th May 2021,9a+,Bone Tomahawk,9a+,24-05-2021,Lead,worked,2021-05-24,2021.0,9a+
Tyler Thompson,22nd Jun 2023,,Bone Tomahawk,9a+,22-06-2023,Lead,worked,2023-06-22,2023.0,9a+
Andy Pollitt,10th Apr 1987,,Boot Boys,8a+,10-04-1987,Lead,worked,1987-10-04,1987.0,8a+
Dougie Hall,Before 1st Jan 1991,,Boot Boys,8a+,,Lead,worked,,,8a+
John Welford,Before 1st Jan 1991,,Boot Boys,8a+,,Lead,worked,,,8a+
Rae Cowie,,,Boot Boys,8a+,,Lead,worked,,,8a+
Joe Brown,Jul 1957,,Bow Wall,e2,19-07-1957,Lead,,1957-07-19,1957.0,6a+
Barrie Biven,May 1958,,Bow Wall,e2,19-05-1958,Lead,,1958-05-19,1958.0,6a+
Trevor Peck,May 1958,,Bow Wall,e2,19-05-1958,Lead,,1958-05-19,1958.0,6a+
Ron Fawcett,1978,,Bow Wall,e2,19-11-1978,Lead,,1978-11-19,1978.0,6a+
Matt Willis,,,Breaking The Wheel,8b+,,Boulder,worked,,,8b+
Owen Whaley,14th Feb 2024,,Breaking The Wheel,8b+,14-02-2024,Boulder,worked,2024-02-14,2024.0,8b+
Tanner Bauer,14th Feb 2024,,Breaking The Wheel,8b+,14-02-2024,Boulder,worked,2024-02-14,2024.0,8b+
Cameron Hörst,30th Mar 2024,,Breaking The Wheel,8b+,30-03-2024,Boulder,worked,2024-03-30,2024.0,8b+
Ken Palmer,Aug 2003,8c,Brian,8c+,19-08-2003,Lead,worked,2003-08-19,2003.0,8c+
Ellis Butler-Barker,1st Apr 2015,,Brian,8c+,01-04-2015,Lead,worked,2015-01-04,2015.0,8c+
Pete Dawson,2nd Jul 2017,,Brian,8c+,02-07-2017,Lead,worked,2017-02-07,2017.0,8c+
Luke Dawson,29th Oct 2018,,Brian,8c+,29-10-2018,Lead,worked,2018-10-29,2018.0,8c+
Kristian Clemmow,14th Aug 2010,,Bricktop,8b,14-08-2010,Lead,worked,2010-08-14,2010.0,8b
Alex Barrows,5th Sep 2010,,Bricktop,8b,05-09-2010,Lead,worked,2010-05-09,2010.0,8b
Rhoslyn Frugtniet,5th Aug 2022,,Bricktop,8b,05-08-2022,Lead,worked,2022-05-08,2022.0,8b
Billy Ridal,6th Aug 2022,,Bricktop,8b,06-08-2022,Lead,flash,2022-06-08,2022.0,8b
Sean Myles,11th Dec 1990,,Bungles Arete,8b,11-12-1990,Lead,worked,1990-11-12,1990.0,8b
Leo Houlding,1998,,Bungles Arete,8b,19-11-1998,Lead,worked,1998-11-19,1998.0,8b
Neil Dyer,Nov 2006,,Bungles Arete,8b,19-11-2006,Lead,worked,2006-11-19,2006.0,8b
James McHaffie,,,Bungles Arete,8b,,Lead,worked,,,8b
Fred Moix,2022,,Butterfly Circus,e9,19-11-2022,Lead,worked,2022-11-19,2022.0,8b
Jernej Kruder,17th Feb 2024,,Butterfly Circus,e9,17-02-2024,Lead,worked,2024-02-17,2024.0,8b
Pete Whittaker,Apr 2024,,Butterfly Circus,e9,19-04-2024,Lead,worked,2024-04-19,2024.0,8b
Barbara Zangerl,Jun 2024,,Butterfly Circus,e9,19-06-2024,Lead,worked,2024-06-19,2024.0,8b
Pietro Vidi,15th Jan 2024,8C,Captain Nemo,8c,15-01-2024,Boulder,worked,2024-01-15,2024.0,8c
Giovanni Placci,17th Feb 2024,,Captain Nemo,8c,17-02-2024,Boulder,worked,2024-02-17,2024.0,8c
Dave Graham,Mar 2024,,Captain Nemo,8c,19-03-2024,Boulder,worked,2024-03-19,2024.0,8c
Francesco Berardino,Nov 2024,,Captain Nemo,8c,19-11-2024,Boulder,worked,2024-11-19,2024.0,8c
John Dunne,1998,E9,Carmen Picasso,e8,19-11-1998,Lead,worked,1998-11-19,1998.0,8a+
Ben Bransby,21st Oct 2000,E8,Carmen Picasso,e8,21-10-2000,Lead,flash,2000-10-21,2000.0,8a+
Dave MacLeod,21st Oct 2000,E7,Carmen Picasso,e8,21-10-2000,Lead,worked,2000-10-21,2000.0,8a+
Jordan Buys,2007,,Carmen Picasso,e8,19-11-2007,Lead,flash,2007-11-19,2007.0,8a+
Daniel Woods,2nd Nov 2013,8B,Carnage,8b,02-11-2013,Boulder,worked,2013-02-11,2013.0,8b
Will Anglin,15th Sep 2014,8B,Carnage,8b,15-09-2014,Boulder,worked,2014-09-15,2014.0,8b
Dave Graham,22nd Sep 2014,8B (soft),Carnage,8b,22-09-2014,Boulder,worked,2014-09-22,2014.0,8b
Sera Gearhart,27th Jun 2023,8A+,Carnage,8b,27-06-2023,Boulder,worked,2023-06-27,2023.0,8b
Chris Graham,2000s,,Catapult,8a+,19-11-2024,Boulder,worked,2024-11-19,2024.0,8a+
Mike Mullins,Between 1st Jan 2000 and 1st Jan 2022,,Catapult,8a+,,Boulder,worked,,,8a+
Will Atkinson,21st Aug 2010,,Catapult,8a+,21-08-2010,Boulder,worked,2010-08-21,2010.0,8a+
Dan Varian,2022,,Catapult,8a+,19-11-2022,Boulder,worked,2022-11-19,2022.0,8a+
Dai Koyamada,23rd Mar 2005,8B+,Catharsis,8b+,23-03-2005,Boulder,worked,2005-03-23,2005.0,8b+
Daniel Woods,14th Feb 2012,8B (soft),Catharsis,8b+,14-02-2012,Boulder,worked,2012-02-14,2012.0,8b+
Tomoko Ogawa,20th Oct 2012,8B+,Catharsis,8b+,20-10-2012,Boulder,worked,2012-10-20,2012.0,8b+
Ai Mori,2022,,Catharsis,8b+,19-11-2022,Boulder,worked,2022-11-19,2022.0,8b+
Don Whillans,29th Aug 1961,,Central Pillar Of Freney,ed1,29-08-1961,Mountaineering,,1961-08-29,1961.0,ed1
Ian Clough,29th Aug 1961,,Central Pillar Of Freney,ed1,29-08-1961,Mountaineering,,1961-08-29,1961.0,ed1
Jan Długosz,29th Aug 1961,,Central Pillar Of Freney,ed1,29-08-1961,Mountaineering,,1961-08-29,1961.0,ed1
Chris Bonington,29th Aug 1962,,Central Pillar Of Freney,ed1,29-08-1962,Mountaineering,,1962-08-29,1962.0,ed1
Dave MacLeod,17th Apr 2007,8A,Chahala Sds,8b,17-04-2007,Boulder,worked,2007-04-17,2007.0,8b
Mathew Wright,15th Aug 2024,,Chahala Sds,8b,15-08-2024,Boulder,worked,2024-08-15,2024.0,8b
Angus Davidson,11th Sep 2024,,Chahala Sds,8b,11-09-2024,Boulder,worked,2024-11-09,2024.0,8b
Hamish Potokar,,,Chahala Sds,8b,,Boulder,worked,,,8b
Karoline Sinnhuber,15th Jul 2015,,Charity Bouldern,8b,15-07-2015,Boulder,worked,2015-07-15,2015.0,8b
Ben Freeman,20th Jul 2016,,Charity Bouldern,8b,20-07-2016,Boulder,worked,2016-07-20,2016.0,8b
Sam Croft,7th Jun 2023,,Charity Bouldern,8b,07-06-2023,Boulder,worked,2023-07-06,2023.0,8b
Jacob Handyside,,,Charity Bouldern,8b,,Boulder,worked,,,8b
Adam Ondra,2011,,Chaxi,9a+,19-11-2011,Lead,worked,2011-11-19,2011.0,9a+
Chris Sharma,5th May 2011,,Chaxi,9a+,05-05-2011,Lead,worked,2011-05-05,2011.0,9a+
Cédric Lachat,2013,,Chaxi,9a+,19-11-2013,Lead,worked,2013-11-19,2013.0,9a+
Jonathan Siegrest,2017,,Chaxi,9a+,19-11-2017,Lead,worked,2017-11-19,2017.0,9a+
Shawn Raboutou,2022,,Child Of Hell,8c,19-11-2022,Boulder,worked,2022-11-19,2022.0,8c
Aidan Roberts,23rd Oct 2022,,Child Of Hell,8c,23-10-2022,Boulder,worked,2022-10-23,2022.0,8c
Clément Lechaptois,9th Aug 2023,,Child Of Hell,8c,09-08-2023,Boulder,worked,2023-09-08,2023.0,8c
Kim Marschner,20th Aug 2023,,Child Of Hell,8c,20-08-2023,Boulder,worked,2023-08-20,2023.0,8c
Dave Graham,2000,,China Beach,8c,19-11-2000,Lead,worked,2000-11-19,2000.0,8c
Joe Kinder,15th Sep 2001,,China Beach,8c,15-09-2001,Lead,worked,2001-09-15,2001.0,8c
Eddie Barbour,18th Jun 2016,,China Beach,8c,18-06-2016,Lead,worked,2016-06-18,2016.0,8c
Nina Williams,9th May 2023,,China Beach,8c,09-05-2023,Lead,worked,2023-09-05,2023.0,8c
Ken Palmer,2002,,Christine,8a,19-11-2002,Lead,worked,2002-11-19,2002.0,8a
Ken Palmer,2003,,Christine,8a,19-11-2003,Deep Water Solo,repeat,2003-11-19,2003.0,8a
Oli Grounsell,4th Sep 2019,,Christine,8a,04-09-2019,Deep Water Solo,ground up,2019-04-09,2019.0,8a
Bob Hickish,4th Sep 2019,,Christine,8a,04-09-2019,Deep Water Solo,ground up,2019-04-09,2019.0,8a
Tom Proctor,1977,,Circe,e5,19-11-1977,Deep Water Solo,,1977-11-19,1977.0,7a+
Dave Cuthbertson,1980,,Circe,e5,19-11-1980,Deep Water Solo,,1980-11-19,1980.0,7a+
John Kirk,,,Circe,e5,,Deep Water Solo,,,,7a+
Andy Barker,,,Circe,e5,,Deep Water Solo,,,,7a+
Dave Graham,14th Feb 2015,8B+,Confessions,8b,14-02-2015,Boulder,worked,2015-02-14,2015.0,8b
Martin Keller,27th Mar 2008,8B+ (soft),Confessions,8b,27-03-2008,Boulder,worked,2008-03-27,2008.0,8b
Adam Ondra,20th Dec 2009,8B,Confessions,8b,20-12-2009,Boulder,flash,2009-12-20,2009.0,8b
James Squire,22nd Feb 2017,,Confessions,8b,22-02-2017,Boulder,worked,2017-02-22,2017.0,8b
Molly Thompson-Smith,Mar 2022,,Corridors Of Power,7c+,19-03-2022,Boulder,worked,2022-03-19,2022.0,7c+
Rhoslyn Frugtniet,,,Corridors Of Power,7c+,,Boulder,worked,,,7c+
Hazel Findlay,,,Corridors Of Power,7c+,,Boulder,worked,,,7c+
Jemma Powell,,,Corridors Of Power,7c+,,Boulder,worked,,,7c+
Sam Rothstein,4th Mar 2021,,Cosmogram,8b+,04-03-2021,Boulder,worked,2021-04-03,2021.0,8b+
Jack Martinus,14th Feb 2022,,Cosmogram,8b+,14-02-2022,Boulder,worked,2022-02-14,2022.0,8b+
Noah Wheeler,21st Jan 2023,,Cosmogram,8b+,21-01-2023,Boulder,worked,2023-01-21,2023.0,8b+
Cyrus Johnston,,,Cosmogram,8b+,,Boulder,worked,,,8b+
Dave Cuthbertson,1990,,County Ethics,7c+,19-11-1990,Lead,worked,1990-11-19,1990.0,7c+
Andy Earl,2003,,County Ethics,7c+,19-11-2003,Solo,worked,2003-11-19,2003.0,7c+
Dan Varian,Between 2nd Jan 2012 and 2nd Jan 2013,,County Ethics,7c+,,Boulder,flash,,,7c+
Mark Katz,,,County Ethics,7c+,,Boulder,flash,,,7c+
Dan Varian,,,Crescendo,8b+,,Boulder,worked,,,8b+
Aidan Roberts,2022,,Crescendo,8b+,19-11-2022,Boulder,worked,2022-11-19,2022.0,8b+
Will Bosi,24th Aug 2022,8B,Crescendo,8b+,24-08-2022,Boulder,worked,2022-08-24,2022.0,8b+
Ned Feehally,Nov 2023,,Crescendo,8b+,19-11-2023,Boulder,worked,2023-11-19,2023.0,8b+
Giuliano Cameroni,8th Jan 2021,,Crystal Ship,8c,08-01-2021,Boulder,worked,2021-08-01,2021.0,8c
Clément Lechaptois,10th Jan 2021,8C (soft),Crystal Ship,8c,10-01-2021,Boulder,worked,2021-10-01,2021.0,8c
Florian Wientjes,2022,,Crystal Ship,8c,19-11-2022,Boulder,worked,2022-11-19,2022.0,8c
Kim Marschner,8th Jan 2022,8C (soft),Crystal Ship,8c,08-01-2022,Boulder,worked,2022-08-01,2022.0,8c
Dave Pegg,30th Aug 1993,,Dalliance,8b+,30-08-1993,Lead,worked,1993-08-30,1993.0,8b+
Paul Savage,2000,,Dalliance,8b+,19-11-2000,Lead,worked,2000-11-19,2000.0,8b+
Jennifer Wood,22nd Jul 2024,,Dalliance,8b+,22-07-2024,Lead,worked,2024-07-22,2024.0,8b+
Andy Earl,,,Dalliance,8b+,,Lead,worked,,,8b+
Jeramie Claussen,2023,,Dark Waters Low,8b+,19-11-2023,Lead,worked,2023-11-19,2023.0,8b+
Daniel Fong,,,Dark Waters Low,8b+,,Boulder,worked,,,8b+
Austin Purdy,,,Dark Waters Low,8b+,,Boulder,worked,,,8b+
Ron Fawcett,1984,,Defcon 3,8a,19-11-1984,Lead,worked,1984-11-19,1984.0,8a
Emily Johnson,30th Jun 2021,,Defcon 3,8a,30-06-2021,Lead,worked,2021-06-30,2021.0,8a
Emma Ransome,25th Jul 2021,,Defcon 3,8a,25-07-2021,Lead,worked,2021-07-25,2021.0,8a
Frances Taylor,,,Defcon 3,8a,,Lead,worked,,,8a
Fred Rouhling,6th Dec 1997,,De Lautre Côté Du Ciel,9a,06-12-1997,Lead,worked,1997-06-12,1997.0,9a
Robert Girard,Between 6th Dec 1997 and 28th Apr 2010,,De Lautre Côté Du Ciel,9a,,Lead,worked,,,9a
Piotr Savack,28th Apr 2010,,De Lautre Côté Du Ciel,9a,28-04-2010,Lead,worked,2010-04-28,2010.0,9a
Sébastien Bouin,2020,,De Lautre Côté Du Ciel,9a,19-11-2020,Lead,worked,2020-11-19,2020.0,9a
Isabelle Faus,9th Apr 2018,,Delusions Of Grandeur,8b,09-04-2018,Boulder,worked,2018-09-04,2018.0,8b
Joe Lawson,16th Mar 2020,,Delusions Of Grandeur,8b,16-03-2020,Boulder,worked,2020-03-16,2020.0,8b
Dave Barrans,15th Oct 2021,,Delusions Of Grandeur,8b,15-10-2021,Boulder,worked,2021-10-15,2021.0,8b
Staša Gejo,Between 4th Jan 2022 and 4th Jan 2023,,Delusions Of Grandeur,8b,,Boulder,worked,,,8b
Mary Jenner,2001,,De Quincy,e7,19-11-2001,Lead,worked,2001-11-19,2001.0,7c+
James McHaffie,Before 1st Jan 2002,,De Quincy,e7,,Lead,onsight,,,7c+
Katy Forrester,,,De Quincy,e7,,Lead,worked,,,7c+
Ian Cummins,,,De Quincy,e7,,Lead,onsight,,,7c+
Ned Feehally,2016,,Dhalism,8a+,19-11-2016,Boulder,worked,2016-11-19,2016.0,8a+
Tom Newman,6th Nov 2016,,Dhalism,8a+,06-11-2016,Boulder,worked,2016-06-11,2016.0,8a+
Sam Pratt,,,Dhalism,8a+,,Boulder,worked,,,8a+
Sam Lawson,,,Dhalism,8a+,,Boulder,worked,,,8a+
Jonathan Siegrest,6th Nov 2017,,Directa Jabalí,8c,06-11-2017,Lead,worked,2017-06-11,2017.0,8c
Arlo Rogers,2nd Jan 2024,,Directa Jabalí,8c,02-01-2024,Lead,worked,2024-02-01,2024.0,8c
Tommy Gió,2nd Jan 2024,,Directa Jabalí,8c,02-01-2024,Lead,flash,2024-02-01,2024.0,8c
Alex Hall,23rd Feb 2024,,Directa Jabalí,8c,23-02-2024,Lead,worked,2024-02-23,2024.0,8c
Franco Cookson,30th May 2015,,Divine Moments Of Truth,e9,30-05-2015,Lead,worked,2015-05-30,2015.0,8b
Mark Rankine,8th Oct 2017,,Divine Moments Of Truth,e9,08-10-2017,Lead,worked,2017-08-10,2017.0,8b
Tom Pearce,12th Apr 2021,,Divine Moments Of Truth,e9,12-04-2021,Lead,worked,2021-12-04,2021.0,8b
Dave Warburton,19th Apr 2023,,Divine Moments Of Truth,e9,19-04-2023,Lead,worked,2023-04-19,2023.0,8b
Paul Robinson,13th Aug 2007,,Dont Get Too Greedy,8b,13-08-2007,Boulder,worked,2007-08-13,2007.0,8b
Daniel Woods,13th Aug 2007,,Dont Get Too Greedy,8b,13-08-2007,Boulder,worked,2007-08-13,2007.0,8b
Adam Ondra,7th Jun 2015,,Dont Get Too Greedy,8b,07-06-2015,Boulder,flash,2015-07-06,2015.0,8b
Keenan Takahashi,23rd Jun 2018,,Dont Get Too Greedy,8b,23-06-2018,Boulder,flash,2018-06-23,2018.0,8b
James Pearson,May 2011,,Do You Know Where Your Children Are,e8,19-05-2011,Lead,worked,2011-05-19,2011.0,8a+
Ali Kennedy,3rd Jun 2017,,Do You Know Where Your Children Are,e8,03-06-2017,Lead,worked,2017-03-06,2017.0,8a+
Nathan Lee,25th Aug 2021,,Do You Know Where Your Children Are,e8,25-08-2021,Lead,worked,2021-08-25,2021.0,8a+
Ed Morris,10th Jul 2024,,Do You Know Where Your Children Are,e8,10-07-2024,Lead,worked,2024-10-07,2024.0,8a+
Paul Williams,10th May 1984,,Dreams And Screams,e6,10-05-1984,Lead,worked,1984-10-05,1984.0,7b+
Jim Moran,10th May 1984,,Dreams And Screams,e6,10-05-1984,Lead,worked,1984-10-05,1984.0,7b+
Felicity Butler,,,Dreams And Screams,e6,,Lead,onsight,,,7b+
Glenda Huxter,,,Dreams And Screams,e6,,Lead,onsight,,,7b+
Adam Ondra,,,Drift,8c,,Boulder,worked,,,8c
Martin Stráník,28th Apr 2019,8C (soft),Drift,8c,28-04-2019,Boulder,worked,2019-04-28,2019.0,8c
Will Bosi,27th Mar 2022,8C (soft),Drift,8c,27-03-2022,Boulder,worked,2022-03-27,2022.0,8c
Jakub Konečný,Jul 2024,,Drift,8c,19-07-2024,Boulder,worked,2024-07-19,2024.0,8c
Adam Ondra,13th Feb 2018,9b,Eagle 4,9b,13-02-2018,Lead,worked,2018-02-13,2018.0,9b
Hugo Parmentier,19th Jan 2020,9b,Eagle 4,9b,19-01-2020,Lead,worked,2020-01-19,2020.0,9b
Julia Chanourdie,7th Nov 2020,,Eagle 4,9b,07-11-2020,Lead,worked,2020-07-11,2020.0,9b
Pierre le Cerf,13th Feb 2022,9a+ (hard),Eagle 4,9b,13-02-2022,Lead,worked,2022-02-13,2022.0,9b
Dan Varian,Apr 2022,,Eagle Huntress,8b,19-04-2022,Boulder,worked,2022-04-19,2022.0,8b
Dan Turner,16th Oct 2022,,Eagle Huntress,8b,16-10-2022,Boulder,worked,2022-10-16,2022.0,8b
Marco Giudice,2023,,Eagle Huntress,8b,19-11-2023,Boulder,worked,2023-11-19,2023.0,8b
Jack Palmieri,7th Mar 2023,,Eagle Huntress,8b,07-03-2023,Boulder,worked,2023-07-03,2023.0,8b
Chris Sharma,7th Mar 2015,9b/9b+,El Bon Combat,9b,07-03-2015,Lead,worked,2015-07-03,2015.0,9b
Jakob Schubert,1st Dec 2018,9a+,El Bon Combat,9b,01-12-2018,Lead,worked,2018-01-12,2018.0,9b
Felipe Camargo,19th Apr 2019,9b (soft),El Bon Combat,9b,19-04-2019,Lead,worked,2019-04-19,2019.0,9b
Jorge Díaz-Rullo,28th Sep 2020,9b (soft),El Bon Combat,9b,28-09-2020,Lead,worked,2020-09-28,2020.0,9b
Steve McClure,2nd Mar 2004,,Elder Statesman,e8,02-03-2004,Lead,worked,2004-02-03,2004.0,8a+
Steve Dunning,2004,,Elder Statesman,e8,19-11-2004,Lead,worked,2004-11-19,2004.0,8a+
Michele Caminati,27th Mar 2017,,Elder Statesman,e8,27-03-2017,Lead,worked,2017-03-27,2017.0,8a+
James Pearson,,,Elder Statesman,e8,,Lead,worked,,,8a+
Alberto Rocasolano Jaudenes,2017,,El Elegido,8b+,19-11-2017,Boulder,worked,2017-11-19,2017.0,8b+
Hamish Potokar,13th Jan 2022,,El Elegido,8b+,13-01-2022,Boulder,worked,2022-01-13,2022.0,8b+
Jesús Muñoz,Nov 2023,8B+/8C,El Elegido,8b+,19-11-2023,Boulder,worked,2023-11-19,2023.0,8b+
Jorge Díaz-Rullo,12th Jan 2024,8B+/8C,El Elegido,8b+,12-01-2024,Boulder,worked,2024-12-01,2024.0,8b+
Ramón Julián Puigblanque,1st May 2009,9a (soft),El Gran Bellanco,9a,01-05-2009,Lead,worked,2009-01-05,2009.0,9a
Alex Garriga,20th Jul 2015,9a (soft),El Gran Bellanco,9a,20-07-2015,Lead,worked,2015-07-20,2015.0,9a
Adam Ondra,8th Nov 2023,8c+/9a,El Gran Bellanco,9a,08-11-2023,Lead,onsight,2023-08-11,2023.0,9a
Luke Dawson,10th Mar 2024,9a (soft),El Gran Bellanco,9a,10-03-2024,Lead,worked,2024-10-03,2024.0,9a
Alex Huber,1998,,El Niño,8a+,19-11-1998,Alternate Leads,worked,1998-11-19,1998.0,8a+
Thomas Huber,1998,,El Niño,8a+,19-11-1998,Alternate Leads,worked,1998-11-19,1998.0,8a+
Leo Houlding,Oct 1998,,El Niño,8a+,19-10-1998,Lead,worked,1998-10-19,1998.0,8a+
Hayden Kennedy,2008,,El Niño,8a+,19-11-2008,Lead,worked,2008-11-19,2008.0,8a+
Thomas Huber,1994,,End Of Silence,8b+,19-11-1994,Lead,worked,1994-11-19,1994.0,8b+
Ondřej Beneš,2008,,End Of Silence,8b+,19-11-2008,Lead,,2008-11-19,2008.0,8b+
Robbie Phillips,Aug 2017,,End Of Silence,8b+,19-08-2017,Lead,worked,2017-08-19,2017.0,8b+
Barbara Zangerl,,,End Of Silence,8b+,,Lead,worked,,,8b+
Dai Koyamada,2009,,Epitaph,8c+,19-11-2009,Boulder,worked,2009-11-19,2009.0,8c+
Ryuichi Murai,29th Mar 2017,8C,Epitaph,8c+,29-03-2017,Boulder,worked,2017-03-29,2017.0,8c+
Toru  Nakajima,1st Apr 2022,8C+,Epitaph,8c+,01-04-2022,Boulder,worked,2022-01-04,2022.0,8c+
Kazuma Ise,2023,,Epitaph,8c+,19-11-2023,Boulder,worked,2023-11-19,2023.0,8c+
Ben Moon,1993,,Equilibrium,e10,19-11-1993,Top Rope,worked,1993-11-19,1993.0,8b+
Neil Bentley,24th Feb 2000,,Equilibrium,e10,24-02-2000,Lead,worked,2000-02-24,2000.0,8b+
Neil Gresham,12th Dec 2002,,Equilibrium,e10,12-12-2002,Lead,worked,2002-12-12,2002.0,8b+
James Pearson,7th Mar 2005,,Equilibrium,e10,07-03-2005,Lead,worked,2005-07-03,2005.0,8b+
Pat Littlejohn,,,Eroica,e4,,Lead,worked,,,6c+
Arnis Strapcans,1970s,,Eroica,e4,19-11-2024,Lead,,2024-11-19,2024.0,6c+
Gill Price,1976,,Eroica,e4,19-11-1976,Alternate Leads,onsight,1976-11-19,1976.0,6c+
Jill Lawrence,1976,,Eroica,e4,19-11-1976,Alternate Leads,onsight,1976-11-19,1976.0,6c+
Chris Savage,18th Mar 2008,,Espacío Tiempo,8c,18-03-2008,Lead,worked,2008-03-18,2008.0,8c
Neil Mawson,24th Jan 2010,,Espacío Tiempo,8c,24-01-2010,Lead,worked,2010-01-24,2010.0,8c
Robbie Phillips,28th Mar 2013,,Espacío Tiempo,8c,28-03-2013,Lead,worked,2013-03-28,2013.0,8c
Prudence Morgan-Wood,5th Nov 2024,,Espacío Tiempo,8c,05-11-2024,Lead,worked,2024-05-11,2024.0,8c
Mathew Wright,17th Sep 2022,E9,Eternal Fall,e8,17-09-2022,Solo,worked,2022-09-17,2022.0,8a+
Angus Kille,7th Jan 2024,E8,Eternal Fall,e8,07-01-2024,Solo,worked,2024-07-01,2024.0,8a+
James Taylor,7th Jan 2024,E8,Eternal Fall,e8,07-01-2024,Solo,worked,2024-07-01,2024.0,8a+
Joe Gardner,Apr 2024,7B+,Eternal Fall,e8,19-04-2024,Boulder,worked,2024-04-19,2024.0,8a+
Mark Pretty,1993,,Eugenics,8b+,19-11-1993,Lead,worked,1993-11-19,1993.0,8b+
Ben Moon,2020,,Eugenics,8b+,19-11-2020,Lead,worked,2020-11-19,2020.0,8b+
Pete Dawson,14th Nov 2020,,Eugenics,8b+,14-11-2020,Lead,worked,2020-11-14,2020.0,8b+
Felix Wilkins,16th Nov 2024,,Eugenics,8b+,16-11-2024,Lead,worked,2024-11-16,2024.0,8b+
Neil Gresham,14th Aug 2010,,Excalibur,8a,14-08-2010,Deep Water Solo,worked,2010-08-14,2010.0,8a
Bob Hickish,2016,,Excalibur,8a,19-11-2016,Deep Water Solo,ground up,2016-11-19,2016.0,8a
Cailean Harker,29th May 2016,,Excalibur,8a,29-05-2016,Deep Water Solo,flash,2016-05-29,2016.0,8a
Theo Elmer,4th Jun 2016,,Excalibur,8a,04-06-2016,Deep Water Solo,ground up,2016-04-06,2016.0,8a
Giuliano Cameroni,2024,8C (hard),Eye In The Sky,8c,19-11-2024,Boulder,worked,2024-11-19,2024.0,8c
Sean Bailey,Mar 2024,,Eye In The Sky,8c,19-03-2024,Boulder,worked,2024-03-19,2024.0,8c
Dave Graham,8th May 2024,,Eye In The Sky,8c,08-05-2024,Boulder,worked,2024-08-05,2024.0,8c
Jimmy Webb,,,Eye In The Sky,8c,,Boulder,worked,,,8c
Mike Adams,,,Feed The Need,8a+,,Boulder,worked,,,8a+
Dawid Skoczylas,18th Jun 2011,,Feed The Need,8a+,18-06-2011,Boulder,worked,2011-06-18,2011.0,8a+
James Noble,31st Mar 2013,,Feed The Need,8a+,31-03-2013,Boulder,worked,2013-03-31,2013.0,8a+
Sam Lawson,21st Mar 2021,,Feed The Need,8a+,21-03-2021,Boulder,worked,2021-03-21,2021.0,8a+
Jorg Verhoeven,Mar 2013,,Flash Flood,8b,19-03-2013,Boulder,worked,2013-03-19,2013.0,8b
Eliot Stephens,12th Nov 2019,,Flash Flood,8b,12-11-2019,Boulder,worked,2019-12-11,2019.0,8b
Will Bosi,8th Dec 2022,,Flash Flood,8b,08-12-2022,Boulder,flash,2022-08-12,2022.0,8b
Leo Skinner,4th Mar 2024,,Flash Flood,8b,04-03-2024,Boulder,worked,2024-04-03,2024.0,8b
Ryuichi Murai,10th Dec 2021,,Floatin,8c+,10-12-2021,Boulder,worked,2021-10-12,2021.0,8c+
Florian Wientjes,17th Oct 2023,,Floatin,8c+,17-10-2023,Boulder,worked,2023-10-17,2023.0,8c+
Ryohei Kameyama,Between 17th Oct 2023 and 1st Nov 2023,,Floatin,8c+,,Boulder,worked,,,8c+
Yuta Imaizumi,12th Nov 2024,,Floatin,8c+,12-11-2024,Boulder,worked,2024-12-11,2024.0,8c+
Andy Lamb,4th Jun 2023,8B+,Fool Me Once,8b+,04-06-2023,Boulder,worked,2023-04-06,2023.0,8b+
Gabe Lawson,23rd Jan 2023,8C+,Fool Me Once,8b+,23-01-2023,Boulder,worked,2023-01-23,2023.0,8b+
Lucas Uchida,23rd Jun 2023,8B+,Fool Me Once,8b+,23-06-2023,Boulder,worked,2023-06-23,2023.0,8b+
Ethan Salvo,8th Sep 2023,,Fool Me Once,8b+,08-09-2023,Boulder,worked,2023-08-09,2023.0,8b+
Ignacio Sánchez González,Nov 2019,,Fotofobia Sds,8b+,19-11-2019,Boulder,worked,2019-11-19,2019.0,8b+
Jesús Muñoz,17th Feb 2020,,Fotofobia Sds,8b+,17-02-2020,Boulder,worked,2020-02-17,2020.0,8b+
Hamish Potokar,24th Apr 2021,,Fotofobia Sds,8b+,24-04-2021,Boulder,worked,2021-04-24,2021.0,8b+
Shauna Coxsey,28th Feb 2024,,Fotofobia Sds,8b+,28-02-2024,Boulder,worked,2024-02-28,2024.0,8b+
Angela Eiter,Aug 2014,,Fragile Steps,8a+,19-08-2014,Boulder,worked,2014-08-19,2014.0,8a+
Katrin Lehmann,2015,,Fragile Steps,8a+,19-11-2015,Boulder,worked,2015-11-19,2015.0,8a+
Katharina Saurwein,20th Aug 2015,,Fragile Steps,8a+,20-08-2015,Boulder,worked,2015-08-20,2015.0,8a+
Pete Wilkinson,13th Jun 2017,,Fragile Steps,8a+,13-06-2017,Boulder,worked,2017-06-13,2017.0,8a+
James Litz,28th Sep 2003,,Freaks Of The Industry,8b,28-09-2003,Boulder,worked,2003-09-28,2003.0,8b
Natalia Grossman,27th Jul 2020,,Freaks Of The Industry,8b,27-07-2020,Boulder,worked,2020-07-27,2020.0,8b
Kelly Birch,Sep 2023,,Freaks Of The Industry,8b,19-09-2023,Boulder,worked,2023-09-19,2023.0,8b
Isabelle Faus,2024,,Freaks Of The Industry,8b,19-11-2024,Boulder,worked,2024-11-19,2024.0,8b
Shinichiro Nomura,20th Mar 2022,8B+,Gakidō,8b+,20-03-2022,Boulder,worked,2022-03-20,2022.0,8b+
Ryuichi Murai,2nd Nov 2022,8C,Gakidō,8b+,02-11-2022,Boulder,worked,2022-02-11,2022.0,8b+
Tomoa Narasaki,Dec 2023,8B+,Gakidō,8b+,19-12-2023,Boulder,flash,2023-12-19,2023.0,8b+
Yuta Imaizumi,20th Dec 2023,8B/8B+,Gakidō,8b+,20-12-2023,Boulder,worked,2023-12-20,2023.0,8b+
Chris Savage,Oct 2007,,Galacticus,8b,19-10-2007,Lead,worked,2007-10-19,2007.0,8b
Ben West,28th Jun 2011,,Galacticus,8b,28-06-2011,Lead,worked,2011-06-28,2011.0,8b
Ian Cooper,3rd May 2018,,Galacticus,8b,03-05-2018,Lead,worked,2018-03-05,2018.0,8b
Jamie Rankin,27th Jun 2023,,Galacticus,8b,27-06-2023,Lead,worked,2023-06-27,2023.0,8b
Nick Dixon,1987,,Gathering Sun,e7,19-11-1987,Lead,worked,1987-11-19,1987.0,7c+
Naomi Buys,May 2014,,Gathering Sun,e7,19-05-2014,Lead,worked,2014-05-19,2014.0,7c+
Katie Keeley,17th Sep 2022,,Gathering Sun,e7,17-09-2022,Lead,worked,2022-09-17,2022.0,7c+
Dave Musgrove Jr,25th Apr 2024,,Gathering Sun,e7,25-04-2024,Lead,flash,2024-04-25,2024.0,7c+
Tony Mitchell,1991,,G.b.h.,8a+,19-11-1991,Lead,worked,1991-11-19,1991.0,8a+
Simon Lee,2003,,G.b.h.,8a+,19-11-2003,Lead,worked,2003-11-19,2003.0,8a+
Anna Wild,4th Oct 2020,,G.b.h.,8a+,04-10-2020,Lead,worked,2020-04-10,2020.0,8a+
Anna Gilyeat,,,G.b.h.,8a+,,Lead,worked,,,8a+
Tony Yaniro,1979,,Grand Illusion,e8,19-11-1979,Lead,worked,1979-11-19,1979.0,8a+
Wolfgang Güllich,1982,,Grand Illusion,e8,19-11-1982,Lead,worked,1982-11-19,1982.0,8a+
Alan Watts,1985,,Grand Illusion,e8,19-11-1985,Lead,worked,1985-11-19,1985.0,8a+
Beth Rodden,Between 1st Sep 2001 and 1st Apr 2002,,Grand Illusion,e8,,Lead,worked,,,8a+
Alex Puccio,21st Apr 2018,,Green In The Face,8b,21-04-2018,Boulder,worked,2018-04-21,2018.0,8b
Ryan Sewell,5th May 2019,,Green In The Face,8b,05-05-2019,Boulder,flash,2019-05-05,2019.0,8b
Allison Vest,11th May 2023,,Green In The Face,8b,11-05-2023,Boulder,worked,2023-11-05,2023.0,8b
Melina Costanza,23rd Oct 2024,,Green In The Face,8b,23-10-2024,Boulder,worked,2024-10-23,2024.0,8b
Giuliano Cameroni,28th Jun 2021,8C/8C+,Hazel Grace,8c,28-06-2021,Boulder,worked,2021-06-28,2021.0,8c
Florian Wientjes,2nd Sep 2021,8C/8C+,Hazel Grace,8c,02-09-2021,Boulder,worked,2021-02-09,2021.0,8c
Dave Graham,16th Oct 2023,8C/8C+,Hazel Grace,8c,16-10-2023,Boulder,worked,2023-10-16,2023.0,8c
Sam Weir,10th Sep 2024,8C/8C+,Hazel Grace,8c,10-09-2024,Boulder,worked,2024-10-09,2024.0,8c
Griffin Whiteside,,,Hello Kitty Sds,8b+,,Boulder,worked,,,8b+
Sam Stewart,,,Hello Kitty Sds,8b+,,Boulder,worked,,,8b+
Paul Robinson,,,Hello Kitty Sds,8b+,,Boulder,worked,,,8b+
Tanner Bauer,,,Hello Kitty Sds,8b+,,Boulder,worked,,,8b+
Ben Tetler,Aug 2004,,Highball That You Bastards!,e7,19-08-2004,Solo,worked,2004-08-19,2004.0,7c+
Nathan Lee,22nd Jul 2012,,Highball That You Bastards!,e7,22-07-2012,Lead,worked,2012-07-22,2012.0,7c+
Ed Hamer,11th Jul 2014,,Highball That You Bastards!,e7,11-07-2014,Solo,worked,2014-11-07,2014.0,7c+
Jim Pope,28th May 2024,,Highball That You Bastards!,e7,28-05-2024,Solo,worked,2024-05-28,2024.0,7c+
Giuliano Cameroni,4th Aug 2016,,Hipster Whale,8b,04-08-2016,Boulder,worked,2016-04-08,2016.0,8b
Vadim Timonov,5th Jul 2019,,Hipster Whale,8b,05-07-2019,Boulder,flash,2019-05-07,2019.0,8b
Piotr Oleszczuk,15th Jul 2024,,Hipster Whale,8b,15-07-2024,Boulder,flash,2024-07-15,2024.0,8b
Diego Cameroni,21st Aug 2024,,Hipster Whale,8b,21-08-2024,Boulder,flash,2024-08-21,2024.0,8b
Julian Lines,Jun 2013,,"Hold Fast, Hold True",e10,19-06-2013,Solo,worked,2013-06-19,2013.0,8b+
Iain Small,May 2021,,"Hold Fast, Hold True",e10,19-05-2021,Solo,worked,2021-05-19,2021.0,8b+
Franco Cookson,29th Mar 2022,,"Hold Fast, Hold True",e10,29-03-2022,Lead,worked,2022-03-29,2022.0,8b+
Shinichiro Nomura,24th May 2018,8C,Hydrangea,8c,24-05-2018,Boulder,worked,2018-05-24,2018.0,8c
Akira Waku,9th Nov 2019,,Hydrangea,8c,09-11-2019,Boulder,worked,2019-09-11,2019.0,8c
Jun Shibanuma,2022,8C,Hydrangea,8c,19-11-2022,Boulder,worked,2022-11-19,2022.0,8c
Takuya Nakajima,10th Aug 2022,,Hydrangea,8c,10-08-2022,Boulder,worked,2022-10-08,2022.0,8c
Dai Koyamada,22nd Apr 2005,,Hydrangea (pre 2016 Break),8c,22-04-2005,Boulder,worked,2005-04-22,2005.0,8c
Daniel Woods,14th Feb 2013,,Hydrangea (pre 2016 Break),8c,14-02-2013,Boulder,worked,2013-02-14,2013.0,8c
Motofumi Nagao,Before 1st Jan 2014,,Hydrangea (pre 2016 Break),8c,,Boulder,worked,,,8c
Sachi Amma,13th May 2014,,Hydrangea (pre 2016 Break),8c,13-05-2014,Boulder,worked,2014-05-13,2014.0,8c
Peter Herd,28th Apr 2021,,Hyperborea,e7,28-04-2021,Lead,worked,2021-04-28,2021.0,7c+
Dave MacLeod,12th Nov 2021,,Hyperborea,e7,12-11-2021,Lead,worked,2021-12-11,2021.0,7c+
Robbie Phillips,27th Dec 2021,,Hyperborea,e7,27-12-2021,Boulder,worked,2021-12-27,2021.0,7c+
Liam Halsey,May 2024,,Hyperborea,e7,19-05-2024,Boulder,ground up,2024-05-19,2024.0,7c+
Daniel Woods,21st Oct 2010,,Hypnotized Minds,8c+,21-10-2010,Boulder,worked,2010-10-21,2010.0,8c+
Rustam Gelmanov,18th Jun 2016,,Hypnotized Minds,8c+,18-06-2016,Boulder,worked,2016-06-18,2016.0,8c+
Dave Graham,Oct 2019,,Hypnotized Minds,8c+,19-10-2019,Boulder,worked,2019-10-19,2019.0,8c+
Matt Fultz,28th Sep 2020,,Hypnotized Minds,8c+,28-09-2020,Boulder,worked,2020-09-28,2020.0,8c+
Matt Fultz,4th Feb 2023,,Hypothetical,8b+,04-02-2023,Boulder,worked,2023-04-02,2023.0,8b+
Mike McClure,7th Apr 2023,,Hypothetical,8b+,07-04-2023,Boulder,worked,2023-07-04,2023.0,8b+
Conrad Piper-Ruth,10th Feb 2024,,Hypothetical,8b+,10-02-2024,Boulder,worked,2024-10-02,2024.0,8b+
Taylor Kiley,,,Hypothetical,8b+,,Boulder,worked,,,8b+
Martin Stráník,1st Jan 2020,,Iceberg,8c,01-01-2020,Boulder,worked,2020-01-01,2020.0,8c
Adam Ondra,23rd Apr 2020,,Iceberg,8c,23-04-2020,Boulder,worked,2020-04-23,2020.0,8c
Will Bosi,12th Apr 2022,,Iceberg,8c,12-04-2022,Boulder,worked,2022-12-04,2022.0,8c
Jakub Konečný,Aug 2024,,Iceberg,8c,19-08-2024,Boulder,worked,2024-08-19,2024.0,8c
Dave MacLeod,Aug 2001,,Impulse,e8,19-08-2001,Lead,worked,2001-08-19,2001.0,8a+
Tom de Gay,Aug 2001,,Impulse,e8,19-08-2001,Lead,worked,2001-08-19,2001.0,8a+
Robbie Phillips,2022,,Impulse,e8,19-11-2022,Lead,worked,2022-11-19,2022.0,8a+
Mathew Wright,11th May 2023,,Impulse,e8,11-05-2023,Lead,worked,2023-11-05,2023.0,8a+
Adam Ondra,21st Jul 2010,8A+ (soft),Incubator,8a+,21-07-2010,Boulder,flash,2010-07-21,2010.0,8a+
Alex Khazanov,21st Sep 2018,8A+,Incubator,8a+,21-09-2018,Boulder,flash,2018-09-21,2018.0,8a+
Simon Boes,14th May 2024,8A+/8B,Incubator,8a+,14-05-2024,Boulder,flash,2024-05-14,2024.0,8a+
Staša Gejo,6th Jul 2024,,Incubator,8a+,06-07-2024,Boulder,worked,2024-06-07,2024.0,8a+
Ron Fawcett,1982,,Indecent Exposure,7c,19-11-1982,Lead,worked,1982-11-19,1982.0,7c
Jerry Moffatt,1982,,Indecent Exposure,7c,19-11-1982,Lead,worked,1982-11-19,1982.0,7c
Gill Fawcett,1982,,Indecent Exposure,7c,19-11-1982,Lead,worked,1982-11-19,1982.0,7c
Phil Davidson,,,Indecent Exposure,7c,,Lead,onsight,,,7c
James Squire,21st Oct 2019,,Infamous,8b,21-10-2019,Boulder,worked,2019-10-21,2019.0,8b
Solly Kemball-Dorey,10th Dec 2023,,Infamous,8b,10-12-2023,Boulder,worked,2023-10-12,2023.0,8b
James Pearson,14th Jan 2024,,Infamous,8b,14-01-2024,Boulder,worked,2024-01-14,2024.0,8b
Adam Smith,17th Apr 2024,8A+,Infamous,8b,17-04-2024,Boulder,worked,2024-04-17,2024.0,8b
Gary Gibson,4th Jul 1987,,Internationale,e7,04-07-1987,Lead,worked,1987-04-07,1987.0,7c+
Mike Owen,27th Aug 1990,,Internationale,e7,27-08-1990,Lead,onsight,1990-08-27,1990.0,7c+
Ben Bransby,15th May 1999,,Internationale,e7,15-05-1999,Lead,onsight,1999-05-15,1999.0,7c+
Crispin Waddy,2002,,Internationale,e7,19-11-2002,Lead,worked,2002-11-19,2002.0,7c+
Aitor Bárez,27th Dec 2011,,Inuit,8b+,27-12-2011,Lead,worked,2011-12-27,2011.0,8b+
Johnny Dawes,10th Nov 2018,,Inuit,8b+,10-11-2018,Lead,worked,2018-10-11,2018.0,8b+
Roser Giralt,Feb 2023,,Inuit,8b+,19-02-2023,Lead,worked,2023-02-19,2023.0,8b+
James Pearson,,,Inuit,8b+,,Lead,worked,,,8b+
Chris Sharma,,,Iron Resolution,8b,,Boulder,worked,,,8b
Ethan Pringle,5th Jan 2006,,Iron Resolution,8b,05-01-2006,Boulder,worked,2006-05-01,2006.0,8b
Matt Fultz,18th Jan 2020,,Iron Resolution,8b,18-01-2020,Boulder,flash,2020-01-18,2020.0,8b
Will Fraker,23rd Feb 2024,8A+,Iron Resolution,8b,23-02-2024,Boulder,flash,2024-02-23,2024.0,8b
Mauro Calibani,2002,,Is Not Always Pasqua,e9,19-11-2002,Lead,worked,2002-11-19,2002.0,8b
Cristian Brenna,20th Nov 2003,,Is Not Always Pasqua,e9,20-11-2003,Lead,worked,2003-11-20,2003.0,8b
James Pearson,Dec 2013,,Is Not Always Pasqua,e9,19-12-2013,Lead,ground up,2013-12-19,2013.0,8b
Michele Caminati,Apr 2022,,Is Not Always Pasqua,e9,19-04-2022,Lead,worked,2022-04-19,2022.0,8b
Vasya Vorotnikov,14th Oct 2007,,Jaws Ii,9a+,14-10-2007,Lead,worked,2007-10-14,2007.0,9a+
Daniel Woods,4th Oct 2010,9a+ (soft),Jaws Ii,9a+,04-10-2010,Lead,worked,2010-04-10,2010.0,9a+
Paul Robinson,30th Oct 2013,,Jaws Ii,9a+,30-10-2013,Lead,worked,2013-10-30,2013.0,9a+
Tristan Chen,31st Aug 2018,,Jaws Ii,9a+,31-08-2018,Lead,worked,2018-08-31,2018.0,9a+
Tom Newman,Aug 2018,,Jean Claude Van Lamb,8b,19-08-2018,Boulder,worked,2018-08-19,2018.0,8b
Stuart Littlefair,27th Jun 2019,,Jean Claude Van Lamb,8b,27-06-2019,Boulder,worked,2019-06-27,2019.0,8b
James Garden,,,Jean Claude Van Lamb,8b,,Boulder,worked,,,8b
Dave Mason,,,Jean Claude Van Lamb,8b,,Boulder,worked,,,8b
John Welford,22nd May 1993,,Jehovakill,8b+,22-05-1993,Lead,worked,1993-05-22,1993.0,8b+
Steve McClure,30th Oct 1996,,Jehovakill,8b+,30-10-1996,Lead,worked,1996-10-30,1996.0,8b+
Rupert Davies,Feb 2002,,Jehovakill,8b+,19-02-2002,Lead,worked,2002-02-19,2002.0,8b+
Pete Dawson,15th Oct 2020,,Jehovakill,8b+,15-10-2020,Lead,worked,2020-10-15,2020.0,8b+
Adam Ondra,20th Apr 2012,,Joe Cita,9a,20-04-2012,Lead,worked,2012-04-20,2012.0,9a
Laura Rogora,27th Feb 2017,,Joe Cita,9a,27-02-2017,Lead,worked,2017-02-27,2017.0,9a
Martina Demmel,7th Apr 2021,,Joe Cita,9a,07-04-2021,Lead,worked,2021-07-04,2021.0,9a
Anak Verhoeven,21st Dec 2021,,Joe Cita,9a,21-12-2021,Lead,worked,2021-12-21,2021.0,9a
Chris Sharma,11th Sep 2008,,Jumbo Love,9b,11-09-2008,Lead,worked,2008-11-09,2008.0,9b
Ethan Pringle,17th May 2015,,Jumbo Love,9b,17-05-2015,Lead,worked,2015-05-17,2015.0,9b
Jonathan Siegrest,17th May 2018,9b,Jumbo Love,9b,17-05-2018,Lead,worked,2018-05-17,2018.0,9b
Sébastien Bouin,19th Oct 2022,9b,Jumbo Love,9b,19-10-2022,Lead,worked,2022-10-19,2022.0,9b
Simon Wandeler,,,Jungfraumarathon,9a,,Lead,worked,,,9a
Katherine Choong,17th Oct 2019,,Jungfraumarathon,9a,17-10-2019,Lead,worked,2019-10-17,2019.0,9a
Anak Verhoeven,Jul 2022,,Jungfraumarathon,9a,19-07-2022,Lead,worked,2022-07-19,2022.0,9a
Solveig Korherr,17th Jun 2023,,Jungfraumarathon,9a,17-06-2023,Lead,worked,2023-06-17,2023.0,9a
Rupert Davies,13th Jul 2003,,Kali Yuga,8b,13-07-2003,Lead,worked,2003-07-13,2003.0,8b
Steve McClure,Jul 2009,,Kali Yuga,8b,19-07-2009,Lead,onsight,2009-07-19,2009.0,8b
Dave Musgrove Jr,23rd Sep 2016,,Kali Yuga,8b,23-09-2016,Lead,worked,2016-09-23,2016.0,8b
Rhoslyn Frugtniet,10th Sep 2024,,Kali Yuga,8b,10-09-2024,Lead,worked,2024-10-09,2024.0,8b
Adam Ondra,21st Sep 2013,,Kangaroos Limb,9a+,21-09-2013,Lead,worked,2013-09-21,2013.0,9a+
Jakob Schubert,Between 21st Sep 2013 and 25th Aug 2023,,Kangaroos Limb,9a+,,Lead,worked,,,9a+
Stefano Ghisolfi,25th Aug 2023,,Kangaroos Limb,9a+,25-08-2023,Lead,worked,2023-08-25,2023.0,9a+
Shawn Raboutou,2024,,Kangaroos Limb,9a+,19-11-2024,Lead,worked,2024-11-19,2024.0,9a+
Jimmy Webb,22nd Jun 2014,,Khoikhoi,8c,22-06-2014,Boulder,worked,2014-06-22,2014.0,8c
Nalle Hukkataival,2017,,Khoikhoi,8c,19-11-2017,Boulder,worked,2017-11-19,2017.0,8c
Shawn Raboutou,2017,,Khoikhoi,8c,19-11-2017,Boulder,worked,2017-11-19,2017.0,8c
Nicholas Allan,21st Jul 2024,,Khoikhoi,8c,21-07-2024,Boulder,worked,2024-07-21,2024.0,8c
Klemen Novak,5th Aug 2018,,Kingslayer,8c,05-08-2018,Lead,worked,2018-05-08,2018.0,8c
Vita Lukan,22nd Sep 2020,,Kingslayer,8c,22-09-2020,Lead,worked,2020-09-22,2020.0,8c
Rajko Zajc,12th Oct 2022,,Kingslayer,8c,12-10-2022,Lead,worked,2022-12-10,2022.0,8c
Adam Ondra,1st Oct 2023,,Kingslayer,8c,01-10-2023,Lead,onsight,2023-01-10,2023.0,8c
Dave Graham,11th Nov 2005,8B+,Kings Of Sonlerto,8a+,11-11-2005,Boulder,worked,2005-11-11,2005.0,8a+
Jimmy Webb,29th Mar 2013,8B,Kings Of Sonlerto,8a+,29-03-2013,Boulder,flash,2013-03-29,2013.0,8a+
Nathan Phillips,2nd Dec 2021,,Kings Of Sonlerto,8a+,02-12-2021,Boulder,worked,2021-02-12,2021.0,8a+
Orrin Coley,2nd Dec 2021,,Kings Of Sonlerto,8a+,02-12-2021,Boulder,flash,2021-02-12,2021.0,8a+
Ned Feehally,4th Feb 2018,,Kobe,8a,04-02-2018,Boulder,worked,2018-04-02,2018.0,8a
Nathan Phillips,4th Apr 2023,,Kobe,8a,04-04-2023,Boulder,flash,2023-04-04,2023.0,8a
Michaela Tracy,11th Apr 2024,,Kobe,8a,11-04-2024,Boulder,worked,2024-11-04,2024.0,8a
Tara Hayes,11th Apr 2024,,Kobe,8a,11-04-2024,Boulder,worked,2024-11-04,2024.0,8a
Jimmy Webb,7th Nov 2014,,Komodo,8b+,07-11-2014,Boulder,worked,2014-07-11,2014.0,8b+
Dave Graham,9th Nov 2014,,Komodo,8b+,09-11-2014,Boulder,worked,2014-09-11,2014.0,8b+
Daniel Woods,11th Nov 2014,,Komodo,8b+,11-11-2014,Boulder,worked,2014-11-11,2014.0,8b+
Paul Robinson,21st Nov 2014,,Komodo,8b+,21-11-2014,Boulder,worked,2014-11-21,2014.0,8b+
Adam Ondra,24th Jun 2017,8C,Kráter,8c,24-06-2017,Boulder,worked,2017-06-24,2017.0,8c
Martin Stráník,12th Jan 2023,8C/8C+,Kráter,8c,12-01-2023,Boulder,worked,2023-12-01,2023.0,8c
Adam Ondra,2024,8C/8C+,Kráter,8c,19-11-2024,Boulder,repeat,2024-11-19,2024.0,8c
Will Bosi,Nov 2024,8C/8C+,Kráter,8c,19-11-2024,Boulder,worked,2024-11-19,2024.0,8c
Dani Andrada,,,La Fabela,8c+,,Lead,worked,,,8c+
Ashima Shiraishi,Mar 2014,,La Fabela,8c+,19-03-2014,Lead,worked,2014-03-19,2014.0,8c+
Alex Barrows,21st Feb 2023,,La Fabela,8c+,21-02-2023,Lead,worked,2023-02-21,2023.0,8c+
Billy Ridal,30th Oct 2024,,La Fabela,8c+,30-10-2024,Lead,worked,2024-10-30,2024.0,8c+
Nicolas Potard,Oct 2013,,La Fiesta De Los Metallos,8b,19-10-2013,Lead,worked,2013-10-19,2013.0,8b
Steve McClure,2018,,La Fiesta De Los Metallos,8b,19-11-2018,Alternate Leads,worked,2018-11-19,2018.0,8b
Neil Mawson,2018,,La Fiesta De Los Metallos,8b,19-11-2018,Alternate Leads,worked,2018-11-19,2018.0,8b
Katherine Choong,Jun 2024,,La Fiesta De Los Metallos,8b,19-06-2024,Lead,worked,2024-06-19,2024.0,8b
Alban Levier,14th Jan 2016,,La Force,9a,14-01-2016,Boulder,worked,2016-01-14,2016.0,9a
Camille Coudert,7th May 2019,,La Force,9a,07-05-2019,Boulder,worked,2019-07-05,2019.0,9a
Killian Charbier,6th Apr 2021,,La Force,9a,06-04-2021,Boulder,worked,2021-06-04,2021.0,9a
Ludo Delmotte,4th Oct 2024,,La Force,9a,04-10-2024,Boulder,worked,2024-04-10,2024.0,9a
James Pearson,2020,,La Ligne Claire,8c+,19-11-2020,Lead,worked,2020-11-19,2020.0,8c+
Manon Hily,13th Mar 2022,,La Ligne Claire,8c+,13-03-2022,Lead,worked,2022-03-13,2022.0,8c+
Eva Hammelmüller,Jan 2023,,La Ligne Claire,8c+,19-01-2023,Lead,worked,2023-01-19,2023.0,8c+
Luke Dawson,20th Apr 2023,,La Ligne Claire,8c+,20-04-2023,Lead,worked,2023-04-20,2023.0,8c+
Jorge Díaz-Rullo,27th Feb 2022,8b+/8c,La Pequeña Mowgli,8c,27-02-2022,Solo,worked,2022-02-27,2022.0,8c
Alex Norton,18th Mar 2023,,La Pequeña Mowgli,8c,18-03-2023,Lead,worked,2023-03-18,2023.0,8c
Lewis Roy,4th Oct 2024,,La Pequeña Mowgli,8c,04-10-2024,Lead,worked,2024-04-10,2024.0,8c
Rhys Langlands,10th Oct 2024,,La Pequeña Mowgli,8c,10-10-2024,Lead,worked,2024-10-10,2024.0,8c
Antoine Le Menestrel,1986,,La Rage De Vivre,8b+,19-11-1986,Lead,worked,1986-11-19,1986.0,8b+
Jerry Moffatt,1987,,La Rage De Vivre,8b+,19-11-1987,Lead,worked,1987-11-19,1987.0,8b+
Ben Moon,Apr 1988,,La Rage De Vivre,8b+,19-04-1988,Lead,worked,1988-04-19,1988.0,8b+
Jean-Baptiste Tribout,Before 1st Jan 1991,,La Rage De Vivre,8b+,,Lead,worked,,,8b+
Ramón Julián Puigblanque,,,La Reina Mora,9a,,Lead,worked,,,9a
Alizée Dufraisse,Between 28th Jan 2012 and 28th Jan 2013,,La Reina Mora,9a,,Lead,worked,,,9a
Chris Sharma,Dec 2022,,La Reina Mora,9a,19-12-2022,Lead,worked,2022-12-19,2022.0,9a
Sébastien Berthe,Jan 2023,,La Reina Mora,9a,19-01-2023,Lead,worked,2023-01-19,2023.0,9a
Adam Ondra,13th Apr 2011,,La Rubia,8c+,13-04-2011,Lead,onsight,2011-04-13,2011.0,8c+
Muriel Sarkany,25th Nov 2016,,La Rubia,8c+,25-11-2016,Lead,worked,2016-11-25,2016.0,8c+
Andrine Skilbrei,18th Feb 2023,,La Rubia,8c+,18-02-2023,Lead,worked,2023-02-18,2023.0,8c+
Bronwyn Hodgins,28th Feb 2024,,La Rubia,8c+,28-02-2024,Lead,worked,2024-02-28,2024.0,8c+
James Noble,30th Jul 2023,,Last Wave Goodbye,8b+,30-07-2023,Boulder,worked,2023-07-30,2023.0,8b+
Aidan Roberts,Between 1st Aug 2023 and 12th Sep 2023,,Last Wave Goodbye,8b+,,Boulder,worked,,,8b+
Nathan Phillips,16th Sep 2023,,Last Wave Goodbye,8b+,16-09-2023,Boulder,worked,2023-09-16,2023.0,8b+
Will Bosi,Jul 2024,,Last Wave Goodbye,8b+,19-07-2024,Boulder,worked,2024-07-19,2024.0,8b+
Sébastien Frigault,,,Le Dernier Fléau,8c,,Boulder,worked,,,8c
Shawn Diamond,23rd May 2007,,Le Dernier Fléau,8c,23-05-2007,Boulder,worked,2007-05-23,2007.0,8c
Nico Januel,19th Mar 2020,,Le Dernier Fléau,8c,19-03-2020,Boulder,worked,2020-03-19,2020.0,8c
Camille Coudert,28th Feb 2024,,Le Dernier Fléau,8c,28-02-2024,Boulder,worked,2024-02-28,2024.0,8c
Giuliano Cameroni,11th Sep 2019,,Legacy,9a,11-09-2019,Lead,worked,2019-11-09,2019.0,9a
Fred Nicole,13th Sep 2019,,Legacy,9a,13-09-2019,Lead,worked,2019-09-13,2019.0,9a
Paul Robinson,27th Jun 2022,,Legacy,9a,27-06-2022,Lead,worked,2022-06-27,2022.0,9a
Paige Classen,22nd Jul 2023,,Legacy,9a,22-07-2023,Lead,worked,2023-07-22,2023.0,9a
Marc le Menestrel,1986,,Le Minimum,8c,19-11-1986,Lead,worked,1986-11-19,1986.0,8c
Jerry Moffatt,1987,,Le Minimum,8c,19-11-1987,Lead,worked,1987-11-19,1987.0,8c
Ben Moon,Apr 1988,,Le Minimum,8c,19-04-1988,Lead,worked,1988-04-19,1988.0,8c
Patrick Edlinger,1989,,Le Minimum,8c,19-11-1989,Lead,worked,1989-11-19,1989.0,8c
Marc le Menestrel,1984,,Les Mains Sales,8b,19-11-1984,Lead,worked,1984-11-19,1984.0,8b
Malcolm Taylor,Before 1st Jan 1991,,Les Mains Sales,8b,,Lead,worked,,,8b
Jerry Moffatt,Before 1st Jan 1991,,Les Mains Sales,8b,,Lead,worked,,,8b
Jean-Baptiste Tribout,Before 1st Jan 1991,,Les Mains Sales,8b,,Lead,worked,,,8b
Antoine Le Menestrel,1987,,Le Spectre Du Sur Mutant,8b+,19-11-1987,Lead,worked,1987-11-19,1987.0,8b+
Jerry Moffatt,1988,,Le Spectre Du Sur Mutant,8b+,19-11-1988,Lead,worked,1988-11-19,1988.0,8b+
Ben Moon,Apr 1988,,Le Spectre Du Sur Mutant,8b+,19-04-1988,Lead,worked,1988-04-19,1988.0,8b+
Jason Myers,Before 1st Jan 1991,,Le Spectre Du Sur Mutant,8b+,,Lead,worked,,,8b+
Dave MacLeod,15th Mar 2010,,Lespiadimonis,8c,15-03-2010,Lead,worked,2010-03-15,2010.0,8c
Stuart Littlefair,9th Jan 2020,,Lespiadimonis,8c,09-01-2020,Lead,worked,2020-09-01,2020.0,8c
Chris Smith,30th Mar 2021,,Lespiadimonis,8c,30-03-2021,Lead,worked,2021-03-30,2021.0,8c
Alex Norton,14th Jan 2022,,Lespiadimonis,8c,14-01-2022,Lead,worked,2022-01-14,2022.0,8c
Pat Littlejohn,25th May 1970,,Liberator,e5,25-05-1970,Alternate Leads,worked,1970-05-25,1970.0,7a+
Frank Cannings,25th May 1970,,Liberator,e5,25-05-1970,Alternate Leads,worked,1970-05-25,1970.0,7a+
Henry Barber,,,Liberator,e5,,Alternate Leads,worked,,,7a+
Pete Livesey,,,Liberator,e5,,Alternate Leads,worked,,,7a+
Ed Drummond,1973,,Linden,e6,19-11-1973,Alternate Leads,,1973-11-19,1973.0,7b+
Mick Fowler,1976,,Linden,e6,19-11-1976,Lead,worked,1976-11-19,1976.0,7b+
Phil Davidson,1982,,Linden,e6,19-11-1982,Solo,onsight,1982-11-19,1982.0,7b+
Jerry Moffatt,1983,,Linden,e6,19-11-1983,Solo,onsight,1983-11-19,1983.0,7b+
Nalle Hukkataival,5th Aug 2009,8C,Livin Large,8c,05-08-2009,Boulder,worked,2009-05-08,2009.0,8c
Jimmy Webb,6th Jul 2015,8C,Livin Large,8c,06-07-2015,Boulder,worked,2015-06-07,2015.0,8c
Shawn Raboutou,Oct 2019,8C+,Livin Large,8c,19-10-2019,Boulder,worked,2019-10-19,2019.0,8c
Ryuichi Murai,22nd Jul 2023,8C+ (soft),Livin Large,8c,22-07-2023,Boulder,worked,2023-07-22,2023.0,8c
Klem Loskot,Oct 2001,,Loskot And Two Smoking Barrels,8a+,19-10-2001,Deep Water Solo,worked,2001-10-19,2001.0,8a+
Mike Goldthorp,20th Sep 2015,,Loskot And Two Smoking Barrels,8a+,20-09-2015,Deep Water Solo,worked,2015-09-20,2015.0,8a+
Francesco Salata,Nov 2020,,Loskot And Two Smoking Barrels,8a+,19-11-2020,Deep Water Solo,worked,2020-11-19,2020.0,8a+
Ryan Pasquill,,,Loskot And Two Smoking Barrels,8a+,,Deep Water Solo,flash,,,8a+
Seb Grieve,1996,,Love Amongst The Butterflies,8b,19-11-1996,Lead,worked,1996-11-19,1996.0,8b
Michaela Tracy,Aug 2015,,Love Amongst The Butterflies,8b,19-08-2015,Lead,worked,2015-08-19,2015.0,8b
Hazel Dearlove,31st Jul 2020,,Love Amongst The Butterflies,8b,31-07-2020,Lead,worked,2020-07-31,2020.0,8b
Jennifer Wood,6th Jul 2024,,Love Amongst The Butterflies,8b,06-07-2024,Lead,worked,2024-06-07,2024.0,8b
Jean-Baptiste Tribout,1992,,Macumba Club,8c,19-11-1992,Lead,worked,1992-11-19,1992.0,8c
Nic Sellars,May 1993,,Macumba Club,8c,19-05-1993,Lead,worked,1993-05-19,1993.0,8c
Ben Moon,1995,,Macumba Club,8c,19-11-1995,Lead,worked,1995-11-19,1995.0,8c
Caroline Ciavaldini,Sep 2015,,Macumba Club,8c,19-09-2015,Lead,worked,2015-09-19,2015.0,8c
Justin Sjong,2012,,Magic Mushroom,e10,19-11-2012,Lead,worked,2012-11-19,2012.0,8b+
Tommy Caldwell,2012,,Magic Mushroom,e10,19-11-2012,Lead,worked,2012-11-19,2012.0,8b+
Barbara Zangerl,Dec 2017,,Magic Mushroom,e10,19-12-2017,Lead,worked,2017-12-19,2017.0,8b+
Jacopo Larcher,Dec 2017,,Magic Mushroom,e10,19-12-2017,Lead,worked,2017-12-19,2017.0,8b+
Al Manson,29th Jun 1984,,Marrow Bone Jelly,e7,29-06-1984,Lead,,1984-06-29,1984.0,7c+
John Dunne,1985,,Marrow Bone Jelly,e7,19-11-1985,Solo,onsight,1985-11-19,1985.0,7c+
Ivan Tresch,2002,,Marrow Bone Jelly,e7,19-11-2002,Solo,onsight,2002-11-19,2002.0,7c+
Neil Kershaw,2010,,Marrow Bone Jelly,e7,19-11-2010,Solo,onsight,2010-11-19,2010.0,7c+
Aidan Roberts,1st Aug 2018,,Master Key,8b,01-08-2018,Boulder,flash,2018-01-08,2018.0,8b
Allison Vest,27th Jul 2023,,Master Key,8b,27-07-2023,Boulder,worked,2023-07-27,2023.0,8b
Orrin Coley,31st Jul 2023,,Master Key,8b,31-07-2023,Boulder,worked,2023-07-31,2023.0,8b
Michaela Kiersch,Jul 2024,,Master Key,8b,19-07-2024,Boulder,worked,2024-07-19,2024.0,8b
Patrick Kingsbury,,,Mechanical Bull,e9,,Lead,worked,,,8b
Mary Eden,,,Mechanical Bull,e9,,Lead,worked,,,8b
Tom Randall,,,Mechanical Bull,e9,,Lead,worked,,,8b
Lor Sabourin,,,Mechanical Bull,e9,,Lead,worked,,,8b
Ramón Julián Puigblanque,26th Jul 2013,9a,Mejorando Imagen,9a+,26-07-2013,Lead,worked,2013-07-26,2013.0,9a+
Alex Megos,Apr 2021,9b,Mejorando Imagen,9a+,19-04-2021,Lead,worked,2021-04-19,2021.0,9a+
Jorge Díaz-Rullo,14th May 2021,9a+/9b,Mejorando Imagen,9a+,14-05-2021,Lead,worked,2021-05-14,2021.0,9a+
Dani Moreno,18th Oct 2023,9a+,Mejorando Imagen,9a+,18-10-2023,Lead,worked,2023-10-18,2023.0,9a+
Bernd Zangerl,5th Aug 2005,,Memento,8b+,05-08-2005,Boulder,worked,2005-05-08,2005.0,8b+
Stewart Watson,2009,,Memento,8b+,19-11-2009,Boulder,worked,2009-11-19,2009.0,8b+
Toby Saxton,23rd Jun 2016,,Memento,8b+,23-06-2016,Boulder,worked,2016-06-23,2016.0,8b+
Tom Peckitt,2022,,Memento,8b+,19-11-2022,Boulder,worked,2022-11-19,2022.0,8b+
Bernabé Fernández,1994,,Mojave,8c+,19-11-1994,Lead,worked,1994-11-19,1994.0,8c+
Eduard Marin,25th Apr 2003,,Mojave,8c+,25-04-2003,Lead,worked,2003-04-25,2003.0,8c+
Ramón Julián Puigblanque,25th Apr 2003,,Mojave,8c+,25-04-2003,Lead,worked,2003-04-25,2003.0,8c+
Ana Belén Argudo Marugan,Jul 2024,,Mojave,8c+,19-07-2024,Lead,worked,2024-07-19,2024.0,8c+
Sean Myles,1989,,Monumental Armblaster,8a+,19-11-1989,Lead,worked,1989-11-19,1989.0,8a+
Simon Nadin,1989,,Monumental Armblaster,8a+,19-11-1989,Lead,worked,1989-11-19,1989.0,8a+
Dougie Hall,Before 1st Jan 1991,,Monumental Armblaster,8a+,,Lead,worked,,,8a+
Ron Fawcett,1987,,Moon Madness,e7,19-11-1987,Lead,worked,1987-11-19,1987.0,7c+
Dave MacLeod,1999,,Moon Madness,e7,19-11-1999,Lead,worked,1999-11-19,1999.0,7c+
Ben Heason,2002,,Moon Madness,e7,19-11-2002,Lead,flash,2002-11-19,2002.0,7c+
Ben Bransby,2002,,Moon Madness,e7,19-11-2002,Lead,flash,2002-11-19,2002.0,7c+
Dawid Skoczylas,1st Sep 2018,,Mortal Immortal,8b+,01-09-2018,Boulder,worked,2018-01-09,2018.0,8b+
Alex Barrows,6th Sep 2018,,Mortal Immortal,8b+,06-09-2018,Boulder,worked,2018-06-09,2018.0,8b+
Dave Mason,18th Sep 2018,,Mortal Immortal,8b+,18-09-2018,Boulder,worked,2018-09-18,2018.0,8b+
Joe Lawson,19th Sep 2022,,Mortal Immortal,8b+,19-09-2022,Boulder,worked,2022-09-19,2022.0,8b+
Adam Ondra,20th Aug 2013,9b/9b+,Move,9b+,20-08-2013,Lead,worked,2013-08-20,2013.0,9b+
Sébastien Bouin,17th Jun 2019,9b+,Move,9b+,17-06-2019,Lead,worked,2019-06-17,2019.0,9b+
Alex Megos,Sep 2024,9b/9b+,Move,9b+,19-09-2024,Lead,worked,2024-09-19,2024.0,9b+
Jorge Díaz-Rullo,18th Sep 2024,9b/9b+,Move,9b+,18-09-2024,Lead,worked,2024-09-18,2024.0,9b+
Ned Feehally,Jul 2018,,Mr. Lambtastic,8b,19-07-2018,Boulder,worked,2018-07-19,2018.0,8b
Ben Bransby,Aug 2020,,Mr. Lambtastic,8b,19-08-2020,Boulder,worked,2020-08-19,2020.0,8b
Andy Hutchinson,11th Aug 2021,,Mr. Lambtastic,8b,11-08-2021,Boulder,worked,2021-11-08,2021.0,8b
Jack Palmieri,26th Sep 2021,,Mr. Lambtastic,8b,26-09-2021,Boulder,worked,2021-09-26,2021.0,8b
Klem Loskot,Oct 1997,,Nanuk,8b+,19-10-1997,Boulder,worked,1997-10-19,1997.0,8b+
Klem Loskot,1999,,Nanuk,8b+,19-11-1999,Boulder,worked,1999-11-19,1999.0,8b+
Martin Schidlowski,30th Nov 2012,,Nanuk,8b+,30-11-2012,Boulder,worked,2012-11-30,2012.0,8b+
Christof Rauch,19th Mar 2019,,Nanuk,8b+,19-03-2019,Boulder,worked,2019-03-19,2019.0,8b+
Chris Sharma,18th Dec 2009,9b,Neanderthal,9b,18-12-2009,Lead,worked,2009-12-18,2009.0,9b
Jakob Schubert,Dec 2018,,Neanderthal,9b,19-12-2018,Lead,worked,2018-12-19,2018.0,9b
Adam Ondra,12th Feb 2019,,Neanderthal,9b,12-02-2019,Lead,worked,2019-12-02,2019.0,9b
Fred Nicole,,,Netsuke,8b,,Boulder,worked,,,8b
Toby Saxton,5th Mar 2018,,Netsuke,8b,05-03-2018,Boulder,worked,2018-05-03,2018.0,8b
Eliot Stephens,21st Nov 2019,,Netsuke,8b,21-11-2019,Boulder,worked,2019-11-21,2019.0,8b
Michiel Nieuwenhuijsen,13th Jul 2024,,Netsuke,8b,13-07-2024,Boulder,worked,2024-07-13,2024.0,8b
Jimmy Webb,18th Aug 2018,,North Ridge,8b+,18-08-2018,Boulder,worked,2018-08-18,2018.0,8b+
Andy Lamb,13th Oct 2022,,North Ridge,8b+,13-10-2022,Boulder,worked,2022-10-13,2022.0,8b+
Manny Quintana,11th Nov 2023,,North Ridge,8b+,11-11-2023,Boulder,worked,2023-11-11,2023.0,8b+
Hamish McArthur,Sep 2024,,North Ridge,8b+,19-09-2024,Boulder,worked,2024-09-19,2024.0,8b+
Martin Crocker,5th Jul 1987,,Nothing To Fear,e8,05-07-1987,Lead,worked,1987-05-07,1987.0,8a+
Ian Vickers,14th Aug 1996,,Nothing To Fear,e8,14-08-1996,Lead,,1996-08-14,1996.0,8a+
Ali Kennedy,1st Jul 2017,,Nothing To Fear,e8,01-07-2017,Lead,worked,2017-01-07,2017.0,8a+
Ed Morris,30th Jul 2024,,Nothing To Fear,e8,30-07-2024,Lead,worked,2024-07-30,2024.0,8a+
Kevin Thaw,2003,E9,Order Of The Phoenix,e8,19-11-2003,Lead,worked,2003-11-19,2003.0,8a+
Ben Heason,26th Sep 2009,E8 (hard),Order Of The Phoenix,e8,26-09-2009,Lead,worked,2009-09-26,2009.0,8a+
Nathan Lee,4th May 2013,E8,Order Of The Phoenix,e8,04-05-2013,Solo,worked,2013-04-05,2013.0,8a+
Ed Hamer,,,Order Of The Phoenix,e8,,Solo,worked,,,8a+
Nalle Hukkataival,,,Owning The Weather,8b+,,Boulder,worked,,,8b+
Niccolò Ceria,10th Jun 2015,,Owning The Weather,8b+,10-06-2015,Boulder,worked,2015-10-06,2015.0,8b+
Paul Robinson,20th Aug 2015,,Owning The Weather,8b+,20-08-2015,Boulder,worked,2015-08-20,2015.0,8b+
Jimmy Webb,23rd Aug 2015,,Owning The Weather,8b+,23-08-2015,Boulder,worked,2015-08-23,2015.0,8b+
Markus Bock,,,"Pain Makes Me Stronger, Every Day",8c,,Lead,worked,,,8c
Alex Megos,29th May 2009,,"Pain Makes Me Stronger, Every Day",8c,29-05-2009,Lead,worked,2009-05-29,2009.0,8c
Moritz Winkler,18th Apr 2022,,"Pain Makes Me Stronger, Every Day",8c,18-04-2022,Lead,flash,2022-04-18,2022.0,8c
Nico Pelorson,3rd Nov 2024,,"Pain Makes Me Stronger, Every Day",8c,03-11-2024,Lead,flash,2024-03-11,2024.0,8c
Pete Oxley,21st Sep 1991,,Palace Of The Brine,8b,21-09-1991,Lead,worked,1991-09-21,1991.0,8b
Bob Hickish,25th Jun 2009,,Palace Of The Brine,8b,25-06-2009,Lead,worked,2009-06-25,2009.0,8b
Ben West,5th Oct 2014,,Palace Of The Brine,8b,05-10-2014,Lead,worked,2014-05-10,2014.0,8b
Cailean Harker,5th Oct 2014,,Palace Of The Brine,8b,05-10-2014,Lead,worked,2014-05-10,2014.0,8b
Gwyneth Uttley,8th Apr 2022,,Pamplemousse,7c+,08-04-2022,Boulder,worked,2022-08-04,2022.0,7c+
Frances Bensley,9th Apr 2022,,Pamplemousse,7c+,09-04-2022,Boulder,worked,2022-09-04,2022.0,7c+
Pete Dawson,5th Oct 2024,,Pamplemousse,7c+,05-10-2024,Boulder,flash,2024-05-10,2024.0,7c+
Rebecca Stephens,2nd Nov 2024,,Pamplemousse,7c+,02-11-2024,Boulder,worked,2024-02-11,2024.0,7c+
James Squire,27th Jun 2022,8C,Paradise Found,8c,27-06-2022,Boulder,worked,2022-06-27,2022.0,8c
Solly Kemball-Dorey,1st Jul 2022,,Paradise Found,8c,01-07-2022,Boulder,worked,2022-01-07,2022.0,8c
Sam Blackwell,Aug 2023,,Paradise Found,8c,19-08-2023,Boulder,worked,2023-08-19,2023.0,8c
Leo Skinner,9th Sep 2023,,Paradise Found,8c,09-09-2023,Boulder,worked,2023-09-09,2023.0,8c
Simon Nadin,1987,,Paralogism,e7,19-11-1987,Lead,worked,1987-11-19,1987.0,7c+
Seb Grieve,20th Sep 1997,,Paralogism,e7,20-09-1997,Lead,worked,1997-09-20,1997.0,7c+
Ben Bransby,11th Dec 2005,,Paralogism,e7,11-12-2005,Lead,flash,2005-11-12,2005.0,7c+
Mathew Wright,25th Jun 2023,,Paralogism,e7,25-06-2023,Solo,worked,2023-06-25,2023.0,7c+
Jacky Godoffe,1986,,Partenaire Particulier,8a,19-11-1986,Boulder,worked,1986-11-19,1986.0,8a
Niccolò Ceria,1st Feb 2022,,Partenaire Particulier,8a,01-02-2022,Boulder,worked,2022-01-02,2022.0,8a
Holly Toothill,2023,,Partenaire Particulier,8a,19-11-2023,Boulder,worked,2023-11-19,2023.0,8a
Jim Pope,2023,,Partenaire Particulier,8a,19-11-2023,Boulder,worked,2023-11-19,2023.0,8a
Alizée Dufraisse,5th Mar 2012,,Pati Noso,8c+,05-03-2012,Lead,worked,2012-05-03,2012.0,8c+
Pete Dawson,24th Dec 2018,,Pati Noso,8c+,24-12-2018,Lead,worked,2018-12-24,2018.0,8c+
Luke Dawson,31st Jan 2022,,Pati Noso,8c+,31-01-2022,Lead,worked,2022-01-31,2022.0,8c+
Martina Demmel,23rd Feb 2024,,Pati Noso,8c+,23-02-2024,Lead,worked,2024-02-23,2024.0,8c+
Kim Marschner,14th Mar 2023,,Peace Corps,8c,14-03-2023,Boulder,worked,2023-03-14,2023.0,8c
Aidan Roberts,2023,,Peace Corps,8c,19-11-2023,Boulder,worked,2023-11-19,2023.0,8c
Giuliano Cameroni,Mar 2023,,Peace Corps,8c,19-03-2023,Boulder,worked,2023-03-19,2023.0,8c
Dave Graham,14th Apr 2023,,Peace Corps,8c,14-04-2023,Boulder,worked,2023-04-14,2023.0,8c
Liv Pearson,26th Aug 2020,,Peckitts Traverse,7c,26-08-2020,Boulder,worked,2020-08-26,2020.0,7c
Airlie Borlase,27th Jun 2022,,Peckitts Traverse,7c,27-06-2022,Boulder,worked,2022-06-27,2022.0,7c
Emily Fell,,,Peckitts Traverse,7c,,Boulder,worked,,,7c
Amber Thornton,,,Peckitts Traverse,7c,,Boulder,worked,,,7c
Alex Megos,9th May 2018,,Perfecto Mundo,9b+,09-05-2018,Lead,worked,2018-09-05,2018.0,9b+
Stefano Ghisolfi,7th Dec 2018,,Perfecto Mundo,9b+,07-12-2018,Lead,worked,2018-07-12,2018.0,9b+
Jakob Schubert,9th Nov 2019,,Perfecto Mundo,9b+,09-11-2019,Lead,worked,2019-09-11,2019.0,9b+
Dave Graham,19th Sep 2006,,Permanent Midnight,8a+,19-09-2006,Boulder,worked,2006-09-19,2006.0,8a+
Siara Fabbri,28th Aug 2022,,Permanent Midnight,8a+,28-08-2022,Boulder,worked,2022-08-28,2022.0,8a+
Shauna Coxsey,25th May 2024,,Permanent Midnight,8a+,25-05-2024,Boulder,worked,2024-05-25,2024.0,8a+
Ned Feehally,25th May 2024,,Permanent Midnight,8a+,25-05-2024,Boulder,flash,2024-05-25,2024.0,8a+
Johnny Woodward,15th Oct 1977,,Piece Of Mind,e6,15-10-1977,Lead,worked,1977-10-15,1977.0,7b+
Niall Grimes,1996,,Piece Of Mind,e6,19-11-1996,Solo,worked,1996-11-19,1996.0,7b+
Pete Robins,2001,,Piece Of Mind,e6,19-11-2001,Solo,ground up,2001-11-19,2001.0,7b+
Ignacio Sánchez González,,,Pin Y Pon,8b,,Boulder,worked,,,8b
Jesús Muñoz,5th Feb 2024,,Pin Y Pon,8b,05-02-2024,Boulder,worked,2024-05-02,2024.0,8b
Shauna Coxsey,Between 23rd Feb 2024 and 26th Feb 2024,,Pin Y Pon,8b,,Boulder,worked,,,8b
Alberto Rocasolano Jaudenes,,,Pin Y Pon,8b,,Boulder,flash,,,8b
Adam Shahar,2023,8B/8B+,Playing With Sticks,8b,19-11-2023,Boulder,worked,2023-11-19,2023.0,8b
Austin Hoyt,21st Nov 2023,8B+ (soft),Playing With Sticks,8b,21-11-2023,Boulder,worked,2023-11-21,2023.0,8b
Benn Wheeler,21st Nov 2023,8B,Playing With Sticks,8b,21-11-2023,Boulder,worked,2023-11-21,2023.0,8b
Noah Wheeler,21st Nov 2023,8B (hard),Playing With Sticks,8b,21-11-2023,Boulder,worked,2023-11-21,2023.0,8b
James Pearson,2011,,Point Blank,e8,19-11-2011,Lead,onsight,2011-11-19,2011.0,8a+
Lucy Creamer,Aug 2015,,Point Blank,e8,19-08-2015,Lead,worked,2015-08-19,2015.0,8a+
Michaela Tracy,Aug 2018,,Point Blank,e8,19-08-2018,Lead,worked,2018-08-19,2018.0,8a+
Daphne Kyriakaki,3rd Jun 2023,,Point Blank,e8,03-06-2023,Lead,worked,2023-03-06,2023.0,8a+
Chris Plant,13th Jun 1988,,Powerplant,8a,13-06-1988,Lead,worked,1988-06-13,1988.0,8a
Alice Thompson,16th Jun 2023,,Powerplant,8a,16-06-2023,Lead,worked,2023-06-16,2023.0,8a
Katherine Schirrmacher,,,Powerplant,8a,,Lead,worked,,,8a
Claudie Dunn,,,Powerplant,8a,,Lead,worked,,,8a
Martin Stráník,16th Jan 2021,,Prehistorik,8b+,16-01-2021,Boulder,worked,2021-01-16,2021.0,8b+
Jana Švecová,18th Apr 2022,8B/8B+,Prehistorik,8b+,18-04-2022,Boulder,worked,2022-04-18,2022.0,8b+
Will Bosi,28th Apr 2022,,Prehistorik,8b+,28-04-2022,Boulder,worked,2022-04-28,2022.0,8b+
Lucie Hrozová,14th May 2022,,Prehistorik,8b+,14-05-2022,Boulder,worked,2022-05-14,2022.0,8b+
James Taylor,8th Jun 2021,E10,Prisoners Of The Sun,e9,08-06-2021,Lead,worked,2021-08-06,2021.0,8b
Jim Pope,23rd Sep 2021,E8,Prisoners Of The Sun,e9,23-09-2021,Lead,worked,2021-09-23,2021.0,8b
James Pearson,Aug 2023,,Prisoners Of The Sun,e9,19-08-2023,Lead,worked,2023-08-19,2023.0,8b
Robbie Phillips,23rd Aug 2024,E9,Prisoners Of The Sun,e9,23-08-2024,Lead,worked,2024-08-23,2024.0,8b
Franco Cookson,1st Aug 2013,E10,Psykovskys Sequins,e9,01-08-2013,Solo,worked,2013-01-08,2013.0,8b
Dave Birkett,8th Aug 2013,E8,Psykovskys Sequins,e9,08-08-2013,Lead,worked,2013-08-08,2013.0,8b
Anna Taylor,27th Jan 2022,E9,Psykovskys Sequins,e9,27-01-2022,Solo,worked,2022-01-27,2022.0,8b
Tom Pearce,22nd Apr 2022,,Psykovskys Sequins,e9,22-04-2022,Solo,worked,2022-04-22,2022.0,8b
Rémy Bergasse,2008,,Quoi De Neuf,8c,19-11-2008,Boulder,worked,2008-11-19,2008.0,8c
Sébastien Bouin,Sep 2015,,Quoi De Neuf,8c,19-09-2015,Boulder,worked,2015-09-19,2015.0,8c
Alban Levier,Dec 2015,,Quoi De Neuf,8c,19-12-2015,Boulder,worked,2015-12-19,2015.0,8c
Manu Cornu,27th Mar 2019,,Quoi De Neuf,8c,27-03-2019,Boulder,worked,2019-03-27,2019.0,8c
Aidan Roberts,Jun 2019,,Railway,8c,19-06-2019,Boulder,worked,2019-06-19,2019.0,8c
Matt Fultz,15th Oct 2019,,Railway,8c,15-10-2019,Boulder,worked,2019-10-15,2019.0,8c
Ben Burkhalter,Jun 2023,,Railway,8c,19-06-2023,Boulder,worked,2023-06-19,2023.0,8c
Drew Ruana,9th Jun 2023,,Railway,8c,09-06-2023,Boulder,worked,2023-09-06,2023.0,8c
Steve McClure,4th Jun 2017,9b,Rainman,9b,04-06-2017,Lead,worked,2017-04-06,2017.0,9b
Eder Lomba,13th May 2022,9b,Rainman,9b,13-05-2022,Lead,worked,2022-05-13,2022.0,9b
Josh Ibbertson,2nd Jun 2022,,Rainman,9b,02-06-2022,Lead,worked,2022-02-06,2022.0,9b
Alex Megos,Jul 2022,,Ratstaman Vibrations,9b,19-07-2022,Lead,worked,2022-07-19,2022.0,9b
Giuliano Cameroni,22nd Feb 2019,8C+,Rem,8c+,22-02-2019,Boulder,worked,2019-02-22,2019.0,8c+
Paul Robinson,9th Mar 2020,8C+,Rem,8c+,09-03-2020,Boulder,worked,2020-09-03,2020.0,8c+
Sam Weir,6th Jan 2024,8C/8C+,Rem,8c+,06-01-2024,Boulder,worked,2024-06-01,2024.0,8c+
Francesco Berardino,15th Jan 2024,8C+,Rem,8c+,15-01-2024,Boulder,worked,2024-01-15,2024.0,8c+
Dave Cuthbertson,1983,,Requiem,e8,19-11-1983,Lead,yo-yo,1983-11-19,1983.0,8a+
Dave MacLeod,2000,,Requiem,e8,19-11-2000,Lead,worked,2000-11-19,2000.0,8a+
Caroline Ciavaldini,27th Sep 2014,,Requiem,e8,27-09-2014,Lead,worked,2014-09-27,2014.0,8a+
Florence Pinet,Sep 2018,,Requiem,e8,19-09-2018,Lead,worked,2018-09-19,2018.0,8a+
Robin Barker,,,Reservoir Dogs,e8,,Lead,worked,,,8a+
John Gaskins,1991,,Reservoir Dogs,e8,19-11-1991,Top Rope,worked,1991-11-19,1991.0,8a+
Nick Clement,3rd Jun 1997,,Reservoir Dogs,e8,03-06-1997,Lead,worked,1997-03-06,1997.0,8a+
Will Atkinson,,,Reservoir Dogs,e8,,Lead,worked,,,8a+
Dai Koyamada,2016,,Rokudo,8c,19-11-2016,Boulder,worked,2016-11-19,2016.0,8c
Shinichiro Nomura,31st Mar 2021,,Rokudo,8c,31-03-2021,Boulder,worked,2021-03-31,2021.0,8c
Ryuichi Murai,7th Apr 2021,,Rokudo,8c,07-04-2021,Boulder,worked,2021-07-04,2021.0,8c
Yuta Imaizumi,Nov 2023,,Rokudo,8c,19-11-2023,Boulder,worked,2023-11-19,2023.0,8c
Alan Cassidy,17th Mar 2010,,Rollito Sharma Extension,8c,17-03-2010,Lead,worked,2010-03-17,2010.0,8c
Gareth Parry,Dec 2011,,Rollito Sharma Extension,8c,19-12-2011,Lead,worked,2011-12-19,2011.0,8c
Janja Garnbret,28th Dec 2015,,Rollito Sharma Extension,8c,28-12-2015,Lead,flash,2015-12-28,2015.0,8c
Molly Thompson-Smith,17th Dec 2018,,Rollito Sharma Extension,8c,17-12-2018,Lead,worked,2018-12-17,2018.0,8c
Katie Maxwell,16th Apr 2021,,Roof Of A Baby Buddha,7c+,16-04-2021,Boulder,worked,2021-04-16,2021.0,7c+
Hazel Findlay,17th Sep 2021,,Roof Of A Baby Buddha,7c+,17-09-2021,Boulder,worked,2021-09-17,2021.0,7c+
Molly Thompson-Smith,19th Mar 2022,7C+ (soft),Roof Of A Baby Buddha,7c+,19-03-2022,Boulder,flash,2022-03-19,2022.0,7c+
Shauna Coxsey,,,Roof Of A Baby Buddha,7c+,,Boulder,worked,,,7c+
Boone Speed,1994,,Route Of All Evil,8b+,19-11-1994,Lead,worked,1994-11-19,1994.0,8b+
Liv Sansoz,8th Apr 2001,,Route Of All Evil,8b+,08-04-2001,Lead,worked,2001-08-04,2001.0,8b+
James Litz,17th Dec 2004,,Route Of All Evil,8b+,17-12-2004,Lead,worked,2004-12-17,2004.0,8b+
Mike Doyle,4th Mar 2009,,Route Of All Evil,8b+,04-03-2009,Lead,worked,2009-04-03,2009.0,8b+
Neil Gresham,Oct 2016,,Sabotage,8c+,19-10-2016,Lead,worked,2016-10-19,2016.0,8c+
Jon Freeman,22nd Sep 2020,,Sabotage,8c+,22-09-2020,Lead,worked,2020-09-22,2020.0,8c+
Pete Dawson,29th May 2022,,Sabotage,8c+,29-05-2022,Lead,worked,2022-05-29,2022.0,8c+
Ted Kingsnorth,3rd Jun 2022,,Sabotage,8c+,03-06-2022,Lead,worked,2022-03-06,2022.0,8c+
Gérome Pouvreau,27th May 2009,9a/9a+,Sachidananda,9a+,27-05-2009,Lead,worked,2009-05-27,2009.0,9a+
Loïc Zehani,10th Apr 2018,9a+,Sachidananda,9a+,10-04-2018,Lead,worked,2018-10-04,2018.0,9a+
Victor Guillermin,20th Apr 2022,9a+ (soft),Sachidananda,9a+,20-04-2022,Lead,worked,2022-04-20,2022.0,9a+
Maho Normand,25th Apr 2023,9a/9a+,Sachidananda,9a+,25-04-2023,Lead,worked,2023-04-25,2023.0,9a+
Johnny Dawes,1984,,Sad Amongst Friends,e7,19-11-1984,Solo,worked,1984-11-19,1984.0,7c+
Richie Patterson,1999,,Sad Amongst Friends,e7,19-11-1999,Lead,worked,1999-11-19,1999.0,7c+
Ivan Tresch,2002,,Sad Amongst Friends,e7,19-11-2002,Lead,onsight,2002-11-19,2002.0,7c+
Neil Kershaw,2010,,Sad Amongst Friends,e7,19-11-2010,Lead,ground up,2010-11-19,2010.0,7c+
Ron Fawcett,Jan 1981,,Sardine,7b+,19-01-1981,Lead,worked,1981-01-19,1981.0,7b+
Phil Davidson,15th Aug 1982,,Sardine,7b+,15-08-1982,Lead,onsight,1982-08-15,1982.0,7b+
Dave Thomas,,,Sardine,7b+,,Solo,worked,,,7b+
Simon Nadin,,,Sardine,7b+,,Top Rope,repeat,,,7b+
Jerry Moffatt,Aug 1995,,Seans Roof,8a+,19-08-1995,Lead,worked,1995-08-19,1995.0,8a+
Stuart Littlefair,26th Sep 2009,,Seans Roof,8a+,26-09-2009,Lead,worked,2009-09-26,2009.0,8a+
Dan Varian,Aug 2010,,Seans Roof,8a+,19-08-2010,Boulder,worked,2010-08-19,2010.0,8a+
Alex Megos,Sep 2024,,Seans Roof,8a+,19-09-2024,Lead,worked,2024-09-19,2024.0,8a+
Ben Moon,1993,,Sea Of Tranquility,8c+,19-11-1993,Lead,worked,1993-11-19,1993.0,8c+
Pete Robins,2010,,Sea Of Tranquility,8c+,19-11-2010,Lead,worked,2010-11-19,2010.0,8c+
James McHaffie,2016,,Sea Of Tranquility,8c+,19-11-2016,Lead,worked,2016-11-19,2016.0,8c+
Pete Dawson,15th Aug 2019,,Sea Of Tranquility,8c+,15-08-2019,Lead,worked,2019-08-15,2019.0,8c+
Dani Andrada,30th Jan 2005,,Selecció Natural,9a,30-01-2005,Lead,worked,2005-01-30,2005.0,9a
Tom Bolger,31st May 2014,,Selecció Natural,9a,31-05-2014,Lead,worked,2014-05-31,2014.0,9a
Domen Škofic,10th Dec 2015,,Selecció Natural,9a,10-12-2015,Lead,worked,2015-10-12,2015.0,9a
Janja Garnbret,29th Dec 2017,,Selecció Natural,9a,29-12-2017,Lead,worked,2017-12-29,2017.0,9a
Ned Feehally,,,Serenade,8b+,,Boulder,worked,,,8b+
James Noble,8th Mar 2015,,Serenade,8b+,08-03-2015,Boulder,worked,2015-08-03,2015.0,8b+
Mathew Wright,10th Nov 2020,,Serenade,8b+,10-11-2020,Boulder,worked,2020-10-11,2020.0,8b+
Sam Prior,30th Nov 2023,,Serenade,8b+,30-11-2023,Boulder,worked,2023-11-30,2023.0,8b+
Jason Kehl,,,Seventh Circle,8b+,,Boulder,worked,,,8b+
Keenan Takahashi,14th Feb 2019,,Seventh Circle,8b+,14-02-2019,Boulder,worked,2019-02-14,2019.0,8b+
Paul Robinson,,,Seventh Circle,8b+,,Boulder,worked,,,8b+
Martin Mobråten,,,Seventh Circle,8b+,,Boulder,worked,,,8b+
Alex Luger,2018,,Seventh Direction,8c,19-11-2018,Alternate Leads,ground up,2018-11-19,2018.0,8c
Alex Luger,7th Aug 2022,,Seventh Direction,8c,07-08-2022,Lead,worked,2022-07-08,2022.0,8c
Barbara Zangerl,1st Sep 2024,,Seventh Direction,8c,01-09-2024,Lead,worked,2024-01-09,2024.0,8c
Jacopo Larcher,3rd Sep 2024,,Seventh Direction,8c,03-09-2024,Lead,worked,2024-03-09,2024.0,8c
Elijah Kiser,,,Severed Arm,8b+ (approx),,Boulder,worked,,,8b+
Taylor McNeill,2023,,Severed Arm,8b+ (approx),19-11-2023,Boulder,worked,2023-11-19,2023.0,8b+
Isaac Dunk,,,Severed Arm,8b+ (approx),,Boulder,worked,,,8b+
Tyre Taft,,,Severed Arm,8b+ (approx),,Boulder,worked,,,8b+
Markus Bock,2011,,Sever The Wicked Hand,9a,19-11-2011,Lead,worked,2011-11-19,2011.0,9a
Chiara Hanke,Jun 2019,,Sever The Wicked Hand,9a,19-06-2019,Lead,worked,2019-06-19,2019.0,9a
Gabriela Vrablíková,5th Jul 2019,,Sever The Wicked Hand,9a,05-07-2019,Lead,worked,2019-05-07,2019.0,9a
Pepa Šindel,16th Feb 2024,,Sever The Wicked Hand,9a,16-02-2024,Lead,worked,2024-02-16,2024.0,9a
Jonathan Siegrest,16th Sep 2011,,Shadowboxing,9a,16-09-2011,Lead,worked,2011-09-16,2011.0,9a
Jon Cardwell,Jul 2015,,Shadowboxing,9a,19-07-2015,Lead,worked,2015-07-19,2015.0,9a
Mark Anderson,Oct 2016,,Shadowboxing,9a,19-10-2016,Lead,worked,2016-10-19,2016.0,9a
Paige Classen,Oct 2019,,Shadowboxing,9a,19-10-2019,Lead,worked,2019-10-19,2019.0,9a
Dave Graham,15th Mar 2001,,Sideways Daze,8b,15-03-2001,Boulder,worked,2001-03-15,2001.0,8b
Thomas Willenberg,20th Mar 2004,,Sideways Daze,8b,20-03-2004,Boulder,worked,2004-03-20,2004.0,8b
Kevin Lopata,19th Feb 2008,,Sideways Daze,8b,19-02-2008,Boulder,worked,2008-02-19,2008.0,8b
James Kassay,Apr 2013,,Sideways Daze,8b,19-04-2013,Boulder,flash,2013-04-19,2013.0,8b
Charlie Woodburn,2012,,Somethings Burning,e9,19-11-2012,Lead,worked,2012-11-19,2012.0,8b
James Pearson,Sep 2014,,Somethings Burning,e9,19-09-2014,Lead,flash,2014-09-19,2014.0,8b
Ali Kennedy,22nd Apr 2017,,Somethings Burning,e9,22-04-2017,Lead,worked,2017-04-22,2017.0,8b
Ed Morris,23rd Aug 2024,,Somethings Burning,e9,23-08-2024,Lead,worked,2024-08-23,2024.0,8b
Joe Kinder,,,Southern Smoke,8c+,,Lead,worked,,,8c+
Ashima Shiraishi,Oct 2012,,Southern Smoke,8c+,19-10-2012,Lead,worked,2012-10-19,2012.0,8c+
Maya Ene,2nd May 2023,,Southern Smoke,8c+,02-05-2023,Lead,worked,2023-02-05,2023.0,8c+
Natalia Grossman,Nov 2023,,Southern Smoke,8c+,19-11-2023,Lead,worked,2023-11-19,2023.0,8c+
Dan Varian,,,Star Slinger,8a+,,Boulder,worked,,,8a+
Ben Freeman,22nd Apr 2017,,Star Slinger,8a+,22-04-2017,Boulder,worked,2017-04-22,2017.0,8a+
Alex Moore,28th Nov 2020,,Star Slinger,8a+,28-11-2020,Boulder,worked,2020-11-28,2020.0,8a+
Tim Blake,2024,,Star Slinger,8a+,19-11-2024,Boulder,worked,2024-11-19,2024.0,8a+
Dave Pickford,,,Storm Warning Variation,8a,,Lead,worked,,,8a
Llinos Cassidy,23rd Sep 2017,,Storm Warning Variation,8a,23-09-2017,Lead,worked,2017-09-23,2017.0,8a
Lily Keal,,,Storm Warning Variation,8a,,Lead,worked,,,8a
Pippa Froggatt,,,Storm Warning Variation,8a,,Lead,worked,,,8a
Mason Earle,2015,,Stranger Than Fiction,e10,19-11-2015,Lead,worked,2015-11-19,2015.0,8b+
Brittany Goris,23rd Nov 2022,,Stranger Than Fiction,e10,23-11-2022,Lead,pre-placed gear,2022-11-23,2022.0,8b+
Lor Sabourin,Nov 2023,,Stranger Than Fiction,e10,19-11-2023,Lead,worked,2023-11-19,2023.0,8b+
Pete Whittaker,Between 20th Nov 2023 and 24th Nov 2023,8c (hard),Stranger Than Fiction,e10,,Lead,worked,,,8b+
Miles Gibson,1998,,Superstition,e8,19-11-1998,Lead,worked,1998-11-19,1998.0,8a+
Ben Bransby,Apr 2013,,Superstition,e8,19-04-2013,Lead,worked,2013-04-19,2013.0,8a+
Michele Caminati,Apr 2013,,Superstition,e8,19-04-2013,Lead,worked,2013-04-19,2013.0,8a+
Ned Feehally,Apr 2013,,Superstition,e8,19-04-2013,Lead,worked,2013-04-19,2013.0,8a+
Hazel Findlay,8th Jul 2021,,Surreal Appeal,e7,08-07-2021,Lead,flash,2021-08-07,2021.0,7c+
Rachel Pearce,19th Sep 2021,,Surreal Appeal,e7,19-09-2021,Lead,worked,2021-09-19,2021.0,7c+
Harriet Ridley,2022,,Surreal Appeal,e7,19-11-2022,Lead,worked,2022-11-19,2022.0,7c+
Katie Keeley,1st Aug 2022,,Surreal Appeal,e7,01-08-2022,Lead,worked,2022-01-08,2022.0,7c+
Adam Ondra,29th Sep 2013,,Sviní Mor,8b,29-09-2013,Boulder,worked,2013-09-29,2013.0,8b
Will Bosi,27th Mar 2022,,Sviní Mor,8b,27-03-2022,Boulder,flash,2022-03-27,2022.0,8b
Jana Švecová,1st Aug 2023,,Sviní Mor,8b,01-08-2023,Boulder,worked,2023-01-08,2023.0,8b
Jakub Konečný,,,Sviní Mor,8b,,Boulder,worked,,,8b
Ron Fawcett,May 1982,E6,Tequila Mockingbird,7c+,19-05-1982,Lead,yo-yo,1982-05-19,1982.0,7c+
Jerry Moffatt,1982,,Tequila Mockingbird,7c+,19-11-1982,Lead,worked,1982-11-19,1982.0,7c+
Jean-Pierre Bouvier,1982,7c,Tequila Mockingbird,7c+,19-11-1982,Lead,worked,1982-11-19,1982.0,7c+
Phil Davidson,1984,,Tequila Mockingbird,7c+,19-11-1984,Lead,worked,1984-11-19,1984.0,7c+
Craig Leubben,,,Thai Boxing,e7,,Lead,worked,,,7c+
Tom Randall,25th Jul 2010,,Thai Boxing,e7,25-07-2010,Lead,worked,2010-07-25,2010.0,7c+
Pete Whittaker,25th Oct 2010,,Thai Boxing,e7,25-10-2010,Lead,worked,2010-10-25,2010.0,7c+
Mari Salvesen,27th Apr 2024,,Thai Boxing,e7,27-04-2024,Lead,worked,2024-04-27,2024.0,7c+
James Litz,27th Aug 2003,,The Automator,8b,27-08-2003,Boulder,worked,2003-08-27,2003.0,8b
Angie Payne,Aug 2010,,The Automator,8b,19-08-2010,Boulder,worked,2010-08-19,2010.0,8b
Ashima Shiraishi,Aug 2013,,The Automator,8b,19-08-2013,Boulder,worked,2013-08-19,2013.0,8b
Brooke Raboutou,30th Jun 2020,,The Automator,8b,30-06-2020,Boulder,worked,2020-06-30,2020.0,8b
John Welford,1995,,The Bastard,8c+,19-11-1995,Lead,worked,1995-11-19,1995.0,8c+
Steve McClure,Jun 2001,,The Bastard,8c+,19-06-2001,Lead,worked,2001-06-19,2001.0,8c+
Felix Wilkins,6th Aug 2023,8c+,The Bastard,8c+,06-08-2023,Lead,worked,2023-06-08,2023.0,8c+
Pete Dawson,21st Aug 2024,,The Bastard,8c+,21-08-2024,Lead,worked,2024-08-21,2024.0,8c+
Dave Graham,8th Mar 2013,8C,The Bridge Of Ashes,8c,08-03-2013,Boulder,worked,2013-08-03,2013.0,8c
Daniel Woods,10th Mar 2013,8B+,The Bridge Of Ashes,8c,10-03-2013,Boulder,worked,2013-10-03,2013.0,8c
Jimmy Webb,10th Nov 2013,8B+,The Bridge Of Ashes,8c,10-11-2013,Boulder,worked,2013-10-11,2013.0,8c
Matt Fultz,7th May 2019,8C,The Bridge Of Ashes,8c,07-05-2019,Boulder,worked,2019-07-05,2019.0,8c
Neil Dyer,Aug 2011,,The Brute,8b,19-08-2011,Lead,worked,2011-08-19,2011.0,8b
Taylor Parsons,9th Sep 2012,,The Brute,8b,09-09-2012,Lead,flash,2012-09-09,2012.0,8b
Jim Pope,1st Sep 2019,,The Brute,8b,01-09-2019,Lead,onsight,2019-01-09,2019.0,8b
Jemma Powell,,,The Brute,8b,,Lead,worked,,,8b
Pete Whittaker,Nov 2023,,The Cleaver,e8,19-11-2023,Lead,flash,2023-11-19,2023.0,8a+
Tom Randall,Nov 2023,,The Cleaver,e8,19-11-2023,Lead,worked,2023-11-19,2023.0,8a+
Mari Salvesen,Nov 2023,,The Cleaver,e8,19-11-2023,Lead,worked,2023-11-19,2023.0,8a+
Mary Eden,Nov 2023,,The Cleaver,e8,19-11-2023,Lead,worked,2023-11-19,2023.0,8a+
John Redhead,25th Apr 1984,,The Clown,e7,25-04-1984,Lead,worked,1984-04-25,1984.0,7c+
Dave Towse,25th Apr 1984,,The Clown,e7,25-04-1984,Lead,worked,1984-04-25,1984.0,7c+
Mike Owen,23rd Jun 1990,,The Clown,e7,23-06-1990,Lead,onsight,1990-06-23,1990.0,7c+
Dougie Hall,Sep 1990,,The Clown,e7,19-09-1990,Lead,,1990-09-19,1990.0,7c+
Nalle Hukkataival,2012,,The Escapist,8b,19-11-2012,Boulder,worked,2012-11-19,2012.0,8b
Daniel Woods,30th Jun 2014,,The Escapist,8b,30-06-2014,Boulder,flash,2014-06-30,2014.0,8b
Fred Nicole,Sep 2014,,The Escapist,8b,19-09-2014,Boulder,worked,2014-09-19,2014.0,8b
Isabelle Faus,18th Aug 2016,,The Escapist,8b,18-08-2016,Boulder,worked,2016-08-18,2016.0,8b
Nalle Hukkataival,3rd May 2009,8B+,The Globalist,8b+,03-05-2009,Boulder,worked,2009-03-05,2009.0,8b+
Griffin Whiteside,Apr 2015,,The Globalist,8b+,19-04-2015,Boulder,worked,2015-04-19,2015.0,8b+
Vadim Timonov,20th Mar 2016,8B+ (soft),The Globalist,8b+,20-03-2016,Boulder,worked,2016-03-20,2016.0,8b+
Jimmy Webb,28th Mar 2016,8B/8B+,The Globalist,8b+,28-03-2016,Boulder,flash,2016-03-28,2016.0,8b+
Dave Cuthbertson,1997,E7,The Great Arch,e8,19-11-1997,Alternate Leads,worked,1997-11-19,1997.0,8a+
Lynn Hill,1997,E7,The Great Arch,e8,19-11-1997,Alternate Leads,worked,1997-11-19,1997.0,8a+
Dave MacLeod,2013,,The Great Arch,e8,19-11-2013,Lead,worked,2013-11-19,2013.0,8a+
Robbie Phillips,2024,,The Great Arch,e8,19-11-2024,Lead,worked,2024-11-19,2024.0,8a+
Steve McClure,2010,,The Great Escape,8b+,19-11-2010,Lead,worked,2010-11-19,2010.0,8b+
Pete Chadwick,May 2016,,The Great Escape,8b+,19-05-2016,Lead,worked,2016-05-19,2016.0,8b+
Jim Hulbert,23rd Sep 2021,,The Great Escape,8b+,23-09-2021,Lead,worked,2021-09-23,2021.0,8b+
Anna Wild,1st May 2023,,The Great Escape,8b+,01-05-2023,Lead,worked,2023-01-05,2023.0,8b+
Dan Rosanstein,May 1987,,The Great Wall Of China,e1,19-05-1987,Alternate Leads,worked,1987-05-19,1987.0,5c
Ken Nichols,May 1987,,The Great Wall Of China,e1,19-05-1987,Alternate Leads,onsight,1987-05-19,1987.0,5c
Ben Wilbur,Oct 2021,,The Great Wall Of China,e1,19-10-2021,Simul,onsight,2021-10-19,2021.0,5c
Drew Herder,Oct 2021,,The Great Wall Of China,e1,19-10-2021,Simul,onsight,2021-10-19,2021.0,5c
Tom Bolger,Apr 2022,,The Journey,9a+,19-04-2022,Lead,worked,2022-04-19,2022.0,9a+
Alex Megos,Oct 2022,,The Journey,9a+,19-10-2022,Lead,worked,2022-10-19,2022.0,9a+
Buster Martin,1st Apr 2024,,The Journey,9a+,01-04-2024,Lead,worked,2024-01-04,2024.0,9a+
Jorge Díaz-Rullo,,,The Journey,9a+,,Lead,worked,,,9a+
Matt Wilder,2007,,The Power Of One,8b,19-11-2007,Boulder,worked,2007-11-19,2007.0,8b
Adam Ondra,9th Aug 2011,,The Power Of One,8b,09-08-2011,Boulder,flash,2011-09-08,2011.0,8b
Gabriele Moroni,8th Jun 2015,8A+,The Power Of One,8b,08-06-2015,Boulder,flash,2015-08-06,2015.0,8b
Jimmy Webb,9th Jun 2015,,The Power Of One,8b,09-06-2015,Boulder,flash,2015-09-06,2015.0,8b
James Pearson,27th Dec 2004,,The Power Of The Dark Side,e7,27-12-2004,Lead,worked,2004-12-27,2004.0,7c+
Keith Bradbury,17th Dec 2005,,The Power Of The Dark Side,e7,17-12-2005,Lead,worked,2005-12-17,2005.0,7c+
Katy Whittaker,Apr 2013,,The Power Of The Dark Side,e7,19-04-2013,Solo,flash,2013-04-19,2013.0,7c+
Ferdia Earle,2017,,The Power Of The Dark Side,e7,19-11-2017,Lead,worked,2017-11-19,2017.0,7c+
Mason Earle,Nov 2010,,The Price Of Evil,e8,19-11-2010,Lead,worked,2010-11-19,2010.0,8a+
Mari Salvesen,15th Apr 2022,,The Price Of Evil,e8,15-04-2022,Lead,worked,2022-04-15,2022.0,8a+
Mary Eden,31st May 2023,,The Price Of Evil,e8,31-05-2023,Lead,worked,2023-05-31,2023.0,8a+
Pete Whittaker,,,The Price Of Evil,e8,,Lead,worked,,,8a+
Paul Robinson,10th Dec 2011,8B+,The Traphouse,8b+,10-12-2011,Boulder,worked,2011-10-12,2011.0,8b+
Nathan Phillips,10th Dec 2018,8B (hard),The Traphouse,8b+,10-12-2018,Boulder,worked,2018-10-12,2018.0,8b+
Camilla Moroni,10th Nov 2023,8B,The Traphouse,8b+,10-11-2023,Boulder,worked,2023-10-11,2023.0,8b+
Brooke Raboutou,,,The Traphouse,8b+,,Boulder,worked,,,8b+
Dave Pegg,1989,,The Yorkshire Ripper,8b,19-11-1989,Lead,worked,1989-11-19,1989.0,8b
Jean-Baptiste Tribout,May 1990,8b,The Yorkshire Ripper,8b,19-05-1990,Lead,worked,1990-05-19,1990.0,8b
Tony Mitchell,Before 1st Jan 1991,,The Yorkshire Ripper,8b,,Lead,worked,,,8b
Jennifer Wood,7th Sep 2024,,The Yorkshire Ripper,8b,07-09-2024,Lead,worked,2024-07-09,2024.0,8b
Taylor McNeill,6th Mar 2017,,Third Eye Awakening,8b+,06-03-2017,Boulder,worked,2017-06-03,2017.0,8b+
Jimmy Webb,,,Third Eye Awakening,8b+,,Boulder,worked,,,8b+
Dalen Gray,,,Third Eye Awakening,8b+,,Boulder,worked,,,8b+
Elijah Kiser,,,Third Eye Awakening,8b+,,Boulder,worked,,,8b+
Chris Sharma,Oct 2012,,Tierra Negra,9a,19-10-2012,Lead,worked,2012-10-19,2012.0,9a
Sébastien Bouin,18th May 2013,9a/9a+,Tierra Negra,9a,18-05-2013,Lead,worked,2013-05-18,2013.0,9a
Ramón Julián Puigblanque,22nd Jun 2013,9a/9a+,Tierra Negra,9a,22-06-2013,Lead,worked,2013-06-22,2013.0,9a
Sachi Amma,27th Nov 2013,9a,Tierra Negra,9a,27-11-2013,Lead,worked,2013-11-27,2013.0,9a
Lee Cossey,9th Jan 2013,,Tiger Cat,8c,09-01-2013,Lead,worked,2013-09-01,2013.0,8c
Ed Hamer,14th Feb 2013,,Tiger Cat,8c,14-02-2013,Lead,worked,2013-02-14,2013.0,8c
Robbie Phillips,2014,,Tiger Cat,8c,19-11-2014,Lead,worked,2014-11-19,2014.0,8c
Jorge Díaz-Rullo,4th Oct 2022,,Tiger Cat,8c,04-10-2022,Lead,flash,2022-04-10,2022.0,8c
Alex Puccio,Jun 2022,,Tigris Sds,8b+,19-06-2022,Boulder,worked,2022-06-19,2022.0,8b+
Michaela Kiersch,Jun 2022,,Tigris Sds,8b+,19-06-2022,Boulder,worked,2022-06-19,2022.0,8b+
Luke Dawson,23rd Sep 2022,,Tigris Sds,8b+,23-09-2022,Boulder,worked,2022-09-23,2022.0,8b+
Solly Kemball-Dorey,28th Sep 2022,,Tigris Sds,8b+,28-09-2022,Boulder,worked,2022-09-28,2022.0,8b+
Rebecca Stephens,2020,,Tourniquet,8a,19-11-2020,Boulder,worked,2020-11-19,2020.0,8a
Shauna Coxsey,25th Feb 2023,,Tourniquet,8a,25-02-2023,Boulder,worked,2023-02-25,2023.0,8a
Rachel Daly,4th Mar 2023,,Tourniquet,8a,04-03-2023,Boulder,worked,2023-04-03,2023.0,8a
Leah Crane,,,Tourniquet,8a,,Boulder,worked,,,8a
Jimmy Webb,,,Transience,8b+,,Boulder,worked,,,8b+
Nathaniel Coleman,,,Transience,8b+,,Boulder,worked,,,8b+
Sean Bailey,,,Transience,8b+,,Boulder,worked,,,8b+
Brian Squire,,,Transience,8b+,,Boulder,worked,,,8b+
Gabriele Moroni,10th Jan 2022,,Trofeo Dell’adriatico,9a+,10-01-2022,Lead,worked,2022-10-01,2022.0,9a+
Adam Ondra,27th Jan 2022,,Trofeo Dell’adriatico,9a+,27-01-2022,Lead,worked,2022-01-27,2022.0,9a+
Stefano Ghisolfi,20th Mar 2022,,Trofeo Dell’adriatico,9a+,20-03-2022,Lead,worked,2022-03-20,2022.0,9a+
Giovanni Placci,26th Nov 2022,,Trofeo Dell’adriatico,9a+,26-11-2022,Lead,worked,2022-11-26,2022.0,9a+
Ken Palmer,22nd Nov 1990,,Tuppence,8b,22-11-1990,Lead,worked,1990-11-22,1990.0,8b
Rob Sutton,17th Oct 2001,,Tuppence,8b,17-10-2001,Lead,worked,2001-10-17,2001.0,8b
Rhoslyn Frugtniet,11th Apr 2021,,Tuppence,8b,11-04-2021,Lead,worked,2021-11-04,2021.0,8b
Nic Sellars,,,Tuppence,8b,,Lead,worked,,,8b
Dai Koyamada,26th May 2005,,Uma,8b+,26-05-2005,Boulder,worked,2005-05-26,2005.0,8b+
Ryuichi Murai,4th Mar 2016,,Uma,8b+,04-03-2016,Boulder,worked,2016-04-03,2016.0,8b+
Toshi Takeuchi,1st May 2016,,Uma,8b+,01-05-2016,Boulder,worked,2016-01-05,2016.0,8b+
Shinichiro Nomura,24th May 2018,,Uma,8b+,24-05-2018,Boulder,worked,2018-05-24,2018.0,8b+
Rob Lamey,,,Vennerne,8a,,Lead,worked,,,8a
Llinos Cassidy,20th May 2018,,Vennerne,8a,20-05-2018,Lead,worked,2018-05-20,2018.0,8a
Gwen Morgan,,,Vennerne,8a,,Lead,worked,,,8a
Sarah Black,,,Vennerne,8a,,Lead,worked,,,8a
Johnny Dawes,,,Victorian Overmantel,7c+,,Boulder,worked,,,7c+
Toru  Nakajima,2009,,Victorian Overmantel,7c+,19-11-2009,Boulder,worked,2009-11-19,2009.0,7c+
Pete Whittaker,2022,,Victorian Overmantel,7c+,19-11-2022,Boulder,worked,2022-11-19,2022.0,7c+
Ben Bransby,24th Feb 2023,,Victorian Overmantel,7c+,24-02-2023,Boulder,worked,2023-02-24,2023.0,7c+
Wolfgang Güllich,1987,,Wallstreet,8c,19-11-1987,Lead,worked,1987-11-19,1987.0,8c
Thomas Willenberg,1997,,Wallstreet,8c,19-11-1997,Lead,worked,1997-11-19,1997.0,8c
Mélissa Le Nevé,May 2014,,Wallstreet,8c,19-05-2014,Lead,worked,2014-05-19,2014.0,8c
Lucia Dörffel,30th May 2020,,Wallstreet,8c,30-05-2020,Lead,worked,2020-05-30,2020.0,8c
Pat Littlejohn,22nd Apr 1997,,War And Peace,e6,22-04-1997,Alternate Leads,onsight,1997-04-22,1997.0,7b+
Steve Sustad,22nd Apr 1997,,War And Peace,e6,22-04-1997,Alternate Leads,onsight,1997-04-22,1997.0,7b+
Mick Lovatt,Between 30th Jun 2021 and 1st Jul 2021,,War And Peace,e6,,Alternate Leads,onsight,,,7b+
Nick Bullock,Between 30th Jun 2021 and 1st Jul 2021,,War And Peace,e6,,Alternate Leads,onsight,,,7b+
Tom Moulin,2015,,Water Colors,8a,19-11-2015,Boulder,worked,2015-11-19,2015.0,8a
Dave Mason,5th Jan 2020,,Water Colors,8a,05-01-2020,Boulder,worked,2020-05-01,2020.0,8a
Andy Lamb,23rd Feb 2021,,Water Colors,8a,23-02-2021,Boulder,worked,2021-02-23,2021.0,8a
Ethan Pringle,,,Water Colors,8a,,Boulder,worked,,,8a
Neil Gresham,2020,,Way Out West,e8,19-11-2020,Lead,worked,2020-11-19,2020.0,8a+
Al Wilson,Between 1st Jan 2020 and 9th Jul 2020,,Way Out West,e8,,Lead,worked,,,8a+
Andy Mitchell,Between 9th Jul 2020 and 20th Jul 2020,,Way Out West,e8,,Lead,worked,,,8a+
Anak Verhoeven,Jun 2024,,Way Out West,e8,19-06-2024,Lead,worked,2024-06-19,2024.0,8a+
Alex Huber,1994,9a,Weiße Rose,9a,19-11-1994,Lead,worked,1994-11-19,1994.0,9a
Adam Ondra,13th Sep 2008,9a (hard),Weiße Rose,9a,13-09-2008,Lead,worked,2008-09-13,2008.0,9a
Jakob Schubert,30th Apr 2020,,Weiße Rose,9a,30-04-2020,Lead,worked,2020-04-30,2020.0,9a
Michael Piccolruaz,Nov 2023,9a,Weiße Rose,9a,19-11-2023,Lead,worked,2023-11-19,2023.0,9a
Johnny Dawes,24th Oct 1986,,Windows Of Perception,e6,24-10-1986,Lead,worked,1986-10-24,1986.0,7b+
Nick Harms,1987,,Windows Of Perception,e6,19-11-1987,Lead,worked,1987-11-19,1987.0,7b+
Ryan Pasquill,2009,,Windows Of Perception,e6,19-11-2009,Lead,flash,2009-11-19,2009.0,7b+
Neil Kershaw,2009,,Windows Of Perception,e6,19-11-2009,Lead,flash,2009-11-19,2009.0,7b+
Ian Vickers,Oct 2005,,Wonderwall,8c,19-10-2005,Lead,worked,2005-10-19,2005.0,8c
Josh Ibbertson,28th Jul 2021,,Wonderwall,8c,28-07-2021,Lead,worked,2021-07-28,2021.0,8c
Jordan Buys,Sep 2021,,Wonderwall,8c,19-09-2021,Lead,worked,2021-09-19,2021.0,8c
Jon Freeman,11th Sep 2021,,Wonderwall,8c,11-09-2021,Lead,worked,2021-11-09,2021.0,8c
James McHaffie,4th Nov 2024,,Y Tarw,e8,04-11-2024,Lead,worked,2024-04-11,2024.0,8a+
Ed Booth,4th Nov 2024,,Y Tarw,e8,04-11-2024,Lead,worked,2024-04-11,2024.0,8a+
Calum Muskett,7th Nov 2024,,Y Tarw,e8,07-11-2024,Lead,flash,2024-07-11,2024.0,8a+
Robbie Phillips,7th Nov 2024,,Y Tarw,e8,07-11-2024,Lead,worked,2024-07-11,2024.0,8a+
Dave MacLeod,2021,,Zero,8b,19-11-2021,Boulder,worked,2021-11-19,2021.0,8b
Tim Blake,12th Jun 2021,,Zero,8b,12-06-2021,Boulder,worked,2021-12-06,2021.0,8b
Rhys Langlands,6th Mar 2022,,Zero,8b,06-03-2022,Boulder,worked,2022-06-03,2022.0,8b
Sam Blackwell,2023,,Zero,8b,19-11-2023,Boulder,worked,2023-11-19,2023.0,8b
Niccolò Ceria,7th Dec 2015,,Ziqqurat,8c,07-12-2015,Boulder,worked,2015-07-12,2015.0,8c
Gabriele Moroni,28th Sep 2017,,Ziqqurat,8c,28-09-2017,Boulder,worked,2017-09-28,2017.0,8c
Elias Iagnemma,24th Oct 2021,,Ziqqurat,8c,24-10-2021,Boulder,worked,2021-10-24,2021.0,8c
Marcello Bombardi,23rd Nov 2021,,Ziqqurat,8c,23-11-2021,Boulder,worked,2021-11-23,2021.0,8c
Ron Fawcett,1985,,Zoolook,8a,19-11-1985,Lead,worked,1985-11-19,1985.0,8a
Jerry Moffatt,Jun 1989,,Zoolook,8a,19-06-1989,Lead,onsight,1989-06-19,1989.0,8a
Simon Lee,1st Oct 1994,,Zoolook,8a,01-10-1994,Lead,worked,1994-01-10,1994.0,8a
Jenny Woodward,2004,,Zoolook,8a,19-11-2004,Lead,worked,2004-11-19,2004.0,8a
Bernhard Schwaiger,6th Dec 2003,,Zunami,8c,06-12-2003,Boulder,worked,2003-06-12,2003.0,8c
Hermann Schwaiger,2004,,Zunami,8c,19-11-2004,Boulder,worked,2004-11-19,2004.0,8c
Klem Loskot,Nov 2012,,Zunami,8c,19-11-2012,Boulder,worked,2012-11-19,2012.0,8c
Tamas Zupan,14th May 2016,,Zunami,8c,14-05-2016,Lead,worked,2016-05-14,2016.0,8c
Bernd Zangerl,2015,,29 Dots,8a+,19-11-2015,Solo,worked,2015-11-19,2015.0,8a+
Gabriele Moroni,2017,,29 Dots,8a+,19-11-2017,Solo,worked,2017-11-19,2017.0,8a+
James Pearson,Apr 2024,,29 Dots,8a+,19-04-2024,Solo,worked,2024-04-19,2024.0,8a+
Alex Barrows,25th May 2020,,30 Is The New 40,8c,25-05-2020,Lead,worked,2020-05-25,2020.0,8c
Felix Wilkins,31st Jul 2021,,30 Is The New 40,8c,31-07-2021,Lead,worked,2021-07-31,2021.0,8c
Pete Dawson,26th Sep 2021,,30 Is The New 40,8c,26-09-2021,Lead,worked,2021-09-26,2021.0,8c
John Hart,1995,,42,8b+,19-11-1995,Lead,worked,1995-11-19,1995.0,8b+
Steve McClure,1999,,42,8b+,19-11-1999,Lead,worked,1999-11-19,1999.0,8b+
Dan Varian,2008,,A Bigger Belly,8b,19-11-2008,Boulder,worked,2008-11-19,2008.0,8b
Ned Feehally,2010,,A Bigger Belly,8b,19-11-2010,Boulder,worked,2010-11-19,2010.0,8b
Shauna Coxsey,Sep 2013,,A Bigger Belly,8b,19-09-2013,Boulder,worked,2013-09-19,2013.0,8b
Johnny Dawes,1984,,Adam Smiths Invisible Hand,e6,19-11-1984,Lead,worked,1984-11-19,1984.0,7b+
James Ibbertson,2001,,Adam Smiths Invisible Hand,e6,19-11-2001,Lead,onsight,2001-11-19,2001.0,7b+
Shaun Hutson,,,Adam Smiths Invisible Hand,e6,,Lead,worked,,,7b+
Haydn Jones,13th Aug 2019,8c,Against The Current,8c,13-08-2019,Boulder,worked,2019-08-13,2019.0,8c
James Noble,25th Oct 2019,8c,Against The Current,8c,25-10-2019,Boulder,worked,2019-10-25,2019.0,8c
Felix Wilkins,1st Jun 2023,,Against The Current,8c,01-06-2023,Boulder,worked,2023-01-06,2023.0,8c
Adrian Berry,7th Jul 2013,,Air Show,8a+,07-07-2013,Lead,worked,2013-07-07,2013.0,8a+
Stuart Littlefair,,,Air Show,8a+,,Lead,onsight,,,8a+
Rob Sutton,,,Air Show,8a+,,Lead,onsight,,,8a+
Chris Sharma,Sep 2016,,Alasha,9a,19-09-2016,Deep Water Solo,worked,2016-09-19,2016.0,9a
Jakob Schubert,10th Oct 2021,9a,Alasha,9a,10-10-2021,Deep Water Solo,worked,2021-10-10,2021.0,9a
Michael Piccolruaz,26th Sep 2023,9a,Alasha,9a,26-09-2023,Lead,worked,2023-09-26,2023.0,9a
Piotr Schab,10th Apr 2021,,Ali Baba,8b+,10-04-2021,Boulder,worked,2021-10-04,2021.0,8b+
Piotr Oleszczuk,7th Sep 2022,,Ali Baba,8b+,07-09-2022,Boulder,worked,2022-07-09,2022.0,8b+
Mateusz Haladaj,23rd Oct 2022,,Ali Baba,8b+,23-10-2022,Boulder,worked,2022-10-23,2022.0,8b+
Dani Andrada,8th Nov 2007,,Ali Hulk (extension Sit Start),9b,08-11-2007,Lead,worked,2007-08-11,2007.0,9b
Magnus Midtbø,29th Aug 2010,,Ali Hulk (extension Sit Start),9b,29-08-2010,Lead,worked,2010-08-29,2010.0,9b
Domen Škofic,16th Oct 2021,,Ali Hulk (extension Sit Start),9b,16-10-2021,Lead,worked,2021-10-16,2021.0,9b
Gary Gibson,31st Aug 1987,,Always The Sun,e7,31-08-1987,Lead,worked,1987-08-31,1987.0,7c+
Steve McClure,Aug 2021,,Always The Sun,e7,19-08-2021,Lead,onsight,2021-08-19,2021.0,7c+
Emma Twyford,Aug 2021,,Always The Sun,e7,19-08-2021,Lead,onsight,2021-08-19,2021.0,7c+
Daniel Woods,25th Nov 2009,,American Gangster,8b+,25-11-2009,Boulder,worked,2009-11-25,2009.0,8b+
Florian Wientjes,2024,,American Gangster,8b+,19-11-2024,Boulder,worked,2024-11-19,2024.0,8b+
Nicolai Užnik,8th Nov 2024,,American Gangster,8b+,08-11-2024,Boulder,flash,2024-08-11,2024.0,8b+
Sam Rothstein,4th Jul 2021,,Andromeda,8b+,04-07-2021,Boulder,worked,2021-04-07,2021.0,8b+
Sam Struthers,30th Sep 2023,,Andromeda,8b+,30-09-2023,Boulder,worked,2023-09-30,2023.0,8b+
Cyrus Johnston,,,Andromeda,8b+,,Boulder,worked,,,8b+
Matt Gentile,15th Nov 2013,8B,Angmar,8b+,15-11-2013,Boulder,worked,2013-11-15,2013.0,8b+
Austin Purdy,24th Nov 2021,8B+,Angmar,8b+,24-11-2021,Boulder,worked,2021-11-24,2021.0,8b+
Joel Unema,10th Oct 2023,8B+,Angmar,8b+,10-10-2023,Boulder,worked,2023-10-10,2023.0,8b+
Pol Roca Lopez,Oct 2020,,Animalistic,8c,19-10-2020,Deep Water Solo,worked,2020-10-19,2020.0,8c
Jernej Kruder,29th Sep 2022,,Animalistic,8c,29-09-2022,Deep Water Solo,worked,2022-09-29,2022.0,8c
Marco Müller,Oct 2023,,Animalistic,8c,19-10-2023,Deep Water Solo,worked,2023-10-19,2023.0,8c
Dan Turner,7th May 2019,,Antediluvian,8b,07-05-2019,Boulder,worked,2019-07-05,2019.0,8b
Jim Pope,3rd Oct 2020,,Antediluvian,8b,03-10-2020,Boulder,worked,2020-03-10,2020.0,8b
Nathaniel Gjoderum-Hall,24th May 2024,,Antediluvian,8b,24-05-2024,Boulder,worked,2024-05-24,2024.0,8b
Adam Ondra,2nd Jan 2010,9a,A Present For The Future,9a,02-01-2010,Lead,worked,2010-02-01,2010.0,9a
Stefano Carnati,16th Jan 2021,9a/9a+,A Present For The Future,9a,16-01-2021,Lead,worked,2021-01-16,2021.0,9a
Luca Bana,14th Mar 2024,9a+,A Present For The Future,9a,14-03-2024,Lead,worked,2024-03-14,2024.0,9a
Jerry Moffatt,2002,,Ard Ay,8a+,19-11-2002,Boulder,worked,2002-11-19,2002.0,8a+
Dave Mason,30th May 2017,,Ard Ay,8a+,30-05-2017,Boulder,worked,2017-05-30,2017.0,8a+
Mina Leslie-Wujastyk,1st Jun 2017,,Ard Ay,8a+,01-06-2017,Boulder,worked,2017-01-06,2017.0,8a+
Matt Fultz,21st Feb 2016,,Army Of The Dead,8b,21-02-2016,Boulder,worked,2016-02-21,2016.0,8b
Allison Vest,8th Dec 2021,,Army Of The Dead,8b,08-12-2021,Boulder,worked,2021-08-12,2021.0,8b
Beckett Hsin,28th Mar 2024,,Army Of The Dead,8b,28-03-2024,Boulder,worked,2024-03-28,2024.0,8b
Simon Nadin,1986,,"B4, Xs",e7,19-11-1986,Lead,worked,1986-11-19,1986.0,7c+
Seb Grieve,21st Oct 1995,,"B4, Xs",e7,21-10-1995,Lead,worked,1995-10-21,1995.0,7c+
Steve Ramsden,14th Sep 2017,,"B4, Xs",e7,14-09-2017,Lead,worked,2017-09-14,2017.0,7c+
Jean-Baptiste Tribout,1991,,Badman,8b+,19-11-1991,Lead,worked,1991-11-19,1991.0,8b+
Elie Chevieux,1994,,Badman,8b+,19-11-1994,Lead,worked,1994-11-19,1994.0,8b+
Adam Ondra,10th Nov 2018,,Badman,8b+,10-11-2018,Lead,onsight,2018-10-11,2018.0,8b+
Danny Cattell,,,Bara Brith,7c,,Boulder,worked,,,7c
Katie Maxwell,20th Jul 2023,,Bara Brith,7c,20-07-2023,Boulder,worked,2023-07-20,2023.0,7c
Elin Lois,6th Jan 2024,,Bara Brith,7c,06-01-2024,Boulder,worked,2024-06-01,2024.0,7c
Nicolas Favresse,27th Feb 2004,,Barjoland,8b,27-02-2004,Lead,flash,2004-02-27,2004.0,8b
Mike Owen,18th Mar 2006,,Barjoland,8b,18-03-2006,Lead,worked,2006-03-18,2006.0,8b
Magnus Midtbø,8th Apr 2006,,Barjoland,8b,08-04-2006,Lead,flash,2006-08-04,2006.0,8b
James McHaffie,Jun 2010,,Barney Ragin,8b+,19-06-2010,Lead,worked,2010-06-19,2010.0,8b+
Jon Clark,15th Jul 2010,,Barney Ragin,8b+,15-07-2010,Lead,worked,2010-07-15,2010.0,8b+
Rhoslyn Frugtniet,26th Aug 2024,,Barney Ragin,8b+,26-08-2024,Lead,worked,2024-08-26,2024.0,8b+
Dani Andrada,16th Feb 2006,8c+/9a,Barrakito Puro Y Dur,9a,16-02-2006,Lead,worked,2006-02-16,2006.0,9a
Chris Sharma,2009,,Barrakito Puro Y Dur,9a,19-11-2009,Lead,worked,2009-11-19,2009.0,9a
Ramón Julián Puigblanque,14th Mar 2010,8c+/9a,Barrakito Puro Y Dur,9a,14-03-2010,Lead,worked,2010-03-14,2010.0,9a
Dave Graham,7th Dec 2014,,Barrel Rider,8b,07-12-2014,Boulder,worked,2014-07-12,2014.0,8b
Jimmy Webb,17th Jan 2016,,Barrel Rider,8b,17-01-2016,Boulder,flash,2016-01-17,2016.0,8b
Eric Jerome,,,Barrel Rider,8b,,Boulder,worked,,,8b
Simon Nadin,20th Oct 1983,,Barriers In Time,e6,20-10-1983,Lead,worked,1983-10-20,1983.0,7b+
Tony Ryan,Nov 1983,,Barriers In Time,e6,19-11-1983,Lead,flash,1983-11-19,1983.0,7b+
Neil Kershaw,2010,,Barriers In Time,e6,19-11-2010,Lead,onsight,2010-11-19,2010.0,7b+
Dorothea Karalus,2018,,Battle Cat,8c,19-11-2018,Lead,worked,2018-11-19,2018.0,8c
Chris Smith,12th Aug 2019,,Battle Cat,8c,12-08-2019,Lead,worked,2019-12-08,2019.0,8c
Staša Gejo,6th Oct 2021,,Battle Cat,8c,06-10-2021,Lead,worked,2021-06-10,2021.0,8c
Fred Beckey,1959,,Beckymather,e5,19-11-1959,Lead,,1959-11-19,1959.0,7a+
Hank Mather,1959,,Beckymather,e5,19-11-1959,Lead,,1959-11-19,1959.0,7a+
Will Stanhope,,,Beckymather,e5,,Solo,worked,,,7a+
Mike Adams,,,Before The Rain,8a,,Boulder,worked,,,8a
Dan Turner,22nd Aug 2020,,Before The Rain,8a,22-08-2020,Boulder,worked,2020-08-22,2020.0,8a
Liam Hutchinson,Aug 2023,8A,Before The Rain,8a,19-08-2023,Boulder,worked,2023-08-19,2023.0,8a
Will Bosi,16th Jan 2022,,Below Zero,8b+,16-01-2022,Boulder,worked,2022-01-16,2022.0,8b+
Dave MacLeod,Between 30th Jan 2022 and 30th Jan 2023,,Below Zero,8b+,,Boulder,worked,,,8b+
Rhys Langlands,23rd Mar 2022,,Below Zero,8b+,23-03-2022,Boulder,worked,2022-03-23,2022.0,8b+
Jon Fullwood,2nd Aug 2008,,Beluga,8a+,02-08-2008,Lead,worked,2008-02-08,2008.0,8a+
Rhoslyn Frugtniet,29th Sep 2020,,Beluga,8a+,29-09-2020,Lead,worked,2020-09-29,2020.0,8a+
Jennifer Wood,19th Oct 2023,,Beluga,8a+,19-10-2023,Lead,worked,2023-10-19,2023.0,8a+
Rhys Langlands,14th Mar 2022,,Big Chief,8b,14-03-2022,Boulder,worked,2022-03-14,2022.0,8b
Dave MacLeod,Nov 2022,,Big Chief,8b,19-11-2022,Boulder,worked,2022-11-19,2022.0,8b
Aidan Roberts,,,Big Chief,8b,,Boulder,worked,,,8b
Jimmy Webb,,,Big Kat,8b+,,Boulder,worked,,,8b+
Nathan Phillips,27th Oct 2021,,Big Kat,8b+,27-10-2021,Boulder,worked,2021-10-27,2021.0,8b+
Kyle Howard,,,Big Kat,8b+,,Boulder,worked,,,8b+
Shawn Raboutou,29th Dec 2020,8C+,Big Z,8c+,29-12-2020,Boulder,worked,2020-12-29,2020.0,8c+
Matt Fultz,19th Mar 2024,8C+,Big Z,8c+,19-03-2024,Boulder,worked,2024-03-19,2024.0,8c+
David Fitzgerald,May 2024,,Big Z,8c+,19-05-2024,Boulder,worked,2024-05-19,2024.0,8c+
Alex Johnson,21st Oct 2022,,Blackout,8b,21-10-2022,Boulder,worked,2022-10-21,2022.0,8b
Sera Gearhart,16th Nov 2024,,Blackout,8b,16-11-2024,Boulder,worked,2024-11-16,2024.0,8b
Andy Lamb,,,Blackout,8b,,Boulder,flash,,,8b
Giuliano Cameroni,15th Jun 2019,,Blade Runner,8c,15-06-2019,Boulder,worked,2019-06-15,2019.0,8c
Ben Burkhalter,25th Jul 2019,,Blade Runner,8c,25-07-2019,Boulder,worked,2019-07-25,2019.0,8c
Shawn Raboutou,Jul 2021,,Blade Runner,8c,19-07-2021,Boulder,worked,2021-07-19,2021.0,8c
Daniel Woods,2008,,Bloody Mary,8b+,19-11-2008,Boulder,worked,2008-11-19,2008.0,8b+
Aidan Roberts,Jul 2018,,Bloody Mary,8b+,19-07-2018,Boulder,worked,2018-07-19,2018.0,8b+
Lee Sungsu,Jun 2024,,Bloody Mary,8b+,19-06-2024,Boulder,worked,2024-06-19,2024.0,8b+
Gareth Parry,1991,,Boldness Through Ignorance,e8,19-11-1991,Lead,worked,1991-11-19,1991.0,8a+
Nik Jennings,26th Apr 2010,,Boldness Through Ignorance,e8,26-04-2010,Solo,onsight,2010-04-26,2010.0,8a+
Jordan Buys,,,Boldness Through Ignorance,e8,,Solo,,,,8a+
James Pearson,Between 1st Jan 2023 and 9th Feb 2023,E12,Bon Voyage,e12,,Lead,worked,,,9a
Adam Ondra,14th Feb 2024,9a (hard),Bon Voyage,e12,14-02-2024,Lead,worked,2024-02-14,2024.0,9a
Sébastien Berthe,19th Mar 2024,,Bon Voyage,e12,19-03-2024,Lead,worked,2024-03-19,2024.0,9a
Simon Young,2000,,Booby Prize,e6,19-11-2000,Lead,,2000-11-19,2000.0,7b+
Rachel Pearce,14th Sep 2022,,Booby Prize,e6,14-09-2022,Lead,flash,2022-09-14,2022.0,7b+
Katie Keeley,10th Apr 2023,,Booby Prize,e6,10-04-2023,Lead,worked,2023-10-04,2023.0,7b+
Bryce Viola,,,Book Of Bitter Aspects Low,8b+,,Boulder,worked,,,8b+
Austin Hoyt,19th Nov 2022,,Book Of Bitter Aspects Low,8b+,19-11-2022,Boulder,worked,2022-11-19,2022.0,8b+
Ray Hansen,,,Book Of Bitter Aspects Low,8b+,,Boulder,worked,,,8b+
Mike Adams,2015,,Bordello,8b,19-11-2015,Boulder,worked,2015-11-19,2015.0,8b
James Noble,6th Apr 2017,,Bordello,8b,06-04-2017,Boulder,worked,2017-06-04,2017.0,8b
Eliot Stephens,5th Nov 2023,,Bordello,8b,05-11-2023,Boulder,worked,2023-05-11,2023.0,8b
John Dunne,26th Jun 2000,E10,Breathless,e9,26-06-2000,Lead,worked,2000-06-26,2000.0,8b
Dave Birkett,2004,,Breathless,e9,19-11-2004,Lead,worked,2004-11-19,2004.0,8b
Dave MacLeod,2005,E9 (soft),Breathless,e9,19-11-2005,Lead,worked,2005-11-19,2005.0,8b
Pete Gomersall,1989,,Bullet,8a+,19-11-1989,Lead,worked,1989-11-19,1989.0,8a+
Flo Tilley,27th Aug 2017,,Bullet,8a+,27-08-2017,Lead,worked,2017-08-27,2017.0,8a+
Naomi Buys,23rd Sep 2021,,Bullet,8a+,23-09-2021,Lead,worked,2021-09-23,2021.0,8a+
Ryuichi Murai,7th Apr 2019,,Byakudo,8c,07-04-2019,Boulder,worked,2019-07-04,2019.0,8c
Shinichiro Nomura,20th Mar 2020,,Byakudo,8c,20-03-2020,Boulder,worked,2020-03-20,2020.0,8c
Jun Shibanuma,,,Byakudo,8c,,Boulder,worked,,,8c
Dai Koyamada,11th Nov 2003,8C,Byaku Dou,8c,11-11-2003,Boulder,worked,2003-11-11,2003.0,8c
Mishka Ishi,3rd May 2019,,Byaku Dou,8c,03-05-2019,Boulder,worked,2019-03-05,2019.0,8c
Kazuma Ise,8th Feb 2020,8C,Byaku Dou,8c,08-02-2020,Boulder,worked,2020-08-02,2020.0,8c
Sean Myles,8th May 1991,E8,Captain Invincible,e9,08-05-1991,Lead,worked,1991-08-05,1991.0,8b
Robin Barker,Between 1st Jan 1993 and 1st Jan 1995,,Captain Invincible,e9,,Lead,worked,,,8b
Tom Randall,28th Feb 2014,E9,Captain Invincible,e9,28-02-2014,Lead,worked,2014-02-28,2014.0,8b
Huw Perkins,18th May 1994,,Carpe Diem,e6,18-05-1994,Lead,worked,1994-05-18,1994.0,7b+
Neil Foster,18th May 1994,,Carpe Diem,e6,18-05-1994,Lead,worked,1994-05-18,1994.0,7b+
Howard Lancashire,18th May 1994,,Carpe Diem,e6,18-05-1994,Lead,worked,1994-05-18,1994.0,7b+
Nick Dixon,13th Sep 2017,,Cassini,e8,13-09-2017,Lead,worked,2017-09-13,2017.0,8a+
Ed Booth,6th Oct 2017,,Cassini,e8,06-10-2017,Lead,worked,2017-06-10,2017.0,8a+
Emma Twyford,,,Cassini,e8,,Lead,worked,,,8a+
Joe Brown,30th Sep 1951,,Cemetry Gates,e1,30-09-1951,Lead,onsight,1951-09-30,1951.0,5c
Don Whillans,30th Sep 1951,,Cemetry Gates,e1,30-09-1951,Lead,onsight,1951-09-30,1951.0,5c
Jerry Moffatt,15th Jul 1983,,Cemetry Gates,e1,15-07-1983,Solo,repeat,1983-07-15,1983.0,5c
Jacky Godoffe,1984,,Cétait Demain,8a,19-11-1984,Boulder,worked,1984-11-19,1984.0,8a
Dave Graham,Dec 2000,,Cétait Demain,8a,19-12-2000,Boulder,flash,2000-12-19,2000.0,8a
Fred Rouhling,,,Cétait Demain,8a,,Boulder,worked,,,8a
Ben Freeman,11th Oct 2015,,Chabal,8a+,11-10-2015,Boulder,worked,2015-11-10,2015.0,8a+
Dan Turner,11th Oct 2015,,Chabal,8a+,11-10-2015,Boulder,worked,2015-11-10,2015.0,8a+
Tom Newman,20th Apr 2017,,Chabal,8a+,20-04-2017,Boulder,worked,2017-04-20,2017.0,8a+
John Bachar,1981,,Chasin The Trane,7c,19-11-1981,Lead,worked,1981-11-19,1981.0,7c
Jerry Moffatt,1983,,Chasin The Trane,7c,19-11-1983,Lead,worked,1983-11-19,1983.0,7c
Phil Davidson,,,Chasin The Trane,7c,,Lead,worked,,,7c
Tim Emmett,,,Chicama,e9,,Lead,worked,,,8b
Hazel Findlay,Mar 2013,,Chicama,e9,19-03-2013,Lead,worked,2013-03-19,2013.0,8b
Jordan Buys,Aug 2015,,Chicama,e9,19-08-2015,Lead,ground up,2015-08-19,2015.0,8b
Andy Pollitt,27th Jun 1986,E7,Chimes Of Freedom,8a+,27-06-1986,Lead,worked,1986-06-27,1986.0,8a+
Ben Moon,1990,,Chimes Of Freedom,8a+,19-11-1990,Lead,worked,1990-11-19,1990.0,8a+
Molly Thompson-Smith,14th Sep 2024,,Chimes Of Freedom,8a+,14-09-2024,Lead,worked,2024-09-14,2024.0,8a+
Heather Weidner,Jun 2016,,China Doll,e9,19-06-2016,Lead,worked,2016-06-19,2016.0,8b
Molly Mitchell,Oct 2019,,China Doll,e9,19-10-2019,Lead,worked,2019-10-19,2019.0,8b
William Moss,2024,,China Doll,e9,19-11-2024,Lead,worked,2024-11-19,2024.0,8b
Hannah Kerr,30th Jul 2020,,Ching,8a,30-07-2020,Lead,worked,2020-07-30,2020.0,8a
Roxy Elgar,16th May 2024,,Ching,8a,16-05-2024,Lead,worked,2024-05-16,2024.0,8a
Koon Morris,,,Ching,8a,,Lead,worked,,,8a
Pirmin Bertle,2012,9a,Chromosone Y,8c+,19-11-2012,Lead,worked,2012-11-19,2012.0,8c+
Alex Megos,Oct 2021,8c+,Chromosone Y,8c+,19-10-2021,Lead,flash,2021-10-19,2021.0,8c+
Adam Ondra,13th Dec 2014,,Chromosone Y,8c+,13-12-2014,Lead,flash,2014-12-13,2014.0,8c+
Gary Gibson,31st Aug 1983,,Clarion Call,7a,31-08-1983,Lead,worked,1983-08-31,1983.0,7a
Nick Dixon,1983,,Clarion Call,7a,19-11-1983,Lead,worked,1983-11-19,1983.0,7a
Seb Grieve,,,Clarion Call,7a,,Solo,worked,,,7a
Alex Megos,26th Apr 2013,,Classified,9a,26-04-2013,Lead,worked,2013-04-26,2013.0,9a
Gabriele Moroni,25th Sep 2013,9a/9a+,Classified,9a,25-09-2013,Lead,worked,2013-09-25,2013.0,9a
Adam Ondra,28th Sep 2015,9a/9a+,Classified,9a,28-09-2015,Lead,worked,2015-09-28,2015.0,9a
Seb Grieve,13th Oct 1991,E8,"Clippity Clop, Clippity Clop, Clippity Clop",e7,13-10-1991,Solo,worked,1991-10-13,1991.0,7c+
Adam Lincoln,2001,,"Clippity Clop, Clippity Clop, Clippity Clop",e7,19-11-2001,Solo,worked,2001-11-19,2001.0,7c+
Neil Bentley,,,"Clippity Clop, Clippity Clop, Clippity Clop",e7,,Lead,worked,,,7c+
Steve McClure,1st Sep 2003,,Close Of Business,8b,01-09-2003,Boulder,worked,2003-01-09,2003.0,8b
Ben Bransby,2010,,Close Of Business,8b,19-11-2010,Boulder,worked,2010-11-19,2010.0,8b
Dom Bridgwood,Apr 2017,,Close Of Business,8b,19-04-2017,Boulder,worked,2017-04-19,2017.0,8b
Johnny Dawes,12th Mar 1986,,Coeur De Lion,e8,12-03-1986,Lead,worked,1986-12-03,1986.0,8a+
James McHaffie,Apr 2015,,Coeur De Lion,e8,19-04-2015,Lead,worked,2015-04-19,2015.0,8a+
Pete Robins,Apr 2015,,Coeur De Lion,e8,19-04-2015,Lead,worked,2015-04-19,2015.0,8a+
Solly Kemball-Dorey,2021,,Combination,8b,19-11-2021,Boulder,worked,2021-11-19,2021.0,8b
Adam Smith,Apr 2022,,Combination,8b,19-04-2022,Boulder,worked,2022-04-19,2022.0,8b
Matt Helliker,Jun 2024,,Combination,8b,19-06-2024,Boulder,worked,2024-06-19,2024.0,8b
Chris Davies,,,Compact Culture,8b,,Boulder,worked,,,8b
Craig Davies,Sep 2020,,Compact Culture,8b,19-09-2020,Boulder,worked,2020-09-19,2020.0,8b
Ned Feehally,,,Compact Culture,8b,,Boulder,worked,,,8b
Daniel Lee,1981,,Cool Moon,e7,19-11-1981,Lead,worked,1981-11-19,1981.0,7c+
Tom de Gay,1999,,Cool Moon,e7,19-11-1999,Solo,worked,1999-11-19,1999.0,7c+
Ryan Pasquill,2002,,Cool Moon,e7,19-11-2002,Lead,flash,2002-11-19,2002.0,7c+
Mark Katz,Jul 2003,,Corinthian Groove,8b,19-07-2003,Lead,worked,2003-07-19,2003.0,8b
Pete Robins,Jun 2012,,Corinthian Groove,8b,19-06-2012,Lead,worked,2012-06-19,2012.0,8b
Mathew Wright,Mar 2021,,Corinthian Groove,8b,19-03-2021,Lead,worked,2021-03-19,2021.0,8b
Steve Monks,17th May 1987,,Coronary Country,e7,17-05-1987,Lead,,1987-05-17,1987.0,7c+
Mike Owen,8th Aug 1989,,Coronary Country,e7,08-08-1989,Lead,worked,1989-08-08,1989.0,7c+
Dougie Hall,Sep 1989,,Coronary Country,e7,19-09-1989,Lead,,1989-09-19,1989.0,7c+
Sasha DiGiulian,Sep 2011,,Cosi Fan Tutte,8c+,19-09-2011,Lead,worked,2011-09-19,2011.0,8c+
Magnus Midtbø,Apr 2013,,Cosi Fan Tutte,8c+,19-04-2013,Lead,onsight,2013-04-19,2013.0,8c+
Cintia Percivati,8th Jun 2023,,Cosi Fan Tutte,8c+,08-06-2023,Lead,worked,2023-08-06,2023.0,8c+
John Dunne,1986,,Countdown To Disaster,e8,19-11-1986,Lead,worked,1986-11-19,1986.0,8a+
Ryan Pasquill,15th Jun 2002,,Countdown To Disaster,e8,15-06-2002,Lead,flash,2002-06-15,2002.0,8a+
Lucinda Whittaker,,,Countdown To Disaster,e8,,Lead,worked,,,8a+
James McHaffie,1st Jun 2022,E9,Crac Yr Meistri,e9,01-06-2022,Lead,worked,2022-01-06,2022.0,8b
Angus Kille,5th Aug 2022,,Crac Yr Meistri,e9,05-08-2022,Boulder,worked,2022-05-08,2022.0,8b
Mathew Wright,11th Oct 2022,,Crac Yr Meistri,e9,11-10-2022,Lead,worked,2022-11-10,2022.0,8b
Ron Fawcett,1976,,Cream Team Special,e5,19-11-1976,Alternate Leads,worked,1976-11-19,1976.0,7a+
Geoff Birtles,1976,,Cream Team Special,e5,19-11-1976,Alternate Leads,worked,1976-11-19,1976.0,7a+
Al Evans,1976,,Cream Team Special,e5,19-11-1976,Alternate Leads,worked,1976-11-19,1976.0,7a+
Ignacio Sánchez González,26th Dec 2014,,Crisis,8c,26-12-2014,Boulder,worked,2014-12-26,2014.0,8c
Alberto Rocasolano Jaudenes,2017,,Crisis,8c,19-11-2017,Boulder,worked,2017-11-19,2017.0,8c
Jonatan Flor,4th Jan 2017,,Crisis,8c,04-01-2017,Boulder,worked,2017-04-01,2017.0,8c
Bob Hickish,10th Sep 2011,,Cro Magnum,e8,10-09-2011,Alternate Leads,worked,2011-10-09,2011.0,8a+
Dave Pickford,10th Sep 2011,,Cro Magnum,e8,10-09-2011,Alternate Leads,worked,2011-10-09,2011.0,8a+
Nalle Hukkataival,Dec 2011,,Crown Of Aragorn,8b,19-12-2011,Boulder,flash,2011-12-19,2011.0,8b
Ashima Shiraishi,Mar 2012,,Crown Of Aragorn,8b,19-03-2012,Boulder,worked,2012-03-19,2012.0,8b
Kelly Birch,Nov 2023,,Crown Of Aragorn,8b,19-11-2023,Boulder,worked,2023-11-19,2023.0,8b
Owen Whaley,4th May 2022,9a,Dad Bod,8c+,04-05-2022,Lead,worked,2022-04-05,2022.0,8c+
Cameron Hörst,13th Jun 2023,8c+,Dad Bod,8c+,13-06-2023,Lead,worked,2023-06-13,2023.0,8c+
Alex Honnold,4th Oct 2024,8c,Dad Bod,8c+,04-10-2024,Lead,worked,2024-04-10,2024.0,8c+
Gary Latter,1995,,Dalriada,e7,19-11-1995,Lead,worked,1995-11-19,1995.0,7c+
Dave MacLeod,1999,,Dalriada,e7,19-11-1999,Lead,worked,1999-11-19,1999.0,7c+
Natalie Berry,8th Oct 2015,,Dalriada,e7,08-10-2015,Lead,worked,2015-08-10,2015.0,7c+
Dan Varian,Aug 2013,,Dark Edges,8b,19-08-2013,Boulder,worked,2013-08-19,2013.0,8b
Dan Turner,11th Feb 2022,,Dark Edges,8b,11-02-2022,Boulder,worked,2022-11-02,2022.0,8b
Alex Moore,9th Oct 2022,,Dark Edges,8b,09-10-2022,Boulder,worked,2022-09-10,2022.0,8b
Pete Robins,Jul 2013,,Dark Energy,8c+,19-07-2013,Lead,worked,2013-07-19,2013.0,8c+
Jordan Buys,8th Aug 2018,,Dark Energy,8c+,08-08-2018,Lead,worked,2018-08-08,2018.0,8c+
Mike Hart,13th Aug 2022,,Dark Energy,8c+,13-08-2022,Lead,worked,2022-08-13,2022.0,8c+
Pat Littlejohn,25th Apr 1972,,Darkinbad The Brightdayler,e5,25-04-1972,Lead,,1972-04-25,1972.0,7a+
Ron Fawcett,1976,,Darkinbad The Brightdayler,e5,19-11-1976,Lead,,1976-11-19,1976.0,7a+
Euan MacFadyen,Apr 2014,,Dark Sakai,8b,19-04-2014,Boulder,worked,2014-04-19,2014.0,8b
James Squire,21st Jul 2015,,Dark Sakai,8b,21-07-2015,Boulder,worked,2015-07-21,2015.0,8b
Orrin Coley,13th Jul 2018,,Dark Sakai,8b,13-07-2018,Boulder,worked,2018-07-13,2018.0,8b
Naoki Komine,2020,,Daydream,e9,19-11-2020,Lead,worked,2020-11-19,2020.0,8b
Wataru Nakajima,2022,,Daydream,e9,19-11-2022,Lead,worked,2022-11-19,2022.0,8b
Yuji Hirayama,19th Feb 2024,,Daydream,e9,19-02-2024,Lead,worked,2024-02-19,2024.0,8b
Charles Albert,8th Jan 2017,,Délire Onirique Assis,8c,08-01-2017,Boulder,worked,2017-08-01,2017.0,8c
Nico Pelorson,13th Mar 2019,,Délire Onirique Assis,8c,13-03-2019,Boulder,worked,2019-03-13,2019.0,8c
Ryohei Kameyama,22nd Mar 2019,,Délire Onirique Assis,8c,22-03-2019,Boulder,worked,2019-03-22,2019.0,8c
Ron Fawcett,1978,,Desperate Dan,e6,19-11-1978,Lead,worked,1978-11-19,1978.0,7b+
Leo Houlding,2000,,Desperate Dan,e6,19-11-2000,Solo,onsight,2000-11-19,2000.0,7b+
Simon Witcher,Before 1st Jan 1999,,Desperate Dan,e6,,Solo,ground up,,,7b+
Dave Henderson,2003,,Devon Sent,7c+,19-11-2003,Boulder,worked,2003-11-19,2003.0,7c+
Mina Leslie-Wujastyk,Dec 2018,,Devon Sent,7c+,19-12-2018,Boulder,worked,2018-12-19,2018.0,7c+
James Pearson,14th Jan 2024,,Devon Sent,7c+,14-01-2024,Boulder,worked,2024-01-14,2024.0,7c+
Ben Moon,2000,,Diaphanous Sea,8a,19-11-2000,Boulder,flash,2000-11-19,2000.0,8a
Katie Lamb,15th Feb 2022,,Diaphanous Sea,8a,15-02-2022,Boulder,flash,2022-02-15,2022.0,8a
Allison Vest,24th Feb 2022,,Diaphanous Sea,8a,24-02-2022,Boulder,flash,2022-02-24,2022.0,8a
Dani Andrada,,,Digital System,8c,,Lead,worked,,,8c
Ashima Shiraishi,19th Mar 2014,,Digital System,8c,19-03-2014,Lead,worked,2014-03-19,2014.0,8c
Jonathan Siegrest,12th Apr 2022,,Digital System,8c,12-04-2022,Lead,flash,2022-12-04,2022.0,8c
Luke Dawson,4th Feb 2022,,Directa Cornualles,8c,04-02-2022,Lead,worked,2022-04-02,2022.0,8c
Alex Hall,11th Nov 2022,,Directa Cornualles,8c,11-11-2022,Lead,worked,2022-11-11,2022.0,8c
Tommy Gió,2nd Jan 2024,,Directa Cornualles,8c,02-01-2024,Lead,flash,2024-02-01,2024.0,8c
James McHaffie,Before 1st Jan 2002,,Disorderly Conduct,e8,,Lead,worked,,,8a+
Chris Fisher,22nd Sep 2014,,Disorderly Conduct,e8,22-09-2014,Lead,worked,2014-09-22,2014.0,8a+
Anna Taylor,8th Jul 2019,,Disorderly Conduct,e8,08-07-2019,Lead,worked,2019-08-07,2019.0,8a+
Jim Sandford,1994,,Division Bell,8b,19-11-1994,Lead,worked,1994-11-19,1994.0,8b
Mike Doyle,20th Jun 1997,,Division Bell,8b,20-06-1997,Lead,worked,1997-06-20,1997.0,8b
Sonnie Trotter,2001,,Division Bell,8b,19-11-2001,Lead,worked,2001-11-19,2001.0,8b
Johnny Woodward,1995,,Dog Eat Dog,8b+,19-11-1995,Lead,worked,1995-11-19,1995.0,8b+
Rollin Grimmett,25th Oct 2023,,Dog Eat Dog,8b+,25-10-2023,Lead,worked,2023-10-25,2023.0,8b+
James Litz,,,Dog Eat Dog,8b+,,Lead,worked,,,8b+
Franco Cookson,16th Sep 2018,,Dolphin Wall,e8,16-09-2018,Lead,worked,2018-09-16,2018.0,8a+
Alex Moore,20th Jun 2021,,Dolphin Wall,e8,20-06-2021,Lead,worked,2021-06-20,2021.0,8a+
Will Bosi,19th Jul 2024,,Dolphin Wall,e8,19-07-2024,Lead,ground up,2024-07-19,2024.0,8a+
Pete Livesey,13th Mar 1977,,Downhill Racer,e4,13-03-1977,Lead,worked,1977-03-13,1977.0,6c+
Leo Houlding,28th Jul 1993,,Downhill Racer,e4,28-07-1993,Solo,ground up,1993-07-28,1993.0,6c+
Bernard Newman,,,Downhill Racer,e4,,Solo,ground up,,,6c+
Gareth Parry,,,Dr Crimp,8b+,,Lead,worked,,,8b+
Malcolm Smith,,,Dr Crimp,8b+,,Lead,worked,,,8b+
Steve McClure,,,Dr Crimp,8b+,,Lead,onsight,,,8b+
Steve McClure,1999,,Dreadnaught,8c,19-11-1999,Lead,worked,1999-11-19,1999.0,8c
Alex Barrows,12th Aug 2018,,Dreadnaught,8c,12-08-2018,Lead,worked,2018-12-08,2018.0,8c
Pete Dawson,7th Aug 2022,,Dreadnaught,8c,07-08-2022,Lead,worked,2022-07-08,2022.0,8c
Frank Cannings,1969,,Dreadnought,e3,19-11-1969,Lead,,1969-11-19,1969.0,6b+
Pat Littlejohn,1969,,Dreadnought,e3,19-11-1969,Lead,,1969-11-19,1969.0,6b+
Pat Littlejohn,1977,,Dreadnought,e3,19-11-1977,Alternate Leads,worked,1977-11-19,1977.0,6b+
Sébastien Frigault,Mar 2001,,Dune,8b,19-03-2001,Boulder,worked,2001-03-19,2001.0,8b
Dave Mason,13th Mar 2020,,Dune,8b,13-03-2020,Boulder,worked,2020-03-13,2020.0,8b
Simon Lorenzi,,,Dune,8b,,Boulder,worked,,,8b
Fred Nicole,Oct 1997,,Eau Profonde,8b+,19-10-1997,Boulder,worked,1997-10-19,1997.0,8b+
Fred Rouhling,22nd Oct 2003,,Eau Profonde,8b+,22-10-2003,Boulder,worked,2003-10-22,2003.0,8b+
Klem Loskot,,,Eau Profonde,8b+,,Boulder,worked,,,8b+
Drew Ruana,26th Sep 2020,,Echalo,8c,26-09-2020,Boulder,worked,2020-09-26,2020.0,8c
Matt Fultz,4th Oct 2020,,Echalo,8c,04-10-2020,Boulder,worked,2020-04-10,2020.0,8c
Ben Burkhalter,,,Echalo,8c,,Boulder,worked,,,8c
Jonathan Reti,Aug 1987,,Edge Lane,e5,19-08-1987,Solo,onsight,1987-08-19,1987.0,7a+
Wolfgang Güllich,,,Edge Lane,e5,,Lead,worked,,,7a+
John Allen,,,Edge Lane,e5,,Lead,onsight,,,7a+
Keenan Takahashi,27th Sep 2023,,Ego Death,8c,27-09-2023,Boulder,worked,2023-09-27,2023.0,8c
Jimmy Webb,Aug 2024,,Ego Death,8c,19-08-2024,Boulder,worked,2024-08-19,2024.0,8c
Wes Walker,,,Ego Death,8c,,Boulder,worked,,,8c
Fred Nicole,May 1994,,E La Nave Va,8c+,19-05-1994,Boulder,worked,1994-05-19,1994.0,8c+
Fred Rouhling,Nov 2002,,E La Nave Va,8c+,19-11-2002,Boulder,worked,2002-11-19,2002.0,8c+
Josune Bereziartu,10th May 2003,,E La Nave Va,8c+,10-05-2003,Boulder,worked,2003-10-05,2003.0,8c+
Fred Nicole,1997,,Elfe,8c+,19-11-1997,Lead,worked,1997-11-19,1997.0,8c+
Klem Loskot,13th Oct 1999,,Elfe,8c+,13-10-1999,Lead,worked,1999-10-13,1999.0,8c+
Iker Pou,5th Jun 2001,,Elfe,8c+,05-06-2001,Lead,worked,2001-05-06,2001.0,8c+
Alberto Rocasolano Jaudenes,Oct 2017,8C+,El Indomable,8c,19-10-2017,Boulder,worked,2017-10-19,2017.0,8c
Ignacio Sánchez González,Jan 2018,8C,El Indomable,8c,19-01-2018,Boulder,worked,2018-01-19,2018.0,8c
Pablo Zamora,Mar 2023,8C,El Indomable,8c,19-03-2023,Boulder,worked,2023-03-19,2023.0,8c
Adam Ondra,,,El Potro,9a,,Lead,worked,,,9a
Buster Martin,15th Mar 2021,,El Potro,9a,15-03-2021,Lead,worked,2021-03-15,2021.0,9a
Alex Megos,,,El Potro,9a,,Lead,worked,,,9a
Sophie Whyte,9th Jan 2014,,El Salto Del Tigre,8a,09-01-2014,Lead,worked,2014-09-01,2014.0,8a
Emily Johnson,12th Feb 2021,,El Salto Del Tigre,8a,12-02-2021,Lead,worked,2021-12-02,2021.0,8a
Lou Wilkinson,,,El Salto Del Tigre,8a,,Lead,worked,,,8a
Klem Loskot,10th Nov 2002,,Emotional Landscapes (pre Break),8b+,10-11-2002,Boulder,worked,2002-10-11,2002.0,8b+
Martin Moser,2004,,Emotional Landscapes (pre Break),8b+,19-11-2004,Boulder,worked,2004-11-19,2004.0,8b+
Nalle Hukkataival,,,Emotional Landscapes (pre Break),8b+,,Boulder,worked,,,8b+
Dan Turner,7th May 2019,,End Game,8b,07-05-2019,Boulder,worked,2019-07-05,2019.0,8b
Jack Palmieri,3rd Oct 2020,,End Game,8b,03-10-2020,Boulder,worked,2020-03-10,2020.0,8b
Jim Pope,3rd Oct 2020,,End Game,8b,03-10-2020,Boulder,worked,2020-03-10,2020.0,8b
Philippe Le Denmat,1992,,Enigma,8b,19-11-1992,Boulder,worked,1992-11-19,1992.0,8b
Christophe Bichet,2019,,Enigma,8b,19-11-2019,Boulder,worked,2019-11-19,2019.0,8b
Tristan Chouvy,24th Nov 2021,,Enigma,8b,24-11-2021,Boulder,worked,2021-11-24,2021.0,8b
Ignacio Sánchez González,2011,,Entropia,8c,19-11-2011,Boulder,worked,2011-11-19,2011.0,8c
Jesús Muñoz,10th Dec 2021,,Entropia,8c,10-12-2021,Boulder,worked,2021-10-12,2021.0,8c
Pablo Zamora,,,Entropia,8c,,Boulder,worked,,,8c
Ion Martinez,2024,,Enura,8c,19-11-2024,Alternate Leads,worked,2024-11-19,2024.0,8c
Mamu Ponce,2024,,Enura,8c,19-11-2024,Alternate Leads,worked,2024-11-19,2024.0,8c
Iker Pou,2024,,Enura,8c,19-11-2024,Alternate Leads,worked,2024-11-19,2024.0,8c
Sam Weir,,,Epidote Extension (left),8b+,,Boulder,worked,,,8b+
Alex Mcintyre,,,Epidote Extension (left),8b+,,Boulder,worked,,,8b+
Austin Purdy,,,Epidote Extension (left),8b+,,Boulder,worked,,,8b+
Glen Sutcliffe,24th Nov 1995,,Ergometría,8a,24-11-1995,Lead,onsight,1995-11-24,1995.0,8a
Haydn Jones,1st Mar 2020,,Ergometría,8a,01-03-2020,Lead,onsight,2020-01-03,2020.0,8a
Zoe Wood,16th Jan 2021,,Ergometría,8a,16-01-2021,Lead,worked,2021-01-16,2021.0,8a
Natalia Grossman,4th May 2021,,Euro Roof Low,8b,04-05-2021,Boulder,worked,2021-04-05,2021.0,8b
Brooke Raboutou,24th May 2021,,Euro Roof Low,8b,24-05-2021,Boulder,worked,2021-05-24,2021.0,8b
Molly Thompson-Smith,27th May 2021,,Euro Roof Low,8b,27-05-2021,Boulder,worked,2021-05-27,2021.0,8b
Daniel Woods,23rd Apr 2016,,Everything Gneiss,8c,23-04-2016,Boulder,worked,2016-04-23,2016.0,8c
Matt Fultz,3rd May 2020,,Everything Gneiss,8c,03-05-2020,Boulder,worked,2020-03-05,2020.0,8c
Drew Ruana,Jan 2023,,Everything Gneiss,8c,19-01-2023,Boulder,worked,2023-01-19,2023.0,8c
Ethan Pringle,,,Everything Is Karate,8c+,,Lead,worked,,,8c+
Carlo Traversi,4th May 2018,,Everything Is Karate,8c+,04-05-2018,Lead,worked,2018-04-05,2018.0,8c+
Paige Classen,29th Oct 2023,,Everything Is Karate,8c+,29-10-2023,Lead,worked,2023-10-29,2023.0,8c+
Aidan Roberts,17th Mar 2022,8C/8C+,Everything The Light Touches,8c,17-03-2022,Boulder,worked,2022-03-17,2022.0,8c
Yannick Flohé,22nd Mar 2022,8C,Everything The Light Touches,8c,22-03-2022,Boulder,worked,2022-03-22,2022.0,8c
Simon Lorenzi,Apr 2022,8C,Everything The Light Touches,8c,19-04-2022,Boulder,worked,2022-04-19,2022.0,8c
Steve Mayers,Jun 1991,,Extinction,e8,19-06-1991,Lead,worked,1991-06-19,1991.0,8a+
Nick Dixon,Jun 1989,,Face Mecca,e9,19-06-1989,Lead,worked,1989-06-19,1989.0,8b
Johnny Dawes,1995,,Face Mecca,e9,19-11-1995,Lead,worked,1995-11-19,1995.0,8b
James McHaffie,Jun 2016,,Face Mecca,e9,19-06-2016,Lead,worked,2016-06-19,2016.0,8b
Llinos Cassidy,6th Nov 2016,,Fat Cat Roof,7c,06-11-2016,Boulder,worked,2016-06-11,2016.0,7c
Liv Pearson,3rd Jun 2021,,Fat Cat Roof,7c,03-06-2021,Boulder,worked,2021-03-06,2021.0,7c
Tala Hepburn,11th Aug 2022,,Fat Cat Roof,7c,11-08-2022,Boulder,worked,2022-11-08,2022.0,7c
Molly Thompson-Smith,24th Jul 2020,,Father And Son,8c,24-07-2020,Lead,worked,2020-07-24,2020.0,8c
Stuart Littlefair,27th Aug 2020,,Father And Son,8c,27-08-2020,Lead,worked,2020-08-27,2020.0,8c
Lucia Dörffel,7th Sep 2024,,Father And Son,8c,07-09-2024,Lead,worked,2024-07-09,2024.0,8c
Shawn Raboutou,,,Fight Club,8b+,,Boulder,worked,,,8b+
Kim Marschner,14th Mar 2023,,Fight Club,8b+,14-03-2023,Boulder,worked,2023-03-14,2023.0,8b+
Arthur Le Bris,Apr 2024,,Fight Club,8b+,19-04-2024,Boulder,worked,2024-04-19,2024.0,8b+
Richie Betts,2009,,Flawless Left,e6,19-11-2009,Lead,worked,2009-11-19,2009.0,7b+
Calum Muskett,2021,E7,Flawless Left,e6,19-11-2021,Lead,worked,2021-11-19,2021.0,7b+
Ferdia Earle,2021,E7,Flawless Left,e6,19-11-2021,Lead,worked,2021-11-19,2021.0,7b+
Alberto Rocasolano Jaudenes,,,Flor De Loto,8b,,Boulder,worked,,,8b
Pablo Zamora,Oct 2022,,Flor De Loto,8b,19-10-2022,Boulder,worked,2022-10-19,2022.0,8b
Andy Banks,,,Flor De Loto,8b,,Boulder,worked,,,8b
Natalie Berry,1st May 2019,,Foxy Lady,8a,01-05-2019,Boulder,worked,2019-01-05,2019.0,8a
Solly Kemball-Dorey,27th Apr 2022,,Foxy Lady,8a,27-04-2022,Boulder,flash,2022-04-27,2022.0,8a
Allison Vest,21st Sep 2022,,Foxy Lady,8a,21-09-2022,Boulder,flash,2022-09-21,2022.0,8a
Neil Gresham,Aug 2015,8c,Freakshow,8c,19-08-2015,Lead,worked,2015-08-19,2015.0,8c
Alex Barrows,16th Aug 2015,8c (soft),Freakshow,8c,16-08-2015,Lead,worked,2015-08-16,2015.0,8c
Aidan Roberts,Between 16th Aug 2015 and 1st Jan 2016,,Freakshow,8c,,Lead,worked,,,8c
Drew Ruana,,8B+,Freakshow,8c,,Boulder,worked,,,8c
Daniel Woods,Jan 2024,8C,Freakshow,8c,19-01-2024,Boulder,worked,2024-01-19,2024.0,8c
Austin Purdy,1st Mar 2024,,Freakshow,8c,01-03-2024,Boulder,worked,2024-01-03,2024.0,8c
John Bachar,1975,,Free Blast,e4,19-11-1975,Alternate Leads,worked,1975-11-19,1975.0,6c+
Jim Bridwell,1975,,Free Blast,e4,19-11-1975,Alternate Leads,worked,1975-11-19,1975.0,6c+
Ron Kauk,1975,,Free Blast,e4,19-11-1975,Alternate Leads,worked,1975-11-19,1975.0,6c+
Si Moore,Oct 2003,E8,French Kiss,e8,19-10-2003,Lead,worked,2003-10-19,2003.0,8a+
Nathan Lee,10th Sep 2013,E7,French Kiss,e8,10-09-2013,Lead,worked,2013-10-09,2013.0,8a+
Ethan Walker,26th Sep 2022,,French Kiss,e8,26-09-2022,Lead,worked,2022-09-26,2022.0,8a+
James Pearson,Apr 2011,,From A Distance,e7,19-04-2011,Lead,onsight,2011-04-19,2011.0,7c+
Hazel Findlay,Aug 2021,,From A Distance,e7,19-08-2021,Lead,onsight,2021-08-19,2021.0,7c+
Lucy Creamer,,,From A Distance,e7,,Lead,onsight,,,7c+
James Squire,16th Sep 2019,,From Shallow Water To Riverbed,8b+,16-09-2019,Boulder,worked,2019-09-16,2019.0,8b+
Billy Ridal,21st May 2023,,From Shallow Water To Riverbed,8b+,21-05-2023,Boulder,worked,2023-05-21,2023.0,8b+
Dave MacLeod,,,From Shallow Water To Riverbed,8b+,,Boulder,worked,,,8b+
Jonathan Siegrest,29th Nov 2020,,Full Metal Brisket,9a+,29-11-2020,Lead,worked,2020-11-29,2020.0,9a+
Tyler Thompson,7th Feb 2023,,Full Metal Brisket,9a+,07-02-2023,Lead,worked,2023-07-02,2023.0,9a+
Jesse Grupper,Dec 2023,,Full Metal Brisket,9a+,19-12-2023,Lead,worked,2023-12-19,2023.0,9a+
Gareth Parry,15th Jun 2006,,Full On Action,8b+,15-06-2006,Lead,worked,2006-06-15,2006.0,8b+
Anna Wild,28th Jun 2022,,Full On Action,8b+,28-06-2022,Lead,worked,2022-06-28,2022.0,8b+
Rhoslyn Frugtniet,7th Jul 2023,,Full On Action,8b+,07-07-2023,Lead,worked,2023-07-07,2023.0,8b+
Jerry Moffatt,2000,,Full Power,8a,19-11-2000,Boulder,worked,2000-11-19,2000.0,8a
Molly Thompson-Smith,25th Mar 2021,,Full Power,8a,25-03-2021,Boulder,worked,2021-03-25,2021.0,8a
Leah Crane,,,Full Power,8a,,Boulder,worked,,,8a
John Gaskins,5th Oct 2005,8A+/8B,Gaskins Problem,8b (approx),05-10-2005,Boulder,worked,2005-05-10,2005.0,8b
Ricky Bell,,,Gentlemans Arete,8b,,Boulder,worked,,,8b
Rob Hunter,2021,,Gentlemans Arete,8b,19-11-2021,Boulder,worked,2021-11-19,2021.0,8b
Katie Lamb,Sep 2024,,Gentlemans Arete,8b,19-09-2024,Boulder,worked,2024-09-19,2024.0,8b
Ryan Pasquill,10th Jan 2009,,Gerty Berwick,e9,10-01-2009,Lead,worked,2009-10-01,2009.0,8b
James Pearson,Feb 2009,,Gerty Berwick,e9,19-02-2009,Lead,worked,2009-02-19,2009.0,8b
Martin Stráník,6th Aug 2019,,Ghost Rider,8c,06-08-2019,Boulder,worked,2019-06-08,2019.0,8c
Adam Ondra,24th Sep 2019,,Ghost Rider,8c,24-09-2019,Boulder,worked,2019-09-24,2019.0,8c
Will Bosi,9th Apr 2022,,Ghost Rider,8c,09-04-2022,Boulder,worked,2022-09-04,2022.0,8c
Calum Muskett,16th Nov 2015,,Ginger Ninja,e7,16-11-2015,Lead,worked,2015-11-16,2015.0,7c+
Ed Booth,16th Nov 2015,E7 (soft),Ginger Ninja,e7,16-11-2015,Lead,worked,2015-11-16,2015.0,7c+
Rachel Pearce,18th May 2024,,Ginger Ninja,e7,18-05-2024,Lead,worked,2024-05-18,2024.0,7c+
Dan Varian,,,Glen Ross,8a+,,Boulder,worked,,,8a+
Katie Lamb,Sep 2024,,Glen Ross,8a+,19-09-2024,Boulder,worked,2024-09-19,2024.0,8a+
Ricky Bell,,,Glen Ross,8a+,,Boulder,worked,,,8a+
Don Whillans,1958,,Goliath,e4,19-11-1958,Lead,onsight,1958-11-19,1958.0,6c+
Kim Carrigan,,,Goliath,e4,,Solo,onsight,,,6c+
Stefano Ghisolfi,9th Nov 2020,,Goosfraba,8c+,09-11-2020,Lead,worked,2020-09-11,2020.0,8c+
Adam Ondra,29th Mar 2022,,Goosfraba,8c+,29-03-2022,Lead,flash,2022-03-29,2022.0,8c+
Buster Martin,1st Nov 2022,,Goosfraba,8c+,01-11-2022,Lead,worked,2022-01-11,2022.0,8c+
James McHaffie,14th Feb 2016,,Gravity Wave,e8,14-02-2016,Lead,worked,2016-02-14,2016.0,8a+
Alex Mason,14th Feb 2016,,Gravity Wave,e8,14-02-2016,Lead,worked,2016-02-14,2016.0,8a+
Emma Twyford,Mar 2016,,Gravity Wave,e8,19-03-2016,Lead,flash,2016-03-19,2016.0,8a+
Steve McClure,27th May 2019,,Greatness Wall,e10,27-05-2019,Lead,worked,2019-05-27,2019.0,8b+
Ned Feehally,,,"Half Lamb, Half Machine",8b,,Boulder,worked,,,8b
Billy Ridal,27th Sep 2020,,"Half Lamb, Half Machine",8b,27-09-2020,Boulder,worked,2020-09-27,2020.0,8b
Orrin Coley,11th Oct 2021,,"Half Lamb, Half Machine",8b,11-10-2021,Boulder,worked,2021-11-10,2021.0,8b
Johnny Dawes,15th May 1988,,Hardback Thesaurus,e8,15-05-1988,Lead,ground up,1988-05-15,1988.0,8a+
Mike Turner,1990s,,Hardback Thesaurus,e8,19-11-2024,Lead,ground up,2024-11-19,2024.0,8a+
Doug Shaw,,,Hardback Thesaurus,e8,,Lead,onsight,,,8a+
Ron Kauk,,,Heaven,e6,,Lead,worked,,,7b+
Dean Potter,2005,,Heaven,e6,19-11-2005,Solo,worked,2005-11-19,2005.0,7b+
Alex Honnold,22nd Sep 2011,,Heaven,e6,22-09-2011,Solo,flash,2011-09-22,2011.0,7b+
Jordan Buys,25th Aug 2017,,Hector Protector,8b,25-08-2017,Lead,worked,2017-08-25,2017.0,8b
Sam Clarke,2023,8b+,Hector Protector,8b,19-11-2023,Lead,worked,2023-11-19,2023.0,8b
Steve McClure,Jun 2024,,Hector Protector,8b,19-06-2024,Lead,worked,2024-06-19,2024.0,8b
Dave Birkett,14th Jul 1992,,Hellish,e8,14-07-1992,Lead,worked,1992-07-14,1992.0,8a+
James McHaffie,Before 1st Jan 2002,,Hellish,e8,,Lead,worked,,,8a+
Ben West,19th Aug 2014,,Helvetia,8b+,19-08-2014,Lead,worked,2014-08-19,2014.0,8b+
Gavin Symonds,18th Jul 2015,,Helvetia,8b+,18-07-2015,Lead,worked,2015-07-18,2015.0,8b+
Rhoslyn Frugtniet,15th Sep 2018,,Helvetia,8b+,15-09-2018,Lead,worked,2018-09-15,2018.0,8b+
Katie Brown,1999,,Hidrofóbia (l2),8b+,19-11-1999,Lead,flash,1999-11-19,1999.0,8b+
Josune Bereziartu,18th Apr 2006,,Hidrofóbia (l2),8b+,18-04-2006,Lead,onsight,2006-04-18,2006.0,8b+
Seo Chae-Hyun,25th Nov 2022,,Hidrofóbia (l2),8b+,25-11-2022,Lead,onsight,2022-11-25,2022.0,8b+
Rob Matheson,1971,,Holocaust,e4,19-11-1971,Lead,worked,1971-11-19,1971.0,6c+
Bob Smith,1979,,Holocaust,e4,19-11-1979,Lead,onsight,1979-11-19,1979.0,6c+
Rob Matheson,2021,,Holocaust,e4,19-11-2021,Lead,repeat,2021-11-19,2021.0,6c+
Steve Dunning,23rd May 2002,8c,Hooligan,8c+,23-05-2002,Lead,worked,2002-05-23,2002.0,8c+
Paul Smitton,31st Oct 2007,,Hooligan,8c+,31-10-2007,Lead,worked,2007-10-31,2007.0,8c+
Will Bosi,17th Nov 2021,8c+,Hooligan,8c+,17-11-2021,Lead,worked,2021-11-17,2021.0,8c+
Jon Cardwell,,,Hoop Dance,8b+,,Boulder,worked,,,8b+
Oliver Kuang,,,Hoop Dance,8b+,,Boulder,worked,,,8b+
Caleb Franchere,,,Hoop Dance,8b+,,Boulder,worked,,,8b+
Dai Koyamada,May 2015,,Horizon,8c,19-05-2015,Boulder,worked,2015-05-19,2015.0,8c
Ashima Shiraishi,22nd Mar 2016,,Horizon,8c,22-03-2016,Boulder,worked,2016-03-22,2016.0,8c
Daisuke Ichimiya,13th Jan 2017,8C,Horizon,8c,13-01-2017,Boulder,worked,2017-01-13,2017.0,8c
Eliot Stephens,1st Mar 2020,8B+,Húsafell,8b+,01-03-2020,Boulder,worked,2020-01-03,2020.0,8b+
Solly Kemball-Dorey,18th Nov 2022,8B+ (hard),Húsafell,8b+,18-11-2022,Boulder,worked,2022-11-18,2022.0,8b+
Leo Skinner,12th Dec 2022,,Húsafell,8b+,12-12-2022,Boulder,worked,2022-12-12,2022.0,8b+
Aidan Roberts,Jul 2021,,Hustled Sds,8b,19-07-2021,Boulder,worked,2021-07-19,2021.0,8b
Eliot Stephens,24th Jul 2021,,Hustled Sds,8b,24-07-2021,Boulder,worked,2021-07-24,2021.0,8b
Tim Blake,1st Sep 2021,,Hustled Sds,8b,01-09-2021,Boulder,worked,2021-01-09,2021.0,8b
Eliot Stephens,May 2022,,Hydro,8b,19-05-2022,Boulder,worked,2022-05-19,2022.0,8b
Shauna Coxsey,Jun 2023,,Hydro,8b,19-06-2023,Boulder,worked,2023-06-19,2023.0,8b
Harry Leeds,21st Mar 2024,,Hydro,8b,21-03-2024,Boulder,worked,2024-03-21,2024.0,8b
Boone Speed,1997,,Ice Cream,8c+,19-11-1997,Lead,worked,1997-11-19,1997.0,8c+
Dave Graham,30th Oct 2001,,Ice Cream,8c+,30-10-2001,Lead,worked,2001-10-30,2001.0,8c+
James Litz,21st Nov 2003,,Ice Cream,8c+,21-11-2003,Lead,worked,2003-11-21,2003.0,8c+
Dave Birkett,1992,,If 6 Was 9,e9,19-11-1992,Lead,worked,1992-11-19,1992.0,8b
Dave MacLeod,2007,,If 6 Was 9,e9,19-11-2007,Lead,worked,2007-11-19,2007.0,8b
Craig Matheson,8th Nov 2019,,If 6 Was 9,e9,08-11-2019,Lead,worked,2019-08-11,2019.0,8b
Patxi Usobiaga,21st Mar 2003,,Il Domani,9a,21-03-2003,Lead,worked,2003-03-21,2003.0,9a
Ramón Julián Puigblanque,28th Jun 2013,,Il Domani,9a,28-06-2013,Lead,worked,2013-06-28,2013.0,9a
Adam Ondra,4th May 2014,,Il Domani,9a,04-05-2014,Lead,onsight,2014-04-05,2014.0,9a
Camille Coudert,,,Imothep (du Sol),8b+,,Boulder,worked,,,8b+
Nico Pelorson,Before 2nd Apr 2023,,Imothep (du Sol),8b+,,Boulder,worked,,,8b+
Jonas Winter,Apr 2024,,Imothep (du Sol),8b+,19-04-2024,Boulder,worked,2024-04-19,2024.0,8b+
Chris Sharma,Before 1st Jan 2006,,Impossible Traverse,8b,,Boulder,worked,,,8b
Brian Hedrick,23rd Mar 2011,8B (hard),Impossible Traverse,8b,23-03-2011,Boulder,worked,2011-03-23,2011.0,8b
David Fitzgerald,,,Impossible Traverse,8b,,Boulder,worked,,,8b
Jerry Moffatt,1983,,Impropa Opera,7c,19-11-1983,Boulder,worked,1983-11-19,1983.0,7c
Pete Kirton,1983,,Impropa Opera,7c,19-11-1983,Boulder,worked,1983-11-19,1983.0,7c
Hannah Hayes,18th Oct 2020,,Impropa Opera,7c,18-10-2020,Boulder,worked,2020-10-18,2020.0,7c
Eric Talmadge,6th Dec 2000,,Im Reich Des Shogun,9a,06-12-2000,Lead,worked,2000-06-12,2000.0,9a
Adam Ondra,30th Sep 2009,,Im Reich Des Shogun,9a,30-09-2009,Lead,worked,2009-09-30,2009.0,9a
Alex Megos,31st Aug 2017,,Im Reich Des Shogun,9a,31-08-2017,Lead,worked,2017-08-31,2017.0,9a
Jerry Moffatt,1980s,,Inertia Reel Traverse,8a+,19-11-2024,Boulder,worked,2024-11-19,2024.0,8a+
Gareth Scott,1995,,Inertia Reel Traverse,8a+,19-11-1995,Boulder,worked,1995-11-19,1995.0,8a+
Rob Smith,2012,,Inertia Reel Traverse,8a+,19-11-2012,Boulder,worked,2012-11-19,2012.0,8a+
Dani Andrada,15th Jan 2008,8c+/9a,Ingravid Extension Pa La Enmienda,8c+,15-01-2008,Lead,worked,2008-01-15,2008.0,8c+
Ramón Julián Puigblanque,26th Jan 2008,8c+/9a,Ingravid Extension Pa La Enmienda,8c+,26-01-2008,Lead,worked,2008-01-26,2008.0,8c+
Alex Barrows,21st Feb 2024,8c+ (hard),Ingravid Extension Pa La Enmienda,8c+,21-02-2024,Lead,worked,2024-02-21,2024.0,8c+
Pete Whittaker,13th Sep 2009,,Inspiration Dedication,e8,13-09-2009,Lead,worked,2009-09-13,2009.0,8a+
Nathan Lee,29th Sep 2013,,Inspiration Dedication,e8,29-09-2013,Lead,worked,2013-09-29,2013.0,8a+
Ethan Walker,26th Sep 2022,,Inspiration Dedication,e8,26-09-2022,Lead,worked,2022-09-26,2022.0,8a+
Klem Loskot,1997,,Intermezzo Xy Gelöst,9a,19-11-1997,Lead,worked,1997-11-19,1997.0,9a
Klem Loskot,1998,,Intermezzo Xy Gelöst,9a,19-11-1998,Lead,repeat,1998-11-19,1998.0,9a
Alex Megos,22nd Sep 2021,,Intermezzo Xy Gelöst,9a,22-09-2021,Lead,flash,2021-09-22,2021.0,9a
Aidan Roberts,Jul 2022,8C+,Isles Of Wonder Sds,8c+,19-07-2022,Boulder,worked,2022-07-19,2022.0,8c+
Will Bosi,21st May 2023,8C,Isles Of Wonder Sds,8c+,21-05-2023,Boulder,worked,2023-05-21,2023.0,8c+
Solly Kemball-Dorey,24th May 2024,8C+,Isles Of Wonder Sds,8c+,24-05-2024,Boulder,worked,2024-05-24,2024.0,8c+
Martin Stráník,13th May 2020,,Janja Sd,8b+,13-05-2020,Boulder,worked,2020-05-13,2020.0,8b+
Will Bosi,Oct 2024,,Janja Sd,8b+,19-10-2024,Boulder,flash,2024-10-19,2024.0,8b+
Štěpán Stráník,,,Janja Sd,8b+,,Boulder,worked,,,8b+
Alex Megos,17th Jun 2014,9a,Janus,9a,17-06-2014,Lead,worked,2014-06-17,2014.0,9a
Yannick Flohé,2024,9a+,Janus,9a,19-11-2024,Lead,worked,2024-11-19,2024.0,9a
Moritz Welt,9th May 2024,9a (hard),Janus,9a,09-05-2024,Lead,worked,2024-09-05,2024.0,9a
Jack Street,1963,,Jasper,e3,19-11-1963,Lead,onsight,1963-11-19,1963.0,6b+
Tom Proctor,1975,,Jasper,e3,19-11-1975,Lead,onsight,1975-11-19,1975.0,6b+
Tom Proctor,1980,,Jasper,e3,19-11-1980,Lead,repeat,1980-11-19,1980.0,6b+
Ned Feehally,Feb 2015,,Jour De Chasse,8b+,19-02-2015,Boulder,worked,2015-02-19,2015.0,8b+
Kevin Lopata,3rd Feb 2016,,Jour De Chasse,8b+,03-02-2016,Boulder,worked,2016-03-02,2016.0,8b+
James Noble,30th Oct 2016,,Jour De Chasse,8b+,30-10-2016,Boulder,worked,2016-10-30,2016.0,8b+
Seb Grieve,21st Aug 1994,,K3,8a+,21-08-1994,Lead,worked,1994-08-21,1994.0,8a+
Simon Lee,29th Jul 2010,,K3,8a+,29-07-2010,Lead,worked,2010-07-29,2010.0,8a+
Neil Mawson,Jul 2011,,K3,8a+,19-07-2011,Lead,flash,2011-07-19,2011.0,8a+
Alex Mason,25th May 2015,,Katies Delight,e7,25-05-2015,Lead,worked,2015-05-25,2015.0,7c+
Rachel Pearce,29th Jun 2023,,Katies Delight,e7,29-06-2023,Lead,worked,2023-06-29,2023.0,7c+
Harriet Ridley,,,Katies Delight,e7,,Lead,worked,,,7c+
Rubén Díaz Torres,Feb 2013,8C,Kemena,8c,19-02-2013,Boulder,worked,2013-02-19,2013.0,8c
Ignacio Sánchez González,2013,8B+,Kemena,8c,19-11-2013,Boulder,worked,2013-11-19,2013.0,8c
Alberto Rocasolano Jaudenes,Feb 2024,8C,Kemena,8c,19-02-2024,Boulder,worked,2024-02-19,2024.0,8c
Will Bosi,9th Mar 2021,9b+,King Capella,9b,09-03-2021,Lead,worked,2021-09-03,2021.0,9b
Alex Megos,21st Nov 2021,,King Capella,9b,21-11-2021,Lead,worked,2021-11-21,2021.0,9b
Jakob Schubert,11th Dec 2021,9b,King Capella,9b,11-12-2021,Lead,worked,2021-11-12,2021.0,9b
Glen Sutcliffe,21st Oct 1990,,Kleptomania,8a,21-10-1990,Lead,worked,1990-10-21,1990.0,8a
Ben Moon,1991,,Kleptomania,8a,19-11-1991,Lead,onsight,1991-11-19,1991.0,8a
Molly Thompson-Smith,16th Apr 2022,,Kleptomania,8a,16-04-2022,Lead,onsight,2022-04-16,2022.0,8a
Toshi Takeuchi,,,Kuzan,8c,,Boulder,worked,,,8c
Ryohei Kameyama,2nd Dec 2019,,Kuzan,8c,02-12-2019,Boulder,worked,2019-02-12,2019.0,8c
Shinichiro Nomura,23rd Feb 2023,,Kuzan,8c,23-02-2023,Boulder,worked,2023-02-23,2023.0,8c
Adam Ondra,2nd Feb 2018,9a+,La Castagne,9a+,02-02-2018,Lead,worked,2018-02-02,2018.0,9a+
Alex Megos,Mar 2021,9a/9a+,La Castagne,9a+,19-03-2021,Lead,worked,2021-03-19,2021.0,9a+
Alex Rohr,5th Dec 2022,,La Castagne,9a+,05-12-2022,Lead,worked,2022-05-12,2022.0,9a+
Jean-Cristophe Lafaille,Between 12th Feb 2001 and 21st Feb 2001,,Lafaille Route,ed3,,Aid,,,,ed3
Andy Kirkpatrick,Feb 2003,,Lafaille Route,ed3,19-02-2003,Aid,,2003-02-19,2003.0,ed3
Ian Parnell,Feb 2003,,Lafaille Route,ed3,19-02-2003,Aid,,2003-02-19,2003.0,ed3
Alex Megos,,,La Ley Indignata,9a,,Lead,worked,,,9a
Adam Ondra,9th Nov 2020,,La Ley Indignata,9a,09-11-2020,Lead,worked,2020-09-11,2020.0,9a
Will Bosi,2nd Mar 2021,,La Ley Indignata,9a,02-03-2021,Lead,worked,2021-02-03,2021.0,9a
Gérome Pouvreau,2011,,La Madone,9a+,19-11-2011,Lead,worked,2011-11-19,2011.0,9a+
Sébastien Bouin,20th May 2012,9a+,La Madone,9a+,20-05-2012,Lead,worked,2012-05-20,2012.0,9a+
Loïc Zehani,24th Apr 2021,,La Madone,9a+,24-04-2021,Lead,worked,2021-04-24,2021.0,9a+
Molly Thompson-Smith,15th Aug 2020,,Lami De Tout Le Monde,8b,15-08-2020,Lead,flash,2020-08-15,2020.0,8b
Rhoslyn Frugtniet,30th Jun 2024,,Lami De Tout Le Monde,8b,30-06-2024,Lead,worked,2024-06-30,2024.0,8b
Anna Wild,5th Aug 2024,,Lami De Tout Le Monde,8b,05-08-2024,Lead,worked,2024-05-08,2024.0,8b
Ben Bransby,Feb 2009,,Lanny Bassham,8a+,19-02-2009,Boulder,worked,2009-02-19,2009.0,8a+
Dan Varian,Jun 2013,,Lanny Bassham,8a+,19-06-2013,Boulder,worked,2013-06-19,2013.0,8a+
Dan Turner,29th Oct 2018,8B,Lanny Bassham,8a+,29-10-2018,Boulder,worked,2018-10-29,2018.0,8a+
Dani Andrada,16th Apr 2005,,La Novena Enmienda,9a+,16-04-2005,Lead,worked,2005-04-16,2005.0,9a+
Chris Sharma,2007,,La Novena Enmienda,9a+,19-11-2007,Lead,worked,2007-11-19,2007.0,9a+
Magnus Midtbø,10th Feb 2008,,La Novena Enmienda,9a+,10-02-2008,Lead,worked,2008-10-02,2008.0,9a+
Alessandro Manini,2012,,Lapoterapia,8c,19-11-2012,Lead,worked,2012-11-19,2012.0,8c
Gabriele Moroni,24th May 2013,,Lapoterapia,8c,24-05-2013,Lead,worked,2013-05-24,2013.0,8c
Jacopo Larcher,Dec 2015,,Lapoterapia,8c,19-12-2015,Lead,worked,2015-12-19,2015.0,8c
Will Bosi,6th Feb 2021,,Last Night,9a,06-02-2021,Lead,worked,2021-06-02,2021.0,9a
Jakob Schubert,15th Dec 2021,,Last Night,9a,15-12-2021,Lead,worked,2021-12-15,2021.0,9a
Buster Martin,14th Mar 2023,,Last Night,9a,14-03-2023,Lead,worked,2023-03-14,2023.0,9a
Moritz Welt,23rd Nov 2022,,Lazarus,9a+,23-11-2022,Lead,worked,2022-11-23,2022.0,9a+
Alex Megos,Between 23rd Nov 2022 and 18th Apr 2024,,Lazarus,9a+,,Lead,worked,,,9a+
Yannick Flohé,18th Apr 2024,,Lazarus,9a+,18-04-2024,Lead,worked,2024-04-18,2024.0,9a+
Jeff Beaulieu,11th Oct 2004,,La Zébrée,e9,11-10-2004,Lead,worked,2004-11-10,2004.0,8b
Jean-Pierre Ouellet,12th May 2007,,La Zébrée,e9,12-05-2007,Lead,worked,2007-12-05,2007.0,8b
Emilie Pellerin,8th Aug 2020,,La Zébrée,e9,08-08-2020,Lead,worked,2020-08-08,2020.0,8b
Marc le Menestrel,1983,,Le Bidule,8a+,19-11-1983,Lead,worked,1983-11-19,1983.0,8a+
Jerry Moffatt,1984,,Le Bidule,8a+,19-11-1984,Lead,worked,1984-11-19,1984.0,8a+
Sébastien Bouin,2021,,Le Bidule,8a+,19-11-2021,Lead,worked,2021-11-19,2021.0,8a+
Fred Nicole,Mar 2011,8C,Le Boa,8c,19-03-2011,Boulder,worked,2011-03-19,2011.0,8c
Fabian Buhl,2017,,Le Boa,8c,19-11-2017,Boulder,worked,2017-11-19,2017.0,8c
Patrick Vonbrül,6th Nov 2024,8C (hard),Le Boa,8c,06-11-2024,Boulder,worked,2024-06-11,2024.0,8c
Gérome Pouvreau,,,Le Cadafist,9a,,Lead,worked,,,9a
Alex Megos,2021,9a/9a+,Le Cadafist,9a,19-11-2021,Lead,worked,2021-11-19,2021.0,9a
Tanguy Merard,29th Mar 2024,9a/9a+,Le Cadafist,9a,29-03-2024,Lead,worked,2024-03-29,2024.0,9a
Rowland Edwards,1964,,Left Wall,e2,19-11-1964,Lead,,1964-11-19,1964.0,6a+
Philip Jewel,1980s,,Left Wall,e2,19-11-2024,Solo,repeat,2024-11-19,2024.0,6a+
Jerry Moffatt,15th Jul 1983,,Left Wall,e2,15-07-1983,Solo,repeat,1983-07-15,1983.0,6a+
Michiel Nieuwenhuijsen,7th Mar 2021,8C,Le Pilier Du Désert (assis),8c,07-03-2021,Boulder,worked,2021-07-03,2021.0,8c
Manu Cornu,10th Mar 2021,8C+,Le Pilier Du Désert (assis),8c,10-03-2021,Boulder,worked,2021-10-03,2021.0,8c
Nico Pelorson,30th Apr 2021,8B+,Le Pilier Du Désert (assis),8c,30-04-2021,Boulder,worked,2021-04-30,2021.0,8c
Cédric Lachat,2006,,Les Temps Difficiles,8c+,19-11-2006,Lead,worked,2006-11-19,2006.0,8c+
Alex Megos,1st Sep 2017,,Les Temps Difficiles,8c+,01-09-2017,Lead,worked,2017-01-09,2017.0,8c+
Adam Ondra,5th Nov 2023,,Les Temps Difficiles,8c+,05-11-2023,Lead,worked,2023-05-11,2023.0,8c+
Patrick Bérhault,1986,,Le Toit Dauguste,8b,19-11-1986,Lead,worked,1986-11-19,1986.0,8b
Fred Nicole,1987,,Le Toit Dauguste,8b,19-11-1987,Lead,worked,1987-11-19,1987.0,8b
François Nicole,1987,,Le Toit Dauguste,8b,19-11-1987,Lead,worked,1987-11-19,1987.0,8b
Adam Ondra,4th Sep 2010,9a+,Létrange Ivresse Des Lenteurs,9a+,04-09-2010,Lead,worked,2010-04-09,2010.0,9a+
Alex Megos,2020,9a+/9b,Létrange Ivresse Des Lenteurs,9a+,19-11-2020,Lead,worked,2020-11-19,2020.0,9a+
Jonathan Siegrest,1st Nov 2024,9a+ (hard),Létrange Ivresse Des Lenteurs,9a+,01-11-2024,Lead,worked,2024-01-11,2024.0,9a+
Quentin Fisher,1986,,Let The Tribe Increase (pre 2002 Hold Loss),7c+,19-11-1986,Lead,worked,1986-11-19,1986.0,7c+
Rachel Farmer,1992,,Let The Tribe Increase (pre 2002 Hold Loss),7c+,19-11-1992,Lead,worked,1992-11-19,1992.0,7c+
Ruth Jenkins,,,Let The Tribe Increase (pre 2002 Hold Loss),7c+,,Lead,worked,,,7c+
John Welford,21st Feb 1997,E6,Little Women,e7,21-02-1997,Lead,worked,1997-02-21,1997.0,7c+
Ben Bransby,16th Nov 2007,,Little Women,e7,16-11-2007,Lead,worked,2007-11-16,2007.0,7c+
Rob Smith,2019,,Little Women,e7,19-11-2019,Lead,worked,2019-11-19,2019.0,7c+
Mathew Wright,12th Jul 2022,E9,"Live Fast, Die Young",e7,12-07-2022,Lead,worked,2022-12-07,2022.0,7c+
Robbie Phillips,14th Jul 2022,E7,"Live Fast, Die Young",e7,14-07-2022,Lead,worked,2022-07-14,2022.0,7c+
Alex Moore,14th Jul 2022,,"Live Fast, Die Young",e7,14-07-2022,Lead,flash,2022-07-14,2022.0,7c+
Maja Štremfelj,6th Apr 2010,,Los Humildes Pa Casa,8b+,06-04-2010,Lead,onsight,2010-06-04,2010.0,8b+
Martina Demmel,24th Mar 2021,,Los Humildes Pa Casa,8b+,24-03-2021,Lead,onsight,2021-03-24,2021.0,8b+
Solveig Korherr,3rd Jan 2024,,Los Humildes Pa Casa,8b+,03-01-2024,Lead,onsight,2024-03-01,2024.0,8b+
Adam Ondra,May 2009,,Los Revolucionarios,9a,19-05-2009,Lead,worked,2009-05-19,2009.0,9a
Alex Megos,Oct 2014,,Los Revolucionarios,9a,19-10-2014,Lead,worked,2014-10-19,2014.0,9a
Stefano Ghisolfi,24th Oct 2021,,Los Revolucionarios,9a,24-10-2021,Lead,worked,2021-10-24,2021.0,9a
Orrin Coley,26th Feb 2019,,Lost In The Moment,8b,26-02-2019,Boulder,worked,2019-02-26,2019.0,8b
Ben Gladstone,9th May 2022,,Lost In The Moment,8b,09-05-2022,Boulder,worked,2022-09-05,2022.0,8b
Sam Blackwell,28th May 2022,,Lost In The Moment,8b,28-05-2022,Boulder,worked,2022-05-28,2022.0,8b
Erik Baecklin,10th Nov 2019,8B+,Luftig Kö Till Nålens Öga,8b,10-11-2019,Boulder,worked,2019-10-11,2019.0,8b
Paul-Martin Luc,30th Oct 2023,,Luftig Kö Till Nålens Öga,8b,30-10-2023,Boulder,worked,2023-10-30,2023.0,8b
Adam Ondra,Mar 2024,8B (hard),Luftig Kö Till Nålens Öga,8b,19-03-2024,Boulder,flash,2024-03-19,2024.0,8b
Pete Robins,21st Mar 2013,,Madame Allure,8b,21-03-2013,Boulder,worked,2013-03-21,2013.0,8b
Aidan Roberts,Jul 2022,,Madame Allure,8b,19-07-2022,Boulder,worked,2022-07-19,2022.0,8b
Tim Blake,3rd Aug 2022,,Madame Allure,8b,03-08-2022,Boulder,worked,2022-03-08,2022.0,8b
Fred Nicole,18th Jul 2003,,Madiba,8b,18-07-2003,Boulder,worked,2003-07-18,2003.0,8b
Dave Mason,3rd Sep 2013,,Madiba,8b,03-09-2013,Boulder,worked,2013-03-09,2013.0,8b
Jakob Schubert,12th Jul 2017,,Madiba,8b,12-07-2017,Boulder,flash,2017-12-07,2017.0,8b
Dave Pegg,Jun 1994,,Madman,e8,19-06-1994,Lead,worked,1994-06-19,1994.0,8a+
Neil Kershaw,Apr 2014,,Madman,e8,19-04-2014,Lead,worked,2014-04-19,2014.0,8a+
Jim Pope,1st Jun 2024,,Madman,e8,01-06-2024,Solo,worked,2024-01-06,2024.0,8a+
Arnis Strapcans,20th May 1976,,Main Wall Eliminate,e4,20-05-1976,Alternate Leads,onsight,1976-05-20,1976.0,6c+
Richard Harrison,20th May 1976,,Main Wall Eliminate,e4,20-05-1976,Alternate Leads,onsight,1976-05-20,1976.0,6c+
Chris King,Jun 1978,,Main Wall Eliminate,e4,19-06-1978,Alternate Leads,,1978-06-19,1978.0,6c+
Dai Koyamada,2006,,Mandragora,8c,19-11-2006,Boulder,worked,2006-11-19,2006.0,8c
Shinichiro Nomura,25th May 2021,,Mandragora,8c,25-05-2021,Boulder,worked,2021-05-25,2021.0,8c
Naoki Shimatani,11th May 2024,,Mandragora,8c,11-05-2024,Boulder,worked,2024-11-05,2024.0,8c
John Redhead,24th Apr 1986,,Manic Strain,8a,24-04-1986,Lead,worked,1986-04-24,1986.0,8a
Mick Lovatt,1986,,Manic Strain,8a,19-11-1986,Lead,worked,1986-11-19,1986.0,8a
Will Perrin,,,Manic Strain,8a,,Lead,worked,,,8a
Ramón Julián Puigblanque,19th Sep 2010,,Margalefas,8c,19-09-2010,Lead,worked,2010-09-19,2010.0,8c
Angie Scarth-Johnson,1st Dec 2021,,Margalefas,8c,01-12-2021,Lead,worked,2021-01-12,2021.0,8c
Martina Demmel,22nd Feb 2024,,Margalefas,8c,22-02-2024,Lead,worked,2024-02-22,2024.0,8c
Tomáš Mrázek,5th Apr 2005,,Martin Krpan,9a,05-04-2005,Lead,worked,2005-05-04,2005.0,9a
Adam Ondra,11th Nov 2006,,Martin Krpan,9a,11-11-2006,Lead,worked,2006-11-11,2006.0,9a
Pepa Šindel,2024,,Martin Krpan,9a,19-11-2024,Lead,worked,2024-11-19,2024.0,9a
Jean-Baptiste Tribout,1989,,Masse Critique,8b+,19-11-1989,Lead,worked,1989-11-19,1989.0,8b+
Lynn Hill,1990,,Masse Critique,8b+,19-11-1990,Lead,worked,1990-11-19,1990.0,8b+
Sébastien Bouin,2021,,Masse Critique,8b+,19-11-2021,Lead,worked,2021-11-19,2021.0,8b+
Andy Earl,2001,,Master Blaster Arête,e7,19-11-2001,Lead,worked,2001-11-19,2001.0,7c+
Mark Savage,8th Jul 2002,,Master Blaster Arête,e7,08-07-2002,Lead,worked,2002-08-07,2002.0,7c+
Steve Crowe,8th Jul 2002,,Master Blaster Arête,e7,08-07-2002,Lead,worked,2002-08-07,2002.0,7c+
Shawn Raboutou,2022,,Megatron,9a,19-11-2022,Boulder,worked,2022-11-19,2022.0,9a
Pirmin Bertle,Nov 2015,9b,Meiose,9a+,19-11-2015,Lead,worked,2015-11-19,2015.0,9a+
Adam Ondra,27th Jan 2018,9a+,Meiose,9a+,27-01-2018,Lead,worked,2018-01-27,2018.0,9a+
Alex Megos,Oct 2021,9a,Meiose,9a+,19-10-2021,Lead,worked,2021-10-19,2021.0,9a+
Dave MacLeod,2nd May 2007,,Metalcore,8c+,02-05-2007,Lead,worked,2007-02-05,2007.0,8c+
Malcolm Smith,Jun 2007,,Metalcore,8c+,19-06-2007,Lead,worked,2007-06-19,2007.0,8c+
Alan Cassidy,24th Jul 2011,,Metalcore,8c+,24-07-2011,Lead,worked,2011-07-24,2011.0,8c+
Shauna Coxsey,Jun 2012,,Mind Matters,8a+,19-06-2012,Boulder,worked,2012-06-19,2012.0,8a+
Mina Leslie-Wujastyk,15th Jun 2012,,Mind Matters,8a+,15-06-2012,Boulder,worked,2012-06-15,2012.0,8a+
Jeremy Fullerton,,,Mind Matters,8a+,,Boulder,,,,8a+
Peter Croft,1992,,Moonlight Buttress,e6,19-11-1992,Alternate Leads,worked,1992-11-19,1992.0,7b+
Johnny Woodward,1992,,Moonlight Buttress,e6,19-11-1992,Alternate Leads,worked,1992-11-19,1992.0,7b+
Alex Honnold,2008,,Moonlight Buttress,e6,19-11-2008,Solo,worked,2008-11-19,2008.0,7b+
John Allen,1976,,Moon Walk,e4,19-11-1976,Solo,,1976-11-19,1976.0,6c+
Gabe Reagan,,,Moon Walk,e4,,Solo,,,,6c+
Gabe Reagan,,,Moon Walk,e4,,Solo,worked,,,6c+
Ian Cooksey,22nd Jun 2023,,Mosedale Groove,e5,22-06-2023,Lead,worked,2023-06-22,2023.0,7a+
Rob Matheson,22nd Jun 2023,,Mosedale Groove,e5,22-06-2023,Lead,worked,2023-06-22,2023.0,7a+
Jimmy Webb,,,Motorhead,8b+,,Boulder,worked,,,8b+
Matt Fultz,,,Motorhead,8b+,,Boulder,worked,,,8b+
Milo Timberlake,,,Motorhead,8b+,,Boulder,worked,,,8b+
Adam Ondra,10th Jul 2017,9b,Move Hard,9b,10-07-2017,Lead,worked,2017-10-07,2017.0,9b
Stefano Ghisolfi,Sep 2022,9b,Move Hard,9b,19-09-2022,Lead,worked,2022-09-19,2022.0,9b
Sébastien Bouin,Jul 2023,9b,Move Hard,9b,19-07-2023,Lead,worked,2023-07-19,2023.0,9b
Nick Dixon,May 1987,,My Halo,e7,19-05-1987,Lead,worked,1987-05-19,1987.0,7c+
Nick Harms,May 1987,,My Halo,e7,19-05-1987,Lead,worked,1987-05-19,1987.0,7c+
Leo Houlding,1990s,,My Halo,e7,19-11-2024,Lead,onsight,2024-11-19,2024.0,7c+
Chris Davies,31st Jan 2011,,My Own Private Idaho,8b,31-01-2011,Boulder,worked,2011-01-31,2011.0,8b
Tim Blake,10th Dec 2021,,My Own Private Idaho,8b,10-12-2021,Boulder,worked,2021-10-12,2021.0,8b
Ned Feehally,,,My Own Private Idaho,8b,,Boulder,worked,,,8b
Gambaro Matteo,20th Oct 2020,,Narcissus,9a,20-10-2020,Lead,worked,2020-10-20,2020.0,9a
Sébastien Bouin,Dec 2023,,Narcissus,9a,19-12-2023,Lead,worked,2023-12-19,2023.0,9a
Adam Ondra,17th Feb 2024,,Narcissus,9a,17-02-2024,Lead,worked,2024-02-17,2024.0,9a
Molly Thompson-Smith,8th Jul 2020,,New Orleans Heavyweight Division,8c,08-07-2020,Lead,worked,2020-08-07,2020.0,8c
Ellis Butler-Barker,10th Sep 2020,,New Orleans Heavyweight Division,8c,10-09-2020,Lead,worked,2020-10-09,2020.0,8c
Alex Norton,6th May 2023,,New Orleans Heavyweight Division,8c,06-05-2023,Lead,worked,2023-06-05,2023.0,8c
Tim Blake,May 2021,,Nine Pinch Nails,8b,19-05-2021,Boulder,worked,2021-05-19,2021.0,8b
Craig Davies,16th Nov 2022,,Nine Pinch Nails,8b,16-11-2022,Boulder,worked,2022-11-16,2022.0,8b
Ewan Walker,25th Oct 2023,,Nine Pinch Nails,8b,25-10-2023,Boulder,worked,2023-10-25,2023.0,8b
Charles Albert,Dec 2018,9A,No Kpote Only,8c+,19-12-2018,Boulder,worked,2018-12-19,2018.0,8c+
Ryohei Kameyama,9th Mar 2019,8C+,No Kpote Only,8c+,09-03-2019,Boulder,worked,2019-09-03,2019.0,8c+
Nico Pelorson,7th Oct 2020,8C (hard),No Kpote Only,8c+,07-10-2020,Boulder,worked,2020-07-10,2020.0,8c+
Jorg Verhoeven,,,Nordic Flower L1,8b+,,Lead,worked,,,8b+
Rhoslyn Frugtniet,22nd Aug 2022,,Nordic Flower L1,8b+,22-08-2022,Lead,worked,2022-08-22,2022.0,8b+
Anna Wild,29th Aug 2023,,Nordic Flower L1,8b+,29-08-2023,Lead,worked,2023-08-29,2023.0,8b+
Robbie Phillips,25th Jul 2020,,Nosferatu,e8,25-07-2020,Lead,worked,2020-07-25,2020.0,8a+
Dave MacLeod,2020,,Nosferatu,e8,19-11-2020,Lead,worked,2020-11-19,2020.0,8a+
Alex Moore,26th Sep 2021,,Nosferatu,e8,26-09-2021,Lead,worked,2021-09-26,2021.0,8a+
Jana Švecová,20th Jun 2023,8B+,Nova,8c,20-06-2023,Boulder,worked,2023-06-20,2023.0,8c
Will Bosi,6th Nov 2023,8C,Nova,8c,06-11-2023,Boulder,worked,2023-06-11,2023.0,8c
Tanguy Merard,Nov 2024,,Nova,8c,19-11-2024,Boulder,worked,2024-11-19,2024.0,8c
Nick Dixon,1995,,Off The Rocks,e8,19-11-1995,Lead,worked,1995-11-19,1995.0,8a+
Dave MacLeod,Jun 1998,,Off The Rocks,e8,19-06-1998,Lead,worked,1998-06-19,1998.0,8a+
Steve Crowe,16th Nov 2003,,Off The Rocks,e8,16-11-2003,Lead,worked,2003-11-16,2003.0,8a+
Neil Gresham,27th Jul 2012,8b,Olympiad,8b,27-07-2012,Deep Water Solo,worked,2012-07-27,2012.0,8b
Steve McClure,May 2021,E10,Olympiad,8b,19-05-2021,Lead,worked,2021-05-19,2021.0,8b
Ed Morris,21st Jul 2023,,Olympiad,8b,21-07-2023,Deep Water Solo,worked,2023-07-21,2023.0,8b
Sasha DiGiulian,Mar 2011,,Omaha Beach,8b+,19-03-2011,Lead,onsight,2011-03-19,2011.0,8b+
Maya Ene,2nd Mar 2022,,Omaha Beach,8b+,02-03-2022,Lead,worked,2022-02-03,2022.0,8b+
Nolwen Berthier,Nov 2022,,Omaha Beach,8b+,19-11-2022,Lead,onsight,2022-11-19,2022.0,8b+
Jonathan Siegrest,Feb 2020,9a+,One Hundred Proof,9a,19-02-2020,Lead,worked,2020-02-19,2020.0,9a
Cameron Hörst,9th Dec 2023,9a,One Hundred Proof,9a,09-12-2023,Lead,worked,2023-09-12,2023.0,9a
Joe Kinder,9th Dec 2023,9a,One Hundred Proof,9a,09-12-2023,Lead,worked,2023-09-12,2023.0,9a
Moritz Welt,27th Jul 2019,,One Piece,8c,27-07-2019,Lead,worked,2019-07-27,2019.0,8c
Pepa Šindel,16th Feb 2024,,One Piece,8c,16-02-2024,Lead,worked,2024-02-16,2024.0,8c
Solveig Korherr,21st Aug 2024,,One Piece,8c,21-08-2024,Lead,worked,2024-08-21,2024.0,8c
Ashima Shiraishi,17th Mar 2015,,Open Your Mind Direct R1,9a,17-03-2015,Lead,worked,2015-03-17,2015.0,9a
Loïc Zehani,25th Oct 2022,,Open Your Mind Direct R1,9a,25-10-2022,Lead,worked,2022-10-25,2022.0,9a
Seo Chae-Hyun,Nov 2024,,Open Your Mind Direct R1,9a,19-11-2024,Lead,worked,2024-11-19,2024.0,9a
Alex Huber,2001,8c+,Orca,8c+,19-11-2001,Lead,worked,2001-11-19,2001.0,8c+
Adam Ondra,15th Jul 2020,9a,Orca,8c+,15-07-2020,Lead,worked,2020-07-15,2020.0,8c+
Jakob Schubert,2nd Nov 2020,8b,Orca,8c+,02-11-2020,Lead,worked,2020-02-11,2020.0,8c+
Dave Cross,1997,,Ouijaboard,8a,19-11-1997,Lead,worked,1997-11-19,1997.0,8a
Carl Dawson,1997,,Ouijaboard,8a,19-11-1997,Lead,worked,1997-11-19,1997.0,8a
Laura Smitton,25th Aug 2015,,Ouijaboard,8a,25-08-2015,Lead,worked,2015-08-25,2015.0,8a
Alfredo Webber,29th Dec 2018,,Panem Et Circensis,8b,29-12-2018,Lead,worked,2018-12-29,2018.0,8b
Alfredo Webber,Mar 2021,,Panem Et Circensis,8b,19-03-2021,Solo,repeat,2021-03-19,2021.0,8b
Rhoslyn Frugtniet,4th Mar 2024,,Panem Et Circensis,8b,04-03-2024,Lead,worked,2024-04-03,2024.0,8b
Dan Varian,Mar 2016,,Panic On Funkotron,8b,19-03-2016,Boulder,worked,2016-03-19,2016.0,8b
Tim Blake,6th Dec 2022,,Panic On Funkotron,8b,06-12-2022,Boulder,worked,2022-06-12,2022.0,8b
Aidan Roberts,,,Panic On Funkotron,8b,,Boulder,worked,,,8b
Danny Cattell,Aug 2019,,Paper Birds Low,8b,19-08-2019,Boulder,worked,2019-08-19,2019.0,8b
Aidan Roberts,Jul 2021,,Paper Birds Low,8b,19-07-2021,Boulder,worked,2021-07-19,2021.0,8b
Ned Feehally,,,Paper Birds Low,8b,,Boulder,worked,,,8b
Dani Andrada,7th Jun 2008,,Paper Mullat,8b+,07-06-2008,Lead,worked,2008-07-06,2008.0,8b+
Jacob Cook,20th Jun 2018,,Paper Mullat,8b+,20-06-2018,Lead,worked,2018-06-20,2018.0,8b+
Taisei Homma,15th Dec 2023,,Paper Mullat,8b+,15-12-2023,Lead,onsight,2023-12-15,2023.0,8b+
Marc le Menestrel,1999,7C+,Partage,8a+,19-11-1999,Boulder,worked,1999-11-19,1999.0,8a+
Jacky Godoffe,1999,8A,Partage,8a+,19-11-1999,Boulder,worked,1999-11-19,1999.0,8a+
Jim Pope,2nd Dec 2023,,Partage,8a+,02-12-2023,Boulder,flash,2023-02-12,2023.0,8a+
Tommy Caldwell,Between 28th Oct 2019 and 31st Oct 2019,,Passage To Freedom,8b,,Lead,worked,,,8b
Alex Honnold,Between 28th Oct 2019 and 31st Oct 2019,,Passage To Freedom,8b,,Lead,worked,,,8b
Adam Ondra,,,Pata Ledovce,8c,,Boulder,worked,,,8c
Martin Stráník,21st Mar 2019,,Pata Ledovce,8c,21-03-2019,Boulder,worked,2019-03-21,2019.0,8c
Will Bosi,4th Apr 2022,,Pata Ledovce,8c,04-04-2022,Boulder,worked,2022-04-04,2022.0,8c
Patxi Usobiaga,2006,,Pata Negra,8c,19-11-2006,Lead,onsight,2006-11-19,2006.0,8c
Ben Davison,Jun 2013,,Pata Negra,8c,19-06-2013,Lead,worked,2013-06-19,2013.0,8c
Will Smith,24th Aug 2013,,Pata Negra,8c,24-08-2013,Lead,worked,2013-08-24,2013.0,8c
Paul Pritchard,1986,,Perimeter Walk,e7,19-11-1986,Solo,worked,1986-11-19,1986.0,7c+
Adam Dewhurst,1999,,Perimeter Walk,e7,19-11-1999,Solo,worked,1999-11-19,1999.0,7c+
Ryan Pasquill,1999,,Perimeter Walk,e7,19-11-1999,Solo,worked,1999-11-19,1999.0,7c+
Jacob Cook,Between 1st Feb 2024 and 1st Apr 2024,,Picaflor,8b,,Alternate Leads,worked,,,8b
Hayden Jamieson,Between 1st Feb 2024 and 1st Apr 2024,,Picaflor,8b,,Alternate Leads,worked,,,8b
Will Sharp,Between 1st Feb 2024 and 1st Apr 2024,,Picaflor,8b,,Alternate Leads,worked,,,8b
Ben Moon,1994,,Pinch 2,8a+,19-11-1994,Boulder,worked,1994-11-19,1994.0,8a+
Ryan Pasquill,,,Pinch 2,8a+,,Boulder,worked,,,8a+
Malcolm Smith,,,Pinch 2,8a+,,Boulder,worked,,,8a+
Frank Farrell,13th Aug 1978,,Polaris,e5,13-08-1978,Boulder,,1978-08-13,1978.0,7a+
Gordon Jenkin,13th Aug 1978,,Polaris,e5,13-08-1978,Boulder,,1978-08-13,1978.0,7a+
Arnis Strapcans,13th Aug 1978,,Polaris,e5,13-08-1978,Boulder,,1978-08-13,1978.0,7a+
Malcolm Smith,2001,,Pool Of Bethesda (malcs Start),8b,19-11-2001,Boulder,worked,2001-11-19,2001.0,8b
Ned Feehally,Sep 2015,,Pool Of Bethesda (malcs Start),8b,19-09-2015,Boulder,worked,2015-09-19,2015.0,8b
Leven Rowan,3rd Jun 2024,,Pool Of Bethesda (malcs Start),8b,03-06-2024,Boulder,worked,2024-03-06,2024.0,8b
Angie Scarth-Johnson,22nd Aug 2022,,Pornographie,9a,22-08-2022,Lead,worked,2022-08-22,2022.0,9a
Jonathan Siegrest,11th Jun 2023,,Pornographie,9a,11-06-2023,Lead,worked,2023-11-06,2023.0,9a
Pepa Šindel,9th Aug 2024,,Pornographie,9a,09-08-2024,Lead,worked,2024-09-08,2024.0,9a
Philipp Geisenhoff,Oct 2022,,Poseidons Kiss,8c,19-10-2022,Deep Water Solo,worked,2022-10-19,2022.0,8c
Marco Müller,Oct 2023,,Poseidons Kiss,8c,19-10-2023,Deep Water Solo,worked,2023-10-19,2023.0,8c
Hannes Van Duysen,Oct 2024,,Poseidons Kiss,8c,19-10-2024,Deep Water Solo,flash,2024-10-19,2024.0,8c
Alan Rouse,Before 1st Jan 1971,,Positron,e5,,Deep Water Solo,,,,7a+
Alex Sharpe,Mar 1971,,Positron,e5,19-03-1971,Deep Water Solo,,1971-03-19,1971.0,7a+
Geraldine Taylor,,,Positron,e5,,Deep Water Solo,,,,7a+
Neil Gresham,2015,,Premonition,8b+,19-11-2015,Lead,worked,2015-11-19,2015.0,8b+
Stuart Littlefair,18th Jun 2022,,Premonition,8b+,18-06-2022,Lead,worked,2022-06-18,2022.0,8b+
Haydn Jones,15th Aug 2024,,Premonition,8b+,15-08-2024,Lead,worked,2024-08-15,2024.0,8b+
Alex Chabot,,,Puntx,9a+,,Lead,worked,,,9a+
Muriel Sarkany,21st Nov 2013,,Puntx,9a+,21-11-2013,Lead,worked,2013-11-21,2013.0,9a+
Jules Marchland,3rd Sep 2023,,Puntx,9a+,03-09-2023,Lead,worked,2023-03-09,2023.0,9a+
Will Smith,10th Jun 2021,,Pur Et Dur,8b,10-06-2021,Lead,onsight,2021-10-06,2021.0,8b
Buster Martin,26th Mar 2022,,Pur Et Dur,8b,26-03-2022,Lead,flash,2022-03-26,2022.0,8b
Angie Scarth-Johnson,26th Mar 2022,,Pur Et Dur,8b,26-03-2022,Lead,flash,2022-03-26,2022.0,8b
Adam Watson,Jan 2014,,Purgatory,e8,19-01-2014,Lead,worked,2014-01-19,2014.0,8a+
David Murray,25th Nov 2017,,Purgatory,e8,25-11-2017,Lead,worked,2017-11-25,2017.0,8a+
Angus Davidson,14th Apr 2024,,Purgatory,e8,14-04-2024,Lead,worked,2024-04-14,2024.0,8a+
Gareth Parry,23rd Jun 2012,,Quarantine,8a,23-06-2012,Boulder,flash,2012-06-23,2012.0,8a
Ella Russell,2nd Feb 2016,,Quarantine,8a,02-02-2016,Boulder,worked,2016-02-02,2016.0,8a
Rhoslyn Frugtniet,2nd Feb 2021,,Quarantine,8a,02-02-2021,Boulder,worked,2021-02-02,2021.0,8a
Dan Varian,2006,,Queen Kong,8a,19-11-2006,Boulder,worked,2006-11-19,2006.0,8a
Chris Graham,,,Queen Kong,8a,,Boulder,worked,,,8a
Andy Earl,,,Queen Kong,8a,,Boulder,worked,,,8a
Mark Edwards,1994,,Question Mark,e9,19-11-1994,Lead,worked,1994-11-19,1994.0,8b
Ken Palmer,1999,E8,Question Mark,e9,19-11-1999,Lead,worked,1999-11-19,1999.0,8b
Alexis Perry,3rd Feb 2016,,Question Mark,e9,03-02-2016,Lead,worked,2016-03-02,2016.0,8b
Luke Dawson,2nd Mar 2019,8c+ (soft),Radar Ez,8c,02-03-2019,Lead,worked,2019-02-03,2019.0,8c
Adam Ondra,20th Feb 2023,8c,Radar Ez,8c,20-02-2023,Lead,onsight,2023-02-20,2023.0,8c
Oli Grounsell,,,Radar Ez,8c,,Lead,worked,,,8c
J Silvester,Jul 1984,,Rainbow Of Recalcitrance,e6,19-07-1984,Lead,worked,1984-07-19,1984.0,7b+
Mark Lynden,Jul 1984,,Rainbow Of Recalcitrance,e6,19-07-1984,Lead,worked,1984-07-19,1984.0,7b+
Trevor Hodgson,,,Rainbow Of Recalcitrance,e6,,Lead,ground up,,,7b+
Frances Bensley,1st Feb 2019,,Ramadán,8b,01-02-2019,Lead,worked,2019-01-02,2019.0,8b
Rhoslyn Frugtniet,4th Nov 2021,,Ramadán,8b,04-11-2021,Lead,worked,2021-04-11,2021.0,8b
Michaela Tracy,,,Ramadán,8b,,Lead,worked,,,8b
John Redhead,Jul 1984,,Raped By Affection,e7,19-07-1984,Lead,worked,1984-07-19,1984.0,7c+
Patch Hammond,1999,,Raped By Affection,e7,19-11-1999,Lead,onsight,1999-11-19,1999.0,7c+
Johnny Dawes,,E7,Raped By Affection,e7,,Lead,worked,,,7c+
James Pearson,24th Dec 2010,,Return Of The Jedi,e8,24-12-2010,Lead,worked,2010-12-24,2010.0,8a+
Ethan Walker,4th Apr 2013,,Return Of The Jedi,e8,04-04-2013,Lead,worked,2013-04-04,2013.0,8a+
Mike Adams,18th Nov 2024,,Return Of The Jedi,e8,18-11-2024,Lead,worked,2024-11-18,2024.0,8a+
Dave Birkett,2006,E9,Return Of The King,e9,19-11-2006,Lead,worked,2006-11-19,2006.0,8b
Adam Hocking,Jul 2011,,Return Of The King,e9,19-07-2011,Lead,worked,2011-07-19,2011.0,8b
Dave MacLeod,Jun 2016,E8,Return Of The King,e9,19-06-2016,Lead,worked,2016-06-19,2016.0,8b
Daniel Woods,31st Mar 2021,9A,Return Of The Sleepwalker,9a,31-03-2021,Boulder,worked,2021-03-31,2021.0,9a
Will Bosi,19th Feb 2024,9A (soft),Return Of The Sleepwalker,9a,19-02-2024,Boulder,worked,2024-02-19,2024.0,9a
Catherine Destivelle,1988,,Reve De Papillon,8a,19-11-1988,Lead,worked,1988-11-19,1988.0,8a
Airlie Anderson,,,Reve De Papillon,8a,,Lead,worked,,,8a
Alain Robert,,,Reve De Papillon,8a,,Solo,worked,,,8a
Toby Roberts,Nov 2016,,Revelations,8b,19-11-2016,Lead,worked,2016-11-19,2016.0,8b
Leah Crane,Sep 2017,,Revelations,8b,19-09-2017,Lead,worked,2017-09-19,2017.0,8b
James McHaffie,26th May 2021,,Revelations,8b,26-05-2021,Lead,worked,2021-05-26,2021.0,8b
François Legrand,22nd Dec 2000,,Robi In The Sky,9a,22-12-2000,Lead,worked,2000-12-22,2000.0,9a
Adam Ondra,3rd Jan 2009,,Robi In The Sky,9a,03-01-2009,Lead,worked,2009-03-01,2009.0,9a
Sébastien Bouin,17th Nov 2013,,Robi In The Sky,9a,17-11-2013,Lead,worked,2013-11-17,2013.0,9a
Dan Varian,2016,,Rocking Spectre,8b,19-11-2016,Boulder,worked,2016-11-19,2016.0,8b
Aidan Roberts,Aug 2021,,Rocking Spectre,8b,19-08-2021,Boulder,worked,2021-08-19,2021.0,8b
Dan Turner,27th Apr 2024,,Rocking Spectre,8b,27-04-2024,Boulder,worked,2024-04-27,2024.0,8b
Jernej Kruder,16th Oct 2018,8b/8b+,Salty Beverage,8b+,16-10-2018,Deep Water Solo,worked,2018-10-16,2018.0,8b+
Philipp Geisenhoff,Oct 2023,8b+,Salty Beverage,8b+,19-10-2023,Deep Water Solo,worked,2023-10-19,2023.0,8b+
Marco Müller,Oct 2023,8b+,Salty Beverage,8b+,19-10-2023,Deep Water Solo,worked,2023-10-19,2023.0,8b+
Chris Sharma,2010,,Samfaina,9a,19-11-2010,Lead,worked,2010-11-19,2010.0,9a
Ramón Julián Puigblanque,2010,,Samfaina,9a,19-11-2010,Lead,worked,2010-11-19,2010.0,9a
Jorge Díaz-Rullo,1st Dec 2021,9a+,Samfaina,9a,01-12-2021,Lead,worked,2021-01-12,2021.0,9a
Liam Fyfe,1st May 2014,,Sanctum,8b,01-05-2014,Boulder,worked,2014-01-05,2014.0,8b
Eliot Stephens,12th Jun 2018,,Sanctum,8b,12-06-2018,Boulder,worked,2018-12-06,2018.0,8b
Leo Skinner,20th May 2022,,Sanctum,8b,20-05-2022,Boulder,worked,2022-05-20,2022.0,8b
Dave Graham,13th Sep 2006,,Scarred For Life,8b+,13-09-2006,Boulder,worked,2006-09-13,2006.0,8b+
Nils Favre,Jun 2014,,Scarred For Life,8b+,19-06-2014,Boulder,worked,2014-06-19,2014.0,8b+
Will Bosi,11th Oct 2021,,Scarred For Life,8b+,11-10-2021,Boulder,worked,2021-11-10,2021.0,8b+
Mark Leach,1987,,Screaming Dream,e7,19-11-1987,Lead,worked,1987-11-19,1987.0,7c+
Sean Myles,1990,,Screaming Dream,e7,19-11-1990,Lead,worked,1990-11-19,1990.0,7c+
Ben Bransby,17th Jan 2012,,Screaming Dream,e7,17-01-2012,Lead,worked,2012-01-17,2012.0,7c+
Rupert Davies,30th Apr 2007,8b+,Seraphim,8c,30-04-2007,Lead,worked,2007-04-30,2007.0,8c
Pierre Bollinger,2009,,Seraphim,8c,19-11-2009,Lead,worked,2009-11-19,2009.0,8c
Will Bosi,19th Nov 2021,8c,Seraphim,8c,19-11-2021,Solo,worked,2021-11-19,2021.0,8c
Malcolm Matheson,1988,,Serpentine,8a,19-11-1988,Lead,worked,1988-11-19,1988.0,8a
Jerry Moffatt,1992,,Serpentine,8a,19-11-1992,Lead,onsight,1992-11-19,1992.0,8a
Lynn Hill,,,Serpentine,8a,,Lead,worked,,,8a
Frank Cannings,5th Apr 1969,,Seventh Dread,e1,05-04-1969,Lead,,1969-05-04,1969.0,5c
Peter Biven,5th Apr 1969,,Seventh Dread,e1,05-04-1969,Lead,,1969-05-04,1969.0,5c
Pat Littlejohn,5th Apr 1969,,Seventh Dread,e1,05-04-1969,Lead,,1969-05-04,1969.0,5c
John Gaskins,,8A,Shallow Groove,8b,,Boulder,worked,,,8b
Ryan Pasquill,2000s,,Shallow Groove,8b,19-11-2024,Boulder,worked,2024-11-19,2024.0,8b
Aidan Roberts,May 2020,,Shallow Groove,8b,19-05-2020,Boulder,worked,2020-05-19,2020.0,8b
Sean Bailey,,,Shaolin,9a,,Boulder,worked,,,9a
Adam Ondra,3rd Sep 2017,9c,Silence,9c,03-09-2017,Lead,worked,2017-03-09,2017.0,9c
Neil Dyer,2008,,Silk Cut,8b+,19-11-2008,Boulder,worked,2008-11-19,2008.0,8b+
Jack Palmieri,4th Aug 2017,8B+ (soft),Silk Cut,8b+,04-08-2017,Boulder,worked,2017-04-08,2017.0,8b+
Pete Robins,,,Silk Cut,8b+,,Boulder,worked,,,8b+
Anthony Gullsten,7th Apr 2020,8C,Silver Lining,8c,07-04-2020,Boulder,worked,2020-07-04,2020.0,8c
Sami Koponen,2nd May 2022,8B,Silver Lining,8c,02-05-2022,Boulder,worked,2022-02-05,2022.0,8c
Niccolò Ceria,,,Silver Lining,8c,,Boulder,worked,,,8c
Isabelle Faus,18th Sep 2020,8B+,Sinwav,8b+,18-09-2020,Boulder,worked,2020-09-18,2020.0,8b+
Austin Purdy,1st Oct 2021,8B,Sinwav,8b+,01-10-2021,Boulder,worked,2021-01-10,2021.0,8b+
Chad Greedy,,,Sinwav,8b+,,Boulder,worked,,,8b+
Scotty Grayson,,,Skincifer,8b+,,Boulder,worked,,,8b+
Zach Galla,,8B,Skincifer,8b+,,Boulder,worked,,,8b+
Nathaniel Coleman,,8B,Skincifer,8b+,,Boulder,worked,,,8b+
Dave Birkett,2007,,Skye Wall,e7,19-11-2007,Lead,worked,2007-11-19,2007.0,7c+
Ferdia Earle,17th May 2019,,Skye Wall,e7,17-05-2019,Lead,worked,2019-05-17,2019.0,7c+
Rebekah Drummond,3rd Jun 2021,,Skye Wall,e7,03-06-2021,Lead,worked,2021-03-06,2021.0,7c+
Chris Sharma,28th Mar 2023,9b+,Sleeping Lion,9b,28-03-2023,Lead,worked,2023-03-28,2023.0,9b
Alex Megos,4th Jan 2024,9b,Sleeping Lion,9b,04-01-2024,Lead,worked,2024-04-01,2024.0,9b
Jorge Díaz-Rullo,Feb 2024,9b (hard),Sleeping Lion,9b,19-02-2024,Lead,worked,2024-02-19,2024.0,9b
Dai Koyamada,2004,,Sleepy Rave,8b+,19-11-2004,Boulder,worked,2004-11-19,2004.0,8b+
Taylor Parsons,6th Sep 2007,9a,Sleepy Rave,8b+,06-09-2007,Boulder,worked,2007-06-09,2007.0,8b+
James Kassay,3rd Nov 2009,,Sleepy Rave,8b+,03-11-2009,Boulder,worked,2009-03-11,2009.0,8b+
Seb Grieve,10th May 1995,,Snap Decision,e7,10-05-1995,Lead,onsight,1995-10-05,1995.0,7c+
Ian Vickers,1998,,Snap Decision,e7,19-11-1998,Lead,onsight,1998-11-19,1998.0,7c+
Leo Houlding,2000,,Snap Decision,e7,19-11-2000,Lead,onsight,2000-11-19,2000.0,7c+
Alfredo Webber,,,Solitary Souls,8c+,,Lead,worked,,,8c+
Adam Ondra,12th Mar 2022,,Solitary Souls,8c+,12-03-2022,Lead,onsight,2022-12-03,2022.0,8c+
Angelika Rainer,7th Jan 2023,,Solitary Souls,8c+,07-01-2023,Lead,worked,2023-07-01,2023.0,8c+
Simon Lorenzi,8th Feb 2021,9A,Soudain Seul,9a,08-02-2021,Boulder,worked,2021-08-02,2021.0,9a
Nico Pelorson,16th Mar 2021,8C+,Soudain Seul,9a,16-03-2021,Boulder,worked,2021-03-16,2021.0,9a
Camille Coudert,12th Feb 2022,9A (soft),Soudain Seul,9a,12-02-2022,Boulder,worked,2022-12-02,2022.0,9a
Adrian Berry,21st Feb 2000,,Soul Doubt,e8,21-02-2000,Lead,worked,2000-02-21,2000.0,8a+
Tim Marsh,2000s,,Soul Doubt,e8,19-11-2024,Lead,worked,2024-11-19,2024.0,8a+
Lucky Chance,,,Soul Doubt,e8,,Solo,worked,,,8a+
Josune Bereziartu,May 1998,,Soul Train,8b+,19-05-1998,Lead,worked,1998-05-19,1998.0,8b+
Stephanie Forté,24th Nov 1999,,Soul Train,8b+,24-11-1999,Lead,worked,1999-11-24,1999.0,8b+
Liv Sansoz,20th Aug 2000,,Soul Train,8b+,20-08-2000,Lead,worked,2000-08-20,2000.0,8b+
Jack Geldard,4th Apr 2007,,Spinal Crack,e9,04-04-2007,Lead,worked,2007-04-04,2007.0,8b
Pete Robins,May 2007,,Spinal Crack,e9,19-05-2007,Lead,worked,2007-05-19,2007.0,8b
Mike Foley,2022,,Spirit Quest,9a,19-11-2022,Lead,worked,2022-11-19,2022.0,9a
Jonathan Siegrest,1st Sep 2022,,Spirit Quest,9a,01-09-2022,Lead,worked,2022-01-09,2022.0,9a
Sonnie Trotter,9th Jun 2024,,Spirit Quest,9a,09-06-2024,Lead,worked,2024-09-06,2024.0,9a
Giuliano Cameroni,8th Mar 2020,,Squalo Bianco,8b+,08-03-2020,Boulder,worked,2020-08-03,2020.0,8b+
Aidan Roberts,Mar 2022,,Squalo Bianco,8b+,19-03-2022,Boulder,worked,2022-03-19,2022.0,8b+
Clément Lechaptois,2024,,Squalo Bianco,8b+,19-11-2024,Boulder,worked,2024-11-19,2024.0,8b+
Alex Barrows,19th Apr 2014,8c+,Stamina Boys,8c+,19-04-2014,Boulder,worked,2014-04-19,2014.0,8c+
Will Smith,20th May 2016,,Stamina Boys,8c+,20-05-2016,Boulder,worked,2016-05-20,2016.0,8c+
Ethan Walker,17th Sep 2016,,Stamina Boys,8c+,17-09-2016,Boulder,worked,2016-09-17,2016.0,8c+
Dan Varian,2015,,Star Power,8b+,19-11-2015,Boulder,worked,2015-11-19,2015.0,8b+
Niccolò Ceria,2023,,Star Power,8b+,19-11-2023,Boulder,worked,2023-11-19,2023.0,8b+
Tim Blake,6th Aug 2024,,Star Power,8b+,06-08-2024,Boulder,worked,2024-06-08,2024.0,8b+
Hannah Kerr,20th Sep 2020,,Sufferance,8a,20-09-2020,Lead,worked,2020-09-20,2020.0,8a
Lucy Ross,7th Sep 2021,,Sufferance,8a,07-09-2021,Lead,worked,2021-07-09,2021.0,8a
Jessica Mccaskey,,,Sufferance,8a,,Lead,worked,,,8a
Trevor Peck,Aug 1955,,Suicide Wall,e1,19-08-1955,Lead,,1955-08-19,1955.0,5c
Peter Biven,Aug 1955,,Suicide Wall,e1,19-08-1955,Lead,,1955-08-19,1955.0,5c
Barrie Biven,Aug 1955,,Suicide Wall,e1,19-08-1955,Lead,,1955-08-19,1955.0,5c
Paul Cornforth,5th Aug 1986,,Super Duper Dupont,7c,05-08-1986,Lead,worked,1986-05-08,1986.0,7c
Mick Lovatt,11th Oct 1986,,Super Duper Dupont,7c,11-10-1986,Lead,onsight,1986-11-10,1986.0,7c
Bob Smith,1989,,Super Duper Dupont,7c,19-11-1989,Lead,onsight,1989-11-19,1989.0,7c
Malcolm Smith,Jun 2005,,Supersize Me,8b,19-06-2005,Boulder,worked,2005-06-19,2005.0,8b
Fraser Moodie,16th Mar 2021,,Supersize Me,8b,16-03-2021,Boulder,worked,2021-03-16,2021.0,8b
Lewis Roy,,,Supersize Me,8b,,Boulder,worked,,,8b
Dave Cuthbertson,1995,,Symbiosis,e8,19-11-1995,Lead,worked,1995-11-19,1995.0,8a+
Dave MacLeod,2023,,Symbiosis,e8,19-11-2023,Lead,worked,2023-11-19,2023.0,8a+
Daila Ojeda,Dec 2010,,T1 Full Equip,8c,19-12-2010,Lead,worked,2010-12-19,2010.0,8c
Kajsa Rosén,30th Mar 2016,,T1 Full Equip,8c,30-03-2016,Lead,onsight,2016-03-30,2016.0,8c
Ian MacDonald,,,T1 Full Equip,8c,,Lead,worked,,,8c
Liv Pearson,18th Jul 2020,,Taylor Made,7c,18-07-2020,Boulder,worked,2020-07-18,2020.0,7c
Tala Hepburn,Jul 2022,,Taylor Made,7c,19-07-2022,Boulder,worked,2022-07-19,2022.0,7c
Jessica Sakura Ward,3rd Jul 2022,,Taylor Made,7c,03-07-2022,Boulder,worked,2022-03-07,2022.0,7c
Martin Stráník,22nd Jun 2018,,Tekuté Štěstí,8c,22-06-2018,Boulder,worked,2018-06-22,2018.0,8c
Adam Ondra,24th Jun 2018,,Tekuté Štěstí,8c,24-06-2018,Boulder,worked,2018-06-24,2018.0,8c
Will Bosi,11th Apr 2022,,Tekuté Štěstí,8c,11-04-2022,Boulder,worked,2022-11-04,2022.0,8c
Solly Kemball-Dorey,21st Feb 2023,8B+,Tempest In A Teapot,8b+,21-02-2023,Boulder,worked,2023-02-21,2023.0,8b+
Aidan Roberts,2024,,Tempest In A Teapot,8b+,19-11-2024,Boulder,worked,2024-11-19,2024.0,8b+
Leo Skinner,11th Jun 2024,8B+ (hard),Tempest In A Teapot,8b+,11-06-2024,Boulder,worked,2024-11-06,2024.0,8b+
Andy Hall,1979,,The Aardvark And The Ferret,e6,19-11-1979,Lead,worked,1979-11-19,1979.0,7b+
Rachel Carr,Oct 1999,,The Aardvark And The Ferret,e6,19-10-1999,Lead,worked,1999-10-19,1999.0,7b+
Ben Heason,2001,,The Aardvark And The Ferret,e6,19-11-2001,Solo,worked,2001-11-19,2001.0,7b+
Johnny Dawes,19th Jun 1994,,The Angels Share,7c,19-06-1994,Boulder,worked,1994-06-19,1994.0,7c
Jim Pope,17th Apr 2024,,The Angels Share,7c,17-04-2024,Boulder,worked,2024-04-17,2024.0,7c
Ed Drummond,1975,,The Asp,e3,19-11-1975,Boulder,,1975-11-19,1975.0,6b+
John Allen,1975,,The Asp,e3,19-11-1975,Boulder,,1975-11-19,1975.0,6b+
Gabe Reagan,1975,,The Asp,e3,19-11-1975,Boulder,,1975-11-19,1975.0,6b+
Marc le Menestrel,May 1995,8c,The Big R,8b+,19-05-1995,Lead,worked,1995-05-19,1995.0,8b+
Ryan Palo,Mar 2005,,The Big R,8b+,19-03-2005,Lead,worked,2005-03-19,2005.0,8b+
Mike Doyle,Mar 2017,,The Big R,8b+,19-03-2017,Lead,worked,2017-03-19,2017.0,8b+
Ron Fawcett,May 1980,,The Big Sleep,e6,19-05-1980,Lead,worked,1980-05-19,1980.0,7b+
Paul Williams,May 1980,,The Big Sleep,e6,19-05-1980,Lead,worked,1980-05-19,1980.0,7b+
John Redhead,7th Mar 1982,,The Big Sleep,e6,07-03-1982,Lead,worked,1982-07-03,1982.0,7b+
Pete Crew,21st Sep 1963,,The Boldest,e4,21-09-1963,Lead,,1963-09-21,1963.0,6c+
Alan Rouse,1969,,The Boldest,e4,19-11-1969,Solo,worked,1969-11-19,1969.0,6c+
Ed Drummond,,,The Boldest,e4,,Lead,ground up,,,6c+
Chris Sharma,,,The Buttermilker,8a+,,Boulder,worked,,,8a+
Alex Puccio,,,The Buttermilker,8a+,,Boulder,worked,,,8a+
Jorg Verhoeven,,,The Buttermilker,8a+,,Boulder,worked,,,8a+
Didier Berthod,23rd Jun 2023,,The Crack Of Destiny,e9,23-06-2023,Lead,worked,2023-06-23,2023.0,8b
Connor Herson,2023,,The Crack Of Destiny,e9,19-11-2023,Lead,worked,2023-11-19,2023.0,8b
Ben Harnden,15th Aug 2024,8c,The Crack Of Destiny,e9,15-08-2024,Lead,worked,2024-08-15,2024.0,8b
Tommy Caldwell,Between 27th Dec 2014 and 14th Jan 2015,,The Dawn Wall,9a,,Lead,worked,,,9a
Kevin Jorgeson,Between 27th Dec 2014 and 14th Jan 2015,,The Dawn Wall,9a,,Lead,worked,,,9a
Adam Ondra,22nd Nov 2016,,The Dawn Wall,9a,22-11-2016,Lead,worked,2016-11-22,2016.0,9a
Philip Jewel,16th Apr 1978,,The Flytrap,e2,16-04-1978,Alternate Leads,onsight,1978-04-16,1978.0,6a+
Dave Cuthbertson,16th Apr 1978,,The Flytrap,e2,16-04-1978,Alternate Leads,onsight,1978-04-16,1978.0,6a+
Joe Brown,16th Apr 1978,,The Flytrap,e2,16-04-1978,Alternate Leads,onsight,1978-04-16,1978.0,6a+
Alex Luger,Aug 2015,,The Gift,8c,19-08-2015,Lead,worked,2015-08-19,2015.0,8c
Jacopo Larcher,12th Aug 2024,,The Gift,8c,12-08-2024,Lead,worked,2024-12-08,2024.0,8c
Barbara Zangerl,14th Aug 2024,,The Gift,8c,14-08-2024,Lead,worked,2024-08-14,2024.0,8c
Alex Megos,2012,,The Golden Ticket,8c+,19-11-2012,Lead,worked,2012-11-19,2012.0,8c+
Adam Ondra,2nd Nov 2012,8c+ (hard),The Golden Ticket,8c+,02-11-2012,Lead,onsight,2012-02-11,2012.0,8c+
Michaela Kiersch,Nov 2016,,The Golden Ticket,8c+,19-11-2016,Lead,worked,2016-11-19,2016.0,8c+
Dave Graham,22nd Dec 2004,,The Great Shark Hunt,8a+,22-12-2004,Boulder,worked,2004-12-22,2004.0,8a+
James Pearson,5th Apr 2007,,The Great Shark Hunt,8a+,05-04-2007,Boulder,flash,2007-05-04,2007.0,8a+
Nolwen Berthier,,,The Great Shark Hunt,8a+,,Boulder,worked,,,8a+
James Pearson,2008,,The Groove,e9,19-11-2008,Lead,worked,2008-11-19,2008.0,8b
Kevin Jorgeson,Nov 2008,,The Groove,e9,19-11-2008,Lead,worked,2008-11-19,2008.0,8b
Alex Moore,6th Mar 2024,,The Groove,e9,06-03-2024,Lead,worked,2024-06-03,2024.0,8b
Hansjörg Auer,22nd Apr 2011,,The Hallucinogen Wall,e9,22-04-2011,Lead,worked,2011-04-22,2011.0,8b
Angus Kille,16th Oct 2023,,The Hallucinogen Wall,e9,16-10-2023,Alternate Leads,worked,2023-10-16,2023.0,8b
Hazel Findlay,16th Oct 2023,,The Hallucinogen Wall,e9,16-10-2023,Alternate Leads,worked,2023-10-16,2023.0,8b
Frances Bensley,15th Jul 2023,,The Hatchling,7c+,15-07-2023,Boulder,flash,2023-07-15,2023.0,7c+
Imogen Horrocks,,,The Hatchling,7c+,,Boulder,worked,,,7c+
Katy Whittaker,,,The Hatchling,7c+,,Boulder,worked,,,7c+
Tom Randall,Aug 2015,,The Kraken,8b,19-08-2015,Boulder,worked,2015-08-19,2015.0,8b
Alex Waterhouse,22nd May 2020,,The Kraken,8b,22-05-2020,Boulder,worked,2020-05-22,2020.0,8b
Pete Whittaker,20th Jun 2022,,The Kraken,8b,20-06-2022,Boulder,worked,2022-06-20,2022.0,8b
Paul Robinson,,,The Other Side Of Infinity,8b+,,Boulder,worked,,,8b+
Ben Blackmore,,,The Other Side Of Infinity,8b+,,Boulder,worked,,,8b+
Noah Wheeler,,,The Other Side Of Infinity,8b+,,Boulder,worked,,,8b+
Pete Robins,Aug 2013,,The Pink Panther,8b+,19-08-2013,Lead,worked,2013-08-19,2013.0,8b+
Jordan Buys,29th Jul 2023,8b+ (hard),The Pink Panther,8b+,29-07-2023,Lead,worked,2023-07-29,2023.0,8b+
Kieran Forrest,,,The Pink Panther,8b+,,Lead,worked,,,8b+
Ally Smith,23rd Jun 2018,8c,The Pirate,8c,23-06-2018,Lead,worked,2018-06-23,2018.0,8c
Haydn Jones,30th Jul 2024,,The Pirate,8c,30-07-2024,Lead,worked,2024-07-30,2024.0,8c
Alex Barrows,4th Aug 2024,8b+ (hard),The Pirate,8c,04-08-2024,Lead,worked,2024-04-08,2024.0,8c
Ron Fawcett,Jul 1982,,The Prow,8a,19-07-1982,Lead,worked,1982-07-19,1982.0,8a
Jerry Moffatt,1982,,The Prow,8a,19-11-1982,Lead,worked,1982-11-19,1982.0,8a
Mick Lovatt,1985,,The Prow,8a,19-11-1985,Lead,worked,1985-11-19,1985.0,8a
Tom Randall,2014,,The Pura Pura,e10,19-11-2014,Lead,worked,2014-11-19,2014.0,8b+
Pete Whittaker,Oct 2023,,The Pura Pura,e10,19-10-2023,Lead,worked,2023-10-19,2023.0,8b+
Marco Sappa,5th Oct 2024,,The Pura Pura,e10,05-10-2024,Lead,worked,2024-05-10,2024.0,8b+
Dan Warren,27th Sep 2008,,The Real Keelhaul,8b,27-09-2008,Boulder,worked,2008-09-27,2008.0,8b
Dan Turner,20th Jan 2016,8B,The Real Keelhaul,8b,20-01-2016,Boulder,worked,2016-01-20,2016.0,8b
Dave Cowl,,,The Real Keelhaul,8b,,Boulder,worked,,,8b
Nicolas Favresse,22nd May 2013,,The Recovery Drink,e10,22-05-2013,Lead,worked,2013-05-22,2013.0,8b+
Daniel Jung,Aug 2018,,The Recovery Drink,e10,19-08-2018,Lead,worked,2018-08-19,2018.0,8b+
Pete Whittaker,Aug 2019,,The Recovery Drink,e10,19-08-2019,Lead,worked,2019-08-19,2019.0,8b+
Johnny Dawes,1984,,The Salmon,e7,19-11-1984,Lead,worked,1984-11-19,1984.0,7c+
Johnny Dawes,1995,,The Salmon,e7,19-11-1995,Lead,repeat,1995-11-19,1995.0,7c+
Johnny Dawes,2021,,The Salmon,e7,19-11-2021,Lead,repeat,2021-11-19,2021.0,7c+
Chris Plant,1989,,The Sissy,8a,19-11-1989,Lead,worked,1989-11-19,1989.0,8a
Mina Leslie-Wujastyk,17th Aug 2009,,The Sissy,8a,17-08-2009,Lead,worked,2009-08-17,2009.0,8a
Megan Willmott,21st Jun 2021,,The Sissy,8a,21-06-2021,Lead,worked,2021-06-21,2021.0,8a
Don Whillans,1954,,The Sloth,hvs,19-11-1954,Lead,onsight,1954-11-19,1954.0,5b
Joe Brown,1963,,The Sloth,hvs,19-11-1963,Lead,repeat,1963-11-19,1963.0,5b
John Stainforth,1970,,The Sloth,hvs,19-11-1970,Lead,onsight,1970-11-19,1970.0,5b
Tim Clifford,13th Apr 2009,,The Teacup,8b,13-04-2009,Boulder,worked,2009-04-13,2009.0,8b
Jimmy Webb,29th Oct 2013,,The Teacup,8b,29-10-2013,Boulder,flash,2013-10-29,2013.0,8b
Keenan Takahashi,3rd Apr 2018,,The Teacup,8b,03-04-2018,Boulder,flash,2018-03-04,2018.0,8b
John Gill,1961,,The Thimble,7a+,19-11-1961,Solo,ground up,1961-11-19,1961.0,7a+
John Sherman,,,The Thimble,7a+,,Lead,worked,,,7a+
Rachel Goldman,2024,,The Thrilla In Manilla,8b,19-11-2024,Boulder,worked,2024-11-19,2024.0,8b
Maya Ene,22nd Feb 2024,,The Thrilla In Manilla,8b,22-02-2024,Boulder,worked,2024-02-22,2024.0,8b
Michaela Kiersch,,,The Thrilla In Manilla,8b,,Boulder,worked,,,8b
Neil Carson,Jun 1995,,The Walking Muscle,8b+,19-06-1995,Lead,worked,1995-06-19,1995.0,8b+
Neil Mawson,5th Mar 2012,8b/8b+,The Walking Muscle,8b+,05-03-2012,Lead,worked,2012-05-03,2012.0,8b+
Chris Doyle,30th Jul 2012,,The Walking Muscle,8b+,30-07-2012,Lead,worked,2012-07-30,2012.0,8b+
Walter Parry Haskett Smith,Jun 1886,,The Wasdale Crack,hs,19-06-1886,Solo,onsight,1886-06-19,1886.0,4c
Jim Birkett,1930s,,The Wasdale Crack,hs,19-11-2024,Alternate Leads,onsight,2024-11-19,2024.0,4c
John Gaskins,Jun 1986,,The Wasdale Crack,hs,19-06-1986,Lead,onsight,1986-06-19,1986.0,4c
Neil Gresham,21st Jun 2004,,The Wizard,8a,21-06-2004,Deep Water Solo,worked,2004-06-21,2004.0,8a
Bob Hickish,14th Jul 2013,,The Wizard,8a,14-07-2013,Deep Water Solo,ground up,2013-07-14,2013.0,8a
Cailean Harker,18th Aug 2014,,The Wizard,8a,18-08-2014,Deep Water Solo,ground up,2014-08-18,2014.0,8a
Mark Katz,1998,,The Young Pretender,e8,19-11-1998,Solo,worked,1998-11-19,1998.0,8a+
Dom Bridgwood,25th Feb 2024,,The Young Pretender,e8,25-02-2024,Solo,worked,2024-02-25,2024.0,8a+
Pete Bridgwood,25th Feb 2024,,The Young Pretender,e8,25-02-2024,Solo,worked,2024-02-25,2024.0,8a+
Ron Kauk,1984,,Thriller,7c+,19-11-1984,Boulder,worked,1984-11-19,1984.0,7c+
Jerry Moffatt,1991,,Thriller,7c+,19-11-1991,Boulder,worked,1991-11-19,1991.0,7c+
Fred Nicole,1993,,Thriller,7c+,19-11-1993,Boulder,flash,1993-11-19,1993.0,7c+
Timmy Fairfield,,,Throwback,8b+,,Boulder,worked,,,8b+
Matt Gentile,24th Sep 2016,8B,Throwback,8b+,24-09-2016,Boulder,worked,2016-09-24,2016.0,8b+
Sam Davis,24th Nov 2016,,Throwback,8b+,24-11-2016,Boulder,worked,2016-11-24,2016.0,8b+
Andy Popp,10th Sep 2001,,Time Regained,e8,10-09-2001,Lead,worked,2001-10-09,2001.0,8a+
Mark Rankine,8th Apr 2018,,Time Regained,e8,08-04-2018,Lead,worked,2018-08-04,2018.0,8a+
Nick Dixon,,,Time Regained,e8,,Lead,worked,,,8a+
Crispin Waddy,1989,,Tombola,e7,19-11-1989,Lead,worked,1989-11-19,1989.0,7c+
Hazel Findlay,2012,,Tombola,e7,19-11-2012,Lead,onsight,2012-11-19,2012.0,7c+
Rob Matheson,3rd Sep 2022,,Tombola,e7,03-09-2022,Lead,worked,2022-03-09,2022.0,7c+
Will Stanhope,14th Aug 2015,,Tom Egan Memorial Route,8c,14-08-2015,Lead,worked,2015-08-14,2015.0,8c
Charlotte Durif,2009,,Tom Et Je Ris,8b+,19-11-2009,Lead,worked,2009-11-19,2009.0,8b+
Steve McClure,12th Jul 2013,,Tom Et Je Ris,8b+,12-07-2013,Lead,onsight,2013-12-07,2013.0,8b+
Emilie Pellerin,23rd Oct 2016,,Tom Et Je Ris,8b+,23-10-2016,Lead,worked,2016-10-23,2016.0,8b+
Mauro Calibani,24th Jan 2004,8C+,Tonino 78,8c,24-01-2004,Boulder,worked,2004-01-24,2004.0,8c
Julien Nadiras,2nd Oct 2004,8C+,Tonino 78,8c,02-10-2004,Boulder,worked,2004-02-10,2004.0,8c
Antoine Vandeputte,7th May 2005,8C,Tonino 78,8c,07-05-2005,Boulder,worked,2005-07-05,2005.0,8c
Alex Honnold,15th Jan 2012,,Too Big To Flail,e10,15-01-2012,Solo,worked,2012-01-15,2012.0,8b+
Nina Williams,18th Mar 2019,,Too Big To Flail,e10,18-03-2019,Solo,worked,2019-03-18,2019.0,8b+
Lonnie Kauk,,,Too Big To Flail,e10,,Solo,worked,,,8b+
Mike Lea,Apr 2001,,Top Loader,e7,19-04-2001,Lead,worked,2001-04-19,2001.0,7c+
Steve McClure,2000,,Top Loader,e7,19-11-2000,Lead,flash,2000-11-19,2000.0,7c+
Katie Keeley,3rd Mar 2023,,Top Loader,e7,03-03-2023,Lead,worked,2023-03-03,2023.0,7c+
Ron Fawcett,1986,,Toy Boy,7c+,19-11-1986,Boulder,worked,1986-11-19,1986.0,7c+
Ben Heason,2001,,Toy Boy,7c+,19-11-2001,Boulder,worked,2001-11-19,2001.0,7c+
Katy Whittaker,Mar 2013,,Toy Boy,7c+,19-03-2013,Boulder,ground up,2013-03-19,2013.0,7c+
Will Bosi,9th Jun 2022,8C,Trance,8c,09-06-2022,Boulder,worked,2022-09-06,2022.0,8c
Aidan Roberts,5th Jul 2024,,Trance,8c,05-07-2024,Boulder,worked,2024-05-07,2024.0,8c
Nathan Phillips,6th Jul 2024,,Trance,8c,06-07-2024,Boulder,worked,2024-06-07,2024.0,8c
Malcolm Smith,1994,,Transcendence,e9,19-11-1994,Lead,worked,1994-11-19,1994.0,8b
Dan Varian,9th Mar 2019,,Transcendence,e9,09-03-2019,Lead,worked,2019-09-03,2019.0,8b
Robin Barker,,,Transcendence,e9,,Lead,worked,,,8b
Dani Andrada,8th Apr 2005,8c+/9a,Travesía De La Enmienda,8c+,08-04-2005,Lead,worked,2005-08-04,2005.0,8c+
Adam Ondra,16th Feb 2007,8c+/9a,Travesía De La Enmienda,8c+,16-02-2007,Lead,worked,2007-02-16,2007.0,8c+
Alex Barrows,11th Feb 2024,8c+ (hard),Travesía De La Enmienda,8c+,11-02-2024,Lead,worked,2024-11-02,2024.0,8c+
Matt Broadhurst,22nd Sep 2019,,Troll Hammer,8c,22-09-2019,Lead,worked,2019-09-22,2019.0,8c
Tom Newberry,30th Aug 2022,,Troll Hammer,8c,30-08-2022,Lead,worked,2022-08-30,2022.0,8c
Andrine Skilbrei,26th Sep 2023,,Troll Hammer,8c,26-09-2023,Lead,worked,2023-09-26,2023.0,8c
Julien Nadiras,,,Ubik Assis,8b,,Boulder,worked,,,8b
Niccolò Ceria,Feb 2015,,Ubik Assis,8b,19-02-2015,Boulder,flash,2015-02-19,2015.0,8b
James Squire,3rd Mar 2016,,Ubik Assis,8b,03-03-2016,Boulder,worked,2016-03-03,2016.0,8b
Ryuichi Murai,21st Nov 2018,8B+ (hard),Ukiyo,8b+,21-11-2018,Boulder,worked,2018-11-21,2018.0,8b+
Shinichiro Nomura,3rd Nov 2019,8B+,Ukiyo,8b+,03-11-2019,Boulder,worked,2019-03-11,2019.0,8b+
Yuta Imaizumi,Nov 2023,8C,Ukiyo,8b+,19-11-2023,Boulder,worked,2023-11-19,2023.0,8b+
Muriel Sarkany,21st Aug 2012,,Ultimate Sacrifice,8c+,21-08-2012,Lead,worked,2012-08-21,2012.0,8c+
Will Smith,1st Sep 2014,,Ultimate Sacrifice,8c+,01-09-2014,Lead,worked,2014-01-09,2014.0,8c+
Alex Barrows,14th Oct 2021,,Ultimate Sacrifice,8c+,14-10-2021,Lead,worked,2021-10-14,2021.0,8c+
Ben Bransby,Aug 1999,,Underworld,e8,19-08-1999,Lead,worked,1999-08-19,1999.0,8a+
Bob Hickish,Aug 2020,,Underworld,e8,19-08-2020,Deep Water Solo,worked,2020-08-19,2020.0,8a+
Howard Lawledge,Aug 2020,,Underworld,e8,19-08-2020,Deep Water Solo,worked,2020-08-19,2020.0,8a+
Nick Dixon,,,Une Jeune Fille Quatre Vingt Dix Ans,e8,,Lead,worked,,,8a+
Steve McClure,May 2019,,Une Jeune Fille Quatre Vingt Dix Ans,e8,19-05-2019,Lead,flash,2019-05-19,2019.0,8a+
Jim Pope,15th Apr 2021,,Une Jeune Fille Quatre Vingt Dix Ans,e8,15-04-2021,Lead,flash,2021-04-15,2021.0,8a+
Robin Barker,16th Aug 1992,,Unfamiliar,e7,16-08-1992,Lead,worked,1992-08-16,1992.0,7c+
Mina Leslie-Wujastyk,Nov 2013,,Unfamiliar,e7,19-11-2013,Lead,worked,2013-11-19,2013.0,7c+
Aidan Roberts,Nov 2022,,Vecchio Leone Sds,8c+,19-11-2022,Boulder,worked,2022-11-19,2022.0,8c+
Matt Fultz,27th Mar 2023,,Vecchio Leone Sds,8c+,27-03-2023,Boulder,worked,2023-03-27,2023.0,8c+
Stefano Carnati,8th Nov 2023,,Vecchio Leone Sds,8c+,08-11-2023,Boulder,worked,2023-08-11,2023.0,8c+
Ramón Julián Puigblanque,23rd Aug 2008,8c+,Víctima Perfecta,9a+,23-08-2008,Lead,worked,2008-08-23,2008.0,9a+
Jorge Díaz-Rullo,23rd May 2021,9a/9a+,Víctima Perfecta,9a+,23-05-2021,Lead,worked,2021-05-23,2021.0,9a+
Michaela Kiersch,7th Apr 2024,,Víctima Perfecta,9a+,07-04-2024,Lead,worked,2024-07-04,2024.0,9a+
Alex Megos,Nov 2019,,Victimes Del Passat R2,8c+,19-11-2019,Lead,onsight,2019-11-19,2019.0,8c+
Jorge Díaz-Rullo,May 2021,,Victimes Del Passat R2,8c+,19-05-2021,Lead,worked,2021-05-19,2021.0,8c+
Michaela Kiersch,Mar 2024,,Victimes Del Passat R2,8c+,19-03-2024,Lead,worked,2024-03-19,2024.0,8c+
Karin Magog,,,Vlad The Impailer,e7,,Lead,onsight,,,7c+
Ian Cummins,,,Vlad The Impailer,e7,,Lead,,,,7c+
John Gaskins,2001,8A+/8B,Walk Away,8b,19-11-2001,Boulder,worked,2001-11-19,2001.0,8b
Greg Chapman,7th Feb 2009,,Walk Away,8b,07-02-2009,Boulder,worked,2009-07-02,2009.0,8b
Dawid Skoczylas,,,Walk Away,8b,,Boulder,worked,,,8b
Dave Graham,28th Jul 2013,,Wave Swoop,8b+,28-07-2013,Boulder,worked,2013-07-28,2013.0,8b+
Nalle Hukkataival,Between 28th Jul 2013 and 12th Aug 2015,,Wave Swoop,8b+,,Boulder,worked,,,8b+
Paul Robinson,12th Aug 2015,,Wave Swoop,8b+,12-08-2015,Boulder,worked,2015-12-08,2015.0,8b+
Danny Cattell,4th Apr 2017,,Wedgie Wall,8b,04-04-2017,Boulder,worked,2017-04-04,2017.0,8b
Tim Blake,26th Apr 2021,,Wedgie Wall,8b,26-04-2021,Boulder,worked,2021-04-26,2021.0,8b
Aidan Roberts,Jul 2021,,Wedgie Wall,8b,19-07-2021,Boulder,worked,2021-07-19,2021.0,8b
Tom Proctor,1967,,Wee Doris,e4,19-11-1967,Boulder,,1967-11-19,1967.0,6c+
Alan Rouse,1971,,Wee Doris,e4,19-11-1971,Boulder,,1971-11-19,1971.0,6c+
Steve Bancroft,1975,,Wee Doris,e4,19-11-1975,Solo,worked,1975-11-19,1975.0,6c+
Vincent Pochon,,,Welcome To Jamrock,8b,,Boulder,worked,,,8b
Issac Baxter,21st Apr 2023,,Welcome To Jamrock,8b,21-04-2023,Boulder,worked,2023-04-21,2023.0,8b
Yannick Flohé,Aug 2024,,Welcome To Jamrock,8b,19-08-2024,Boulder,worked,2024-08-19,2024.0,8b
John Dunne,1998,,Widdop Wall,e9,19-11-1998,Lead,worked,1998-11-19,1998.0,8b
John Gaskins,1993,,Widdop Wall,e9,19-11-1993,Top Rope,worked,1993-11-19,1993.0,8b
Jordan Buys,31st Jan 2009,,Widdop Wall,e9,31-01-2009,Lead,worked,2009-01-31,2009.0,8b
Alex Megos,,,Wild Público,9a,,Lead,worked,,,9a
Tom Bolger,15th Mar 2021,,Wild Público,9a,15-03-2021,Lead,worked,2021-03-15,2021.0,9a
Alberto Rocasolano Jaudenes,Jan 2024,,Wild Público,9a,19-01-2024,Lead,worked,2024-01-19,2024.0,9a
Chris Sharma,Mar 2005,,Witness The Fitness,8c,19-03-2005,Boulder,worked,2005-03-19,2005.0,8c
Fred Nicole,Dec 2006,,Witness The Fitness,8c,19-12-2006,Boulder,worked,2006-12-19,2006.0,8c
Daniel Woods,,,Witness The Fitness,8c,,Boulder,worked,,,8c
Brion Voges,11th Feb 2011,,Wood Grain Grippin,8b+,11-02-2011,Boulder,worked,2011-11-02,2011.0,8b+
Paul Robinson,,,Wood Grain Grippin,8b+,,Boulder,worked,,,8b+
Daniel Woods,,,Wood Grain Grippin,8b+,,Boulder,worked,,,8b+
Jason Myers,,,Work Hard,8a+,,Boulder,worked,,,8a+
John Gaskins,1998,,Work Hard,8a+,19-11-1998,Boulder,worked,1998-11-19,1998.0,8a+
Andy Brown,1999,,Work Hard,8a+,19-11-1999,Boulder,worked,1999-11-19,1999.0,8a+
Sam Blackwell,13th May 2022,8C,World At War,8c,13-05-2022,Boulder,worked,2022-05-13,2022.0,8c
Will Bosi,Jun 2023,8B+,World At War,8c,19-06-2023,Boulder,worked,2023-06-19,2023.0,8c
Jonny Kydd,26th Jul 2023,8B+/8C,World At War,8c,26-07-2023,Boulder,worked,2023-07-26,2023.0,8c
Adam Hocking,,,Worzel Gunnage Stand,7c+,,Boulder,worked,,,7c+
Dave Nodden,,,Worzel Gunnage Stand,7c+,,Boulder,worked,,,7c+
Katie Maxwell,5th Sep 2023,,Worzel Gunnage Stand,7c+,05-09-2023,Boulder,worked,2023-05-09,2023.0,7c+
Bernd Zangerl,,,Wovenhand,8b,,Boulder,worked,,,8b
Paul Robinson,10th Sep 2012,,Wovenhand,8b,10-09-2012,Boulder,worked,2012-10-09,2012.0,8b
Michaela Kiersch,May 2023,,Wovenhand,8b,19-05-2023,Boulder,worked,2023-05-19,2023.0,8b
Aidan Roberts,8th Feb 2022,,Xxxs,8b,08-02-2022,Boulder,worked,2022-08-02,2022.0,8b
Jack Palmieri,23rd Mar 2022,8A+/8B,Xxxs,8b,23-03-2022,Boulder,worked,2022-03-23,2022.0,8b
Dan Turner,16th Apr 2022,,Xxxs,8b,16-04-2022,Boulder,worked,2022-04-16,2022.0,8b
Sam Rothstein,3rd Oct 2019,8B,Yellow Cake,8b+,03-10-2019,Boulder,worked,2019-03-10,2019.0,8b+
Cyrus Johnston,,,Yellow Cake,8b+,,Boulder,worked,,,8b+
Liam Andrews-Bancroft,,,Yellow Cake,8b+,,Boulder,worked,,,8b+
Ethan Salvo,14th Feb 2023,8C,Zazen,8c,14-02-2023,Boulder,worked,2023-02-14,2023.0,8c
Lucas Uchida,30th May 2023,8C,Zazen,8c,30-05-2023,Boulder,worked,2023-05-30,2023.0,8c
Zach Galla,17th Apr 2024,8B+ (hard),Zazen,8c,17-04-2024,Boulder,worked,2024-04-17,2024.0,8c
Bob Hickish,Jun 2013,,Z Chrome,8a+,19-06-2013,Deep Water Solo,ground up,2013-06-19,2013.0,8a+
Cailean Harker,29th Aug 2016,,Z Chrome,8a+,29-08-2016,Deep Water Solo,ground up,2016-08-29,2016.0,8a+
Theo Elmer,23rd Aug 2018,,Z Chrome,8a+,23-08-2018,Deep Water Solo,ground up,2018-08-23,2018.0,8a+
Peter Croft,1982,,Zombie Roof,e6,19-11-1982,Lead,worked,1982-11-19,1982.0,7b+
Peter Croft,,,Zombie Roof,e6,,Solo,worked,,,7b+
Will Stanhope,,,Zombie Roof,e6,,Solo,worked,,,7b+
Dave Pegg,15th Jun 2013,,100 Proof,8a+,15-06-2013,Lead,worked,2013-06-15,2013.0,8a+
Harriet Ridley,Sep 2017,,100 Proof,8a+,19-09-2017,Lead,worked,2017-09-19,2017.0,8a+
Kristian Clemmow,3rd May 2007,,32,8b+,03-05-2007,Lead,worked,2007-03-05,2007.0,8b+
Pete Dawson,14th Jul 2019,,32,8b+,14-07-2019,Lead,flash,2019-07-14,2019.0,8b+
Hamish McArthur,1st Jan 2021,,4x+1,8b,01-01-2021,Boulder,worked,2021-01-01,2021.0,8b
Will Bosi,7th Mar 2022,,4x+1,8b,07-03-2022,Boulder,flash,2022-07-03,2022.0,8b
Adam Ondra,27th Jun 2011,,5 Uve,8c,27-06-2011,Lead,onsight,2011-06-27,2011.0,8c
Alex Ventajas,23rd Oct 2022,,5 Uve,8c,23-10-2022,Lead,flash,2022-10-23,2022.0,8c
Dan Varian,,,A Bigger Berry Sds,8a+,,Boulder,worked,,,8a+
Ned Feehally,,,A Bigger Berry Sds,8a+,,Boulder,worked,,,8a+
Ken Palmer,2nd Jun 1991,,A Fishermans Tale,8b,02-06-1991,Lead,worked,1991-02-06,1991.0,8b
Simon Reed,1999,8b (hard),A Fishermans Tale,8b,19-11-1999,Lead,worked,1999-11-19,1999.0,8b
Roxy Elgar,29th Aug 2024,,Air Bahal,8a,29-08-2024,Lead,worked,2024-08-29,2024.0,8a
Nettie McLanaghan,Sep 2024,,Air Bahal,8a,19-09-2024,Lead,worked,2024-09-19,2024.0,8a
Neil Gresham,2004,,Airdrawn Dagger,e8,19-11-2004,Lead,worked,2004-11-19,2004.0,8a+
James Pearson,2011,,Airdrawn Dagger,e8,19-11-2011,Lead,onsight,2011-11-19,2011.0,8a+
Sébastien Berthe,Aug 2023,,Ajo Crudo,8c,19-08-2023,Lead,onsight,2023-08-19,2023.0,8c
Laura Rogora,Aug 2023,,Ajo Crudo,8c,19-08-2023,Lead,onsight,2023-08-19,2023.0,8c
Tony Yaniro,1980,,Alien,7b,19-11-1980,Lead,worked,1980-11-19,1980.0,7b
Kim Carrigan,,,Alien,7b,,Lead,onsight,,,7b
Ignacio Sánchez González,,,Alter Ego,8b,,Boulder,worked,,,8b
Pol Roca Lopez,6th Dec 2021,,Alter Ego,8b,06-12-2021,Boulder,worked,2021-06-12,2021.0,8b
John Allen,17th Jun 1986,,Amazing Grace,e6,17-06-1986,Lead,worked,1986-06-17,1986.0,7b+
Ben Bransby,10th Apr 1999,,Amazing Grace,e6,10-04-1999,Lead,onsight,1999-10-04,1999.0,7b+
Joe Lawson,8th Feb 2020,,Amber,8b,08-02-2020,Boulder,worked,2020-08-02,2020.0,8b
Leo Skinner,6th Mar 2024,,Amber,8b,06-03-2024,Boulder,worked,2024-06-03,2024.0,8b
Orrin Coley,4th Sep 2022,,A Moment Of Clarity,8b+,04-09-2022,Boulder,worked,2022-04-09,2022.0,8b+
Sam Prior,12th Aug 2023,,A Moment Of Clarity,8b+,12-08-2023,Boulder,worked,2023-12-08,2023.0,8b+
Chris Sharma,Feb 2010,,Analógica,9a,19-02-2010,Lead,worked,2010-02-19,2010.0,9a
Piotr Schab,4th Feb 2017,9a (hard),Analógica,9a,04-02-2017,Lead,worked,2017-04-02,2017.0,9a
Bernhard Schwaiger,18th Jul 2008,,Anam Cara,8b+,18-07-2008,Boulder,worked,2008-07-18,2008.0,8b+
Jakob Schubert,23rd Aug 2021,,Anam Cara,8b+,23-08-2021,Boulder,flash,2021-08-23,2021.0,8b+
Matt Fultz,,,An Empty Smile,8b+,,Boulder,worked,,,8b+
Chris Watts,,,An Empty Smile,8b+,,Boulder,worked,,,8b+
Ethan Pringle,6th Oct 2006,,An Inconvenient Roof,8b,06-10-2006,Deep Water Solo,worked,2006-06-10,2006.0,8b
Michael Piccolruaz,2023,,An Inconvenient Roof,8b,19-11-2023,Deep Water Solo,worked,2023-11-19,2023.0,8b
Nalle Hukkataival,,,Antidote,8b,,Boulder,worked,,,8b
Marine Thevenet,Aug 2021,,Antidote,8b,19-08-2021,Boulder,worked,2021-08-19,2021.0,8b
John Kettle,30th Jul 2024,,Anvil Crawler,e8,30-07-2024,Lead,worked,2024-07-30,2024.0,8a+
Chris Fisher,10th Aug 2024,,Anvil Crawler,e8,10-08-2024,Lead,worked,2024-10-08,2024.0,8a+
Dougie Hall,1986,,Appointment With Fear,e7,19-11-1986,Lead,worked,1986-11-19,1986.0,7c+
Kevin Thaw,,,Appointment With Fear,e7,,Lead,worked,,,7c+
Ed Drummond,Apr 1971,,Archangel,e3,19-04-1971,Solo,worked,1971-04-19,1971.0,6b+
Don Whillans,1954,,Archangel,e3,19-11-1954,Top Rope,worked,1954-11-19,1954.0,6b+
Tim Emmett,26th May 2023,,Archimedes Principle,8c,26-05-2023,Lead,worked,2023-05-26,2023.0,8c
Ben Harnden,Jun 2023,,Archimedes Principle,8c,19-06-2023,Lead,worked,2023-06-19,2023.0,8c
Eduard Marin,9th Oct 2020,,Arco Iris,8c+,09-10-2020,Lead,worked,2020-09-10,2020.0,8c+
Sébastien Berthe,Jul 2021,,Arco Iris,8c+,19-07-2021,Lead,worked,2021-07-19,2021.0,8c+
Dan Varian,2009,,Arc Royal,8a+,19-11-2009,Boulder,worked,2009-11-19,2009.0,8a+
Andy Earl,2009,,Arc Royal,8a+,19-11-2009,Boulder,worked,2009-11-19,2009.0,8a+
Solly Kemball-Dorey,10th Aug 2022,,A Reason To Live,8b,10-08-2022,Boulder,worked,2022-10-08,2022.0,8b
Aidan Roberts,Sep 2024,,A Reason To Live,8b,19-09-2024,Boulder,worked,2024-09-19,2024.0,8b
Tomoa Narasaki,Dec 2023,8C,Ashuradō,8c,19-12-2023,Boulder,worked,2023-12-19,2023.0,8c
Yuta Imaizumi,Jan 2024,8C (soft),Ashuradō,8c,19-01-2024,Boulder,worked,2024-01-19,2024.0,8c
John Gaskins,,,Asphyxia,8b+,,Boulder,worked,,,8b+
Dan Turner,21st Oct 2021,,Asphyxia,8b+,21-10-2021,Boulder,worked,2021-10-21,2021.0,8b+
Si O'Conor,,8B,Atlantic Bridge,6c,,Boulder,worked,,,6c
John Watson,,6C,Atlantic Bridge,6c,,Boulder,worked,,,6c
John Middendorf,Sep 1985,,Atlantic Ocean Wall,a4,19-09-1985,Aid,,1985-09-19,1985.0,a4
John Barbella,Sep 1985,,Atlantic Ocean Wall,a4,19-09-1985,Aid,,1985-09-19,1985.0,a4
Pierre Gonzales,,,Atrésie,8a,,Boulder,worked,,,8a
Janja Garnbret,Apr 2024,,Atrésie,8a,19-04-2024,Boulder,worked,2024-04-19,2024.0,8a
Rob Le Bretton,1994,,Attack Mode,8b+,19-11-1994,Lead,worked,1994-11-19,1994.0,8b+
Rose Weller,13th Jun 2021,,Attack Mode,8b+,13-06-2021,Lead,worked,2021-06-13,2021.0,8b+
John Gaskins,Oct 2003,,At The Heart Of It All,8b+,19-10-2003,Boulder,worked,2003-10-19,2003.0,8b+
Sam Davenhall,,,At The Heart Of It All,8b+,,Boulder,worked,,,8b+
John Redhead,Aug 1986,,Authentic Desire,e7,19-08-1986,Lead,worked,1986-08-19,1986.0,7c+
Nicolas Favresse,2008,,Authentic Desire,e7,19-11-2008,Lead,onsight,2008-11-19,2008.0,7c+
Dani Andrada,,,Autoengaño,9a,,Lead,worked,,,9a
Alex Barrows,12th Oct 2023,9a (soft),Autoengaño,9a,12-10-2023,Lead,worked,2023-12-10,2023.0,9a
David Lama,18th Jun 2015,,Avaatara,9a,18-06-2015,Lead,worked,2015-06-18,2015.0,9a
Victor Guillermin,28th Apr 2023,,Avaatara,9a,28-04-2023,Lead,worked,2023-04-28,2023.0,9a
Dan Varian,,,Awooga,7c,,Boulder,worked,,,7c
Ned Feehally,,,Awooga,7c,,Boulder,worked,,,7c
Mike Owen,27th May 1990,,A Wreath Of Deadly Nightshade,e7,27-05-1990,Lead,onsight,1990-05-27,1990.0,7c+
Glenda Huxter,1996,,A Wreath Of Deadly Nightshade,e7,19-11-1996,Lead,onsight,1996-11-19,1996.0,7c+
Roxy Elgar,1st Aug 2024,,Axiom,8a,01-08-2024,Lead,worked,2024-01-08,2024.0,8a
Koon Morris,,,Axiom,8a,,Lead,worked,,,8a
Francis Hélias,,,Bagheera,7c,,Boulder,worked,,,7c
Erwan Lievin,May 2024,,Bagheera,7c,19-05-2024,Boulder,worked,2024-05-19,2024.0,7c
Pete Oxley,21st Nov 1999,,Balance Of Power,8a,21-11-1999,Lead,worked,1999-11-21,1999.0,8a
Gavin Symonds,Jun 2007,,Balance Of Power,8a,19-06-2007,Deep Water Solo,worked,2007-06-19,2007.0,8a
John Redhead,30th Mar 1980,,Bananas,e5,30-03-1980,Lead,worked,1980-03-30,1980.0,7a+
Ron Fawcett,Apr 1980,,Bananas,e5,19-04-1980,Lead,worked,1980-04-19,1980.0,7a+
Pat Littlejohn,30th Apr 1980,,Barbarella,e5,30-04-1980,Lead,,1980-04-30,1980.0,7a+
Geraldine Taylor,2007,,Barbarella,e5,19-11-2007,Lead,,2007-11-19,2007.0,7a+
Pete Whittaker,4th Mar 2013,,Baron Greenback,e9,04-03-2013,Lead,worked,2013-04-03,2013.0,8b
Ben Bransby,Mar 2014,,Baron Greenback,e9,19-03-2014,Lead,worked,2014-03-19,2014.0,8b
Andy Brown,1979,,Bastille,e6,19-11-1979,Lead,,1979-11-19,1979.0,7b+
Crispin Waddy,19th Jul 2024,,Bastille,e6,19-07-2024,Lead,,2024-07-19,2024.0,7b+
Steve McClure,,,Bat Shadow,8c+,,Lead,worked,,,8c+
Jordan Buys,8th Jul 2017,,Bat Shadow,8c+,08-07-2017,Lead,worked,2017-08-07,2017.0,8c+
Andy Sharp,15th Aug 1986,,Beat Surrender,e5,15-08-1986,Lead,,1986-08-15,1986.0,7a+
Simon Lee,Sep 1986,,Beat Surrender,e5,19-09-1986,Lead,,1986-09-19,1986.0,7a+
Will Bosi,14th Jul 2022,,Beautiful Mind,8c,14-07-2022,Boulder,worked,2022-07-14,2022.0,8c
Nathan Phillips,16th Sep 2024,,Beautiful Mind,8c,16-09-2024,Boulder,worked,2024-09-16,2024.0,8c
Markus Bock,2014,,Becoming,9a,19-11-2014,Lead,worked,2014-11-19,2014.0,9a
Alex Megos,16th Mar 2016,,Becoming,9a,16-03-2016,Lead,worked,2016-03-16,2016.0,9a
Ben Heason,1998,,Beginners Mind,e7,19-11-1998,Lead,worked,1998-11-19,1998.0,7c+
Airlie Anderson,,,Beginners Mind,e7,,Lead,worked,,,7c+
Sam Prior,3rd May 2023,8B+,Belly Full Of Nachos,8b+,03-05-2023,Boulder,worked,2023-03-05,2023.0,8b+
Alex Barrows,25th Jul 2023,8B (hard),Belly Full Of Nachos,8b+,25-07-2023,Boulder,worked,2023-07-25,2023.0,8b+
Kristian Clemmow,,,Bens Roof Extension,7c+,,Boulder,worked,,,7c+
Holly Rees,,,Bens Roof Extension,7c+,,Boulder,worked,,,7c+
Nick Dixon,Apr 1989,,Berlin Wall,e8,19-04-1989,Lead,worked,1989-04-19,1989.0,8a+
Adam Hocking,,,Berlin Wall,e8,,Lead,worked,,,8a+
Dave Graham,2003,,Bhai Bon,8b+,19-11-2003,Boulder,worked,2003-11-19,2003.0,8b+
Daniel Woods,2018,,Bhai Bon,8b+,19-11-2018,Boulder,worked,2018-11-19,2018.0,8b+
Alberto Rocasolano Jaudenes,2020,,Bhai Po,8b+,19-11-2020,Boulder,worked,2020-11-19,2020.0,8b+
Will Bosi,1st Mar 2021,,Bhai Po,8b+,01-03-2021,Boulder,worked,2021-01-03,2021.0,8b+
Olivier Lebreton,,,Bibop (assis),8b,,Boulder,worked,,,8b
Rob Denayer,16th Dec 2023,,Bibop (assis),8b,16-12-2023,Boulder,worked,2023-12-16,2023.0,8b
Jacky Godoffe,1980s,,Big Boss,7c,19-11-2024,Boulder,worked,2024-11-19,2024.0,7c
Janja Garnbret,Apr 2024,,Big Boss,7c,19-04-2024,Boulder,worked,2024-04-19,2024.0,7c
Chris Sharma,Sep 2017,8c+/9a,Big Fish,8c+,19-09-2017,Deep Water Solo,worked,2017-09-19,2017.0,8c+
Matty Hong,Oct 2023,,Big Fish,8c+,19-10-2023,Deep Water Solo,worked,2023-10-19,2023.0,8c+
Olivier Carrière,,,Big Golden,7c+,,Boulder,worked,,,7c+
Janja Garnbret,Apr 2024,,Big Golden,7c+,19-04-2024,Boulder,worked,2024-04-19,2024.0,7c+
Christian Bindhammer,1st Nov 2005,,Big Hammer,9a,01-11-2005,Lead,worked,2005-01-11,2005.0,9a
Pirmin Bertle,16th Apr 2018,,Big Hammer,9a,16-04-2018,Lead,worked,2018-04-16,2018.0,9a
Bernhard Schwaiger,30th Oct 2016,,Bitter Sweet,8b,30-10-2016,Boulder,worked,2016-10-30,2016.0,8b
Martin Stráník,31st Mar 2024,,Bitter Sweet,8b,31-03-2024,Boulder,flash,2024-03-31,2024.0,8b
Patxi Usobiaga,11th Dec 2007,,Bizi Euskaraz Extension,8c+,11-12-2007,Lead,onsight,2007-11-12,2007.0,8c+
Adam Ondra,7th Mar 2011,,Bizi Euskaraz Extension,8c+,07-03-2011,Lead,onsight,2011-07-03,2011.0,8c+
Adam Ondra,10th Sep 2010,,Black Bean,8b,10-09-2010,Lead,onsight,2010-10-09,2010.0,8b
Arnaud Petit,Before 1st Jan 2012,,Black Bean,8b,,Lead,worked,,,8b
Ethan Pringle,2016,,Blackbeards Tears,e10,19-11-2016,Lead,worked,2016-11-19,2016.0,8b+
Connor Herson,Aug 2023,,Blackbeards Tears,e10,19-08-2023,Lead,worked,2023-08-19,2023.0,8b+
Paul Twomey,14th Jun 1997,,Black Love,e8,14-06-1997,Lead,worked,1997-06-14,1997.0,8a+
Ben Bransby,Aug 1999,,Black Love,e8,19-08-1999,Lead,worked,1999-08-19,1999.0,8a+
Phil Davidson,1977,,Black Magic,e5,19-11-1977,Lead,,1977-11-19,1977.0,7a+
Phil Davidson,1985,,Black Magic,e5,19-11-1985,Solo,worked,1985-11-19,1985.0,7a+
Dai Koyamada,18th Sep 2008,,Black Mamba,8b,18-09-2008,Boulder,worked,2008-09-18,2008.0,8b
Elisa Lauretano,3rd Oct 2024,,Black Mamba,8b,03-10-2024,Boulder,worked,2024-03-10,2024.0,8b
Alex Huber,1996,,Black Power,8c+,19-11-1996,Lead,worked,1996-11-19,1996.0,8c+
Jakob Schubert,,,Black Power,8c+,,Lead,worked,,,8c+
Mathew Wright,18th Aug 2023,,Black Thistle,e10,18-08-2023,Lead,worked,2023-08-18,2023.0,8b+
Dave MacLeod,Oct 2023,,Black Thistle,e10,19-10-2023,Lead,worked,2023-10-19,2023.0,8b+
Mary Jenner,Apr 2010,,Bleed In Hell,e8,19-04-2010,Lead,worked,2010-04-19,2010.0,8a+
Karin Magog,Apr 2010,,Bleed In Hell,e8,19-04-2010,Lead,worked,2010-04-19,2010.0,8a+
Jimmy Webb,22nd Apr 2017,,Blinded By The Light,8b,22-04-2017,Boulder,flash,2017-04-22,2017.0,8b
Luca Rinaldi,4th Nov 2017,,Blinded By The Light,8b,04-11-2017,Boulder,flash,2017-04-11,2017.0,8b
Adrian Berry,31st Jan 2001,E10,Blind Vision,e9,31-01-2001,Lead,worked,2001-01-31,2001.0,8b
Dave MacLeod,2007,,Blind Vision,e9,19-11-2007,Lead,worked,2007-11-19,2007.0,8b
Neil Foster,7th Jun 1994,,Block And Tackle,e6,07-06-1994,Lead,worked,1994-07-06,1994.0,7b+
Howard Lancashire,7th Jun 1994,,Block And Tackle,e6,07-06-1994,Lead,worked,1994-07-06,1994.0,7b+
Gareth Parry,28th Dec 2011,,Blomu R3,8c+,28-12-2011,Lead,worked,2011-12-28,2011.0,8c+
Luke Dawson,12th Mar 2018,,Blomu R3,8c+,12-03-2018,Lead,worked,2018-12-03,2018.0,8c+
Dan Varian,,,Blondie,8b,,Boulder,worked,,,8b
Rob Hunter,2020,,Blondie,8b,19-11-2020,Boulder,worked,2020-11-19,2020.0,8b
Alex Megos,2013,,Blood Meridian,8b,19-11-2013,Boulder,flash,2013-11-19,2013.0,8b
Zach Galla,2nd Dec 2023,,Blood Meridian,8b,02-12-2023,Boulder,flash,2023-02-12,2023.0,8b
Aidan Roberts,Sep 2024,,Bob Ross,8b+,19-09-2024,Boulder,worked,2024-09-19,2024.0,8b+
Keenan Takahashi,19th Sep 2024,,Bob Ross,8b+,19-09-2024,Boulder,worked,2024-09-19,2024.0,8b+
Nathan Phillips,10th Feb 2023,,Bodge Job,8a+,10-02-2023,Boulder,worked,2023-10-02,2023.0,8a+
Sergii Topishko,19th Apr 2023,,Bodge Job,8a+,19-04-2023,Boulder,worked,2023-04-19,2023.0,8a+
Ramón Julián Puigblanque,4th Dec 2013,8B+,Boix Boig,8b+,04-12-2013,Boulder,worked,2013-04-12,2013.0,8b+
Pol Roca Lopez,19th Dec 2023,8C,Boix Boig,8b+,19-12-2023,Boulder,worked,2023-12-19,2023.0,8b+
Toni Lamprecht,1st Mar 2006,,Bokassas Fridge,8c,01-03-2006,Boulder,worked,2006-01-03,2006.0,8c
Nils Favre,2023,,Bokassas Fridge,8c,19-11-2023,Boulder,worked,2023-11-19,2023.0,8c
Dan Varian,2019,8B+,Bombadil,8b+,19-11-2019,Boulder,worked,2019-11-19,2019.0,8b+
Niccolò Ceria,2023,,Bombadil,8b+,19-11-2023,Boulder,worked,2023-11-19,2023.0,8b+
Ben Bransby,Mar 2012,,Bon Atrocity,8b,19-03-2012,Boulder,worked,2012-03-19,2012.0,8b
Jack Palmieri,Oct 2017,,Bon Atrocity,8b,19-10-2017,Boulder,worked,2017-10-19,2017.0,8b
Emma Ransome,17th Nov 2019,,Bon Vitage,8a,17-11-2019,Lead,worked,2019-11-17,2019.0,8a
Rachel Slater,,,Bon Vitage,8a,,Lead,worked,,,8a
Drew Ruana,21st Dec 2022,,Bookkeeping,8c+,21-12-2022,Boulder,worked,2022-12-21,2022.0,8c+
Colin Duffy,26th Feb 2023,,Bookkeeping,8c+,26-02-2023,Boulder,worked,2023-02-26,2023.0,8c+
Neil Bentley,28th Sep 2002,,Boom Bip,e7,28-09-2002,Lead,worked,2002-09-28,2002.0,7c+
Tom Briggs,28th Sep 2002,,Boom Bip,e7,28-09-2002,Lead,worked,2002-09-28,2002.0,7c+
Mike Adams,Mar 2017,8C,Bordello Sds,8b+,19-03-2017,Boulder,worked,2017-03-19,2017.0,8b+
James Noble,23rd Apr 2017,8B+,Bordello Sds,8b+,23-04-2017,Boulder,worked,2017-04-23,2017.0,8b+
Gavin Ellis,May 1996,,Born Lippy,7c+,19-05-1996,Boulder,worked,1996-05-19,1996.0,7c+
Elle Partington,16th Apr 2023,,Born Lippy,7c+,16-04-2023,Boulder,worked,2023-04-16,2023.0,7c+
Thomas Willenberg,15th May 2000,8B+,Brad Pit Sds,8b+,15-05-2000,Boulder,worked,2000-05-15,2000.0,8b+
Mike Adams,,,Brad Pit Sds,8b+,,Boulder,worked,,,8b+
Will Bosi,7th Nov 2021,9a+ (soft),Brandenburg Gate,9a+,07-11-2021,Lead,worked,2021-07-11,2021.0,9a+
Greg Chapman,,,Brane World,7c+,,Boulder,worked,,,7c+
Rachel Daly,13th Jul 2023,,Brane World,7c+,13-07-2023,Boulder,worked,2023-07-13,2023.0,7c+
Will Bosi,7th Apr 2022,,Bulbasaur,8c,07-04-2022,Boulder,worked,2022-07-04,2022.0,8c
Martin Stráník,17th Apr 2022,8C (soft),Bulbasaur,8c,17-04-2022,Lead,worked,2022-04-17,2022.0,8c
Dan Turner,24th Oct 2014,8B,Bulbhaul,8a+,24-10-2014,Boulder,worked,2014-10-24,2014.0,8a+
Andy Jackson,8th May 2017,,Bulbhaul,8a+,08-05-2017,Boulder,worked,2017-08-05,2017.0,8a+
Ally Smith,1st Sep 2018,,Bullheart,8b+,01-09-2018,Lead,worked,2018-01-09,2018.0,8b+
Steve McClure,2023,,Bullheart,8b+,19-11-2023,Lead,worked,2023-11-19,2023.0,8b+
Dave MacLeod,Mar 2024,8B+,Bultitude,8b+,19-03-2024,Boulder,worked,2024-03-19,2024.0,8b+
Will Bosi,Apr 2024,8B+,Bultitude,8b+,19-04-2024,Boulder,worked,2024-04-19,2024.0,8b+
Nathan Phillips,27th Apr 2023,8B,Burnt Ends,8b,27-04-2023,Boulder,worked,2023-04-27,2023.0,8b
Jack Palmieri,16th Mar 2024,8B,Burnt Ends,8b,16-03-2024,Boulder,worked,2024-03-16,2024.0,8b
Neil Kershaw,,,Butternut Squash,7c+,,Boulder,worked,,,7c+
Rachel Daly,9th Jul 2022,,Butternut Squash,7c+,09-07-2022,Boulder,worked,2022-09-07,2022.0,7c+
James Pearson,2021,,Ça Chauffe,9a,19-11-2021,Lead,worked,2021-11-19,2021.0,9a
Symon Welfringer,27th Dec 2023,,Ça Chauffe,9a,27-12-2023,Lead,worked,2023-12-27,2023.0,9a
Kilian Fischhuber,2014,,Capricorn,8c+,19-11-2014,Lead,worked,2014-11-19,2014.0,8c+
Alex Megos,Nov 2017,,Capricorn,8c+,19-11-2017,Lead,flash,2017-11-19,2017.0,8c+
Chris Sharma,2003,,Captain Hook,8a+,19-11-2003,Boulder,worked,2003-11-19,2003.0,8a+
Sierra Blaire-Coyle,1st Mar 2024,,Captain Hook,8a+,01-03-2024,Boulder,worked,2024-01-03,2024.0,8a+
Giuliano Cameroni,26th Apr 2018,,Casavino,8b+,26-04-2018,Boulder,worked,2018-04-26,2018.0,8b+
Tim Würthner,29th Jan 2024,,Casavino,8b+,29-01-2024,Boulder,worked,2024-01-29,2024.0,8b+
Marine Thevenet,2024,,Catatonica,8a,19-11-2024,Boulder,flash,2024-11-19,2024.0,8a
Molly Thompson-Smith,7th Nov 2024,,Catatonica,8a,07-11-2024,Boulder,flash,2024-07-11,2024.0,8a
Dave Birkett,,,Caution,e8,,Lead,worked,,,8a+
Dave MacLeod,2007,,Caution,e8,19-11-2007,Lead,worked,2007-11-19,2007.0,8a+
Klem Loskot,May 1999,,Cave Rave,8b,19-05-1999,Boulder,worked,1999-05-19,1999.0,8b
Fred Nicole,1999,,Cave Rave,8b,19-11-1999,Boulder,worked,1999-11-19,1999.0,8b
Ron Fawcett,1982,,Cave Route Right Hand (pre 2018),e6,19-11-1982,Lead,worked,1982-11-19,1982.0,7b+
Phil Davidson,,,Cave Route Right Hand (pre 2018),e6,,Lead,onsight,,,7b+
Dave Graham,28th Mar 2023,,Celestite,8c+,28-03-2023,Boulder,worked,2023-03-28,2023.0,8c+
Francesco Berardino,Jan 2024,,Celestite,8c+,19-01-2024,Boulder,worked,2024-01-19,2024.0,8c+
Joe Brown,24th Aug 1952,,Cenotaph Corner,e1,24-08-1952,Lead,onsight,1952-08-24,1952.0,5c
Jerry Moffatt,15th Jul 1983,,Cenotaph Corner,e1,15-07-1983,Solo,repeat,1983-07-15,1983.0,5c
Seigfreid Herford,20th Apr 1914,,Central Buttress,e1,20-04-1914,Solo,,1914-04-20,1914.0,5c
George Sansom,20th Apr 1914,,Central Buttress,e1,20-04-1914,Solo,,1914-04-20,1914.0,5c
L J Griffin,1952,,Central Buttress,e1,19-11-1952,Lead,worked,1952-11-19,1952.0,5c
Hugh Banner,1952,,Central Buttress,e1,19-11-1952,Lead,,1952-11-19,1952.0,5c
Pete Crew,Jun 1962,,Central Pillar,e2,19-06-1962,Lead,,1962-06-19,1962.0,6a+
M. Owen,Jun 1962,,Central Pillar,e2,19-06-1962,Lead,,1962-06-19,1962.0,6a+
Ron Fawcett,Jul 1983,,Central Pillar,8a,19-07-1983,Lead,worked,1983-07-19,1983.0,8a
Dougie Hall,Aug 1985,,Central Pillar,8a,19-08-1985,Lead,worked,1985-08-19,1985.0,8a
Don Whillans,30th Aug 1956,,Centurion,hvs,30-08-1956,Lead,,1956-08-30,1956.0,5b
R. O. Downes,30th Aug 1956,,Centurion,hvs,30-08-1956,Lead,,1956-08-30,1956.0,5b
Alan Watts,Mar 1983,,Chain Reaction,7b+,19-03-1983,Lead,worked,1983-03-19,1983.0,7b+
Scott Franklin,,,Chain Reaction,7b+,,Lead,flash,,,7b+
Alex Megos,Oct 2022,9a+/9b,Chan Chan Bastards,9a+,19-10-2022,Lead,worked,2022-10-19,2022.0,9a+
Jorge Díaz-Rullo,19th Nov 2022,9a+/9b,Chan Chan Bastards,9a+,19-11-2022,Lead,worked,2022-11-19,2022.0,9a+
Martin Stráník,2nd Apr 2021,,Charizard,8b+,02-04-2021,Boulder,worked,2021-02-04,2021.0,8b+
Will Bosi,7th Apr 2022,,Charizard,8b+,07-04-2022,Boulder,flash,2022-07-04,2022.0,8b+
Matt Wilder,,,Cheating Reality,e9,,Lead,worked,,,8b
William Moss,2024,,Cheating Reality,e9,19-11-2024,Lead,worked,2024-11-19,2024.0,8b
Lucien Martinez,Nov 2022,9a+,Chicken Deluxe,9a+,19-11-2022,Lead,worked,2022-11-19,2022.0,9a+
Fabrice Landry,24th Oct 2023,9a+,Chicken Deluxe,9a+,24-10-2023,Lead,worked,2023-10-24,2023.0,9a+
Ben Bransby,2005,,Chip Shop Buddy,8a,19-11-2005,Boulder,worked,2005-11-19,2005.0,8a
Hamish McArthur,17th Oct 2021,,Chip Shop Buddy,8a,17-10-2021,Boulder,flash,2021-10-17,2021.0,8a
Carlo Traversi,26th Oct 2016,,Chocolate Jesus,8b,26-10-2016,Boulder,worked,2016-10-26,2016.0,8b
Katie Lamb,17th Jun 2023,,Chocolate Jesus,8b,17-06-2023,Boulder,worked,2023-06-17,2023.0,8b
Neil Mawson,21st Sep 2014,,Choronzon,e10,21-09-2014,Lead,worked,2014-09-21,2014.0,8b+
Steve McClure,12th Jul 2015,8b+,Choronzon,e10,12-07-2015,Lead,worked,2015-12-07,2015.0,8b+
Ben Bransby,16th May 1998,,Chupacabra,e8,16-05-1998,Lead,worked,1998-05-16,1998.0,8a+
Emma Twyford,2020,,Chupacabra,e8,19-11-2020,Lead,worked,2020-11-19,2020.0,8a+
Tom Bolger,17th Jan 2011,,Ciudad Del Dios,9a+,17-01-2011,Lead,worked,2011-01-17,2011.0,9a+
Jorge Díaz-Rullo,Nov 2023,9a,Ciudad Del Dios,9a+,19-11-2023,Lead,worked,2023-11-19,2023.0,9a+
Bob Drury,13th Oct 1986,,Clap Please,e7,13-10-1986,Lead,worked,1986-10-13,1986.0,7c+
Johnny Dawes,8th May 1987,,Clap Please,e7,08-05-1987,Lead,worked,1987-08-05,1987.0,7c+
Alex Megos,17th Jun 2017,9a+,Clash Of The Titans,9a+,17-06-2017,Lead,worked,2017-06-17,2017.0,9a+
Jakob Schubert,3rd Oct 2022,9b,Clash Of The Titans,9a+,03-10-2022,Lead,worked,2022-03-10,2022.0,9a+
Adam Ondra,30th Nov 2017,,Climb Free,9a,30-11-2017,Lead,worked,2017-11-30,2017.0,9a
Alex Khazanov,4th Nov 2019,,Climb Free,9a,04-11-2019,Lead,worked,2019-04-11,2019.0,9a
Tala Hepburn,22nd Aug 2022,,Clockwork Orange,7c,22-08-2022,Boulder,worked,2022-08-22,2022.0,7c
Elin Lois,12th Feb 2023,,Clockwork Orange,7c,12-02-2023,Boulder,worked,2023-12-02,2023.0,7c
Dalvinder Sodhi,2004,,Cold Steal,8a,19-11-2004,Lead,worked,2004-11-19,2004.0,8a
Alice Thompson,15th Aug 2020,,Cold Steal,8a,15-08-2020,Lead,worked,2020-08-15,2020.0,8a
John Gaskins,1990,,Comedy,7c,19-11-1990,Lead,worked,1990-11-19,1990.0,7c
Bob Smith,1990,,Comedy,7c,19-11-1990,Lead,worked,1990-11-19,1990.0,7c
Stevie Haston,Feb 1981,,Comes The Dervish,e3,19-02-1981,Lead,worked,1981-02-19,1981.0,6b+
Gill Price,29th May 1984,,Comes The Dervish,e3,29-05-1984,Lead,onsight,1984-05-29,1984.0,6b+
Johnny Dawes,1986,,Come To Mother,e7,19-11-1986,Lead,onsight,1986-11-19,1986.0,7c+
Paul Pritchard,1986,,Come To Mother,e7,19-11-1986,Lead,onsight,1986-11-19,1986.0,7c+
Will Atkinson,14th Jan 2012,,Coming Up For Air,8a,14-01-2012,Boulder,worked,2012-01-14,2012.0,8a
Sam Pratt,24th Nov 2023,,Coming Up For Air,8a,24-11-2023,Boulder,worked,2023-11-24,2023.0,8a
Craig Smith,21st Jul 1986,,Conan The Librarian,e7,21-07-1986,Lead,worked,1986-07-21,1986.0,7c+
Johnny Dawes,21st Jul 1986,,Conan The Librarian,e7,21-07-1986,Lead,worked,1986-07-21,1986.0,7c+
Alex Garriga,19th Dec 2020,,Cordia Maleficarum,9a,19-12-2020,Lead,worked,2020-12-19,2020.0,9a
Ana Belén Argudo Marugan,6th Apr 2022,,Cordia Maleficarum,9a,06-04-2022,Lead,worked,2022-06-04,2022.0,9a
Rob Mirfin,31st Jul 2008,E8,Cornelius,7c,31-07-2008,Solo,worked,2008-07-31,2008.0,7c
Neil Kershaw,2010,,Cornelius,7c,19-11-2010,Boulder,ground up,2010-11-19,2010.0,7c
Bill Price,1980,,Cosmic Debris,e7,19-11-1980,Lead,worked,1980-11-19,1980.0,7c+
Amity Warme,Apr 2022,,Cosmic Debris,e7,19-04-2022,Lead,worked,2022-04-19,2022.0,7c+
Jacopo Larcher,Dec 2023,,Couilles De Mammouth,e9 (approx),19-12-2023,Lead,worked,2023-12-19,2023.0,8b
James Pearson,Dec 2023,,Couilles De Mammouth,e9 (approx),19-12-2023,Lead,worked,2023-12-19,2023.0,8b
Morley Wood,1922,,Crack And Corner,hs,19-11-1922,Lead,onsight,1922-11-19,1922.0,4c
Fred Piggott,1922,,Crack And Corner,hs,19-11-1922,Lead,onsight,1922-11-19,1922.0,4c
Pete Livesey,1976,,Cream,e4,19-11-1976,Lead,worked,1976-11-19,1976.0,6c+
Ron Fawcett,1976,,Cream,e4,19-11-1976,Lead,worked,1976-11-19,1976.0,6c+
Emma Twyford,Feb 2022,,Crimptonite,8b+,19-02-2022,Lead,worked,2022-02-19,2022.0,8b+
Michaela Kiersch,Mar 2024,,Crimptonite,8b+,19-03-2024,Lead,onsight,2024-03-19,2024.0,8b+
Solly Kemball-Dorey,29th Jan 2021,,Crown Worthay,8b,29-01-2021,Boulder,worked,2021-01-29,2021.0,8b
James Squire,29th Nov 2022,,Crown Worthay,8b,29-11-2022,Boulder,worked,2022-11-29,2022.0,8b
Daniel Woods,20th Aug 2023,,Crystal Vein,8b,20-08-2023,Boulder,worked,2023-08-20,2023.0,8b
Alex Totkova,24th Jul 2024,,Crystal Vein,8b,24-07-2024,Boulder,worked,2024-07-24,2024.0,8b
Dave Towse,1984,,Cystitis By Proxy,e5,19-11-1984,Lead,worked,1984-11-19,1984.0,7a+
John Redhead,1984,,Cystitis By Proxy,e5,19-11-1984,Lead,worked,1984-11-19,1984.0,7a+
Kitty Wallace,4th Oct 2008,,Daniboy,8a,04-10-2008,Lead,worked,2008-04-10,2008.0,8a
Rebecca Kinghorn,,,Daniboy,8a,,Lead,worked,,,8a
Daniel Woods,25th Feb 2006,,Dark Waters,8a+,25-02-2006,Boulder,worked,2006-02-25,2006.0,8a+
Shawn Raboutou,,,Dark Waters,8a+,,Boulder,worked,,,8a+
Chris Savage,5th Oct 2009,,Dau Al Set,8b,05-10-2009,Lead,onsight,2009-05-10,2009.0,8b
Prudence Morgan-Wood,20th Feb 2021,,Dau Al Set,8b,20-02-2021,Lead,worked,2021-02-20,2021.0,8b
Johnny Dawes,23rd Oct 1985,,Dawes Of Perception,e7,23-10-1985,Lead,worked,1985-10-23,1985.0,7c+
John Redhead,Jun 1986,,Dawes Of Perception,e7,19-06-1986,Lead,worked,1986-06-19,1986.0,7c+
Calum Muskett,Jul 2015,,Day Of The Triffids,e8,19-07-2015,Lead,worked,2015-07-19,2015.0,8a+
Rachel Pearce,21st Jun 2023,,Day Of The Triffids,e8,21-06-2023,Lead,worked,2023-06-21,2023.0,8a+
Nalle Hukkataival,18th Apr 2018,,Deal With The Devil,8b,18-04-2018,Boulder,worked,2018-04-18,2018.0,8b
Giuliano Cameroni,18th Apr 2018,,Deal With The Devil,8b,18-04-2018,Boulder,worked,2018-04-18,2018.0,8b
Daniel Woods,Apr 2020,,Death Star,8c,19-04-2020,Boulder,worked,2020-04-19,2020.0,8c
Drew Ruana,21st Mar 2021,,Death Star,8c,21-03-2021,Boulder,worked,2021-03-21,2021.0,8c
Leo Houlding,1999,,Deathwatch,e7,19-11-1999,Lead,onsight,1999-11-19,1999.0,7c+
Dave MacLeod,2001,,Deathwatch,e7,19-11-2001,Lead,onsight,2001-11-19,2001.0,7c+
John Sheard,1967,,Debauchery,e1,19-11-1967,Lead,,1967-11-19,1967.0,5c
Pete Livesey,1967,,Debauchery,e1,19-11-1967,Lead,,1967-11-19,1967.0,5c
Gordon Jenkin,3rd Jun 1979,,Decadence,e4,03-06-1979,Lead,,1979-03-06,1979.0,6c+
Arnis Strapcans,1980,,Decadence,e4,19-11-1980,Lead,,1980-11-19,1980.0,6c+
Frank Cannings,May 1974,,Déjà Vu,e4,19-05-1974,Boulder,,1974-05-19,1974.0,6c+
Henry Barber,May 1974,,Déjà Vu,e4,19-05-1974,Boulder,,1974-05-19,1974.0,6c+
Jack Street,1965,,Delicatessen,e2,19-11-1965,Boulder,,1965-11-19,1965.0,6a+
Ed Drummond,1965,,Delicatessen,e2,19-11-1965,Boulder,,1965-11-19,1965.0,6a+
Marc le Menestrel,1997,,Deliverance,7b+,19-11-1997,Boulder,flash,1997-11-19,1997.0,7b+
Jason Myers,,,Deliverance,7b+,,Boulder,worked,,,7b+
Carl Nilsask,Mar 2022,,Den Nattliga Havsfärden,8c,19-03-2022,Boulder,worked,2022-03-19,2022.0,8c
Paul-Martin Luc,30th Dec 2023,8B+,Den Nattliga Havsfärden,8c,30-12-2023,Boulder,worked,2023-12-30,2023.0,8c
Arnis Strapcans,6th Oct 1979,,Depth Charge,e5,06-10-1979,Boulder,,1979-06-10,1979.0,7a+
Mick Fowler,6th Oct 1979,,Depth Charge,e5,06-10-1979,Boulder,,1979-06-10,1979.0,7a+
Chris Smith,23rd Aug 2024,,Der Heilige Gral,9a,23-08-2024,Lead,worked,2024-08-23,2024.0,9a
Adam Ondra,,,Der Heilige Gral,9a,,Lead,worked,,,9a
Artur Kubista,Nov 2009,,Der Lange Atem,9a,19-11-2009,Lead,worked,2009-11-19,2009.0,9a
Adam Ondra,29th Jun 2013,9a,Der Lange Atem,9a,29-06-2013,Lead,worked,2013-06-29,2013.0,9a
Jean-minh Trin-Thieu,1996,,Der Opportunist,8b,19-11-1996,Lead,worked,1996-11-19,1996.0,8b
Alex Huber,19th Feb 2003,,Der Opportunist,8b,19-02-2003,Solo,worked,2003-02-19,2003.0,8b
Frank Cannings,14th Sep 1969,,Desolation Row,e2,14-09-1969,Solo,,1969-09-14,1969.0,6a+
Pat Littlejohn,14th Sep 1969,,Desolation Row,e2,14-09-1969,Solo,,1969-09-14,1969.0,6a+
Marc le Menestrel,,,Déviation,8a,,Boulder,worked,,,8a
Ben Moon,,,Déviation,8a,,Boulder,worked,,,8a
James McHaffie,Sep 2016,,Devils Blade,8a,19-09-2016,Boulder,worked,2016-09-19,2016.0,8a
Tim Blake,13th Sep 2022,,Devils Blade,8a,13-09-2022,Boulder,worked,2022-09-13,2022.0,8a
Sean Bailey,Jan 2024,,Devilution,8c+,19-01-2024,Boulder,worked,2024-01-19,2024.0,8c+
Shawn Raboutou,Between 1st Jan 2024 and 3rd Apr 2024,,Devilution,8c+,,Boulder,worked,,,8c+
Rupert Davies,28th Sep 2005,,Devolution,8c,28-09-2005,Lead,worked,2005-09-28,2005.0,8c
Ted Kingsnorth,24th May 2022,,Devolution,8c,24-05-2022,Lead,worked,2022-05-24,2022.0,8c
Arthur Birtwistle,Aug 1938,,Diagonal,hvs,19-08-1938,Lead,,1938-08-19,1938.0,5b
Philip Jewel,1974,,Diagonal,hvs,19-11-1974,Solo,repeat,1974-11-19,1974.0,5b
Sam Lawson,2020,,Diagon Alley,7c,19-11-2020,Boulder,worked,2020-11-19,2020.0,7c
Alice Thompson,8th Jan 2024,,Diagon Alley,7c,08-01-2024,Boulder,worked,2024-08-01,2024.0,7c
Pete Robins,Oct 2012,,Diamond Dogs,8c+,19-10-2012,Lead,worked,2012-10-19,2012.0,8c+
Ryan Pasquill,26th Aug 2014,,Diamond Dogs,8c+,26-08-2014,Lead,worked,2014-08-26,2014.0,8c+
Dave MacLeod,Nov 2010,,Die By The Drop,e10,19-11-2010,Lead,worked,2010-11-19,2010.0,8b+
Dave Birkett,,,Die By The Drop,e10,,Lead,worked,,,8b+
Chris Davies,2000,,Diesel Power,8a,19-11-2000,Boulder,worked,2000-11-19,2000.0,8a
Tara Hayes,8th Jun 2024,,Diesel Power,8a,08-06-2024,Boulder,worked,2024-08-06,2024.0,8a
Ian Pitcairn,1994,,Digital Quartz,8b,19-11-1994,Lead,worked,1994-11-19,1994.0,8b
Dave MacLeod,2001,,Digital Quartz,8b,19-11-2001,Lead,worked,2001-11-19,2001.0,8b
Tommy Caldwell,May 2004,,Dihedral Wall,8b+,19-05-2004,Lead,worked,2004-05-19,2004.0,8b+
Jorg Verhoeven,14th Nov 2016,,Dihedral Wall,8b+,14-11-2016,Lead,worked,2016-11-14,2016.0,8b+
Eliot Stephens,21st Sep 2018,,Dillerium,8a,21-09-2018,Boulder,flash,2018-09-21,2018.0,8a
Rebecca Stephens,11th Oct 2024,,Dillerium,8a,11-10-2024,Boulder,worked,2024-11-10,2024.0,8a
Dan Turner,9th Jun 2016,,Diluvian,8a+,09-06-2016,Boulder,worked,2016-09-06,2016.0,8a+
Pete Wilkinson,5th Jun 2019,,Diluvian,8a+,05-06-2019,Boulder,worked,2019-05-06,2019.0,8a+
Nick Dixon,1988,,Dinas In The Oven,e7,19-11-1988,Lead,worked,1988-11-19,1988.0,7c+
Calum Muskett,19th Jun 2021,,Dinas In The Oven,e7,19-06-2021,Lead,worked,2021-06-19,2021.0,7c+
Adam Ondra,6th Nov 2020,,Directa Rodillar,8c+,06-11-2020,Lead,worked,2020-06-11,2020.0,8c+
Buster Martin,27th Mar 2021,,Directa Rodillar,8c+,27-03-2021,Lead,worked,2021-03-27,2021.0,8c+
Beat Kammelander,,,Dirty Hearrys Brother,8c+,,Lead,worked,,,8c+
Adam Ondra,9th Mar 2022,,Dirty Hearrys Brother,8c+,09-03-2022,Lead,worked,2022-09-03,2022.0,8c+
James Squire,7th Aug 2023,8B,Distortion,8b,07-08-2023,Boulder,worked,2023-07-08,2023.0,8b
Arlo Rogers,4th Oct 2023,8A+,Distortion,8b,04-10-2023,Boulder,worked,2023-04-10,2023.0,8b
Hannah Kerr,4th Apr 2022,,Doctor Feelgood,8a,04-04-2022,Lead,worked,2022-04-04,2022.0,8a
Emma Twyford,Mar 2024,,Doctor Feelgood,8a,19-03-2024,Lead,onsight,2024-03-19,2024.0,8a
Martin Berzins,1985,,Dominatrix,7c,19-11-1985,Lead,worked,1985-11-19,1985.0,7c
Bob Smith,1988,,Dominatrix,7c,19-11-1988,Lead,worked,1988-11-19,1988.0,7c
Matt Gentile,24th Mar 2021,,Doublecross,8b+,24-03-2021,Boulder,worked,2021-03-24,2021.0,8b+
Joel Unema,5th Nov 2022,,Doublecross,8b+,05-11-2022,Boulder,worked,2022-05-11,2022.0,8b+
Ben Spannuth,2011,,Doubloons,8b+,19-11-2011,Lead,worked,2011-11-19,2011.0,8b+
Tanner Bauer,12th Jul 2023,,Doubloons,8b+,12-07-2023,Lead,worked,2023-12-07,2023.0,8b+
Tim Emmett,16th Jun 1997,,Down On My Knee,e7,16-06-1997,Lead,worked,1997-06-16,1997.0,7c+
Pete Robins,2016,,Down On My Knee,e7,19-11-2016,Lead,worked,2016-11-19,2016.0,7c+
Gordon Lennox,2015,,Dracula True Finish,8c,19-11-2015,Lead,worked,2015-11-19,2015.0,8c
Max Milne,,,Dracula True Finish,8c,,Lead,worked,,,8c
Tanguy Merard,30th Jul 2023,,Dragée Fuca,8c,30-07-2023,Lead,flash,2023-07-30,2023.0,8c
Karoline Sinnhuber,21st Aug 2024,,Dragée Fuca,8c,21-08-2024,Lead,worked,2024-08-21,2024.0,8c
Rowanne Bennett-Waters,,,Dr. Crimp,7c,,Boulder,worked,,,7c
Penny Orr,,,Dr. Crimp,7c,,Boulder,worked,,,7c
Martin Atkinson,15th Oct 1984,,Dream Topping,e7,15-10-1984,Lead,worked,1984-10-15,1984.0,7c+
Mike Turner,1988,,Dream Topping,e7,19-11-1988,Lead,worked,1988-11-19,1988.0,7c+
Johnny Dawes,23rd Oct 2003,,Drummond Base,e8,23-10-2003,Lead,worked,2003-10-23,2003.0,8a+
Lucky Chance,,,Drummond Base,e8,,Solo,worked,,,8a+
Jana Švecová,9th Dec 2023,8B,Dune,8b,09-12-2023,Boulder,worked,2023-09-12,2023.0,8b
Will Bosi,Oct 2024,8B+,Dune,8b,19-10-2024,Boulder,flash,2024-10-19,2024.0,8b
James Pearson,Apr 2011,,Dusk Till Dawn,e8,19-04-2011,Lead,flash,2011-04-19,2011.0,8a+
Ian Cummins,,,Dusk Till Dawn,e8,,Lead,,,,8a+
Pete Whittaker,14th Mar 2008,,Dynamics Of Change,e9,14-03-2008,Lead,worked,2008-03-14,2008.0,8b
Neil Kershaw,Mar 2014,,Dynamics Of Change,e9,19-03-2014,Lead,worked,2014-03-19,2014.0,8b
Dan Varian,May 2022,,Eagle Huntress (stand),8a,19-05-2022,Boulder,worked,2022-05-19,2022.0,8a
Molly Thompson-Smith,22nd Sep 2023,,Eagle Huntress (stand),8a,22-09-2023,Boulder,worked,2023-09-22,2023.0,8a
Giuliano Cameroni,,,Earth Ship,8b,,Boulder,worked,,,8b
Dave Graham,2024,,Earth Ship,8b,19-11-2024,Boulder,worked,2024-11-19,2024.0,8b
Brittany Goris,7th Jan 2021,,East Coast Fist Bump,e9,07-01-2021,Lead,worked,2021-07-01,2021.0,8b
Lor Sabourin,31st Jan 2021,,East Coast Fist Bump,e9,31-01-2021,Lead,worked,2021-01-31,2021.0,8b
Chris Davies,2007,,East Coker,8b,19-11-2007,Boulder,worked,2007-11-19,2007.0,8b
Jack Palmieri,12th Mar 2020,8B (hard),East Coker,8b,12-03-2020,Boulder,worked,2020-12-03,2020.0,8b
Dave MacLeod,28th Jul 2008,E10,Echo Wall,e10,28-07-2008,Lead,worked,2008-07-28,2008.0,8b+
James Pearson,1st Aug 2024,E11 (hard),Echo Wall,e10,01-08-2024,Lead,worked,2024-01-08,2024.0,8b+
Pete Gomersall,1992,,Ecstacy,8b,19-11-1992,Lead,worked,1992-11-19,1992.0,8b
Alex Barrows,31st Aug 2024,,Ecstacy,8b,31-08-2024,Lead,flash,2024-08-31,2024.0,8b
Bernardo Rivadossi,2024,,Ego Land,8c,19-11-2024,Alternate Leads,worked,2024-11-19,2024.0,8c
Luca Bana,28th Aug 2024,,Ego Land,8c,28-08-2024,Alternate Leads,worked,2024-08-28,2024.0,8c
Neil Gresham,Oct 2001,,Ejector Seat,7c,19-10-2001,Deep Water Solo,ground up,2001-10-19,2001.0,7c
Hazel Findlay,,,Ejector Seat,7c,,Deep Water Solo,onsight,,,7c
Joe Brown,1950,VS,Elder Crack,e2,19-11-1950,Lead,onsight,1950-11-19,1950.0,6a+
Arnis Strapcans,,,Elder Crack,e2,,Lead,onsight,,,6a+
Natalie Tanzer,2nd Mar 2015,,El Desafío,8a,02-03-2015,Lead,worked,2015-02-03,2015.0,8a
Belinda Baldwin-Fuller,26th Oct 2018,,El Desafío,8a,26-10-2018,Lead,worked,2018-10-26,2018.0,8a
Cody Roth,2010,,Electric Copper,8a,19-11-2010,Boulder,worked,2010-11-19,2010.0,8a
Elle Partington,21st Jul 2024,,Electric Copper,8a,21-07-2024,Boulder,worked,2024-07-21,2024.0,8a
Hannah Toward,11th Feb 2019,,El Guardià,8a,11-02-2019,Lead,worked,2019-11-02,2019.0,8a
Rose Merrett,,,El Guardià,8a,,Lead,worked,,,8a
Nalle Hukkataival,,,El Infierno,8b,,Boulder,worked,,,8b
Daniel Woods,19th Jan 2014,,El Infierno,8b,19-01-2014,Boulder,flash,2014-01-19,2014.0,8b
Dani Andrada,Oct 2005,,El Intento,9a,19-10-2005,Lead,worked,2005-10-19,2005.0,9a
David Bermudez,12th May 2024,,El Intento,9a,12-05-2024,Lead,worked,2024-12-05,2024.0,9a
Adrian Berry,1994,,Elm Street,7c+,19-11-1994,Boulder,worked,1994-11-19,1994.0,7c+
Toru  Nakajima,,,Elm Street,7c+,,Boulder,,,,7c+
Fred Rouhling,2008,,Empreintes,9a,19-11-2008,Lead,worked,2008-11-19,2008.0,9a
Baptiste Dherbilly,6th Oct 2021,,Empreintes,9a,06-10-2021,Lead,worked,2021-06-10,2021.0,9a
Mick Lovatt,1990,,Energy Vampire,8a+,19-11-1990,Lead,worked,1990-11-19,1990.0,8a+
Malcolm Smith,,,Energy Vampire,8a+,,Lead,flash,,,8a+
Nathan Hadley,1st May 2019,,En Passant,e10,01-05-2019,Lead,worked,2019-01-05,2019.0,8b+
William Moss,14th Aug 2022,,En Passant,e10,14-08-2022,Lead,worked,2022-08-14,2022.0,8b+
Chris Gore,1990,,Entrée,8a,19-11-1990,Lead,worked,1990-11-19,1990.0,8a
Dominic Lee,May 1990,,Entrée,8a,19-05-1990,Lead,worked,1990-05-19,1990.0,8a
John Dunne,1995,,Eternal,e6,19-11-1995,Lead,worked,1995-11-19,1995.0,7b+
Ben Bransby,21st Oct 2000,,Eternal,e6,21-10-2000,Lead,onsight,2000-10-21,2000.0,7b+
Maurizio Zanolla,,9a,Eternit,9a+,,Lead,worked,,,9a+
Alessandro Zeni,Nov 2021,9a+,Eternit,9a+,19-11-2021,Lead,worked,2021-11-19,2021.0,9a+
Greg Chapman,,,Ethereal Thing,8a,,Boulder,worked,,,8a
Rachel Daly,20th Jul 2023,,Ethereal Thing,8a,20-07-2023,Boulder,worked,2023-07-20,2023.0,8a
Kim Carrigan,1984,,Ethiopia,e8,19-11-1984,Lead,worked,1984-11-19,1984.0,8a+
Malcolm Matheson,Aug 2016,,Ethiopia,e8,19-08-2016,Lead,worked,2016-08-19,2016.0,8a+
Molly Thompson-Smith,26th May 2021,,Euro Trash,8a+,26-05-2021,Boulder,worked,2021-05-26,2021.0,8a+
Brooke Raboutou,24th Jun 2021,,Euro Trash,8a+,24-06-2021,Boulder,flash,2021-06-24,2021.0,8a+
Eliot Stephens,3rd May 2017,,Evil Sideways,8a+,03-05-2017,Boulder,worked,2017-03-05,2017.0,8a+
Leo Skinner,30th Mar 2018,,Evil Sideways,8a+,30-03-2018,Boulder,worked,2018-03-30,2018.0,8a+
Nina Williams,24th Feb 2016,,Evilution Direct,8a,24-02-2016,Boulder,worked,2016-02-24,2016.0,8a
Katie Lamb,25th Feb 2020,,Evilution Direct,8a,25-02-2020,Boulder,worked,2020-02-25,2020.0,8a
Miles Gibson,Feb 2002,,Fagus Sylvatica,e8,19-02-2002,Lead,worked,2002-02-19,2002.0,8a+
Lucky Chance,,,Fagus Sylvatica,e8,,Lead,worked,,,8a+
Gwyneth Uttley,6th Jan 2022,,Family Affair,8a+,06-01-2022,Lead,worked,2022-06-01,2022.0,8a+
Jennifer Wood,6th Jan 2022,,Family Affair,8a+,06-01-2022,Lead,worked,2022-06-01,2022.0,8a+
Liv Pearson,3rd Apr 2022,,Fat Cat Roof + Taylor Made,7c+,03-04-2022,Boulder,worked,2022-03-04,2022.0,7c+
Jessica Sakura Ward,9th Jul 2022,,Fat Cat Roof + Taylor Made,7c+,09-07-2022,Boulder,worked,2022-09-07,2022.0,7c+
Graeme Livingston,Jul 1986,E7,Fated Path,7c+,19-07-1986,Lead,worked,1986-07-19,1986.0,7c+
Malcolm Smith,1990,,Fated Path,7c+,19-11-1990,Lead,worked,1990-11-19,1990.0,7c+
Jacky Godoffe,1993,,Fatman,8b,19-11-1993,Boulder,worked,1993-11-19,1993.0,8b
Francis Hélias,,,Fatman,8b,,Boulder,worked,,,8b
Neil Gresham,15th Jun 2008,E9,Fearless,e9,15-06-2008,Lead,worked,2008-06-15,2008.0,8b
Iain Small,Jul 2021,E8,Fearless,e9,19-07-2021,Lead,worked,2021-07-19,2021.0,8b
James McHaffie,2002,,Fear Of Failure,e8,19-11-2002,Lead,worked,2002-11-19,2002.0,8a+
Dave Birkett,2003,,Fear Of Failure,e8,19-11-2003,Lead,onsight,2003-11-19,2003.0,8a+
Georg Parma,11th Nov 2017,,Felberqueen,8b,11-11-2017,Boulder,worked,2017-11-11,2017.0,8b
Adam Ondra,28th Aug 2024,,Felberqueen,8b,28-08-2024,Boulder,flash,2024-08-28,2024.0,8b
Adam Hocking,,,Final Curtain,7c+,,Boulder,worked,,,7c+
Hannah Hayes,17th Jul 2021,,Final Curtain,7c+,17-07-2021,Boulder,worked,2021-07-17,2021.0,7c+
John Redhead,29th May 1982,,Fingerlicker Direct,e6,29-05-1982,Lead,worked,1982-05-29,1982.0,7b+
Andy Pollitt,29th May 1982,,Fingerlicker Direct,e6,29-05-1982,Lead,worked,1982-05-29,1982.0,7b+
Malcolm Smith,Apr 2010,,Firefight,8b,19-04-2010,Boulder,worked,2010-04-19,2010.0,8b
Hamish Potokar,,,Firefight,8b,,Boulder,worked,,,8b
Craig Davies,3rd Sep 2022,,Firing Blanks,8a+,03-09-2022,Boulder,worked,2022-03-09,2022.0,8a+
Tim Blake,16th Nov 2022,,Firing Blanks,8a+,16-11-2022,Boulder,worked,2022-11-16,2022.0,8a+
Bernd Zangerl,Dec 2022,,First Try,8b+ (approx),19-12-2022,Boulder,worked,2022-12-19,2022.0,8b+
Niccolò Ceria,2023,,First Try,8b+ (approx),19-11-2023,Boulder,worked,2023-11-19,2023.0,8b+
Dave Towse,2nd May 1984,,Fishbox,e5,02-05-1984,Lead,worked,1984-02-05,1984.0,7a+
John Redhead,2nd May 1984,,Fishbox,e5,02-05-1984,Lead,worked,1984-02-05,1984.0,7a+
Elin Lois,15th May 2023,,Fish Pie,7c,15-05-2023,Boulder,worked,2023-05-15,2023.0,7c
Charlie Torrance,,,Fish Pie,7c,,Boulder,worked,,,7c
Austin Hoyt,26th Sep 2021,,Flashing Lights,8b+,26-09-2021,Boulder,worked,2021-09-26,2021.0,8b+
Isaac Leff,,,Flashing Lights,8b+,,Boulder,worked,,,8b+
Dave Pegg,,,Flattery,e7,,Lead,worked,,,7c+
James McHaffie,Before 1st Jan 2002,,Flattery,e7,,Lead,onsight,,,7c+
John Middendorf,May 1993,,Flight Of The Albatross,a4,19-05-1993,Aid,,1993-05-19,1993.0,a4
Will Oxx,May 1993,,Flight Of The Albatross,a4,19-05-1993,Aid,,1993-05-19,1993.0,a4
Aidan Roberts,5th Jan 2022,8B,Flipnic In To The Crack,8b,05-01-2022,Boulder,worked,2022-05-01,2022.0,8b
Jack Palmieri,23rd Mar 2022,8B+,Flipnic In To The Crack,8b,23-03-2022,Boulder,worked,2022-03-23,2022.0,8b
Cody Roth,,,Flipping The Bird Direct,9a,,Lead,worked,,,9a
Laura Rogora,Oct 2024,,Flipping The Bird Direct,9a,19-10-2024,Lead,worked,2024-10-19,2024.0,9a
John Redhead,May 1986,,Flower Of Evil,e7,19-05-1986,Lead,worked,1986-05-19,1986.0,7c+
Mike Owen,29th Mar 1991,,Flower Of Evil,e7,29-03-1991,Lead,onsight,1991-03-29,1991.0,7c+
Toru  Nakajima,Nov 2023,,Flux,8c,19-11-2023,Boulder,worked,2023-11-19,2023.0,8c
Ryohei Kameyama,Nov 2023,,Flux,8c,19-11-2023,Boulder,worked,2023-11-19,2023.0,8c
Vadim Timonov,26th Oct 2020,8C,Focus Failed,8c,26-10-2020,Boulder,worked,2020-10-26,2020.0,8c
Alexey Rubtsov,16th Aug 2021,8B+ (soft),Focus Failed,8c,16-08-2021,Boulder,worked,2021-08-16,2021.0,8c
Jacky Godoffe,1990s,,Fourmis Rouge,7c,19-11-2024,Boulder,worked,2024-11-19,2024.0,7c
Janja Garnbret,Apr 2024,,Fourmis Rouge,7c,19-04-2024,Boulder,worked,2024-04-19,2024.0,7c
Katie Maxwell,30th Jun 2021,,Fourteen Years Later,7c+,30-06-2021,Boulder,worked,2021-06-30,2021.0,7c+
Charlie Torrance,29th Jul 2021,,Fourteen Years Later,7c+,29-07-2021,Boulder,worked,2021-07-29,2021.0,7c+
Hazel Findlay,25th Jul 2021,,Fourteen Years Later Low,8a,25-07-2021,Boulder,worked,2021-07-25,2021.0,8a
Katie Maxwell,4th Sep 2021,,Fourteen Years Later Low,8a,04-09-2021,Boulder,worked,2021-04-09,2021.0,8a
Fred Nicole,,,Franks Wild Years,8a+,,Boulder,worked,,,8a+
Malcolm Smith,Mar 2000,,Franks Wild Years,8a+,19-03-2000,Boulder,worked,2000-03-19,2000.0,8a+
Will Bosi,25th Jun 2022,9a+,Free At Last,9a+,25-06-2022,Lead,worked,2022-06-25,2022.0,9a+
Robin Barker,1st Aug 1991,,Free Monster,8a,01-08-1991,Lead,worked,1991-01-08,1991.0,8a
Mark Pretty,1st Aug 1991,,Free Monster,8a,01-08-1991,Lead,worked,1991-01-08,1991.0,8a
Stevie Haston,Aug 1986,,Free Stone Henge,e6,19-08-1986,Lead,worked,1986-08-19,1986.0,7b+
Ferdia Earle,23rd Apr 2017,,Free Stone Henge,e6,23-04-2017,Lead,worked,2017-04-23,2017.0,7b+
Jordan Buys,2008,,French Duke,e9,19-11-2008,Lead,worked,2008-11-19,2008.0,8b
Pete Whittaker,Mar 2010,,French Duke,e9,19-03-2010,Lead,worked,2010-03-19,2010.0,8b
Jim Pope,15th Dec 2021,,Frowned Upon,e8,15-12-2021,Solo,worked,2021-12-15,2021.0,8a+
Issac Buckley,16th Apr 2023,,Frowned Upon,e8,16-04-2023,Solo,worked,2023-04-16,2023.0,8a+
Michael Piccolruaz,2024,,Ganja,e8,19-11-2024,Solo,worked,2024-11-19,2024.0,8a+
Karoline Sinnhuber,5th May 2024,,Ganja,e8,05-05-2024,Lead,worked,2024-05-05,2024.0,8a+
James Pearson,16th Feb 2007,,Ganymede Takeover,8a+,16-02-2007,Boulder,flash,2007-02-16,2007.0,8a+
Orrin Coley,30th Mar 2019,,Ganymede Takeover,8a+,30-03-2019,Boulder,flash,2019-03-30,2019.0,8a+
Aidan Roberts,2023,8B+,Gaston Legume,8b+,19-11-2023,Boulder,worked,2023-11-19,2023.0,8b+
Will Bosi,Sep 2024,,Gaston Legume,8b+,19-09-2024,Boulder,worked,2024-09-19,2024.0,8b+
Martin Keller,Apr 2014,8C,Gepresster Hase,8b+,19-04-2014,Boulder,worked,2014-04-19,2014.0,8b+
Will Bosi,28th Sep 2021,8B+,Gepresster Hase,8b+,28-09-2021,Boulder,worked,2021-09-28,2021.0,8b+
James McHaffie,Before 1st Jan 2002,,Geronimo,e7,,Boulder,,,,7c+
Ian Cummins,,,Geronimo,e7,,Boulder,,,,7c+
Wolfgang Güllich,1986,,Ghettoblaster,8b,19-11-1986,Lead,worked,1986-11-19,1986.0,8b
Jerry Moffatt,1987,,Ghettoblaster,8b,19-11-1987,Lead,worked,1987-11-19,1987.0,8b
Robin Smith,Apr 1960,,Gob,hvs,19-04-1960,Lead,,1960-04-19,1960.0,5b
Dougal Haston,Apr 1960,,Gob,hvs,19-04-1960,Lead,,1960-04-19,1960.0,5b
Pete Whittaker,22nd Apr 2009,,Gobblers Roof,e7,22-04-2009,Lead,worked,2009-04-22,2009.0,7c+
Tom Randall,22nd Apr 2009,,Gobblers Roof,e7,22-04-2009,Lead,worked,2009-04-22,2009.0,7c+
Martin Boysen,4th Apr 1964,,Gogarth,e1,04-04-1964,Lead,,1964-04-04,1964.0,5c
Baz Ingle,4th Apr 1964,,Gogarth,e1,04-04-1964,Lead,,1964-04-04,1964.0,5c
Neil Carson,,,Going Down,8c+,,Boulder,worked,,,8c+
Ian Vickers,Feb 2009,,Going Down,8c+,19-02-2009,Boulder,worked,2009-02-19,2009.0,8c+
Adam Ondra,6th Apr 2010,9a,Goldrake,9a+,06-04-2010,Lead,worked,2010-06-04,2010.0,9a+
Laura Rogora,Sep 2024,,Goldrake,9a+,19-09-2024,Lead,worked,2024-09-19,2024.0,9a+
Chris Sharma,17th Dec 2008,,Golpe De Estado,9b,17-12-2008,Lead,worked,2008-12-17,2008.0,9b
Adam Ondra,13th Mar 2010,,Golpe De Estado,9b,13-03-2010,Lead,worked,2010-03-13,2010.0,9b
Nalle Hukkataival,2014,,Good Hope,8b,19-11-2014,Boulder,worked,2014-11-19,2014.0,8b
Daniel Woods,1st Aug 2015,,Good Hope,8b,01-08-2015,Boulder,worked,2015-01-08,2015.0,8b
Markus Bock,2002,,Gossip,8c,19-11-2002,Boulder,worked,2002-11-19,2002.0,8c
John Gaskins,2004,,Gossip,8c,19-11-2004,Boulder,worked,2004-11-19,2004.0,8c
Vincent Cantrelle,,,Gourmandise,8b,,Boulder,worked,,,8b
Mejdi Schalck,9th May 2023,,Gourmandise,8b,09-05-2023,Boulder,worked,2023-09-05,2023.0,8b
Giuliano Cameroni,13th Nov 2019,8B+/8C,Gran Paradiso,8b+,13-11-2019,Boulder,worked,2019-11-13,2019.0,8b+
Hamish McArthur,1st Oct 2023,8B+/8C,Gran Paradiso,8b+,01-10-2023,Boulder,worked,2023-01-10,2023.0,8b+
Giuliano Cameroni,22nd Dec 2017,,Great Escape,8b,22-12-2017,Boulder,worked,2017-12-22,2017.0,8b
Marco Müller,2nd Jan 2024,,Great Escape,8b,02-01-2024,Boulder,worked,2024-02-01,2024.0,8b
Joe Brown,1951,,Great Slab,e3,19-11-1951,Lead,onsight,1951-11-19,1951.0,6b+
Tom Proctor,,,Great Slab,e3,,Lead,,,,6b+
John Allen,1975,,Great Wall,e4,19-11-1975,Lead,worked,1975-11-19,1975.0,6c+
Ed Drummond,,,Great Wall,e4,,Lead,onsight,,,6c+
Tom Proctor,1969,,Green Death,e5,19-11-1969,Lead,worked,1969-11-19,1969.0,7a+
Tom Proctor,1970,,Green Death,e5,19-11-1970,Lead,onsight,1970-11-19,1970.0,7a+
Neil Bentley,1998,,Groove Is In The Heart,e7,19-11-1998,Lead,worked,1998-11-19,1998.0,7c+
Ben Bransby,10th Dec 2008,,Groove Is In The Heart,e7,10-12-2008,Lead,worked,2008-10-12,2008.0,7c+
Gareth Parry,Sep 2005,,Guns In The Sky,8b+,19-09-2005,Lead,worked,2005-09-19,2005.0,8b+
Haydn Jones,7th Aug 2024,,Guns In The Sky,8b+,07-08-2024,Lead,worked,2024-07-08,2024.0,8b+
Malcolm Smith,Sep 2008,,Gut Buster,8b+,19-09-2008,Boulder,worked,2008-09-19,2008.0,8b+
Dave MacLeod,1st Mar 2018,,Gut Buster,8b+,01-03-2018,Boulder,worked,2018-01-03,2018.0,8b+
Sébastien Bouin,,,Gwareg,8b,,Lead,worked,,,8b
Sébastien Bouin,,,Gwareg,8b,,Deep Water Solo,worked,,,8b
Ben Bransby,26th Jul 2022,,Gwyllgi,8b,26-07-2022,Boulder,worked,2022-07-26,2022.0,8b
Jack Palmieri,13th Sep 2023,8A+,Gwyllgi,8b,13-09-2023,Boulder,worked,2023-09-13,2023.0,8b
John Allen,1975,,Hairless Heart,e5,19-11-1975,Lead,worked,1975-11-19,1975.0,7a+
Gabe Reagan,,,Hairless Heart,e5,,Solo,worked,,,7a+
Cristian Brenna,1999,8c/8c+,Hasta La Vista,8c,19-11-1999,Lead,worked,1999-11-19,1999.0,8c
Liv Sansoz,Aug 2000,,Hasta La Vista,8c,19-08-2000,Lead,worked,2000-08-19,2000.0,8c
Dave Birkett,20th Jul 2007,,Hasty Sin Oot Ert Hoonds,e9,20-07-2007,Lead,worked,2007-07-20,2007.0,8b
Craig Matheson,12th May 2019,,Hasty Sin Oot Ert Hoonds,e9,12-05-2019,Lead,worked,2019-12-05,2019.0,8b
Phillip Mitchell,27th May 2019,,Hatchatrocity,8a,27-05-2019,Boulder,worked,2019-05-27,2019.0,8a
Rebecca Stephens,Aug 2020,,Hatchatrocity,8a,19-08-2020,Boulder,worked,2020-08-19,2020.0,8a
Martin Boysen,1960,,Hate,6c+,19-11-1960,Top Rope,worked,1960-11-19,1960.0,6c+
Ben Moon,1982,,Hate,6c+,19-11-1982,Top Rope,worked,1982-11-19,1982.0,6c+
Jacky Godoffe,,,Haute Tension,7c+,,Boulder,worked,,,7c+
Lisa Rands,,,Haute Tension,7c+,,Boulder,worked,,,7c+
John Gaskins,7th Aug 2004,,Head Like A Hole,8b+,07-08-2004,Lead,worked,2004-07-08,2004.0,8b+
Craig Matheson,9th Oct 2016,,Head Like A Hole,8b+,09-10-2016,Lead,worked,2016-09-10,2016.0,8b+
Frank Cannings,19th Apr 1973,,Headline,e1,19-04-1973,Lead,,1973-04-19,1973.0,5c
John Kingston,19th Apr 1973,,Headline,e1,19-04-1973,Lead,,1973-04-19,1973.0,5c
Tom Pearce,28th Apr 2022,E9,Heart And Soul,e9,28-04-2022,Lead,worked,2022-04-28,2022.0,8b
Dave Warburton,19th Apr 2023,E7,Heart And Soul,e9,19-04-2023,Lead,worked,2023-04-19,2023.0,8b
Arnis Strapcans,19th Sep 1976,,Heart Of The Sun,e3,19-09-1976,Alternate Leads,onsight,1976-09-19,1976.0,6b+
Chris King,19th Sep 1976,,Heart Of The Sun,e3,19-09-1976,Alternate Leads,onsight,1976-09-19,1976.0,6b+
James Squire,10th Oct 2022,8B+,Heeling Power,8b+,10-10-2022,Boulder,worked,2022-10-10,2022.0,8b+
Solly Kemball-Dorey,14th Feb 2023,8A+ (hard),Heeling Power,8b+,14-02-2023,Boulder,worked,2023-02-14,2023.0,8b+
Pirmin Bertle,16th Mar 2018,9a/9a+,Heim Aach Afrika,9a,16-03-2018,Lead,worked,2018-03-16,2018.0,9a
Martina Demmel,5th Nov 2022,,Heim Aach Afrika,9a,05-11-2022,Lead,worked,2022-05-11,2022.0,9a
Dan Varian,2013,8A+,Helicoidal Flow,8a+,19-11-2013,Boulder,worked,2013-11-19,2013.0,8a+
Will Bosi,2024,8B,Helicoidal Flow,8a+,19-11-2024,Boulder,worked,2024-11-19,2024.0,8a+
Martin Keller,Jun 2016,8C,Highlander,8b+,19-06-2016,Boulder,worked,2016-06-19,2016.0,8b+
Will Bosi,28th Sep 2021,8B+,Highlander,8b+,28-09-2021,Boulder,worked,2021-09-28,2021.0,8b+
Jorge Díaz-Rullo,26th Aug 2023,,Hipoxia,8c,26-08-2023,Boulder,worked,2023-08-26,2023.0,8c
Pablo Zamora,,,Hipoxia,8c,,Boulder,worked,,,8c
Michael Bates,15th Sep 2021,,Hitchhiker,8b+,15-09-2021,Lead,worked,2021-09-15,2021.0,8b+
Ethan Walker,28th Sep 2021,,Hitchhiker,8b+,28-09-2021,Lead,worked,2021-09-28,2021.0,8b+
Wolfgang Güllich,1984,,Hitchhike The Plane,7c+,19-11-1984,Lead,worked,1984-11-19,1984.0,7c+
Phil Davidson,,,Hitchhike The Plane,7c+,,Lead,worked,,,7c+
Dan Varian,2011,,Home,8b,19-11-2011,Boulder,worked,2011-11-19,2011.0,8b
Will Bosi,23rd Jan 2022,,Home,8b,23-01-2022,Boulder,worked,2022-01-23,2022.0,8b
Josune Bereziartu,30th Jun 2000,,Honky Mix,8c+,30-06-2000,Lead,worked,2000-06-30,2000.0,8c+
Ainhize Belar,3rd Aug 2023,,Honky Mix,8c+,03-08-2023,Lead,worked,2023-03-08,2023.0,8c+
Pete Oxley,19th May 1992,,Horny Lil Devil,7a,19-05-1992,Deep Water Solo,onsight,1992-05-19,1992.0,7a
Neil Bentley,1999,,Horny Lil Devil,7a,19-11-1999,Deep Water Solo,onsight,1999-11-19,1999.0,7a
Ben Moon,1986,,Hot Fun Closing,8a,19-11-1986,Lead,worked,1986-11-19,1986.0,8a
Jim Pope,22nd Sep 2012,,Hot Fun Closing,8a,22-09-2012,Lead,worked,2012-09-22,2012.0,8a
Giuliano Cameroni,4th Sep 2019,,House Of The Rising Sun,8b,04-09-2019,Boulder,flash,2019-04-09,2019.0,8b
Ethan Pringle,,,House Of The Rising Sun,8b,,Boulder,worked,,,8b
Griffin Whiteside,,,Howl At The Moon,8c,,Boulder,worked,,,8c
Drew Ruana,6th May 2023,,Howl At The Moon,8c,06-05-2023,Boulder,worked,2023-06-05,2023.0,8c
Griffin Whiteside,2021,,Howl At The Moon Sds,8c+,19-11-2021,Boulder,worked,2021-11-19,2021.0,8c+
Drew Ruana,18th May 2023,,Howl At The Moon Sds,8c+,18-05-2023,Boulder,worked,2023-05-18,2023.0,8c+
Sergei Skorodumov,16th Oct 2021,8C,Hungry Dog,8c,16-10-2021,Boulder,worked,2021-10-16,2021.0,8c
Vadim Timonov,16th Oct 2023,8B+/8C,Hungry Dog,8c,16-10-2023,Boulder,worked,2023-10-16,2023.0,8c
Tom Bunn,2014,,Hunters Moon,e7,19-11-2014,Lead,worked,2014-11-19,2014.0,7c+
Alex Moore,2014,,Hunters Moon,e7,19-11-2014,Lead,worked,2014-11-19,2014.0,7c+
Dave MacLeod,2005,,Hurley Burley,8b,19-11-2005,Solo,worked,2005-11-19,2005.0,8b
Eddie Barbour,2010,,Hurley Burley,8b,19-11-2010,Lead,worked,2010-11-19,2010.0,8b
Adam Ondra,17th Jul 2016,,Hyper Finale,9a+,17-07-2016,Lead,worked,2016-07-17,2016.0,9a+
Dylan Chuat,29th May 2022,,Hyper Finale,9a+,29-05-2022,Lead,worked,2022-05-29,2022.0,9a+
Jim Pope,18th Oct 2023,,Hypergravity,8b,18-10-2023,Boulder,worked,2023-10-18,2023.0,8b
Vadim Timonov,,,Hypergravity,8b,,Boulder,,,,8b
Dave MacLeod,19th Mar 2016,,Ice Burn,e8,19-03-2016,Lead,worked,2016-03-19,2016.0,8a+
Mathew Wright,30th Jul 2024,,Ice Burn,e8,30-07-2024,Lead,worked,2024-07-30,2024.0,8a+
Gareth Parry,,,Idefix,8b,,Lead,worked,,,8b
Steve McClure,,,Idefix,8b,,Lead,onsight,,,8b
Klem Loskot,2002,,"If You Keep Your Face In The Sunshine, You Will Not See The Shadow",8b,19-11-2002,Deep Water Solo,worked,2002-11-19,2002.0,8b
Jernej Kruder,2018,,"If You Keep Your Face In The Sunshine, You Will Not See The Shadow",8b,19-11-2018,Deep Water Solo,worked,2018-11-19,2018.0,8b
Piotrek Czarnecki,16th Sep 2015,,Ikar,8a+,16-09-2015,Boulder,worked,2015-09-16,2015.0,8a+
Piotr Oleszczuk,26th Feb 2024,,Ikar,8a+,26-02-2024,Boulder,worked,2024-02-26,2024.0,8a+
Martin Keller,31st Oct 2010,,Ikarus,8b,31-10-2010,Boulder,worked,2010-10-31,2010.0,8b
Alizée Dufraisse,24th Aug 2024,,Ikarus,8b,24-08-2024,Boulder,worked,2024-08-24,2024.0,8b
Pat Littlejohn,23rd Apr 1972,,Il Duce,e5,23-04-1972,Boulder,,1972-04-23,1972.0,7a+
Keith Darbyshire,23rd Apr 1972,,Il Duce,e5,23-04-1972,Boulder,,1972-04-23,1972.0,7a+
Franco Cookson,17th Apr 2021,,Immortal,e11,17-04-2021,Lead,worked,2021-04-17,2021.0,8c+
James Pearson,19th Jan 2024,,Immortal,e11,19-01-2024,Lead,worked,2024-01-19,2024.0,8c+
Jerry Moffatt,1983,,Inaudible Vaudeville,7b+,19-11-1983,Boulder,worked,1983-11-19,1983.0,7b+
Pete Kirton,1983,,Inaudible Vaudeville,7b+,19-11-1983,Boulder,worked,1983-11-19,1983.0,7b+
Steve Lewis,25th Jul 1987,,In Brine,8a+,25-07-1987,Lead,worked,1987-07-25,1987.0,8a+
Debbie Birch,Jul 2005,,In Brine,8a+,19-07-2005,Lead,worked,2005-07-19,2005.0,8a+
Pete Whillance,Aug 1984,,Incantations,e6,19-08-1984,Lead,,1984-08-19,1984.0,7b+
Dave Armstrong,Aug 1984,,Incantations,e6,19-08-1984,Lead,,1984-08-19,1984.0,7b+
Kim Carrigan,2nd Oct 1982,,India,e7,02-10-1982,Lead,worked,1982-02-10,1982.0,7c+
Geoff Weigand,,,India,e7,,Lead,worked,,,7c+
Steve Dunning,25th Aug 2002,,Indian Summer,8b+,25-08-2002,Lead,worked,2002-08-25,2002.0,8b+
Steve McClure,Aug 2002,,Indian Summer,8b+,19-08-2002,Lead,onsight,2002-08-19,2002.0,8b+
Neil Carson,1995,,Infanticide,8c,19-11-1995,Lead,worked,1995-11-19,1995.0,8c
Pete Robins,Jun 2010,,Infanticide,8c,19-06-2010,Lead,worked,2010-06-19,2010.0,8c
Pete Oxley,Apr 1992,,Infinite Gravity,8a+,19-04-1992,Lead,worked,1992-04-19,1992.0,8a+
Dave Pickford,2000,,Infinite Gravity,8a+,19-11-2000,Lead,worked,2000-11-19,2000.0,8a+
Dai Koyamada,2nd Dec 2024,8c+/9a,Inga,8c+,02-12-2024,Lead,worked,2024-02-12,2024.0,8c+
Adam Ondra,9th Feb 2024,8c+ (hard),Inga,8c+,09-02-2024,Lead,worked,2024-09-02,2024.0,8c+
Mark Katz,,,In Hell,8a+,,Boulder,worked,,,8a+
Shauna Coxsey,12th Jul 2012,,In Hell,8a+,12-07-2012,Boulder,worked,2012-12-07,2012.0,8a+
Dai Koyamada,Nov 2012,,Insanity Of Grandeur,8c,19-11-2012,Boulder,worked,2012-11-19,2012.0,8c
Taylor Parsons,Dec 2013,,Insanity Of Grandeur,8c,19-12-2013,Boulder,worked,2013-12-19,2013.0,8c
Jacopo Larcher,2019,,Instructor,8c+,19-11-2019,Lead,worked,2019-11-19,2019.0,8c+
Barbara Zangerl,10th May 2020,,Instructor,8c+,10-05-2020,Lead,worked,2020-10-05,2020.0,8c+
Molly Thompson-Smith,29th Jun 2020,,Intercooler,8c,29-06-2020,Lead,worked,2020-06-29,2020.0,8c
Billy Ridal,24th Jul 2020,,Intercooler,8c,24-07-2020,Lead,worked,2020-07-24,2020.0,8c
James Squire,9th Dec 2019,,Interstellar,8a+,09-12-2019,Boulder,worked,2019-09-12,2019.0,8a+
Solly Kemball-Dorey,27th Nov 2021,,Interstellar,8a+,27-11-2021,Boulder,flash,2021-11-27,2021.0,8a+
Klem Loskot,Oct 2001,,"In The Night, Every Cat Is Black",8a,19-10-2001,Boulder,,2001-10-19,2001.0,8a
Katharina Saurwein,Sep 2016,,"In The Night, Every Cat Is Black",8a,19-09-2016,Deep Water Solo,onsight,2016-09-19,2016.0,8a
Bernd Zangerl,Aug 2017,,Into The Sun,e10,19-08-2017,Lead,worked,2017-08-19,2017.0,8b+
Jacopo Larcher,Nov 2021,,Into The Sun,e10,19-11-2021,Lead,worked,2021-11-19,2021.0,8b+
Adam Ondra,3rd Aug 2013,9b,Iron Curtain,9b,03-08-2013,Lead,worked,2013-03-08,2013.0,9b
Sébastien Bouin,Jul 2022,9a+,Iron Curtain,9b,19-07-2022,Lead,worked,2022-07-19,2022.0,9b
Ignacio Sánchez González,Jan 2012,,I Shot Sarkonazy Assis,8b,19-01-2012,Boulder,flash,2012-01-19,2012.0,8b
James Pearson,2020,,I Shot Sarkonazy Assis,8b,19-11-2020,Boulder,worked,2020-11-19,2020.0,8b
Stevie Haston,1986,,Isis Is Angry,e7,19-11-1986,Lead,worked,1986-11-19,1986.0,7c+
Crispin Waddy,1988,,Isis Is Angry,e7,19-11-1988,Lead,onsight,1988-11-19,1988.0,7c+
Giuliano Cameroni,18th Jan 2018,,Iur,8b+,18-01-2018,Boulder,worked,2018-01-18,2018.0,8b+
Brooke Raboutou,29th Jan 2022,,Iur,8b+,29-01-2022,Boulder,worked,2022-01-29,2022.0,8b+
Killian Charbier,Apr 2021,8B+,Jack Under The Box,8b+,19-04-2021,Boulder,worked,2021-04-19,2021.0,8b+
Camille Coudert,22nd May 2024,,Jack Under The Box,8b+,22-05-2024,Boulder,worked,2024-05-22,2024.0,8b+
John Sheard,1971,,Jenny Wren,e5,19-11-1971,Alternate Leads,worked,1971-11-19,1971.0,7a+
Pete Livesey,1971,,Jenny Wren,e5,19-11-1971,Alternate Leads,worked,1971-11-19,1971.0,7a+
Elle Partington,20th May 2024,,Jess Roof,7c,20-05-2024,Boulder,worked,2024-05-20,2024.0,7c
Charlotte Telfer,,,Jess Roof,7c,,Boulder,worked,,,7c
Pete Whittaker,16th Sep 2019,,Jon Bønner,e8,16-09-2019,Lead,worked,2019-09-16,2019.0,8a+
Mari Salvesen,2nd Sep 2023,,Jon Bønner,e8,02-09-2023,Lead,worked,2023-02-09,2023.0,8a+
Niall Grimes,1998,,Jumpey Wooler,e6,19-11-1998,Lead,worked,1998-11-19,1998.0,7b+
Mike Adams,23rd Oct 2024,,Jumpey Wooler,e6,23-10-2024,Lead,worked,2024-10-23,2024.0,7b+
Johnny Dawes,1994,,Jumpin On A Beetle,e6,19-11-1994,Solo,worked,1994-11-19,1994.0,7b+
Adam Long,1997,,Jumpin On A Beetle,e6,19-11-1997,Solo,flash,1997-11-19,1997.0,7b+
Kristian Clemmow,4th Sep 2011,,K5,8b,04-09-2011,Lead,worked,2011-04-09,2011.0,8b
Anna Wild,4th Jul 2023,,K5,8b,04-07-2023,Lead,worked,2023-04-07,2023.0,8b
John Gaskins,2001,,Kaizen,8b+,19-11-2001,Boulder,worked,2001-11-19,2001.0,8b+
Sam Davenhall,Jun 2009,,Kaizen,8b+,19-06-2009,Boulder,worked,2009-06-19,2009.0,8b+
Keenan Takahashi,14th Apr 2020,,Kaizen,8b,14-04-2020,Boulder,worked,2020-04-14,2020.0,8b
Ben Herrington,3rd Dec 2021,,Kaizen,8b,03-12-2021,Boulder,flash,2021-03-12,2021.0,8b
Tokio Muroi,Dec 2007,,Kakusei,8b+,19-12-2007,Boulder,worked,2007-12-19,2007.0,8b+
Yuki Miyashita,2021,,Kakusei,8b+,19-11-2021,Boulder,worked,2021-11-19,2021.0,8b+
Wolfgang Güllich,24th Oct 1984,,Kanal Im Rücken,8b,24-10-1984,Lead,worked,1984-10-24,1984.0,8b
Nils Favre,31st Oct 2021,,Kanal Im Rücken,8b,31-10-2021,Lead,worked,2021-10-31,2021.0,8b
Orrin Coley,27th Jul 2017,,Keen Sympathiser,8b,27-07-2017,Boulder,worked,2017-07-27,2017.0,8b
Mathew Wright,22nd Aug 2021,,Keen Sympathiser,8b,22-08-2021,Boulder,worked,2021-08-22,2021.0,8b
James Squire,13th May 2019,,Keep It Real,8b+,13-05-2019,Boulder,worked,2019-05-13,2019.0,8b+
Sam Blackwell,Jun 2023,,Keep It Real,8b+,19-06-2023,Boulder,worked,2023-06-19,2023.0,8b+
Nalle Hukkataival,2016,,Kesäturkki,8c,19-11-2016,Deep Water Solo,worked,2016-11-19,2016.0,8c
Sami Koponen,9th Jul 2020,,Kesäturkki,8c,09-07-2020,Deep Water Solo,worked,2020-09-07,2020.0,8c
Jacky Godoffe,,,Kick Me Up,8b,,Boulder,worked,,,8b
Luca Martins,23rd Jul 2024,,Kick Me Up,8b,23-07-2024,Boulder,worked,2024-07-23,2024.0,8b
Christian Core,2006,,Kimera,8c,19-11-2006,Boulder,worked,2006-11-19,2006.0,8c
Elias Iagnemma,9th Aug 2021,,Kimera,8c,09-08-2021,Boulder,worked,2021-09-08,2021.0,8c
Joe Kinder,6th Oct 2021,9a+,Kinder Cakes,9a+,06-10-2021,Lead,worked,2021-06-10,2021.0,9a+
Jonathan Siegrest,13th Aug 2022,9a+,Kinder Cakes,9a+,13-08-2022,Lead,worked,2022-08-13,2022.0,9a+
John Kirk,1978,,Kingdom Come,e5,19-11-1978,Lead,,1978-11-19,1978.0,7a+
Jerry Moffatt,,,Kingdom Come,e5,,Lead,worked,,,7a+
Jordan Buys,15th Sep 2014,,King Of Thieves,8c+,15-09-2014,Lead,worked,2014-09-15,2014.0,8c+
Luke Dawson,12th Sep 2020,,King Of Thieves,8c+,12-09-2020,Lead,worked,2020-12-09,2020.0,8c+
Facundo Langbehn,Sep 2024,,King Slayer,8b,19-09-2024,Boulder,flash,2024-09-19,2024.0,8b
Drew Gomberg,,,King Slayer,8b,,Boulder,flash,,,8b
Paul Pritchard,18th Jun 1987,,King Wad,e6,18-06-1987,Lead,worked,1987-06-18,1987.0,7b+
Anne Arran,,,King Wad,e6,,Lead,worked,,,7b+
Tom Proctor,1977,,Kink,e5,19-11-1977,Lead,,1977-11-19,1977.0,7a+
John Kirk,1980,,Kink,e5,19-11-1980,Lead,,1980-11-19,1980.0,7a+
Martin Stráník,21st Mar 2009,8B,Konec Světa,8b+,21-03-2009,Boulder,worked,2009-03-21,2009.0,8b+
Adam Ondra,10th Sep 2024,8B+,Konec Světa,8b+,10-09-2024,Boulder,worked,2024-10-09,2024.0,8b+
Martin Stráník,21st Aug 2021,,Konec Světa Direct,8b,21-08-2021,Boulder,worked,2021-08-21,2021.0,8b
Adam Ondra,10th Sep 2024,,Konec Světa Direct,8b,10-09-2024,Boulder,flash,2024-10-09,2024.0,8b
Rachel Daly,22nd Jun 2020,,Kroenen,7c+,22-06-2020,Boulder,worked,2020-06-22,2020.0,7c+
Thea Cameron,28th Apr 2021,,Kroenen,7c+,28-04-2021,Boulder,worked,2021-04-28,2021.0,7c+
Jacky Godoffe,,,La Balance,7c+,,Boulder,worked,,,7c+
Janja Garnbret,Apr 2024,,La Balance,7c+,19-04-2024,Boulder,,2024-04-19,2024.0,7c+
Pierre Richard,1983,,La Bérézina,7c,19-11-1983,Boulder,worked,1983-11-19,1983.0,7c
Jerry Moffatt,,,La Bérézina,7c,,Boulder,worked,,,7c
Iziar Martinez,9th Jan 2023,8c+/9a,La Bongada,9a,09-01-2023,Lead,worked,2023-09-01,2023.0,9a
Manon Hily,26th Nov 2023,,La Bongada,9a,26-11-2023,Lead,worked,2023-11-26,2023.0,9a
Ignacio Mulero,2021,,La Bruja,e10,19-11-2021,Lead,worked,2021-11-19,2021.0,8b+
Jernej Kruder,13th Apr 2024,,La Bruja,e10,13-04-2024,Lead,worked,2024-04-13,2024.0,8b+
Marc-André Leclerc,22nd Apr 2013,,Labyrinth,e6,22-04-2013,Alternate Leads,worked,2013-04-22,2013.0,7b+
Luke Neufeld,22nd Apr 2013,,Labyrinth,e6,22-04-2013,Alternate Leads,worked,2013-04-22,2013.0,7b+
Neil Gresham,Apr 2010,,Labyrinth,8b,19-04-2010,Lead,worked,2010-04-19,2010.0,8b
Jennifer Wood,14th Nov 2024,,Labyrinth,8b,14-11-2024,Lead,worked,2024-11-14,2024.0,8b
Pirmin Bertle,2018,9a+,La Cène Du Roi Lézard,9a+,19-11-2018,Lead,worked,2018-11-19,2018.0,9a+
Cédric Lachat,Oct 2018,9a+,La Cène Du Roi Lézard,9a+,19-10-2018,Lead,worked,2018-10-19,2018.0,9a+
Dave Graham,,,La Colombe,8c,,Boulder,worked,,,8c
Sam Weir,26th Dec 2023,,La Colombe,8c,26-12-2023,Boulder,worked,2023-12-26,2023.0,8c
Ian Vickers,,,La Connection,8b,,Lead,worked,,,8b
Jennifer Wood,25th Jul 2024,,La Connection,8b,25-07-2024,Lead,worked,2024-07-25,2024.0,8b
Adam Ondra,7th Feb 2013,,La Dura Dura,9b+,07-02-2013,Lead,worked,2013-07-02,2013.0,9b+
Chris Sharma,23rd Mar 2013,,La Dura Dura,9b+,23-03-2013,Lead,worked,2013-03-23,2013.0,9b+
Ivan Tresch,2002,,Lager Lager Lager,7c,19-11-2002,Boulder,flash,2002-11-19,2002.0,7c
Holly Toothill,Nov 2022,,Lager Lager Lager,7c,19-11-2022,Boulder,worked,2022-11-19,2022.0,7c
Michael Piccolruaz,31st Mar 2015,,La Grosse Tarlouze,8c,31-03-2015,Boulder,worked,2015-03-31,2015.0,8c
Tim Würthner,29th Sep 2024,,La Grosse Tarlouze,8c,29-09-2024,Boulder,worked,2024-09-29,2024.0,8c
Rachel Pearce,27th Feb 2023,,La Guardien,e7,27-02-2023,Lead,worked,2023-02-27,2023.0,7c+
George Sanderson,27th Feb 2023,,La Guardien,e7,27-02-2023,Lead,worked,2023-02-27,2023.0,7c+
René Ferlet,1946,,La Marie Rose,6a,19-11-1946,Boulder,worked,1946-11-19,1946.0,6a
Pierre Allain,,,La Marie Rose,6a,,Boulder,worked,,,6a
Marc le Menestrel,1999,8A/8A+,La Merveille,8a+,19-11-1999,Boulder,worked,1999-11-19,1999.0,8a+
Philippe Le Denmat,1999,,La Merveille,8a+,19-11-1999,Boulder,worked,1999-11-19,1999.0,8a+
Karin Magog,2012,,La Montaña Mágica,8a+,19-11-2012,Lead,worked,2012-11-19,2012.0,8a+
Flo Tilley,28th Jan 2023,,La Montaña Mágica,8a+,28-01-2023,Lead,worked,2023-01-28,2023.0,8a+
Jean-Baptiste Tribout,,,La Nuit Du Lézard,8a+,,Lead,worked,,,8a+
Alain Robert,1991,,La Nuit Du Lézard,8a+,19-11-1991,Solo,worked,1991-11-19,1991.0,8a+
Ramón Julián Puigblanque,24th Mar 2013,9a,La Parada De Los Monstruos,9a,24-03-2013,Lead,worked,2013-03-24,2013.0,9a
Adam Ondra,11th Nov 2023,9a (soft),La Parada De Los Monstruos,9a,11-11-2023,Lead,worked,2023-11-11,2023.0,9a
Prudence Morgan-Wood,24th Sep 2022,,La Perdonavidas,8a,24-09-2022,Lead,onsight,2022-09-24,2022.0,8a
Rachel Morrison-Elliot,,,La Perdonavidas,8a,,Lead,worked,,,8a
Nico Pelorson,Apr 2023,,La Picharrête,8c,19-04-2023,Boulder,worked,2023-04-19,2023.0,8c
Camille Coudert,8th Jan 2024,,La Picharrête,8c,08-01-2024,Boulder,worked,2024-08-01,2024.0,8c
Jorge Díaz-Rullo,1st Aug 2020,,Las Meninas R1,9a,01-08-2020,Lead,worked,2020-01-08,2020.0,9a
Anak Verhoeven,18th Sep 2022,9a/9a+,Las Meninas R1,9a,18-09-2022,Lead,worked,2022-09-18,2022.0,9a
Jorge Díaz-Rullo,16th Aug 2020,9a+/9b,Las Meninas R2,9b,16-08-2020,Lead,worked,2020-08-16,2020.0,9b
Dani Fuertes,3rd Oct 2022,9a+,Las Meninas R2,9b,03-10-2022,Lead,worked,2022-03-10,2022.0,9b
Charles Albert,2021,,La Source,8c,19-11-2021,Boulder,worked,2021-11-19,2021.0,8c
Sam Weir,27th Mar 2022,,La Source,8c,27-03-2022,Boulder,worked,2022-03-27,2022.0,8c
Claude Lorenzi,1994,,La Traction Universelle,8c,19-11-1994,Lead,worked,1994-11-19,1994.0,8c
Simon Lorenzi,6th Jul 2021,,La Traction Universelle,8c,06-07-2021,Lead,worked,2021-06-07,2021.0,8c
Jean-Pierre Bouvier,,,La Valse Aux Adieux (prolongé),8c,,Boulder,worked,,,8c
Charles Albert,,,La Valse Aux Adieux (prolongé),8c,,Boulder,worked,,,8c
Pat Littlejohn,20th May 1988,,Lazarus,e6,20-05-1988,Lead,worked,1988-05-20,1988.0,7b+
Dave Thomas,,,Lazarus,e6,,Lead,onsight,,,7b+
Olivier Lebreton,,,Lazarus,8b,,Boulder,worked,,,8b
Vadim Timonov,18th Apr 2022,,Lazarus,8b,18-04-2022,Boulder,flash,2022-04-18,2022.0,8b
Adam Ondra,6th Jul 2008,8b+,Least Resistance,8c,06-07-2008,Lead,onsight,2008-06-07,2008.0,8c
Martina Demmel,21st Oct 2023,,Least Resistance,8c,21-10-2023,Lead,worked,2023-10-21,2023.0,8c
Giuliano Cameroni,7th Nov 2021,,Le Boa Right,8b,07-11-2021,Boulder,worked,2021-07-11,2021.0,8b
Patrick Vonbrül,12th Feb 2023,,Le Boa Right,8b,12-02-2023,Boulder,worked,2023-12-02,2023.0,8b
Abbi Mcdonald,17th Jun 2024,,Le Carnage Assis,7c,17-06-2024,Boulder,worked,2024-06-17,2024.0,7c
Kitty Wallace,,,Le Carnage Assis,7c,,Boulder,worked,,,7c
Will Bosi,25th Mar 2022,,Leda Kost,8b,25-03-2022,Boulder,worked,2022-03-25,2022.0,8b
Jakub Konečný,Jun 2024,,Leda Kost,8b,19-06-2024,Boulder,worked,2024-06-19,2024.0,8b
Tanya Meredith,,,Left Wall High,7c,,Boulder,worked,,,7c
Maddy Cope,,,Left Wall High,7c,,Boulder,worked,,,7c
Kim Mountney,2020,,Le Lapin,8a,19-11-2020,Lead,worked,2020-11-19,2020.0,8a
Charlotte Telfer,,,Le Lapin,8a,,Lead,worked,,,8a
Carlos Ruano,30th Mar 2019,,Lemento Sit,8c,30-03-2019,Boulder,worked,2019-03-30,2019.0,8c
Jesús Muñoz,30th Jan 2023,,Lemento Sit,8c,30-01-2023,Boulder,worked,2023-01-30,2023.0,8c
Jean-Pierre Bouvier,,,Le Miroir Des Vanités,8b,,Boulder,worked,,,8b
John Gaskins,1998,,Le Miroir Des Vanités,8b,19-11-1998,Boulder,worked,1998-11-19,1998.0,8b
Nico Pelorson,25th Mar 2017,,Le Mur Du Son Assis,8a+,25-03-2017,Boulder,flash,2017-03-25,2017.0,8a+
Charlotte André,Jul 2020,,Le Mur Du Son Assis,8a+,19-07-2020,Boulder,worked,2020-07-19,2020.0,8a+
Mauro Calibani,5th Apr 2003,,Leonardo Da Vinci,8b+,05-04-2003,Boulder,worked,2003-05-04,2003.0,8b+
Julien Nadiras,23rd Sep 2003,,Leonardo Da Vinci,8b+,23-09-2003,Boulder,worked,2003-09-23,2003.0,8b+
Greg Chapman,,,Leopold Von Buch,8a,,Boulder,worked,,,8a
Dan Varian,2024,8A,Leopold Von Buch,8a,19-11-2024,Boulder,worked,2024-11-19,2024.0,8a
Sébastien Bouin,2015,,Le Play Boy Rode Sans Complexe,9a,19-11-2015,Lead,worked,2015-11-19,2015.0,9a
Lucien Martinez,Mar 2023,,Le Play Boy Rode Sans Complexe,9a,19-03-2023,Lead,worked,2023-03-19,2023.0,9a
Fred Nicole,,,Le Poinçonneur Des Lilas,8c,,Boulder,worked,,,8c
Philipp Geisenhoff,19th Dec 2021,,Le Poinçonneur Des Lilas,8c,19-12-2021,Boulder,worked,2021-12-19,2021.0,8c
Jean-Cristophe Lafaille,1989,,Le Privilège Du Serpent,7c+,19-11-1989,Solo,worked,1989-11-19,1989.0,7c+
Felicity Butler,Before 1st Jan 1994,,Le Privilège Du Serpent,7c+,,Lead,worked,,,7c+
Hannah Toward,,,Les Chacals,8b,,Lead,worked,,,8b
Steve McClure,,,Les Chacals,8b,,Lead,onsight,,,8b
Elie Chevieux,1995,,Les Massey Ferguson,8b+,19-11-1995,Lead,onsight,1995-11-19,1995.0,8b+
Adam Ondra,29th Dec 2020,,Les Massey Ferguson,8b+,29-12-2020,Lead,onsight,2020-12-29,2020.0,8b+
Charlotte Durif,23rd Jul 2010,,Les Rois Du Pétrole,8b+,23-07-2010,Lead,onsight,2010-07-23,2010.0,8b+
Sébastien Bouin,2015,,Les Rois Du Pétrole,8b+,19-11-2015,Lead,flash,2015-11-19,2015.0,8b+
Alain Ghersen,1983,,Le Surplomb De La Mée (pre Break),7c+,19-11-1983,Boulder,worked,1983-11-19,1983.0,7c+
Jacky Godoffe,1983,,Le Surplomb De La Mée (pre Break),7c+,19-11-1983,Boulder,worked,1983-11-19,1983.0,7c+
Vincent Pochon,,,Le Tajine,8b,,Boulder,worked,,,8b
Julien Nadiras,,,Le Tajine,8b,,Boulder,worked,,,8b
Ashima Shiraishi,Mar 2019,,Lethal Design,8a+,19-03-2019,Boulder,flash,2019-03-19,2019.0,8a+
Will Bosi,10th Mar 2024,,Lethal Design,8a+,10-03-2024,Boulder,flash,2024-10-03,2024.0,8a+
Tom de Gay,12th Jun 2001,,Lets Get Killed,e7,12-06-2001,Solo,worked,2001-12-06,2001.0,7c+
Nathan Lee,5th Mar 2013,,Lets Get Killed,e7,05-03-2013,Solo,worked,2013-05-03,2013.0,7c+
James Taylor,7th Oct 2022,,Leviathan (crouch Start),7c+,07-10-2022,Boulder,worked,2022-07-10,2022.0,7c+
Sam Tolhurst,7th Oct 2022,,Leviathan (crouch Start),7c+,07-10-2022,Boulder,worked,2022-07-10,2022.0,7c+
Fred Nicole,1997,,Li,8b,19-11-1997,Boulder,worked,1997-11-19,1997.0,8b
Nathaniel Coleman,17th Feb 2024,,Li,8b,17-02-2024,Boulder,flash,2024-02-17,2024.0,8b
Dave Graham,2015,,Light Saber,8a,19-11-2015,Boulder,worked,2015-11-19,2015.0,8a
Oriane Bertone,15th Jan 2020,,Light Saber,8a,15-01-2020,Boulder,flash,2020-01-15,2020.0,8a
Nalle Hukkataival,,,Lillusion Du Choix,8a+,,Boulder,worked,,,8a+
Dave Mason,2024,,Lillusion Du Choix,8a+,19-11-2024,Boulder,worked,2024-11-19,2024.0,8a+
Sébastien Frigault,1st Mar 1999,,Linsoutenable Légèreté De Lêtre,8b,01-03-1999,Boulder,worked,1999-01-03,1999.0,8b
Tristan Chen,17th Mar 2022,,Linsoutenable Légèreté De Lêtre,8b,17-03-2022,Boulder,flash,2022-03-17,2022.0,8b
Sébastien Bouin,20th Aug 2013,,Little Badder,9a,20-08-2013,Lead,worked,2013-08-20,2013.0,9a
Alex Megos,Aug 2024,,Little Badder,9a,19-08-2024,Lead,worked,2024-08-19,2024.0,9a
Peter Biven,1955,,Little Brown Jug,vs,19-11-1955,Alternate Leads,worked,1955-11-19,1955.0,5a
Barrie Biven,1955,,Little Brown Jug,vs,19-11-1955,Alternate Leads,,1955-11-19,1955.0,5a
Chris Savage,27th Aug 2001,,Living On Air,7b+,27-08-2001,Alternate Leads,,2001-08-27,2001.0,7b+
Mike Robertson,27th Aug 2001,,Living On Air,7b+,27-08-2001,Alternate Leads,,2001-08-27,2001.0,7b+
John Dunne,Jun 1997,,Loaded,e8,19-06-1997,Lead,worked,1997-06-19,1997.0,8a+
Jordan Buys,22nd Oct 2011,,Loaded,e8,22-10-2011,Lead,worked,2011-10-22,2011.0,8a+
Shinichiro Nomura,19th Oct 2021,,Loca,8c,19-10-2021,Boulder,worked,2021-10-19,2021.0,8c
Ryuichi Murai,19th Oct 2022,,Loca,8c,19-10-2022,Boulder,worked,2022-10-19,2022.0,8c
Charles Albert,18th Oct 2023,9A,L’ombre Du Voyageur,9a,18-10-2023,Boulder,worked,2023-10-18,2023.0,9a
Dave Turnbull,Aug 1997,,Longhope Route,e7,19-08-1997,Lead,ground up,1997-08-19,1997.0,7c+
John Arran,Aug 1997,,Longhope Route,e7,19-08-1997,Lead,ground up,1997-08-19,1997.0,7c+
Pete Dawson,30th Jun 2024,,Longwave,8b,30-06-2024,Boulder,worked,2024-06-30,2024.0,8b
Jack Palmieri,21st Aug 2024,,Longwave,8b,21-08-2024,Boulder,worked,2024-08-21,2024.0,8b
Naomi Buys,2022,,Lou Ferrino Sans Pocket,8a,19-11-2022,Boulder,worked,2022-11-19,2022.0,8a
Molly Thompson-Smith,26th Feb 2024,,Lou Ferrino Sans Pocket,8a,26-02-2024,Boulder,worked,2024-02-26,2024.0,8a
Alex Megos,10th Jun 2016,,Louis Cut,8b+,10-06-2016,Boulder,worked,2016-10-06,2016.0,8b+
Mike Hart,Apr 2019,,Louis Cut,8b+,19-04-2019,Boulder,worked,2019-04-19,2019.0,8b+
Eliot Stephens,8th Sep 2019,,Louis High Society,8b+,08-09-2019,Boulder,worked,2019-08-09,2019.0,8b+
Leo Skinner,8th Jun 2022,8B+ (soft),Louis High Society,8b+,08-06-2022,Boulder,worked,2022-08-06,2022.0,8b+
Liam Fyfe,2014,,Louis Left,8b,19-11-2014,Boulder,worked,2014-11-19,2014.0,8b
Leo Skinner,7th Sep 2019,,Louis Left,8b,07-09-2019,Boulder,worked,2019-07-09,2019.0,8b
Vadim Timonov,26th Oct 2020,8C+,Low Priora,8c,26-10-2020,Boulder,worked,2020-10-26,2020.0,8c
Alexey Rubtsov,21st Aug 2021,8C (soft),Low Priora,8c,21-08-2021,Boulder,worked,2021-08-21,2021.0,8c
Beth Rodden,Jun 2000,,Lurking Fear,8b+,19-06-2000,Lead,worked,2000-06-19,2000.0,8b+
Tommy Caldwell,Jun 2000,,Lurking Fear,8b+,19-06-2000,Lead,worked,2000-06-19,2000.0,8b+
Rachel Daly,19th Nov 2020,,Lycan It,8a,19-11-2020,Boulder,worked,2020-11-19,2020.0,8a
Gill Peet,6th Dec 2020,,Lycan It,8a,06-12-2020,Boulder,worked,2020-06-12,2020.0,8a
Liam Fyfe,,,Made By Magic,7c,,Boulder,worked,,,7c
Jessica Sakura Ward,Sep 2022,,Made By Magic,7c,19-09-2022,Boulder,worked,2022-09-19,2022.0,7c
Daniel Woods,30th Mar 2009,,Magic Touch,8b,30-03-2009,Boulder,worked,2009-03-30,2009.0,8b
Allison Vest,25th Nov 2022,,Magic Touch,8b,25-11-2022,Boulder,worked,2022-11-25,2022.0,8b
Neil Foster,1984,,Make It Snappy,e6,19-11-1984,Lead,worked,1984-11-19,1984.0,7b+
Crispin Waddy,19th Oct 2022,,Make It Snappy,e6,19-10-2022,Lead,worked,2022-10-19,2022.0,7b+
Adam Ondra,2nd Feb 2017,,Mamichula,9b,02-02-2017,Lead,worked,2017-02-02,2017.0,9b
Sébastien Bouin,15th Apr 2019,,Mamichula,9b,15-04-2019,Lead,worked,2019-04-15,2019.0,9b
Owen Whaley,2nd Jun 2023,9a,Man Bod,9a,02-06-2023,Lead,worked,2023-02-06,2023.0,9a
Alex Honnold,8th Oct 2024,8c+,Man Bod,9a,08-10-2024,Lead,worked,2024-08-10,2024.0,9a
Fred Rouhling,2004,,Mandallaz Drive,9a,19-11-2004,Lead,worked,2004-11-19,2004.0,9a
Baptiste Dherbilly,Sep 2021,,Mandallaz Drive,9a,19-09-2021,Lead,worked,2021-09-19,2021.0,9a
Andy Raether,21st Aug 2017,,Manphibian,9a,21-08-2017,Lead,worked,2017-08-21,2017.0,9a
Alex Honnold,14th Sep 2024,,Manphibian,9a,14-09-2024,Lead,worked,2024-09-14,2024.0,9a
John Redhead,1984,,Margins Of The Mind,e7,19-11-1984,Lead,worked,1984-11-19,1984.0,7c+
Nick Dixon,2003,,Margins Of The Mind,e7,19-11-2003,Lead,worked,2003-11-19,2003.0,7c+
Cameron Hörst,11th Jun 2023,,Martial Law,9a+,11-06-2023,Lead,worked,2023-11-06,2023.0,9a+
Jonathan Siegrest,10th Jun 2024,,Martial Law,9a+,10-06-2024,Lead,worked,2024-10-06,2024.0,9a+
Fred Nicole,12th May 2003,,Massive Attack,8a+,12-05-2003,Boulder,flash,2003-12-05,2003.0,8a+
Chris Sharma,1st Jul 2003,,Massive Attack,8a+,01-07-2003,Boulder,flash,2003-01-07,2003.0,8a+
Ramón Julián Puigblanque,2016,,Maya,9a+,19-11-2016,Lead,worked,2016-11-19,2016.0,9a+
Tom Bolger,Feb 2023,,Maya,9a+,19-02-2023,Lead,worked,2023-02-19,2023.0,9a+
Pirmin Bertle,4th Nov 2015,,Mediomalomania,8c,04-11-2015,Boulder,worked,2015-04-11,2015.0,8c
Alex Rohr,19th Dec 2021,,Mediomalomania,8c,19-12-2021,Boulder,worked,2021-12-19,2021.0,8c
Zoe Wood,21st Jan 2024,,Mediterraneo,8a,21-01-2024,Lead,worked,2024-01-21,2024.0,8a
Alison Martindale,,,Mediterraneo,8a,,Lead,worked,,,8a
Simone Tentori,17th Apr 2021,,Megalodonte,8c,17-04-2021,Boulder,worked,2021-04-17,2021.0,8c
Stefano Carnati,12th Feb 2023,,Megalodonte,8c,12-02-2023,Boulder,worked,2023-12-02,2023.0,8c
Cody Roth,Feb 2017,,"Me, I Eat Dust",9a+,19-02-2017,Lead,worked,2017-02-19,2017.0,9a+
Jonathan Siegrest,19th Feb 2024,,"Me, I Eat Dust",9a+,19-02-2024,Lead,worked,2024-02-19,2024.0,9a+
Dan Varian,Apr 2019,,Mein Vein Sds,8a+,19-04-2019,Boulder,worked,2019-04-19,2019.0,8a+
Ned Feehally,Nov 2021,,Mein Vein Sds,8a+,19-11-2021,Boulder,worked,2021-11-19,2021.0,8a+
Adam Wainwright,Aug 1992,,Melancholie,8b,19-08-1992,Lead,worked,1992-08-19,1992.0,8b
Emma Twyford,Jun 2015,,Melancholie,8b,19-06-2015,Lead,worked,2015-06-19,2015.0,8b
Jerry Moffatt,15th Jul 1983,,Memory Lane,e3,15-07-1983,Solo,repeat,1983-07-15,1983.0,6b+
Philip Jewel,,,Memory Lane,e3,,Solo,repeat,,,6b+
John Redhead,9th Jun 1986,E7,Menopausal Discharge,8a+,09-06-1986,Lead,worked,1986-09-06,1986.0,8a+
Ben Moon,1990s,,Menopausal Discharge,8a+,19-11-2024,Lead,flash,2024-11-19,2024.0,8a+
Tim Marsh,Dec 2013,,Mental Art,e7,19-12-2013,Solo,flash,2013-12-19,2013.0,7c+
Neil Furniss,2014,,Mental Art,e7,19-11-2014,Solo,worked,2014-11-19,2014.0,7c+
Jesús Muñoz,6th Jul 2024,,Metropolis,8a+,06-07-2024,Boulder,worked,2024-06-07,2024.0,8a+
Pablo Zamora,Jul 2024,,Metropolis,8a+,19-07-2024,Boulder,worked,2024-07-19,2024.0,8a+
John Dunne,1993,,Militia,8a+,19-11-1993,Lead,worked,1993-11-19,1993.0,8a+
John Gaskins,1993,,Militia,8a+,19-11-1993,Lead,worked,1993-11-19,1993.0,8a+
Rikard Ekehed,,,Minaret,e8,,Lead,worked,,,8a+
Neil Gresham,1999,,Minaret,e8,19-11-1999,Lead,worked,1999-11-19,1999.0,8a+
Dave Pegg,17th Aug 1989,,Mind Bomb,e7,17-08-1989,Lead,worked,1989-08-17,1989.0,7c+
Ben Bransby,16th Dec 2000,,Mind Bomb,e7,16-12-2000,Lead,worked,2000-12-16,2000.0,7c+
Jean-Pierre Bouvier,,,Misanthropie,8a,,Boulder,worked,,,8a
Catherine Miquel,1999,,Misanthropie,8a,19-11-1999,Boulder,worked,1999-11-19,1999.0,8a
Chris Smith,25th Apr 2021,,Mistic,8c,25-04-2021,Lead,worked,2021-04-25,2021.0,8c
Alex Norton,29th Mar 2022,,Mistic,8c,29-03-2022,Lead,worked,2022-03-29,2022.0,8c
Dave Graham,25th Feb 2002,,Mithril,8b,25-02-2002,Boulder,worked,2002-02-25,2002.0,8b
Malcolm Smith,2004,,Mithril,8b,19-11-2004,Boulder,worked,2004-11-19,2004.0,8b
Rob Mirfin,12th Sep 2021,,Moaty Mcmoatface,8b+,12-09-2021,Lead,worked,2021-12-09,2021.0,8b+
Rhoslyn Frugtniet,28th Sep 2023,,Moaty Mcmoatface,8b+,28-09-2023,Lead,worked,2023-09-28,2023.0,8b+
Aidan Roberts,,,Momentary Bliss,8b,,Boulder,worked,,,8b
Solly Kemball-Dorey,,,Momentary Bliss,8b,,Boulder,worked,,,8b
Kazuma Ise,30th Oct 2020,,Mona Lisa,8c,30-10-2020,Boulder,worked,2020-10-30,2020.0,8c
Naoki Shimatani,26th Dec 2021,,Mona Lisa,8c,26-12-2021,Boulder,worked,2021-12-26,2021.0,8c
Johnny Dawes,1983,,Monopoly,e7,19-11-1983,Lead,worked,1983-11-19,1983.0,7c+
Ben Heason,1997,,Monopoly,e7,19-11-1997,Lead,onsight,1997-11-19,1997.0,7c+
Steve McClure,1999,,Monsterosity,8b,19-11-1999,Lead,worked,1999-11-19,1999.0,8b
Simon Reed,1st Aug 2001,,Monsterosity,8b,01-08-2001,Lead,worked,2001-01-08,2001.0,8b
Jacques Balmat,8th Aug 1786,,Mont Blanc Summit,vd,08-08-1786,Solo,worked,1786-08-08,1786.0,4a
Michel-Gabriel Paccard,8th Aug 1786,,Mont Blanc Summit,vd,08-08-1786,Solo,worked,1786-08-08,1786.0,4a
John Allen,1975,,Moon Crack,e5,19-11-1975,Solo,,1975-11-19,1975.0,7a+
Gabe Reagan,,,Moon Crack,e5,,Solo,worked,,,7a+
Taylor McNeill,3rd Oct 2021,,Moonlight Sonata,8c+,03-10-2021,Boulder,worked,2021-03-10,2021.0,8c+
Matt Fultz,13th Nov 2022,,Moonlight Sonata,8c+,13-11-2022,Boulder,worked,2022-11-13,2022.0,8c+
Peter Biven,6th Aug 1967,,Moonraker,hvs,06-08-1967,Alternate Leads,onsight,1967-06-08,1967.0,5b
Pat Littlejohn,6th Aug 1967,,Moonraker,hvs,06-08-1967,Alternate Leads,onsight,1967-06-08,1967.0,5b
Dan Varian,May 2017,,Moonrise Kingdom,e9,19-05-2017,Lead,worked,2017-05-19,2017.0,8b
James McHaffie,May 2017,,Moonrise Kingdom,e9,19-05-2017,Lead,worked,2017-05-19,2017.0,8b
Yuji Hirayama,Nov 1999,,Mortal Kombat,8b,19-11-1999,Lead,onsight,1999-11-19,1999.0,8b
Cristian Brenna,2002,,Mortal Kombat,8b,19-11-2002,Lead,onsight,2002-11-19,2002.0,8b
Tom Proctor,1976,,Mortlocks Arete,e4,19-11-1976,Lead,,1976-11-19,1976.0,6c+
Ron Fawcett,1976,,Mortlocks Arete,e4,19-11-1976,Lead,,1976-11-19,1976.0,6c+
Christoph Hainz,2002,,Moulin Rouge,e6,19-11-2002,Alternate Leads,worked,2002-11-19,2002.0,7b+
Jonas Hainz,20th Jun 2022,,Moulin Rouge,e6,20-06-2022,Solo,worked,2022-06-20,2022.0,7b+
Nick Sutter,1997,,Mr. September,8b+,19-11-1997,Lead,worked,1997-11-19,1997.0,8b+
Tom O'Halloran,Oct 2023,,Mr. September,8b+,19-10-2023,Lead,onsight,2023-10-19,2023.0,8b+
Luke Fletcher,,,Mr. Spantastic,8b,,Boulder,worked,,,8b
Leo Skinner,22nd Aug 2024,,Mr. Spantastic,8b,22-08-2024,Boulder,worked,2024-08-22,2024.0,8b
Pablo Zamora,4th Jan 2024,,Muerte Por Asfixia,8c+,04-01-2024,Boulder,worked,2024-04-01,2024.0,8c+
Jorge Díaz-Rullo,Jun 2024,,Muerte Por Asfixia,8c+,19-06-2024,Boulder,worked,2024-06-19,2024.0,8c+
Aidan Roberts,24th May 2022,,Muffin Top,8b,24-05-2022,Boulder,worked,2022-05-24,2022.0,8b
Jonny Kydd,4th Sep 2024,8B+,Muffin Top,8b,04-09-2024,Boulder,worked,2024-04-09,2024.0,8b
Karin Magog,2017,,Mundo Feliz,8b+,19-11-2017,Lead,worked,2017-11-19,2017.0,8b+
Steve Crowe,3rd Dec 2017,,Mundo Feliz,8b+,03-12-2017,Lead,worked,2017-03-12,2017.0,8b+
Harriet Ridley,2nd Jul 2020,,Mussel Beach,8a,02-07-2020,Lead,worked,2020-02-07,2020.0,8a
Neil Mawson,,,Mussel Beach,8a,,Lead,flash,,,8a
Tom Randall,2013,,My Kai,e8,19-11-2013,Lead,worked,2013-11-19,2013.0,8a+
Ryan Pasquill,7th Dec 2013,,My Kai,e8,07-12-2013,Lead,flash,2013-07-12,2013.0,8a+
Giuliano Cameroni,Dec 2021,,Mystic River,8c,19-12-2021,Boulder,worked,2021-12-19,2021.0,8c
Shawn Raboutou,Dec 2021,,Mystic River,8c,19-12-2021,Boulder,worked,2021-12-19,2021.0,8c
Tom Randall,2013,,Nahhan,e8,19-11-2013,Lead,worked,2013-11-19,2013.0,8a+
Jim Pope,15th Oct 2020,,Nahhan,e8,15-10-2020,Lead,flash,2020-10-15,2020.0,8a+
Patxi Usobiaga,2001,,Nanai,8c+,19-11-2001,Lead,worked,2001-11-19,2001.0,8c+
Josune Bereziartu,2002,,Nanai,8c+,19-11-2002,Lead,worked,2002-11-19,2002.0,8c+
Philip Macle,1980,,Natilik,e3,19-11-1980,Lead,,1980-11-19,1980.0,6b+
Jean-Cristophe Lafaille,1980,,Natilik,e3,19-11-1980,Lead,,1980-11-19,1980.0,6b+
Dai Koyamada,4th Apr 2017,,Nayuta,8c+,04-04-2017,Boulder,worked,2017-04-04,2017.0,8c+
Yuta Imaizumi,Oct 2022,,Nayuta,8c+,19-10-2022,Boulder,worked,2022-10-19,2022.0,8c+
Will Bosi,24th Aug 2024,,Needle And Rabbit,8b,24-08-2024,Boulder,worked,2024-08-24,2024.0,8b
Jack Palmieri,14th Sep 2024,,Needle And Rabbit,8b,14-09-2024,Boulder,worked,2024-09-14,2024.0,8b
Dai Koyamada,2016,,Nehanna,8c,19-11-2016,Boulder,worked,2016-11-19,2016.0,8c
Shinichiro Nomura,24th Dec 2021,,Nehanna,8c,24-12-2021,Boulder,worked,2021-12-24,2021.0,8c
Keith Sharples,10th Jul 1994,,Nemesis,8a+,10-07-1994,Lead,worked,1994-10-07,1994.0,8a+
Nic Sellars,Between 10th Jul 1994 and 1st Jan 1995,,Nemesis,8a+,,Lead,flash,,,8a+
Dan Varian,2016,,New Verse Line,8a,19-11-2016,Boulder,worked,2016-11-19,2016.0,8a
Rebecca Stephens,7th Nov 2024,,New Verse Line,8a,07-11-2024,Boulder,worked,2024-07-11,2024.0,8a
Ryuichi Murai,23rd Oct 2021,,Nexus,8c+,23-10-2021,Boulder,worked,2021-10-23,2021.0,8c+
Keiichiro Korenaga,Apr 2024,,Nexus,8c+,19-04-2024,Boulder,worked,2024-04-19,2024.0,8c+
Hannes Puman,2020,,Niemisis,9a,19-11-2020,Lead,worked,2020-11-19,2020.0,9a
Matilda Söderlund,2023,9a,Niemisis,9a,19-11-2023,Lead,worked,2023-11-19,2023.0,9a
Christian Core,,,Nim,8c,,Boulder,worked,,,8c
Giacomo Raimondi,10th Feb 2023,,Nim,8c,10-02-2023,Boulder,worked,2023-10-02,2023.0,8c
Martin Keller,May 2019,8C/8C+,Ninja Skills Sds,8c,19-05-2019,Boulder,worked,2019-05-19,2019.0,8c
Elias Iagnemma,7th Jan 2022,,Ninja Skills Sds,8c,07-01-2022,Boulder,worked,2022-07-01,2022.0,8c
Marco Müller,8th Feb 2023,,Ninjutsu,8b+,08-02-2023,Boulder,worked,2023-08-02,2023.0,8b+
Aidan Roberts,2023,,Ninjutsu,8b+,19-11-2023,Boulder,worked,2023-11-19,2023.0,8b+
Johnny Woodward,28th Apr 1982,,Ninth Life,e7,28-04-1982,Lead,worked,1982-04-28,1982.0,7c+
Dougie Hall,Sep 1986,,Ninth Life,e7,19-09-1986,Lead,,1986-09-19,1986.0,7c+
Aubin Salmon,28th Apr 2024,,Nirvana,8a+,28-04-2024,Boulder,worked,2024-04-28,2024.0,8a+
Guillaume Joubert,Before 1st Jan 2024,8A+,Nirvana,8a+,,Top Rope,worked,,,8a+
Iker Pou,2012,,Nit De Bruixes,9a+,19-11-2012,Lead,worked,2012-11-19,2012.0,9a+
Ramón Julián Puigblanque,1st Jul 2012,9a+,Nit De Bruixes,9a+,01-07-2012,Lead,worked,2012-01-07,2012.0,9a+
Matt Fultz,,,No Additives Sit,8b+,,Boulder,worked,,,8b+
Griffin Whiteside,,,No Additives Sit,8b+,,Boulder,worked,,,8b+
B.J. Tilden,4th Sep 2017,,No Country For Old Men,8c,04-09-2017,Lead,worked,2017-04-09,2017.0,8c
Jonathan Siegrest,15th Aug 2024,,No Country For Old Men,8c,15-08-2024,Lead,flash,2024-08-15,2024.0,8c
Ben Cossey,14th Jan 2007,,Nocturnal Emission,e9,14-01-2007,Lead,worked,2007-01-14,2007.0,8b
Toru  Nakajima,,,Nocturnal Emission,e9,,Lead,worked,,,8b
Daniel Woods,18th Jun 2015,,Noise Vs. Beauty,8c,18-06-2015,Boulder,worked,2015-06-18,2015.0,8c
Paul Robinson,7th Jul 2017,,Noise Vs. Beauty,8c,07-07-2017,Boulder,worked,2017-07-07,2017.0,8c
Max Zolotukhin,,,No Peace Prize,8b+,,Boulder,worked,,,8b+
Sam Enright,,,No Peace Prize,8b+,,Boulder,worked,,,8b+
Steve McClure,15th May 2008,,North Star,9a,15-05-2008,Lead,worked,2008-05-15,2008.0,9a
Adam Ondra,2nd May 2010,,North Star,9a,02-05-2010,Lead,worked,2010-02-05,2010.0,9a
Alex Rohr,4th Sep 2022,9a,Oblivion,9a,04-09-2022,Lead,worked,2022-04-09,2022.0,9a
Marco Müller,2nd Aug 2023,,Oblivion,9a,02-08-2023,Lead,worked,2023-02-08,2023.0,9a
Dominic Lee,1982,,Obscene Gesture,7c,19-11-1982,Lead,worked,1982-11-19,1982.0,7c
Phil Davidson,1984,,Obscene Gesture,7c,19-11-1984,Lead,onsight,1984-11-19,1984.0,7c
Kevin Jorgeson,24th Aug 2007,,Ode To A Modern Man,8b+,24-08-2007,Boulder,worked,2007-08-24,2007.0,8b+
Aidan Roberts,19th Jun 2019,,Ode To A Modern Man,8b+,19-06-2019,Boulder,worked,2019-06-19,2019.0,8b+
Tom Proctor,1968,,Oedipus! Ring Your Mother,e4,19-11-1968,Solo,worked,1968-11-19,1968.0,6c+
John Dunne,1988,,Oedipus! Ring Your Mother,e4,19-11-1988,Solo,repeat,1988-11-19,1988.0,6c+
Jimmy Webb,,,Old Man Winter,8b+,,Boulder,worked,,,8b+
Carlo Traversi,Jun 2023,,Old Man Winter,8b+,19-06-2023,Boulder,worked,2023-06-19,2023.0,8b+
Alex Huber,1992,,Om,9a,19-11-1992,Lead,worked,1992-11-19,1992.0,9a
Adam Ondra,14th Jun 2009,9a,Om,9a,14-06-2009,Lead,worked,2009-06-14,2009.0,9a
Bill Ramsey,1st Mar 1999,,Omaha Beach (pre Break),8b,01-03-1999,Lead,worked,1999-01-03,1999.0,8b
Katie Brown,11th Apr 1999,,Omaha Beach (pre Break),8b,11-04-1999,Lead,onsight,1999-11-04,1999.0,8b
Adam Ondra,13th Nov 2017,,One Slap,9b,13-11-2017,Lead,worked,2017-11-13,2017.0,9b
Stefano Ghisolfi,22nd Nov 2017,,One Slap,9b,22-11-2017,Lead,worked,2017-11-22,2017.0,9b
Alex Huber,6th Dec 1996,9a,Open Air,9a+,06-12-1996,Lead,worked,1996-06-12,1996.0,9a+
Adam Ondra,17th Nov 2008,9a+,Open Air,9a+,17-11-2008,Lead,worked,2008-11-17,2008.0,9a+
Dani Andrada,,,Open Your Mind,8c+,,Lead,worked,,,8c+
Jorge Díaz-Rullo,Jan 2024,,Open Your Mind,8c+,19-01-2024,Lead,worked,2024-01-19,2024.0,8c+
Gary Gibson,11th Mar 1985,,Orange Robe Burning,e6,11-03-1985,Lead,worked,1985-11-03,1985.0,7b+
Maddy Cope,20th Sep 2016,,Orange Robe Burning,e6,20-09-2016,Lead,onsight,2016-09-20,2016.0,7b+
Samuel Turner,1903,,Original Route,hs,19-11-1903,Lead,,1903-11-19,1903.0,4c
Seigfreid Herford,1914,,Original Route,hs,19-11-1914,Lead,,1914-11-19,1914.0,4c
Aidan Roberts,Aug 2020,,Outliers,8c,19-08-2020,Boulder,worked,2020-08-19,2020.0,8c
Will Bosi,12th Jun 2022,,Outliers,8c,12-06-2022,Boulder,worked,2022-12-06,2022.0,8c
John Dunne,1999,,Outspan,e6,19-11-1999,Lead,worked,1999-11-19,1999.0,7b+
Gareth Parry,1999,,Outspan,e6,19-11-1999,Lead,worked,1999-11-19,1999.0,7b+
Matt Pickles,21st May 2012,,Overjustified,8c,21-05-2012,Lead,worked,2012-05-21,2012.0,8c
Jon Freeman,2nd Apr 2014,,Overjustified,8c,02-04-2014,Lead,worked,2014-02-04,2014.0,8c
Steve McClure,23rd May 2007,,Overshadow,9a+,23-05-2007,Lead,worked,2007-05-23,2007.0,9a+
Adam Ondra,16th May 2011,,Overshadow,9a+,16-05-2011,Lead,worked,2011-05-16,2011.0,9a+
Ben Heason,24th Jan 2002,,Oz Bound,e9,24-01-2002,Lead,worked,2002-01-24,2002.0,8b
Mike Adams,17th Nov 2024,,Oz Bound,e9,17-11-2024,Lead,worked,2024-11-17,2024.0,8b
John Allen,15th Jun 1983,,Pacific Ocean Wall Direct,e7,15-06-1983,Lead,worked,1983-06-15,1983.0,7c+
Mia Stacey,1st Dec 2019,,Pacific Ocean Wall Direct,e7,01-12-2019,Lead,worked,2019-01-12,2019.0,7c+
Rowanne Bennett-Waters,,,Paint It Black,7c,,Boulder,worked,,,7c
Diane Merrick,,,Paint It Black,7c,,Boulder,worked,,,7c
Jessica Pilz,20th Oct 2024,,Paint It Black,8c+,20-10-2024,Lead,worked,2024-10-20,2024.0,8c+
Eva Hammelmüller,2nd Nov 2024,,Paint It Black,8c+,02-11-2024,Lead,worked,2024-02-11,2024.0,8c+
John Long,1973,,Paisano Overhang,e6,19-11-1973,Lead,worked,1973-11-19,1973.0,7b+
Randy Leavitt,1985,,Paisano Overhang,e6,19-11-1985,Lead,worked,1985-11-19,1985.0,7b+
Arnis Strapcans,10th Jul 1980,,Panting Dog Climb,e2,10-07-1980,Lead,,1980-10-07,1980.0,6a+
Mick Fowler,10th Jul 1980,,Panting Dog Climb,e2,10-07-1980,Lead,,1980-10-07,1980.0,6a+
Jerry Moffatt,1984,,Papy On Sight,7c+,19-11-1984,Lead,worked,1984-11-19,1984.0,7c+
Wolfgang Güllich,1984,,Papy On Sight,7c+,19-11-1984,Lead,worked,1984-11-19,1984.0,7c+
Jankyn Pasquill,1980,,Parasite,e5,19-11-1980,Lead,,1980-11-19,1980.0,7a+
Jerry Peel,1980,,Parasite,e5,19-11-1980,Lead,,1980-11-19,1980.0,7a+
Michael Wohlleben,Jul 2017,,Parzival,8b,19-07-2017,Lead,worked,2017-07-19,2017.0,8b
Matilda Söderlund,Aug 2021,,Parzival,8b,19-08-2021,Lead,worked,2021-08-19,2021.0,8b
Neil Carson,Jul 1995,,Pas De Deux,8a+,19-07-1995,Lead,worked,1995-07-19,1995.0,8a+
Malcolm Smith,18th May 2010,,Pas De Deux,8a+,18-05-2010,Lead,worked,2010-05-18,2010.0,8a+
Alex Megos,2022,,Patatas Pantera,9a,19-11-2022,Lead,worked,2022-11-19,2022.0,9a
Tom Bolger,Nov 2022,,Patatas Pantera,9a,19-11-2022,Lead,worked,2022-11-19,2022.0,9a
Patxi Usobiaga,2017,9a/9a+,Patxitxulo,9a,19-11-2017,Lead,worked,2017-11-19,2017.0,9a
Anak Verhoeven,10th Oct 2021,,Patxitxulo,9a,10-10-2021,Lead,worked,2021-10-10,2021.0,9a
Yuji Hirayama,6th Mar 2022,,Peaceful Mountain,9a,06-03-2022,Lead,worked,2022-06-03,2022.0,9a
Sachi Amma,Apr 2022,,Peaceful Mountain,9a,19-04-2022,Lead,worked,2022-04-19,2022.0,9a
Rachel Carr,30th Aug 2019,,Pendragon,8a,30-08-2019,Boulder,worked,2019-08-30,2019.0,8a
Tara Hayes,Jul 2022,,Pendragon,8a,19-07-2022,Boulder,worked,2022-07-19,2022.0,8a
Dave Birkett,,,Peppered Boursin,e7,,Lead,worked,,,7c+
Craig Matheson,26th Aug 2013,,Peppered Boursin,e7,26-08-2013,Lead,worked,2013-08-26,2013.0,7c+
Jake Plasco,2023,,Perpetual Motion,8b+,19-11-2023,Boulder,worked,2023-11-19,2023.0,8b+
Matt Bosley,,,Perpetual Motion,8b+,,Boulder,worked,,,8b+
James Litz,Oct 2013,9a+,Peruvian Necktie,9b,19-10-2013,Lead,worked,2013-10-19,2013.0,9b
Jonathan Siegrest,18th May 2021,9b (soft),Peruvian Necktie,9b,18-05-2021,Lead,worked,2021-05-18,2021.0,9b
Jernej Kruder,7th May 2020,9a,Peščena Ura,9a,07-05-2020,Lead,worked,2020-07-05,2020.0,9a
Adam Ondra,23rd Oct 2023,9a (hard),Peščena Ura,9a,23-10-2023,Lead,flash,2023-10-23,2023.0,9a
Mark Campbell,1996,,Pet Cemetry,8a+,19-11-1996,Lead,worked,1996-11-19,1996.0,8a+
Cherry Bedford,29th May 2013,,Pet Cemetry,8a+,29-05-2013,Lead,worked,2013-05-29,2013.0,8a+
Dave Graham,2019,,Petrichor,8c,19-11-2019,Boulder,worked,2019-11-19,2019.0,8c
Vadim Timonov,Jul 2021,,Petrichor,8c,19-07-2021,Boulder,worked,2021-07-19,2021.0,8c
Charles Albert,Sep 2023,,Pétroglyphe,8b,19-09-2023,Boulder,worked,2023-09-19,2023.0,8b
Nico Pelorson,26th Nov 2023,,Pétroglyphe,8b,26-11-2023,Boulder,worked,2023-11-26,2023.0,8b
Ethan Pringle,,,Phlem Loskott And One Smoking Mono,8b,,Deep Water Solo,worked,,,8b
Nils Favre,23rd Sep 2020,,Phlem Loskott And One Smoking Mono,8b,23-09-2020,Deep Water Solo,worked,2020-09-23,2020.0,8b
Pete Kirton,1983,,Picnic Sarcastic,7a+,19-11-1983,Boulder,worked,1983-11-19,1983.0,7a+
Jerry Moffatt,1983,,Picnic Sarcastic,7a+,19-11-1983,Boulder,worked,1983-11-19,1983.0,7a+
Shauna Coxsey,Jun 2011,,Pilgrim,8a+,19-06-2011,Boulder,worked,2011-06-19,2011.0,8a+
Molly Thompson-Smith,26th Feb 2024,,Pilgrim,8a+,26-02-2024,Boulder,worked,2024-02-26,2024.0,8a+
Richard Broomhead,2nd Jun 1974,,Pink Ginsane,e6,02-06-1974,Boulder,,1974-02-06,1974.0,7b+
Richard Harrison,20th Mar 1981,,Pink Ginsane,e6,20-03-1981,Boulder,,1981-03-20,1981.0,7b+
Rob Matheson,1973,,Pink Panther,e2,19-11-1973,Lead,onsight,1973-11-19,1973.0,6a+
Rob Matheson,2023,,Pink Panther,e2,19-11-2023,Lead,repeat,2023-11-19,2023.0,6a+
Alex Megos,Oct 2022,,Pink Patatas,9a+,19-10-2022,Lead,worked,2022-10-19,2022.0,9a+
Tom Bolger,5th Nov 2022,,Pink Patatas,9a+,05-11-2022,Lead,worked,2022-05-11,2022.0,9a+
Paul Robinson,16th Jul 2018,,Pirates Code,8c,16-07-2018,Boulder,worked,2018-07-16,2018.0,8c
Daniel Woods,Aug 2018,,Pirates Code,8c,19-08-2018,Boulder,worked,2018-08-19,2018.0,8c
Pete Kirton,,,Pockets Traverse,7c,,Boulder,worked,,,7c
Andy Earl,1995,,Pockets Traverse,7c,19-11-1995,Boulder,worked,1995-11-19,1995.0,7c
Dave Towse,1984,,Poetry Pink,e5,19-11-1984,Lead,worked,1984-11-19,1984.0,7a+
John Redhead,1984,,Poetry Pink,e5,19-11-1984,Lead,worked,1984-11-19,1984.0,7a+
Giuliano Cameroni,12th Feb 2019,8C+,Poison The Well,8c+,12-02-2019,Boulder,worked,2019-12-02,2019.0,8c+
Jimmy Webb,7th Apr 2020,8C+ (soft),Poison The Well,8c+,07-04-2020,Boulder,worked,2020-07-04,2020.0,8c+
Jerry Moffatt,1984,,Polpot,7c,19-11-1984,Lead,onsight,1984-11-19,1984.0,7c
Alain Robert,,,Polpot,7c,,Solo,worked,,,7c
Leo Skinner,10th Jul 2023,,Pool Of Bethesda (skindog Start),8b+,10-07-2023,Boulder,worked,2023-10-07,2023.0,8b+
Leven Rowan,24th Oct 2024,,Pool Of Bethesda (skindog Start),8b+,24-10-2024,Boulder,worked,2024-10-24,2024.0,8b+
Solly Kemball-Dorey,28th Aug 2023,,Poseidons Wrath,8c,28-08-2023,Boulder,worked,2023-08-28,2023.0,8c
Aidan Roberts,2024,,Poseidons Wrath,8c,19-11-2024,Boulder,worked,2024-11-19,2024.0,8c
Dan Varian,2012,,Potty Mouth,8b,19-11-2012,Boulder,worked,2012-11-19,2012.0,8b
Micky Page,Sep 2012,,Potty Mouth,8b,19-09-2012,Boulder,worked,2012-09-19,2012.0,8b
Simon Lorenzi,Jul 2021,,Power Of Now Direct,8c,19-07-2021,Boulder,worked,2021-07-19,2021.0,8c
Samuel Richard,8th Jul 2024,,Power Of Now Direct,8c,08-07-2024,Boulder,worked,2024-08-07,2024.0,8c
Adam Ondra,7th Aug 2010,,Ppp,9a,07-08-2010,Lead,worked,2010-07-08,2010.0,9a
Charlotte Durif,18th Aug 2011,,Ppp,9a,18-08-2011,Lead,worked,2011-08-18,2011.0,9a
Adrian Vanoni,6th Oct 2023,,Prayer For A Friend,e9,06-10-2023,Lead,worked,2023-06-10,2023.0,8b
Connor Herson,2024,,Prayer For A Friend,e9,19-11-2024,Lead,onsight,2024-11-19,2024.0,8b
Mark Edwards,1994,,Pre Marital Tension,e8,19-11-1994,Lead,worked,1994-11-19,1994.0,8a+
Ken Palmer,1999,,Pre Marital Tension,e8,19-11-1999,Lead,worked,1999-11-19,1999.0,8a+
Gwyneth Uttley,25th Oct 2017,,Pren Nota,8a,25-10-2017,Lead,worked,2017-10-25,2017.0,8a
Katy Piddock,,,Pren Nota,8a,,Lead,worked,,,8a
Craig Smith,5th Jun 1986,,Pretty Girls Make Graves,e6,05-06-1986,Lead,worked,1986-05-06,1986.0,7b+
Jude Spancken,,,Pretty Girls Make Graves,e6,,Lead,ground up,,,7b+
Martina Demmel,30th Jan 2021,,Primer Asalto,8c,30-01-2021,Lead,worked,2021-01-30,2021.0,8c
Arlo Rogers,5th Jan 2023,,Primer Asalto,8c,05-01-2023,Lead,worked,2023-05-01,2023.0,8c
Tony Moulam,16th Jul 1945,,Promontory Traverse,e1,16-07-1945,Lead,,1945-07-16,1945.0,5c
Peter Harding,16th Jul 1945,,Promontory Traverse,e1,16-07-1945,Lead,,1945-07-16,1945.0,5c
Dave Graham,8th Nov 2001,,Psychedelic,9a,08-11-2001,Lead,worked,2001-08-11,2001.0,9a
Paul Robinson,24th Mar 2009,,Psychedelic,9a,24-03-2009,Lead,worked,2009-03-24,2009.0,9a
Jerry Moffatt,1981,,Psyche N Burn,e6,19-11-1981,Lead,worked,1981-11-19,1981.0,7b+
Andy Pollitt,1983,,Psyche N Burn,e6,19-11-1983,Lead,worked,1983-11-19,1983.0,7b+
Alex Luger,13th Feb 2014,,Psychogramm,e9,13-02-2014,Lead,worked,2014-02-13,2014.0,8b
Fabian Buhl,24th Jan 2015,,Psychogramm,e9,24-01-2015,Lead,worked,2015-01-24,2015.0,8b
Pete Robins,Jun 2013,,Pump Up The Jam,8c,19-06-2013,Lead,worked,2013-06-19,2013.0,8c
Kieran Forrest,Jun 2022,,Pump Up The Jam,8c,19-06-2022,Lead,worked,2022-06-19,2022.0,8c
Adam Ondra,,,Pure Dreaming Plus,9a+,,Lead,worked,,,9a+
Laura Rogora,May 2020,,Pure Dreaming Plus,9a+,19-05-2020,Lead,worked,2020-05-19,2020.0,9a+
Tom Randall,16th Mar 2014,,Pure Now,e9,16-03-2014,Lead,worked,2014-03-16,2014.0,8b
Pete Whittaker,19th Jan 2024,,Pure Now,e9,19-01-2024,Lead,worked,2024-01-19,2024.0,8b
James Squire,19th Jan 2020,,Pursuit Of Slapiness,8b,19-01-2020,Boulder,worked,2020-01-19,2020.0,8b
Solly Kemball-Dorey,,,Pursuit Of Slapiness,8b,,Boulder,worked,,,8b
Nick Bullock,24th Jul 2018,,Pushing For Rail,e8,24-07-2018,Lead,worked,2018-07-24,2018.0,8a+
Mick Lovatt,31st Jul 2018,,Pushing For Rail,e8,31-07-2018,Lead,worked,2018-07-31,2018.0,8a+
Noah Wheeler,25th Jul 2024,8A+,Quartz,8b+,25-07-2024,Boulder,worked,2024-07-25,2024.0,8b+
Noah Wheeler,23rd Aug 2024,8B+/8C,Quartz,8b+,23-08-2024,Boulder,worked,2024-08-23,2024.0,8b+
Adam Ondra,18th Apr 2017,,Queen Line,9b,18-04-2017,Lead,worked,2017-04-18,2017.0,9b
Stefano Ghisolfi,26th Feb 2019,,Queen Line,9b,26-02-2019,Lead,worked,2019-02-26,2019.0,9b
Alex Barrows,22nd Oct 2022,,Queimada,8b+,22-10-2022,Lead,onsight,2022-10-22,2022.0,8b+
Steve McClure,Nov 2023,,Queimada,8b+,19-11-2023,Lead,onsight,2023-11-19,2023.0,8b+
Paul Stewart,Aug 1980,,Quiet Country,e6,19-08-1980,Lead,,1980-08-19,1980.0,7b+
Bob Smith,1980s,,Quiet Country,e6,19-11-2024,Lead,,2024-11-19,2024.0,7b+
Chris Savage,31st Dec 2012,,Quimera,8b,31-12-2012,Boulder,worked,2012-12-31,2012.0,8b
Luis Gerhardt,,,Quimera,8b,,Boulder,worked,,,8b
Jimmy Webb,,,Quoi De Neuf (acte 2),8b,,Boulder,flash,,,8b
Jan Hojer,,,Quoi De Neuf (acte 2),8b,,Boulder,flash,,,8b
Aidan Roberts,21st May 2022,,Ragga,8b,21-05-2022,Boulder,worked,2022-05-21,2022.0,8b
Ned Feehally,2023,,Ragga,8b,19-11-2023,Boulder,worked,2023-11-19,2023.0,8b
Aidan Roberts,14th Jun 2022,8C,Raggamuffin,8b+,14-06-2022,Boulder,worked,2022-06-14,2022.0,8b+
Will Bosi,13th Aug 2022,8B+,Raggamuffin,8b+,13-08-2022,Boulder,worked,2022-08-13,2022.0,8b+
Chris Doyle,23rd Aug 2014,,Raiders Of The Dark Ark,8b+,23-08-2014,Lead,worked,2014-08-23,2014.0,8b+
Pete Robins,2016,,Raiders Of The Dark Ark,8b+,19-11-2016,Lead,worked,2016-11-19,2016.0,8b+
Tim Blake,25th Oct 2023,,Ramped Up,8b,25-10-2023,Boulder,worked,2023-10-25,2023.0,8b
Aidan Roberts,2024,,Ramped Up,8b,19-11-2024,Boulder,worked,2024-11-19,2024.0,8b
Ben Moon,2004,,Ranieris Reach,8a,19-11-2004,Boulder,worked,2004-11-19,2004.0,8a
Tom Newman,7th Mar 2016,,Ranieris Reach,8a,07-03-2016,Boulder,worked,2016-07-03,2016.0,8a
Dougie Hall,1990,,Rapid City,8a,19-11-1990,Lead,worked,1990-11-19,1990.0,8a
Steve McClure,1999,,Rapid City,8a,19-11-1999,Lead,onsight,1999-11-19,1999.0,8a
Nicolas Favresse,29th Nov 2003,,Razorblade,8c,29-11-2003,Lead,worked,2003-11-29,2003.0,8c
Sébastien Berthe,,,Razorblade,8c,,Lead,worked,,,8c
Alex Megos,18th Aug 2013,,Red,9a,18-08-2013,Lead,worked,2013-08-18,2013.0,9a
Tom O'Halloran,4th Aug 2024,,Red,9a,04-08-2024,Lead,worked,2024-04-08,2024.0,9a
Ramón Julián Puigblanque,30th Aug 2013,,Red Ram,9a+,30-08-2013,Lead,worked,2013-08-30,2013.0,9a+
Alex Megos,Oct 2022,,Red Ram,9a+,19-10-2022,Lead,worked,2022-10-19,2022.0,9a+
Fred Rouhling,Before 1st Jan 2004,,Red Snapper,8a+,,Boulder,worked,,,8a+
Will Bosi,3rd Oct 2021,,Red Snapper,8a+,03-10-2021,Boulder,flash,2021-03-10,2021.0,8a+
Royal Robbins,1957,,Regular Northwest Face,hvs,19-11-1957,Aid,worked,1957-11-19,1957.0,5b
Arnis Strapcans,1977,,Regular Northwest Face,hvs,19-11-1977,Alternate Leads,onsight,1977-11-19,1977.0,5b
Dave Towse,26th Apr 1986,,Released From Treatment,e6,26-04-1986,Lead,worked,1986-04-26,1986.0,7b+
John Redhead,26th Apr 1986,,Released From Treatment,e6,26-04-1986,Lead,worked,1986-04-26,1986.0,7b+
Stevie Haston,,,Requiem For A Vampire,e8,,Lead,worked,,,8a+
Mick Lovatt,10th Jul 2018,,Requiem For A Vampire,e8,10-07-2018,Lead,worked,2018-10-07,2018.0,8a+
Joe Kinder,17th Jun 2022,,Resisting Arrest,9a,17-06-2022,Lead,worked,2022-06-17,2022.0,9a
Cameron Hörst,17th Jun 2022,,Resisting Arrest,9a,17-06-2022,Lead,worked,2022-06-17,2022.0,9a
Yannick Flohé,31st Jan 2023,,Return Of The Dreamtime,8c+,31-01-2023,Boulder,worked,2023-01-31,2023.0,8c+
Francesco Berardino,16th Jan 2024,,Return Of The Dreamtime,8c+,16-01-2024,Boulder,worked,2024-01-16,2024.0,8c+
Mark Edwards,1999,E10,Rewind,e9,19-11-1999,Lead,worked,1999-11-19,1999.0,8b
Wojciech Szymanowicz,Jun 2020,,Rewind,e9,19-06-2020,Lead,worked,2020-06-19,2020.0,8b
Shauna Coxsey,Jun 2012,,Riddles In The Park,8a+,19-06-2012,Boulder,worked,2012-06-19,2012.0,8a+
Brooke Raboutou,Between 1st Jun 2020 and 30th Sep 2020,,Riddles In The Park,8a+,,Boulder,worked,,,8a+
Johnny Dawes,,,Rimsky Korsakov,e5,,Boulder,,,,7a+
Leo Houlding,Between 1st Jun 1995 and 1st Sep 1995,,Rimsky Korsakov,e5,,Solo,onsight,,,7a+
Steve McClure,2004,,Ring Of Fire,8b+,19-11-2004,Deep Water Solo,ground up,2004-11-19,2004.0,8b+
Chris Sharma,2004,,Ring Of Fire,8b+,19-11-2004,Deep Water Solo,ground up,2004-11-19,2004.0,8b+
Dave MacLeod,1st Aug 2007,,Ring Of Steall,8c+,01-08-2007,Lead,worked,2007-01-08,2007.0,8c+
James Squire,28th Oct 2019,,Rocket Science,8b+,28-10-2019,Boulder,worked,2019-10-28,2019.0,8b+
James Pearson,14th Jan 2024,,Rocket Science,8b+,14-01-2024,Boulder,worked,2024-01-14,2024.0,8b+
Pete Oxley,31st Jul 1991,,Rocket Usa,e6,31-07-1991,Lead,worked,1991-07-31,1991.0,7b+
Mike Robertson,,,Rocket Usa,e6,,Deep Water Solo,worked,,,7b+
Sean Myles,Mar 1991,8a,Rodney Mullen,e8,19-03-1991,Lead,worked,1991-03-19,1991.0,8a+
Ben Bransby,10th Sep 2001,E7 (hard),Rodney Mullen,e8,10-09-2001,Lead,worked,2001-10-09,2001.0,8a+
Mari Salvesen,May 2019,,Ronny Medelsvensson,e9,19-05-2019,Lead,worked,2019-05-19,2019.0,8b
Pete Whittaker,Aug 2019,,Ronny Medelsvensson,e9,19-08-2019,Lead,flash,2019-08-19,2019.0,8b
Steve McClure,Jun 2006,,Roofolution,9a,19-06-2006,Lead,worked,2006-06-19,2006.0,9a
Will Bosi,Mar 2022,,Roofolution,9a,19-03-2022,Lead,worked,2022-03-19,2022.0,9a
Alex Megos,1st May 2012,,Roof Warrior,8c,01-05-2012,Lead,flash,2012-01-05,2012.0,8c
Molly Thompson-Smith,28th May 2020,,Roof Warrior,8c,28-05-2020,Lead,worked,2020-05-28,2020.0,8c
Jerry Moffatt,1982,,Rooster Booster,7c+,19-11-1982,Lead,worked,1982-11-19,1982.0,7c+
Jessica Sakura Ward,30th Oct 2022,,Rooster Booster,7c+,30-10-2022,Lead,worked,2022-10-30,2022.0,7c+
Nalle Hukkataival,24th Jun 2010,,Rough Gem,8b,24-06-2010,Boulder,worked,2010-06-24,2010.0,8b
Adam Ondra,2nd Aug 2012,,Rough Gem,8b,02-08-2012,Boulder,worked,2012-02-08,2012.0,8b
Leigh Mcginley,Oct 1991,,Rubble,e7,19-10-1991,Lead,onsight,1991-10-19,1991.0,7c+
Paul Pritchard,Oct 1991,,Rubble,e7,19-10-1991,Lead,onsight,1991-10-19,1991.0,7c+
Johnny Dawes,29th Apr 1987,,Rupert Road,e6,29-04-1987,Lead,onsight,1987-04-29,1987.0,7b+
Mike Raine,29th Apr 1987,,Rupert Road,e6,29-04-1987,Lead,onsight,1987-04-29,1987.0,7b+
Dave MacLeod,Feb 2003,,Sabotage,8a,19-02-2003,Boulder,worked,2003-02-19,2003.0,8a
Lucy Ross,26th Aug 2024,,Sabotage,8a,26-08-2024,Boulder,worked,2024-08-26,2024.0,8a
Adam Ondra,23rd Jul 2018,,Sacrifice,9a+,23-07-2018,Lead,worked,2018-07-23,2018.0,9a+
Evan Hau,8th Jun 2020,,Sacrifice,9a+,08-06-2020,Lead,worked,2020-08-06,2020.0,9a+
Taylor McNeill,,,Sailors Delight,8b+,,Boulder,worked,,,8b+
Aj Flynn,,,Sailors Delight,8b+,,Boulder,worked,,,8b+
Fred Rouhling,2007,,Salamandre,9a+,19-11-2007,Lead,worked,2007-11-19,2007.0,9a+
Baptiste Dherbilly,Oct 2017,,Salamandre,9a+,19-10-2017,Lead,worked,2017-10-19,2017.0,9a+
Natalie Tanzer,1st Nov 2013,,Salva Mea,8a,01-11-2013,Lead,worked,2013-01-11,2013.0,8a
Lucy Ross,3rd Sep 2023,,Salva Mea,8a,03-09-2023,Lead,worked,2023-03-09,2023.0,8a
Antoine Le Menestrel,1987,,Samizdat,8a,19-11-1987,Lead,onsight,1987-11-19,1987.0,8a
Sébastien Bouin,2021,,Samizdat,8a,19-11-2021,Lead,worked,2021-11-19,2021.0,8a
Dean Potter,,,Sasquatch,8a,,Boulder,worked,,,8a
Ethan Pringle,21st Oct 2007,,Sasquatch,8a,21-10-2007,Boulder,worked,2007-10-21,2007.0,8a
Sébastien Frigault,,,Satan I Helvete Assis (pre December 2013),8c,,Boulder,worked,,,8c
Tyler Landman,Mar 2009,,Satan I Helvete Assis (pre December 2013),8c,19-03-2009,Boulder,worked,2009-03-19,2009.0,8c
Oriane Bertone,27th May 2020,8C,Satan I Helvete (bas),8b+,27-05-2020,Boulder,worked,2020-05-27,2020.0,8b+
Simon Lorenzi,,,Satan I Helvete (bas),8b+,,Boulder,worked,,,8b+
Leo Houlding,1999,,Savage Horse,e9,19-11-1999,Lead,worked,1999-11-19,1999.0,8b
Siebe Vanhee,11th Apr 2023,,Savage Horse,e9,11-04-2023,Lead,worked,2023-11-04,2023.0,8b
Tom Proctor,1979,,Scarab,e6,19-11-1979,Lead,,1979-11-19,1979.0,7b+
Dave Cuthbertson,1980,,Scarab,e6,19-11-1980,Lead,,1980-11-19,1980.0,7b+
Stanley Jeffcoat,1914,,Scoop Face,hvs,19-11-1914,Solo,onsight,1914-11-19,1914.0,5b
Emily Kelly,1920,,Scoop Face,hvs,19-11-1920,Solo,onsight,1920-11-19,1920.0,5b
Adam Ondra,16th Sep 2009,,Sedni Si Na Kost,8b+,16-09-2009,Boulder,worked,2009-09-16,2009.0,8b+
Will Bosi,Sep 2023,,Sedni Si Na Kost,8b+,19-09-2023,Boulder,worked,2023-09-19,2023.0,8b+
Pete Whittaker,15th Jun 2012,,Selladore,e8,15-06-2012,Lead,worked,2012-06-15,2012.0,8a+
Ben Bransby,18th Oct 2023,,Selladore,e8,18-10-2023,Lead,worked,2023-10-18,2023.0,8a+
Gareth Parry,1999,,S Groove,e7,19-11-1999,Solo,worked,1999-11-19,1999.0,7c+
Ryan Pasquill,1999,,S Groove,e7,19-11-1999,Solo,,1999-11-19,1999.0,7c+
Dave Graham,,,Shadowfax,8b,,Boulder,worked,,,8b
Eliot Stephens,14th Feb 2022,,Shadowfax,8b,14-02-2022,Boulder,worked,2022-02-14,2022.0,8b
Keith Sharples,1995,,Sharp Practice,8a+,19-11-1995,Lead,worked,1995-11-19,1995.0,8a+
Mike Lea,,,Sharp Practice,8a+,,Lead,worked,,,8a+
Austin Purdy,6th Jun 2020,,Shelob,8b+,06-06-2020,Boulder,worked,2020-06-06,2020.0,8b+
Joel Unema,13th Oct 2022,,Shelob,8b+,13-10-2022,Boulder,worked,2022-10-13,2022.0,8b+
Robin Smith,15th Jun 1958,,Shibboleth,e2,15-06-1958,Boulder,,1958-06-15,1958.0,6a+
A. Frazer,15th Jun 1958,,Shibboleth,e2,15-06-1958,Boulder,,1958-06-15,1958.0,6a+
Jacopo Larcher,Oct 2021,,Shikantaza,e9,19-10-2021,Lead,worked,2021-10-19,2021.0,8b
James Pearson,26th Sep 2024,E9/E10,Shikantaza,e9,26-09-2024,Lead,worked,2024-09-26,2024.0,8b
Robin Barker,1992,,Shine On,e7,19-11-1992,Lead,worked,1992-11-19,1992.0,7c+
Dave MacLeod,1999,,Shine On,e7,19-11-1999,Lead,flash,1999-11-19,1999.0,7c+
John Allen,1984,,Shirleys Shining Temple,7c,19-11-1984,Boulder,worked,1984-11-19,1984.0,7c
Katy Whittaker,,,Shirleys Shining Temple,7c,,Boulder,flash,,,7c
John Stainforth,Aug 1970,,Shrike,e2,19-08-1970,Boulder,,1970-08-19,1970.0,6a+
John Syrett,Aug 1970,,Shrike,e2,19-08-1970,Boulder,,1970-08-19,1970.0,6a+
Aidan Roberts,23rd Feb 2022,,Silent Singer,8c,23-02-2022,Boulder,worked,2022-02-23,2022.0,8c
Will Bosi,6th Jun 2022,,Silent Singer,8c,06-06-2022,Boulder,worked,2022-06-06,2022.0,8c
Jankyn Pasquill,1970,,Silly Arete,e3,19-11-1970,Lead,worked,1970-11-19,1970.0,6b+
Philip Jewel,1980s,,Silly Arete,e3,19-11-2024,Solo,repeat,2024-11-19,2024.0,6b+
Leire Agirre,1999,,Simónides,8b+,19-11-1999,Lead,worked,1999-11-19,1999.0,8b+
Prudence Morgan-Wood,20th Aug 2024,,Simónides,8b+,20-08-2024,Lead,worked,2024-08-20,2024.0,8b+
Aidan Roberts,Aug 2018,8B/8B+,Skadoosh,8b+,19-08-2018,Boulder,worked,2018-08-19,2018.0,8b+
Daniel Woods,18th Aug 2018,,Skadoosh,8b+,18-08-2018,Boulder,worked,2018-08-18,2018.0,8b+
Wolfgang Güllich,Oct 1984,,Skytop Vandals,7c+,19-10-1984,Lead,worked,1984-10-19,1984.0,7c+
Jerry Moffatt,,,Skytop Vandals,7c+,,Lead,flash,,,7c+
Don Whillans,9th Jul 1955,,Slanting Slab,e4,09-07-1955,Lead,,1955-09-07,1955.0,6c+
Ian Carr,14th Jul 1983,,Slanting Slab,e4,14-07-1983,Lead,ground up,1983-07-14,1983.0,6c+
Jerry Moffatt,1983,,Slapstick,7c,19-11-1983,Boulder,worked,1983-11-19,1983.0,7c
Pete Kirton,1983,,Slapstick,7c,19-11-1983,Boulder,worked,1983-11-19,1983.0,7c
Noah Wheeler,18th Mar 2022,,Slasher,8b,18-03-2022,Boulder,flash,2022-03-18,2022.0,8b
Sean Bailey,Nov 2023,,Slasher,8b,19-11-2023,Boulder,flash,2023-11-19,2023.0,8b
Pete Whittaker,8th Dec 2013,,Sleepy Hollow,e10,08-12-2013,Lead,worked,2013-08-12,2013.0,8b+
Ryan Pasquill,19th Jan 2014,,Sleepy Hollow,e10,19-01-2014,Lead,worked,2014-01-19,2014.0,8b+
Aidan Roberts,Aug 2021,,Slim Pickings,8b,19-08-2021,Boulder,worked,2021-08-19,2021.0,8b
Jack Palmieri,13th Oct 2021,,Slim Pickings,8b,13-10-2021,Boulder,worked,2021-10-13,2021.0,8b
Jerry Moffatt,Dec 1988,8A,Slingshot,7c+,19-12-1988,Top Rope,worked,1988-12-19,1988.0,7c+
Mo Overfield,Nov 2000,8B,Slingshot,7c+,19-11-2000,Boulder,worked,2000-11-19,2000.0,7c+
Neil Foster,10th Sep 1987,,Sloe Gin,7c,10-09-1987,Lead,worked,1987-10-09,1987.0,7c
Rory Gregory,10th Sep 2987,,Sloe Gin,7c,10-09-2987,Lead,worked,,,7c
Tom de Gay,2001,,Small Things,e6,19-11-2001,Lead,worked,2001-11-19,2001.0,7b+
Patch Hammond,Between 1st Jan 2001 and 5th Jun 2002,,Small Things,e6,,Lead,,,,7b+
Matt Segal,Mar 2009,,Smart Went Crazy,e10,19-03-2009,Lead,worked,2009-03-19,2009.0,8b+
William Moss,19th Nov 2023,,Smart Went Crazy,e10,19-11-2023,Lead,worked,2023-11-19,2023.0,8b+
Johnny Dawes,1995,,Smoked Salmon,e8,19-11-1995,Lead,worked,1995-11-19,1995.0,8a+
Tim Marsh,2000s,,Smoked Salmon,e8,19-11-2024,Lead,worked,2024-11-19,2024.0,8a+
Sean Villanueva O’Driscoll,,,Snells Law,e7,,Lead,worked,,,7c+
Freja Shannon,Jun 2023,,Snells Law,e7,19-06-2023,Lead,worked,2023-06-19,2023.0,7c+
Giuliano Cameroni,2023,8B+/8C,Solar Plexus,8b+,19-11-2023,Boulder,worked,2023-11-19,2023.0,8b+
Jimmy Webb,,,Solar Plexus,8b+,,Boulder,worked,,,8b+
Clément Lechaptois,14th Oct 2021,,Solitary Daze,8c,14-10-2021,Boulder,worked,2021-10-14,2021.0,8c
Simone Tentori,8th Oct 2022,,Solitary Daze,8c,08-10-2022,Boulder,worked,2022-08-10,2022.0,8c
Steve McClure,Jun 2005,,Somehow Super,8c,19-06-2005,Lead,worked,2005-06-19,2005.0,8c
Felix Wilkins,22nd May 2023,,Somehow Super,8c,22-05-2023,Lead,worked,2023-05-22,2023.0,8c
Mark Edwards,1997,,Son Of Satan,e8,19-11-1997,Lead,worked,1997-11-19,1997.0,8a+
Alexis Perry,18th Aug 2011,,Son Of Satan,e8,18-08-2011,Lead,worked,2011-08-18,2011.0,8a+
Sachi Amma,25th Mar 2018,9b (soft),Soul Mate,9b,25-03-2018,Lead,worked,2018-03-25,2018.0,9b
Minyoung Lee,Dec 2023,9b,Soul Mate,9b,19-12-2023,Lead,worked,2023-12-19,2023.0,9b
Michael Duffy,Feb 2013,,Soul Revolution,8b+,19-02-2013,Boulder,worked,2013-02-19,2013.0,8b+
David Fitzgerald,25th Feb 2016,,Soul Revolution,8b+,25-02-2016,Boulder,worked,2016-02-25,2016.0,8b+
Tenzing Norgay,29th May 1953,,Southeast Ridge,f-,29-05-1953,Mountaineering,expedition,1953-05-29,1953.0,f-
Edmund Hillary,29th May 1953,,Southeast Ridge,f-,29-05-1953,Mountaineering,expedition,1953-05-29,1953.0,f-
J. F. Hamilton,Sep 1941,,South Ridge Direct,vs,19-09-1941,Mountaineering,,1941-09-19,1941.0,5a
D. Paterson,Sep 1941,,South Ridge Direct,vs,19-09-1941,Mountaineering,,1941-09-19,1941.0,5a
Fred Nicole,1988,,Souvenir,8a,19-11-1988,Boulder,worked,1988-11-19,1988.0,8a
Nolwen Berthier,20th Feb 2023,,Souvenir,8a,20-02-2023,Boulder,flash,2023-02-20,2023.0,8a
Steve Dunning,,,Special Cases,8a+,,Boulder,worked,,,8a+
Mark Katz,2004,,Special Cases,8a+,19-11-2004,Boulder,worked,2004-11-19,2004.0,8a+
Yuji Hirayama,1996,,Sphinx Crack,e8,19-11-1996,Lead,onsight,1996-11-19,1996.0,8a+
Beth Rodden,2001,,Sphinx Crack,e8,19-11-2001,Lead,worked,2001-11-19,2001.0,8a+
Chris Sharma,2009,,Spicy Noodle,8c+,19-11-2009,Lead,worked,2009-11-19,2009.0,8c+
Tom Newberry,11th Nov 2015,,Spicy Noodle,8c+,11-11-2015,Lead,worked,2015-11-11,2015.0,8c+
Griffin Whiteside,,,Spidy,8c,,Boulder,worked,,,8c
Drew Ruana,23rd Apr 2021,,Spidy,8c,23-04-2021,Boulder,worked,2021-04-23,2021.0,8c
Emilio Comici,1931,,Spigolo Giallo,e1,19-11-1931,Aid,worked,1931-11-19,1931.0,5c
Mary Varale,1931,,Spigolo Giallo,e1,19-11-1931,Aid,worked,1931-11-19,1931.0,5c
Aidan Roberts,Feb 2024,9A,Spots Of Time,9a,19-02-2024,Boulder,worked,2024-02-19,2024.0,9a
Will Bosi,19th Oct 2024,9A,Spots Of Time,9a,19-10-2024,Boulder,worked,2024-10-19,2024.0,9a
Jacopo Larcher,1st Dec 2020,,Sprengstoff,9a,01-12-2020,Lead,worked,2020-01-12,2020.0,9a
Barbara Zangerl,4th Apr 2021,,Sprengstoff,9a,04-04-2021,Lead,worked,2021-04-04,2021.0,9a
Giuliano Cameroni,,,Stairway To Heaven,8b,,Boulder,worked,,,8b
Aidan Roberts,23rd Oct 2022,,Stairway To Heaven,8b,23-10-2022,Boulder,worked,2022-10-23,2022.0,8b
Simon Jones,1995,,Stampede,e8,19-11-1995,Lead,worked,1995-11-19,1995.0,8a+
Lucky Chance,2004,,Stampede,e8,19-11-2004,Solo,worked,2004-11-19,2004.0,8a+
Sonnie Trotter,2006,,Standing On The Shoulders Of Giants,7c,19-11-2006,Boulder,worked,2006-11-19,2006.0,7c
Alex Honnold,14th Dec 2011,,Standing On The Shoulders Of Giants,7c,14-12-2011,Boulder,worked,2011-12-14,2011.0,7c
Matt Helliker,7th Jul 2020,,Stanton Stereotype,8a,07-07-2020,Lead,worked,2020-07-07,2020.0,8a
Lucy Ross,24th Jun 2023,,Stanton Stereotype,8a,24-06-2023,Lead,worked,2023-06-24,2023.0,8a
Dan Turner,3rd Dec 2017,,Star Slinger Sds,8b,03-12-2017,Boulder,worked,2017-03-12,2017.0,8b
Tim Blake,6th Aug 2024,,Star Slinger Sds,8b,06-08-2024,Boulder,worked,2024-06-08,2024.0,8b
Richard Harrison,24th May 1976,,Steppenwolf,e3,24-05-1976,Lead,onsight,1976-05-24,1976.0,6b+
Arnis Strapcans,24th May 1976,,Steppenwolf,e3,24-05-1976,Lead,onsight,1976-05-24,1976.0,6b+
Mick Fowler,Between 1st Mar 1980 and 1st Jan 1981,,Sticil Face,d,,Alternate Leads,worked,,,d
Arnis Strapcans,Between 1st Mar 1980 and 1st Jan 1981,,Sticil Face,d,,Alternate Leads,onsight,,,d
Jerry Moffatt,1991,,Stick It,8a,19-11-1991,Boulder,worked,1991-11-19,1991.0,8a
Chris Sharma,Before 1st Jan 2000,,Stick It,8a,,Boulder,worked,,,8a
Dalvinder Sodhi,,,Sticky Wicket The Ashes,8a,,Lead,worked,,,8a
Emma Hommard,4th Aug 2024,,Sticky Wicket The Ashes,8a,04-08-2024,Lead,worked,2024-04-08,2024.0,8a
Noah Wheeler,,,Stockholm Syndome,8b+,,Boulder,worked,,,8b+
Benn Wheeler,,,Stockholm Syndome,8b+,,Boulder,worked,,,8b+
Adam Ondra,15th May 2018,,Stone Butterfly,9a+,15-05-2018,Lead,worked,2018-05-15,2018.0,9a+
Moritz Welt,23rd Mar 2024,,Stone Butterfly,9a+,23-03-2024,Lead,worked,2024-03-23,2024.0,9a+
Ken Palmer,1999,,Storms Over Africa,e7,19-11-1999,Lead,,1999-11-19,1999.0,7c+
Ben Heason,1999,,Storms Over Africa,e7,19-11-1999,Solo,worked,1999-11-19,1999.0,7c+
Leo Houlding,2000,,Strangeness,e7,19-11-2000,Lead,onsight,2000-11-19,2000.0,7c+
Ben Tetler,,,Strangeness,e7,,Lead,worked,,,7c+
Steve Bancroft,1976,,Strapadictomy,e5,19-11-1976,Lead,worked,1976-11-19,1976.0,7a+
John Allen,1976,,Strapadictomy,e5,19-11-1976,Lead,worked,1976-11-19,1976.0,7a+
Paul Cropper,1978,,Street Legal,e2,19-11-1978,Lead,,1978-11-19,1978.0,6a+
Jim Burton,1979,,Street Legal,e2,19-11-1979,Lead,,1979-11-19,1979.0,6a+
John Redhead,28th May 1986,,Stroke Of The Fiend,e7,28-05-1986,Lead,worked,1986-05-28,1986.0,7c+
Dave Towse,28th May 1986,,Stroke Of The Fiend,e7,28-05-1986,Lead,worked,1986-05-28,1986.0,7c+
Mick Lovatt,14th Jun 2021,,Sunning The 4th Eye,e7,14-06-2021,Lead,worked,2021-06-14,2021.0,7c+
Libby Peter,2024,,Sunning The 4th Eye,e7,19-11-2024,Lead,worked,2024-11-19,2024.0,7c+
Malcolm Taylor,10th May 1987,,Sunshine Super Frog,e6,10-05-1987,Lead,worked,1987-10-05,1987.0,7b+
Terry Goodwin,10th May 1987,,Sunshine Super Frog,e6,10-05-1987,Lead,worked,1987-10-05,1987.0,7b+
Antoine Vandeputte,,,Super Tanker,8b+,,Boulder,worked,,,8b+
Oriane Bertone,15th Jan 2021,,Super Tanker,8b+,15-01-2021,Boulder,worked,2021-01-15,2021.0,8b+
John Gaskins,1995,,Super Trouper,7c,19-11-1995,Boulder,worked,1995-11-19,1995.0,7c
Dave Henderson,1999,,Super Trouper,7c,19-11-1999,Boulder,worked,1999-11-19,1999.0,7c
Martin Keller,,,Supertussi,8b,,Boulder,worked,,,8b
Eliot Stephens,21st Feb 2022,,Supertussi,8b,21-02-2022,Boulder,worked,2022-02-21,2022.0,8b
Joe Brown,1st Mar 1953,,Surplomb,e2,01-03-1953,Alternate Leads,onsight,1953-01-03,1953.0,6a+
Don Whillans,1st Mar 1953,,Surplomb,e2,01-03-1953,Alternate Leads,onsight,1953-01-03,1953.0,6a+
Dominic Lee,1982,,Surreal,e6,19-11-1982,Lead,worked,1982-11-19,1982.0,7b+
Daniel Lee,1982,,Surreal,e6,19-11-1982,Lead,worked,1982-11-19,1982.0,7b+
Adam Ondra,26th Apr 2022,8C,Sviní Ponor,8c,26-04-2022,Boulder,worked,2022-04-26,2022.0,8c
Jakub Konečný,2024,8B+,Sviní Ponor,8c,19-11-2024,Boulder,worked,2024-11-19,2024.0,8c
Guy Percival,8th Nov 2017,E7,Swarovski Slab,e8,08-11-2017,Lead,worked,2017-08-11,2017.0,8a+
Sam Barstow,12th Oct 2024,E8,Swarovski Slab,e8,12-10-2024,Solo,worked,2024-12-10,2024.0,8a+
Jimmy Webb,2023,,Swiss Air,8c,19-11-2023,Boulder,worked,2023-11-19,2023.0,8c
Aidan Roberts,2023,,Swiss Air,8c,19-11-2023,Boulder,worked,2023-11-19,2023.0,8c
Giuliano Cameroni,,,Synchronicity,8b+,,Boulder,worked,,,8b+
Diego Cameroni,30th Jul 2024,,Synchronicity,8b+,30-07-2024,Boulder,worked,2024-07-30,2024.0,8b+
Dave Birkett,27th Jul 2000,,Talbot Horizon,e9,27-07-2000,Lead,worked,2000-07-27,2000.0,8b
Jordan Buys,Aug 2016,,Talbot Horizon,e9,19-08-2016,Lead,worked,2016-08-19,2016.0,8b
Aidan Roberts,,,Tartarus,8b+,,Boulder,worked,,,8b+
Solly Kemball-Dorey,3rd Oct 2024,8B+ (soft),Tartarus,8b+,03-10-2024,Boulder,worked,2024-03-10,2024.0,8b+
Ronny Escobar,14th Jan 2024,,Tecnoking,9a,14-01-2024,Lead,worked,2024-01-14,2024.0,9a
Leo Cea,20th Mar 2024,,Tecnoking,9a,20-03-2024,Lead,worked,2024-03-20,2024.0,9a
Nick Dixon,May 1984,,Teenage Menopause,e7,19-05-1984,Lead,worked,1984-05-19,1984.0,7c+
Johnny Dawes,,,Teenage Menopause,e7,,Lead,worked,,,7c+
Heinz Mariacher,1982,,Tempi Moderni,e5,19-11-1982,Lead,,1982-11-19,1982.0,7a+
Luisa Lovane,1982,,Tempi Moderni,e5,19-11-1982,Lead,,1982-11-19,1982.0,7a+
Stefano Ghisolfi,21st Mar 2021,,Terapia Durto,9a+,21-03-2021,Lead,worked,2021-03-21,2021.0,9a+
Laura Rogora,11th Apr 2021,,Terapia Durto,9a+,11-04-2021,Lead,worked,2021-11-04,2021.0,9a+
Pat Littlejohn,28th Apr 1984,,Terminal Twilight,e7,28-04-1984,Lead,worked,1984-04-28,1984.0,7c+
Dougie Hall,May 1991,,Terminal Twilight,e7,19-05-1991,Lead,,1991-05-19,1991.0,7c+
Dave Jones,29th Jul 1982,,Tess Of The Durbervilles,e6,29-07-1982,Lead,worked,1982-07-29,1982.0,7b+
Tomas Sobotka,1999,,Tess Of The Durbervilles,e6,19-11-1999,Lead,onsight,1999-11-19,1999.0,7b+
Nik Jennings,26th Oct 1999,,Thats My Lot,e8,26-10-1999,Lead,worked,1999-10-26,1999.0,8a+
Dan Honeyman,,,Thats My Lot,e8,,Solo,worked,,,8a+
Adam Wainwright,,,The 4th Dimension,e7,,Solo,,,,7c+
Franco Cookson,29th Aug 2017,,The Aghori,e9,29-08-2017,Lead,worked,2017-08-29,2017.0,8b
Tom Pearce,22nd Apr 2021,,The Aghori,e9,22-04-2021,Lead,worked,2021-04-22,2021.0,8b
Drew Ruana,13th Feb 2016,,The Assassin,9a,13-02-2016,Lead,worked,2016-02-13,2016.0,9a
Adam Ondra,9th Nov 2018,,The Assassin,9a,09-11-2018,Lead,worked,2018-09-11,2018.0,9a
Pat Littlejohn,6th Jul 1979,,The Axe,e4,06-07-1979,Lead,worked,1979-06-07,1979.0,6c+
Philip Jewel,,,The Axe,e4,,Solo,worked,,,6c+
Mark Leach,,,The Bad And The Beautiful,e7,,Lead,worked,,,7c+
Tom de Gay,,,The Bad And The Beautiful,e7,,Lead,,,,7c+
Jerry Moffatt,1989,,The Bastard,8b,19-11-1989,Lead,worked,1989-11-19,1989.0,8b
Andy Earl,,,The Bastard,8b,,Lead,onsight,,,8b
Robin Smith,Sep 1959,,The Bat,e2,19-09-1959,Lead,,1959-09-19,1959.0,6a+
Dougal Haston,Sep 1959,,The Bat,e2,19-09-1959,Lead,,1959-09-19,1959.0,6a+
Iain Farrar,18th Dec 2010,8B,The Bed Of Procustes,8a+,18-12-2010,Boulder,worked,2010-12-18,2010.0,8a+
Dan Varian,,8A+,The Bed Of Procustes,8a+,,Boulder,worked,,,8a+
John Syrett,1st May 1973,,The Big Greeny,e3,01-05-1973,Boulder,,1973-01-05,1973.0,6b+
Pete Crew,1966,,The Big Groove,e3,19-11-1966,Lead,,1966-11-19,1966.0,6b+
Dave Alcock,1966,,The Big Groove,e3,19-11-1966,Lead,,1966-11-19,1966.0,6b+
James Squire,16th Oct 2022,,The Big Roof,8b,16-10-2022,Boulder,worked,2022-10-16,2022.0,8b
Solly Kemball-Dorey,29th Nov 2023,,The Big Roof,8b,29-11-2023,Boulder,worked,2023-11-29,2023.0,8b
Chris Sharma,,,The Big Smile,8c,,Lead,worked,,,8c
Jenya Kazbekova,Sep 2024,,The Big Smile,8c,19-09-2024,Lead,worked,2024-09-19,2024.0,8c
Andy Earl,2003,,The Bitch,8a+,19-11-2003,Boulder,worked,2003-11-19,2003.0,8a+
Martin Smith,2006,,The Bitch,8a+,19-11-2006,Boulder,worked,2006-11-19,2006.0,8a+
Joe Brown,4th May 1952,,The Black Cleft,e2,04-05-1952,Alternate Leads,onsight,1952-04-05,1952.0,6a+
Don Whillans,4th May 1952,,The Black Cleft,e2,04-05-1952,Alternate Leads,onsight,1952-04-05,1952.0,6a+
Gary Gibson,6th Jul 1987,,The Black Lagoon,e7,06-07-1987,Alternate Leads,,1987-06-07,1987.0,7c+
Dougie Hall,May 1988,,The Black Lagoon,e7,19-05-1988,Alternate Leads,,1988-05-19,1988.0,7c+
Jeremy Smith,May 2013,,The Bull,e10,19-05-2013,Lead,worked,2013-05-19,2013.0,8b+
Ben Harnden,Jul 2014,,The Bull,e10,19-07-2014,Lead,worked,2014-07-19,2014.0,8b+
Daniel Woods,,,The Buttermilker Sit,8b,,Boulder,worked,,,8b
Miho Nonaka,,,The Buttermilker Sit,8b,,Boulder,worked,,,8b
Christian Core,,,The Call Of Silence,8b,,Boulder,worked,,,8b
Marine Thevenet,Oct 2023,,The Call Of Silence,8b,19-10-2023,Boulder,worked,2023-10-19,2023.0,8b
Alex Mason,17th Jul 2017,,The Cwm Face,e7,17-07-2017,Lead,worked,2017-07-17,2017.0,7c+
Ferdia Earle,2019,,The Cwm Face,e7,19-11-2019,Lead,worked,2019-11-19,2019.0,7c+
Joe Brown,1954,,The Dangler,e2,19-11-1954,Lead,worked,1954-11-19,1954.0,6a+
John Allen,,,The Dangler,e2,,Lead,worked,,,6a+
Tim Blake,30th Aug 2021,,The Diamond Inspector,8b,30-08-2021,Boulder,worked,2021-08-30,2021.0,8b
Aidan Roberts,2024,,The Diamond Inspector,8b,19-11-2024,Boulder,worked,2024-11-19,2024.0,8b
Mark Pretty,3rd Sep 1989,,The Dillusioned Glue Machine,8a,03-09-1989,Lead,worked,1989-03-09,1989.0,8a
Ben Moon,,,The Dillusioned Glue Machine,8a,,Lead,flash,,,8a
Andy Pollitt,27th Jul 1982,,The Dillusioned Screw Machine,e6,27-07-1982,Lead,worked,1982-07-27,1982.0,7b+
John Redhead,27th Jul 1982,,The Dillusioned Screw Machine,e6,27-07-1982,Lead,worked,1982-07-27,1982.0,7b+
Sean Bailey,Dec 2023,,The Doors Of Perception,8c,19-12-2023,Boulder,worked,2023-12-19,2023.0,8c
Zach Galla,22nd Dec 2023,,The Doors Of Perception,8c,22-12-2023,Boulder,worked,2023-12-22,2023.0,8c
Ernest Baker,1890,,The Easy Turnpike,vd,19-11-1890,Lead,worked,1890-11-19,1890.0,4a
James W Puttrell,1898,,The Easy Turnpike,vd,19-11-1898,Lead,worked,1898-11-19,1898.0,4a
Chris Sharma,1999,,The Egg,8a,19-11-1999,Boulder,worked,1999-11-19,1999.0,8a
Darlene Thomasina Pidgeon,22nd Oct 2008,,The Egg,8a,22-10-2008,Boulder,worked,2008-10-22,2008.0,8a
Arnis Strapcans,24th Apr 1976,,The Exorcist,e3,24-04-1976,Alternate Leads,onsight,1976-04-24,1976.0,6b+
Frank Cannings,24th Apr 1976,,The Exorcist,e3,24-04-1976,Alternate Leads,onsight,1976-04-24,1976.0,6b+
Jerry Moffatt,1983,,The Face,8a+,19-11-1983,Lead,worked,1983-11-19,1983.0,8a+
Lando Peters,,,The Face,8a+,,Lead,worked,,,8a+
Gary Gibson,26th Feb 1988,,The Fascist And Me,e4,26-02-1988,Lead,,1988-02-26,1988.0,6c+
Roy Thomas,26th Feb 1988,,The Fascist And Me,e4,26-02-1988,Lead,,1988-02-26,1988.0,6c+
Johnny Dawes,22nd Sep 1986,,The Fire Escape,e7,22-09-1986,Lead,worked,1986-09-22,1986.0,7c+
Tom Pearce,18th Jun 2024,,The Fire Escape,e7,18-06-2024,Lead,worked,2024-06-18,2024.0,7c+
Mark Edwards,9th Aug 2009,E8,The First And Last Wall,e6,09-08-2009,Lead,worked,2009-09-08,2009.0,7b+
Nic Sellars,1st Jan 2010,E6,The First And Last Wall,e6,01-01-2010,Lead,flash,2010-01-01,2010.0,7b+
Jerry Moffatt,1991,,The Force,7c,19-11-1991,Boulder,worked,1991-11-19,1991.0,7c
Chris Sharma,Before 1st Jan 2000,,The Force,7c,,Boulder,worked,,,7c
Kyle Howard,,,The French Connection,8b+,,Boulder,worked,,,8b+
Paul Robinson,,,The French Connection,8b+,,Boulder,worked,,,8b+
Alex Megos,5th Oct 2022,,The Full Journey,9b,05-10-2022,Lead,worked,2022-05-10,2022.0,9b
Jorge Díaz-Rullo,10th Mar 2023,,The Full Journey,9b,10-03-2023,Lead,worked,2023-10-03,2023.0,9b
Dave Alcock,,,The Garotte,e4,,Alternate Leads,onsight,,,6c+
Martin Boysen,,,The Garotte,e4,,Alternate Leads,onsight,,,6c+
Robin Barker,7th May 1993,,The Grand Potato,e7,07-05-1993,Lead,worked,1993-07-05,1993.0,7c+
Pete Wright,7th May 1993,,The Grand Potato,e7,07-05-1993,Lead,worked,1993-07-05,1993.0,7c+
Joe Brown,1951,,The Great Crack,e3,19-11-1951,Lead,onsight,1951-11-19,1951.0,6b+
Graham Hoey,,,The Great Crack,e3,,Lead,onsight,,,6b+
Pete Whittaker,Nov 2021,,The Great Rift,e10,19-11-2021,Alternate Leads,worked,2021-11-19,2021.0,8b+
Tom Randall,Nov 2021,,The Great Rift,e10,19-11-2021,Alternate Leads,worked,2021-11-19,2021.0,8b+
Charlie Woodburn,15th Dec 2003,,The Grey Area,e8,15-12-2003,Lead,worked,2003-12-15,2003.0,8a+
Lucky Chance,22nd Dec 2003,,The Grey Area,e8,22-12-2003,Lead,worked,2003-12-22,2003.0,8a+
Rob Lamey,Aug 2007,,The Heel Hook Look,8a,19-08-2007,Deep Water Solo,worked,2007-08-19,2007.0,8a
Pete Robins,,,The Heel Hook Look,8a,,Deep Water Solo,worked,,,8a
Solly Kemball-Dorey,21st Sep 2021,,The Heist,8b+,21-09-2021,Boulder,worked,2021-09-21,2021.0,8b+
James Squire,Mar 2022,8B/8B+,The Heist,8b+,19-03-2022,Boulder,worked,2022-03-19,2022.0,8b+
Ben Herrington,31st Jan 2019,,The Holy Hand Grenade,8b+,31-01-2019,Boulder,worked,2019-01-31,2019.0,8b+
Eric Breed,,,The Holy Hand Grenade,8b+,,Boulder,worked,,,8b+
Mark Edwards,Aug 2007,,The Human Skewer Direct,e10,19-08-2007,Lead,worked,2007-08-19,2007.0,8b+
Tom Pearce,29th Jul 2023,E9,The Human Skewer Direct,e10,29-07-2023,Lead,worked,2023-07-29,2023.0,8b+
Daniel Woods,2nd Nov 2013,8C+,The Ice Knife Sds,8c+,02-11-2013,Boulder,worked,2013-02-11,2013.0,8c+
Drew Ruana,5th Oct 2022,8C+,The Ice Knife Sds,8c+,05-10-2022,Boulder,worked,2022-05-10,2022.0,8c+
Al Wilson,11th Jun 2008,,The Iron Man,e7,11-06-2008,Lead,worked,2008-11-06,2008.0,7c+
Duncan Booth,,,The Iron Man,e7,,Lead,worked,,,7c+
Jerry Moffatt,1996,,The Joker,8a,19-11-1996,Boulder,worked,1996-11-19,1996.0,8a
Malcolm Smith,20th Dec 2001,,The Joker,8a,20-12-2001,Boulder,worked,2001-12-20,2001.0,8a
John Allen,1975,,The Knock,e4,19-11-1975,Boulder,,1975-11-19,1975.0,6c+
Katherine Schirrmacher,1999,,The Knock,e4,19-11-1999,Lead,onsight,1999-11-19,1999.0,6c+
Eliot Stephens,3rd Aug 2019,,The Last Supper,8b,03-08-2019,Boulder,worked,2019-03-08,2019.0,8b
Leo Skinner,16th May 2023,,The Last Supper,8b,16-05-2023,Boulder,worked,2023-05-16,2023.0,8b
Stefano Ghisolfi,17th Dec 2021,9b,The Lonely Mountain,9b,17-12-2021,Lead,worked,2021-12-17,2021.0,9b
Adam Ondra,28th Dec 2021,9b,The Lonely Mountain,9b,28-12-2021,Lead,worked,2021-12-28,2021.0,9b
Mark Edwards,1989,,The Monks Satanic Verses,e8,19-11-1989,Lead,worked,1989-11-19,1989.0,8a+
Dave Pickford,2000,,The Monks Satanic Verses,e8,19-11-2000,Lead,worked,2000-11-19,2000.0,8a+
Franco Cookson,10th Apr 2010,,The Moose,e8,10-04-2010,Lead,worked,2010-10-04,2010.0,8a+
Dave Warburton,16th May 2020,,The Moose,e8,16-05-2020,Lead,worked,2020-05-16,2020.0,8a+
John Bachar,1975,,The Naked Edge,e4,19-11-1975,Alternate Leads,worked,1975-11-19,1975.0,6c+
Tobin Sorenson,1975,,The Naked Edge,e4,19-11-1975,Alternate Leads,worked,1975-11-19,1975.0,6c+
Robin Smith,8th Jun 1962,VS,The Needle,e1,08-06-1962,Alternate Leads,,1962-08-06,1962.0,5c
Davie Agnew,8th Jun 1962,VS,The Needle,e1,08-06-1962,Alternate Leads,,1962-08-06,1962.0,5c
Peter Würth,,,The Never Ending Story (part 1+2+3),9a,,Lead,worked,,,9a
Kim Marschner,11th Sep 2023,,The Never Ending Story (part 1+2+3),9a,11-09-2023,Boulder,worked,2023-11-09,2023.0,9a
Jimmy Webb,2023,,The New Abnormal,8b+,19-11-2023,Boulder,worked,2023-11-19,2023.0,8b+
Kim Marschner,,8B+/8C,The New Abnormal,8b+,,Boulder,worked,,,8b+
Greg Chapman,,,The Noodle Effect,8a,,Boulder,worked,,,8a
Rachel Daly,7th Jul 2024,,The Noodle Effect,8a,07-07-2024,Boulder,worked,2024-07-07,2024.0,8a
Pierre Allain,1st Aug 1935,,The North Face,td+,01-08-1935,Alternate Leads,alpine,1935-01-08,1935.0,td+
Raymond Leininger,1st Aug 1935,,The North Face,td+,01-08-1935,Alternate Leads,alpine,1935-01-08,1935.0,td+
James McHaffie,23rd Jun 2002,,The Nose,e8,23-06-2002,Lead,worked,2002-06-23,2002.0,8a+
Ben Bransby,23rd Jun 2002,,The Nose,e8,23-06-2002,Lead,worked,2002-06-23,2002.0,8a+
Eliot Stephens,21st Apr 2021,,The Origin Sds,8c,21-04-2021,Boulder,worked,2021-04-21,2021.0,8c
Aidan Roberts,2024,,The Origin Sds,8c,19-11-2024,Boulder,worked,2024-11-19,2024.0,8c
Daniel Woods,15th Jan 2015,,The Process,8c+,15-01-2015,Boulder,worked,2015-01-15,2015.0,8c+
Zach Galla,27th Feb 2024,,The Process,8c+,27-02-2024,Boulder,worked,2024-02-27,2024.0,8c+
Elle Partington,14th Aug 2021,,The Prow,7c,14-08-2021,Boulder,worked,2021-08-14,2021.0,7c
Zoe Allin,Mar 2024,,The Prow,7c,19-03-2024,Boulder,worked,2024-03-19,2024.0,7c
Ricky Bell,14th May 2011,E8,The Rathlin Effect,e9,14-05-2011,Lead,worked,2011-05-14,2011.0,8b
James McHaffie,,,The Rathlin Effect,e9,,Lead,worked,,,8b
John Redhead,1987,,The Rite Of Spring,e7,19-11-1987,Lead,worked,1987-11-19,1987.0,7c+
Dave Towse,1987,,The Rite Of Spring,e7,19-11-1987,Lead,worked,1987-11-19,1987.0,7c+
Paul Pritchard,Aug 1987,,The Scoop,e7,19-08-1987,Alternate Leads,worked,1987-08-19,1987.0,7c+
Johnny Dawes,Aug 1987,,The Scoop,e7,19-08-1987,Alternate Leads,worked,1987-08-19,1987.0,7c+
Julian Lines,10th Aug 2007,,The Seventh Circle,e7,10-08-2007,Alternate Leads,,2007-10-08,2007.0,7c+
Iain Small,10th Aug 2007,,The Seventh Circle,e7,10-08-2007,Alternate Leads,,2007-10-08,2007.0,7c+
Peter Croft,1988,,The Shadow,e7,19-11-1988,Lead,onsight,1988-11-19,1988.0,7c+
Emilie Pellerin,,,The Shadow,e7,,Lead,onsight,,,7c+
Connor Herson,Aug 2024,,The Shark,e10 (approx),19-08-2024,Lead,worked,2024-08-19,2024.0,8b+
Didier Berthod,Aug 2024,,The Shark,e10 (approx),19-08-2024,Lead,worked,2024-08-19,2024.0,8b+
Mike Robertson,30th May 2005,,The Shield,7b+,30-05-2005,Lead,,2005-05-30,2005.0,7b+
Julian Lines,30th May 2005,,The Shield,7b+,30-05-2005,Lead,,2005-05-30,2005.0,7b+
Glenda Huxter,2021,,The Shining,8a,19-11-2021,Lead,worked,2021-11-19,2021.0,8a
Molly Shep,23rd Sep 2021,,The Shining,8a,23-09-2021,Lead,worked,2021-09-23,2021.0,8a
Giuliano Cameroni,14th Jul 2018,,The Smile,8c,14-07-2018,Boulder,worked,2018-07-14,2018.0,8c
Lee Sungsu,10th Jul 2024,,The Smile,8c,10-07-2024,Boulder,worked,2024-10-07,2024.0,8c
Mark Katz,1998,,The Spirit Level,e7,19-11-1998,Lead,worked,1998-11-19,1998.0,7c+
James McHaffie,Before 1st Jan 2002,,The Spirit Level,e7,,Lead,onsight,,,7c+
James McHaffie,Jul 2021,,The Tesseract,e7,19-07-2021,Lead,worked,2021-07-19,2021.0,7c+
Pete Gomersall,1987,,The Thumb,8a,19-11-1987,Lead,worked,1987-11-19,1987.0,8a
Molly Hymes,11th Jul 2023,,The Thumb,8a,11-07-2023,Lead,worked,2023-11-07,2023.0,8a
Griffin Whiteside,2021,,The Undertaker,8c,19-11-2021,Boulder,worked,2021-11-19,2021.0,8c
Matt Fultz,11th Jul 2021,,The Undertaker,8c,11-07-2021,Boulder,worked,2021-11-07,2021.0,8c
Johnny Dawes,3rd Jul 1990,,The Very Big And The Very Small,8b+,03-07-1990,Lead,worked,1990-03-07,1990.0,8b+
Steve McClure,1998,,The Very Big And The Very Small,8b+,19-11-1998,Lead,worked,1998-11-19,1998.0,8b+
Bob Hickish,2015,,The Weatherman,8a+,19-11-2015,Deep Water Solo,ground up,2015-11-19,2015.0,8a+
Julia Kruder,2018,,The Weatherman,8a+,19-11-2018,Deep Water Solo,,2018-11-19,2018.0,8a+
Andy Lamb,27th Jul 2020,,The Wheel Of Rabbits,8b+,27-07-2020,Boulder,worked,2020-07-27,2020.0,8b+
Sam Struthers,26th Sep 2021,,The Wheel Of Rabbits,8b+,26-09-2021,Boulder,worked,2021-09-26,2021.0,8b+
Dawid Skoczylas,2016,,The Wild West,8c+,19-11-2016,Lead,worked,2016-11-19,2016.0,8c+
Will Bosi,23rd May 2021,,The Wild West,8c+,23-05-2021,Lead,worked,2021-05-23,2021.0,8c+
James Squire,2nd Feb 2019,,The Winner Takes It All,8b,02-02-2019,Boulder,worked,2019-02-02,2019.0,8b
Adam Smith,Jan 2024,,The Winner Takes It All,8b,19-01-2024,Boulder,worked,2024-01-19,2024.0,8b
James Squire,27th Aug 2018,,The World Is Yours,8c,27-08-2018,Boulder,worked,2018-08-27,2018.0,8c
Jonny Kydd,2nd Jul 2023,,The World Is Yours,8c,02-07-2023,Boulder,worked,2023-02-07,2023.0,8c
Ned Feehally,2015,,Thick End Ff The Wedge,8a,19-11-2015,Boulder,worked,2015-11-19,2015.0,8a
Shauna Coxsey,3rd Sep 2023,,Thick End Ff The Wedge,8a,03-09-2023,Boulder,worked,2023-03-09,2023.0,8a
Dave Pegg,3rd Sep 1994,,Three Blind Mice,e7,03-09-1994,Lead,worked,1994-03-09,1994.0,7c+
Ben Tetler,,,Three Blind Mice,e7,,Solo,worked,,,7c+
Greg Chapman,,,Throne Of Zeus,7c+,,Boulder,worked,,,7c+
Esther Foster,2022,,Throne Of Zeus,7c+,19-11-2022,Boulder,worked,2022-11-19,2022.0,7c+
Andi Turner,12th May 2007,,Thumbelina,e7,12-05-2007,Solo,worked,2007-12-05,2007.0,7c+
Neil Kershaw,2010,,Thumbelina,e7,19-11-2010,Solo,onsight,2010-11-19,2010.0,7c+
Jimmy Webb,Apr 2021,,Tierrany,8b+,19-04-2021,Boulder,worked,2021-04-19,2021.0,8b+
Carlo Traversi,Apr 2021,,Tierrany,8b+,19-04-2021,Boulder,worked,2021-04-19,2021.0,8b+
Jean-Pierre Bouvier,1995,,Tigre Bleu,8c,19-11-1995,Lead,worked,1995-11-19,1995.0,8c
Sébastien Bouin,2021,,Tigre Bleu,8c,19-11-2021,Lead,worked,2021-11-19,2021.0,8c
Al Murray,1990,,Toadal Recall,8a,19-11-1990,Lead,worked,1990-11-19,1990.0,8a
Gill Peet,,,Toadal Recall,8a,,Lead,worked,,,8a
Dave MacLeod,24th Jul 2007,,To Hell And Back,e10,24-07-2007,Lead,worked,2007-07-24,2007.0,8b+
Dave Birkett,2014,,To Hell And Back,e10,19-11-2014,Lead,worked,2014-11-19,2014.0,8b+
Dai Koyamada,Nov 2011,,Tokoyo,8c,19-11-2011,Boulder,worked,2011-11-19,2011.0,8c
Toru  Nakajima,Dec 2012,,Tokoyo,8c,19-12-2012,Boulder,worked,2012-12-19,2012.0,8c
Kristian Clemmow,16th Mar 2014,,Tollbar,8a+,16-03-2014,Lead,worked,2014-03-16,2014.0,8a+
Rhoslyn Frugtniet,12th Apr 2024,,Tollbar,8a+,12-04-2024,Lead,worked,2024-12-04,2024.0,8a+
Ollie Torr,12th Jun 2015,,Top Slice,7c+,12-06-2015,Lead,worked,2015-12-06,2015.0,7c+
Orrin Coley,22nd Jul 2024,,Top Slice,7c+,22-07-2024,Lead,worked,2024-07-22,2024.0,7c+
Gerhard Hörhager,,,Total Brutal,8b+,,Lead,worked,,,8b+
Jorg Verhoeven,21st May 2021,,Total Brutal,8b+,21-05-2021,Solo,worked,2021-05-21,2021.0,8b+
John Dunne,1995,,Total Eclipse,9a,19-11-1995,Lead,worked,1995-11-19,1995.0,9a
Steve Crowe,2009,,Totally Free Ii,8b,19-11-2009,Lead,worked,2009-11-19,2009.0,8b
Adam Ondra,29th Apr 2010,,Totally Free Ii,8b,29-04-2010,Lead,onsight,2010-04-29,2010.0,8b
John Gaskins,,,Traci Lords Sds,8b+,,Boulder,worked,,,8b+
Aidan Roberts,2016,,Traci Lords Sds,8b+,19-11-2016,Boulder,worked,2016-11-19,2016.0,8b+
Jacopo Larcher,Mar 2019,,Tribe,e11,19-03-2019,Lead,worked,2019-03-19,2019.0,8c+
James Pearson,Oct 2020,,Tribe,e11,19-10-2020,Lead,worked,2020-10-19,2020.0,8c+
Jacky Godoffe,,,Tristesse,7c,,Boulder,worked,,,7c
Janja Garnbret,Apr 2024,,Tristesse,7c,19-04-2024,Boulder,worked,2024-04-19,2024.0,7c
Daniel Woods,12th Mar 2017,8B+,Tron,8b+,12-03-2017,Boulder,worked,2017-12-03,2017.0,8b+
Drew Ruana,Nov 2020,,Tron,8b+,19-11-2020,Boulder,worked,2020-11-19,2020.0,8b+
Pete Robins,Sep 2015,,Turbo Terrific,8b,19-09-2015,Lead,worked,2015-09-19,2015.0,8b
Jennifer Wood,4th Sep 2024,,Turbo Terrific,8b,04-09-2024,Lead,worked,2024-04-09,2024.0,8b
Tommy Caldwell,2001,,Turn That Frown Upside Down,8a+,19-11-2001,Boulder,worked,2001-11-19,2001.0,8a+
Malcolm Smith,2001,,Turn That Frown Upside Down,8a+,19-11-2001,Boulder,worked,2001-11-19,2001.0,8a+
Charlie Torrance,16th Mar 2021,,Tusk,7c,16-03-2021,Boulder,worked,2021-03-16,2021.0,7c
Coral Dawson,13th Jan 2024,,Tusk,7c,13-01-2024,Boulder,worked,2024-01-13,2024.0,7c
Orrin Coley,6th Mar 2023,8C,Ultra Instinct,8c,06-03-2023,Boulder,worked,2023-06-03,2023.0,8c
Will Bosi,8th Jun 2023,8C,Ultra Instinct,8c,08-06-2023,Boulder,worked,2023-08-06,2023.0,8c
Jerry Moffatt,14th Apr 1983,,Ulysses Bow,e6,14-04-1983,Solo,worked,1983-04-14,1983.0,7b+
Johnny Dawes,Apr 1984,,Ulysses Bow,e6,19-04-1984,Solo,onsight,1984-04-19,1984.0,7b+
Matt Nunes,14th Mar 2022,,Uncertainty,8b+,14-03-2022,Boulder,worked,2022-03-14,2022.0,8b+
Elijah Kiser,,,Uncertainty,8b+,,Boulder,worked,,,8b+
Aidan Roberts,Feb 2023,,Unison,8c,19-02-2023,Boulder,worked,2023-02-19,2023.0,8c
Nicolai Užnik,17th Nov 2024,,Unison,8c,17-11-2024,Boulder,worked,2024-11-17,2024.0,8c
Ryuichi Murai,7th Nov 2019,,United,8c+,07-11-2019,Boulder,worked,2019-07-11,2019.0,8c+
Shawn Raboutou,2024,,United,8c+,19-11-2024,Boulder,worked,2024-11-19,2024.0,8c+
Eliot Stephens,13th Sep 2018,,Unsanctioned,8b,13-09-2018,Boulder,worked,2018-09-13,2018.0,8b
Leo Skinner,8th Jun 2022,8B+ (soft),Unsanctioned,8b,08-06-2022,Boulder,worked,2022-08-06,2022.0,8b
Alan Cassidy,13th Sep 2012,,Urban Surfer,8b,13-09-2012,Lead,worked,2012-09-13,2012.0,8b
Eddie Barbour,31st May 2015,,Urban Surfer,8b,31-05-2015,Lead,flash,2015-05-31,2015.0,8b
Adam Ondra,29th Jul 2013,,Valhalla,9a,29-07-2013,Lead,worked,2013-07-29,2013.0,9a
Josh Ibbertson,Sep 2024,,Valhalla,9a,19-09-2024,Lead,worked,2024-09-19,2024.0,9a
Joe Brown,13th Oct 1951,,Vember,e1,13-10-1951,Alternate Leads,onsight,1951-10-13,1951.0,5c
Don Whillans,13th Oct 1951,,Vember,e1,13-10-1951,Alternate Leads,onsight,1951-10-13,1951.0,5c
Jerry Moffatt,Aug 1984,,Verbal Abuse,e7,19-08-1984,Lead,worked,1984-08-19,1984.0,7c+
Matt Wilder,2009,,Viceroy,e10,19-11-2009,Lead,worked,2009-11-19,2009.0,8b+
William Moss,2024,,Viceroy,e10,19-11-2024,Lead,worked,2024-11-19,2024.0,8b+
Adam Ondra,25th Mar 2016,9a+/9b,Vicious Circle,9a+,25-03-2016,Lead,worked,2016-03-25,2016.0,9a+
Stefano Carnati,9th Mar 2024,9a+/9b,Vicious Circle,9a+,09-03-2024,Lead,worked,2024-09-03,2024.0,9a+
Gareth Parry,2002,,Victor Hugo,8b,19-11-2002,Lead,worked,2002-11-19,2002.0,8b
Steve McClure,,,Victor Hugo,8b,,Lead,onsight,,,8b
Lucy Mitchell,28th Sep 2021,,Viens Voir Mon Petit Jésus,8b,28-09-2021,Lead,flash,2021-09-28,2021.0,8b
Mike Owen,13th Oct 2021,,Viens Voir Mon Petit Jésus,8b,13-10-2021,Lead,worked,2021-10-13,2021.0,8b
John Gaskins,21st Jun 2004,,Violent New Breed,9a+,21-06-2004,Lead,worked,2004-06-21,2004.0,9a+
Bernd Zangerl,24th Sep 2002,8C,Viva La Evolution,8c,24-09-2002,Boulder,worked,2002-09-24,2002.0,8c
Christof Rauch,31st May 2018,8B+,Viva La Evolution,8c,31-05-2018,Boulder,worked,2018-05-31,2018.0,8c
Benn Wheeler,,,Vulpine,8b+,,Boulder,worked,,,8b+
Noah Wheeler,,,Vulpine,8b+,,Boulder,worked,,,8b+
Jim Moran,May 1980,,Wall Of Fossils,e6,19-05-1980,Lead,worked,1980-05-19,1980.0,7b+
Ron Fawcett,May 1980,,Wall Of Fossils,e6,19-05-1980,Lead,worked,1980-05-19,1980.0,7b+
Martin Stráník,13th Feb 2021,,Warrior,8c,13-02-2021,Boulder,worked,2021-02-13,2021.0,8c
Štěpán Volf,3rd Dec 2023,,Warrior,8c,03-12-2023,Boulder,worked,2023-03-12,2023.0,8c
Gary Gibson,,,Watching The Ocean,e6,,Lead,worked,,,7b+
Steve Findlay,,,Watching The Ocean,e6,,Lead,onsight,,,7b+
Shauna Coxsey,Mar 2009,,Watermark,8a,19-03-2009,Lead,worked,2009-03-19,2009.0,8a
Emma Ransome,30th Nov 2019,,Watermark,8a,30-11-2019,Lead,worked,2019-11-30,2019.0,8a
Eliot Stephens,Jul 2023,,Weapons Cache,8b,19-07-2023,Boulder,worked,2023-07-19,2023.0,8b
Arlo Rogers,11th Feb 2024,,Weapons Cache,8b,11-02-2024,Boulder,worked,2024-11-02,2024.0,8b
Tim Freeman,May 1984,,Weedkiller,7c+,19-05-1984,Lead,worked,1984-05-19,1984.0,7c+
Wolfgang Güllich,,,Weedkiller,7c+,,Solo,worked,,,7c+
Dave Birkett,2002,,Welcome To The Cruel World,e9,19-11-2002,Lead,worked,2002-11-19,2002.0,8b
Craig Matheson,26th Aug 2018,,Welcome To The Cruel World,e9,26-08-2018,Lead,worked,2018-08-26,2018.0,8b
John Dunne,1st May 1988,,Well Dunne Finish,8b,01-05-1988,Lead,worked,1988-01-05,1988.0,8b
Mike Owen,1st Jul 1995,,Well Dunne Finish,8b,01-07-1995,Lead,worked,1995-01-07,1995.0,8b
Pete Livesey,Apr 1973,,Wellington Crack,e4,19-04-1973,Lead,worked,1973-04-19,1973.0,6c+
John Dunne,1980s,,Wellington Crack,e4,19-11-2024,Solo,repeat,2024-11-19,2024.0,6c+
Martin Boysen,8th May 1966,,Wen,hvs,08-05-1966,Alternate Leads,onsight,1966-08-05,1966.0,5b
Joe Brown,8th May 1966,,Wen,hvs,08-05-1966,Alternate Leads,onsight,1966-08-05,1966.0,5b
Arnis Strapcans,Between 1st Oct 1978 and 1st Dec 1978,,West Route,e5,,Alternate Leads,worked,,,7a+
Steve Monks,Between 1st Oct 1978 and 1st Dec 1978,,West Route,e5,,Alternate Leads,worked,,,7a+
Shawn Raboutou,Before 1st Jun 2024,,Whats Up Are You Down,8b+,,Boulder,worked,,,8b+
Jakob Schubert,,,Whats Up Are You Down,8b+,,Boulder,worked,,,8b+
Mike Adams,2013,,What Tmorrow Brings,8a,19-11-2013,Boulder,worked,2013-11-19,2013.0,8a
Jack Palmieri,13th Jan 2022,,What Tmorrow Brings,8a,13-01-2022,Boulder,flash,2022-01-13,2022.0,8a
Robbie Phillips,5th Oct 2021,,What We Do In The Shadows,e10,05-10-2021,Lead,worked,2021-05-10,2021.0,8b+
Dave MacLeod,5th Oct 2021,,What We Do In The Shadows,e10,05-10-2021,Lead,worked,2021-05-10,2021.0,8b+
Pete Whillance,9th Apr 1980,,White Heat,e5,09-04-1980,Lead,,1980-09-04,1980.0,7a+
Geraldine Taylor,,,White Heat,e5,,Lead,,,,7a+
Dan McManus,14th Jun 2011,,White Lightning,7b+,14-06-2011,Deep Water Solo,onsight,2011-06-14,2011.0,7b+
Bob Hickish,2021,8a,White Lightning,7b+,19-11-2021,Deep Water Solo,,2021-11-19,2021.0,7b+
Ron Moseley,19th Apr 1956,,White Slab,e2,19-04-1956,Deep Water Solo,,1956-04-19,1956.0,6a+
Morty Smith,19th Apr 1956,,White Slab,e2,19-04-1956,Deep Water Solo,,1956-04-19,1956.0,6a+
Steve Bancroft,1st Jan 1976,,White Wall,e5,01-01-1976,Lead,worked,1976-01-01,1976.0,7a+
Jerry Moffatt,1980,,White Wall,e5,19-11-1980,Lead,worked,1980-11-19,1980.0,7a+
Michael Duffy,Dec 2010,,Wonderland,8b,19-12-2010,Boulder,worked,2010-12-19,2010.0,8b
David Fitzgerald,26th Feb 2016,,Wonderland,8b,26-02-2016,Boulder,worked,2016-02-26,2016.0,8b
Anna Wild,29th Jun 2022,,Working 9 5 Stand,7c+,29-06-2022,Boulder,worked,2022-06-29,2022.0,7c+
Katie Maxwell,,,Working 9 5 Stand,7c+,,Boulder,worked,,,7c+
Joe Brown,30th Aug 1955,,Woubits,e2,30-08-1955,Lead,onsight,1955-08-30,1955.0,6a+
Alan McHardy,Before 1st Jan 1973,,Woubits,e2,,Solo,onsight,,,6a+
Pirmin Bertle,,,Wunderheiler,9a,,Lead,worked,,,9a
Alex Megos,1st Nov 2021,9a/9a+,Wunderheiler,9a,01-11-2021,Lead,worked,2021-01-11,2021.0,9a
Aidan Roberts,,,Xxxr,8a,,Boulder,worked,,,8a
Esther Foster,Sep 2023,,Xxxr,8a,19-09-2023,Boulder,worked,2023-09-19,2023.0,8a
Arnis Strapcans,23rd Jun 1974,,Yellow Edge,e3,23-06-1974,Alternate Leads,onsight,1974-06-23,1974.0,6b+
Ken Wilson,After 24th Jun 1974,,Yellow Edge,e3,24-06-1974,Alternate Leads,onsight,1974-06-24,1974.0,6b+
Ron Fawcett,Jul 1982,,Yellow Pearls,e5,19-07-1982,Alternate Leads,,1982-07-19,1982.0,7a+
Geraldine Taylor,2007,,Yellow Pearls,e5,19-11-2007,Alternate Leads,,2007-11-19,2007.0,7a+
James McHaffie,Sep 2024,,Yma O Hyd,e10,19-09-2024,Lead,worked,2024-09-19,2024.0,8b+
Steve McClure,14th Oct 2024,,Yma O Hyd,e10,14-10-2024,Lead,worked,2024-10-14,2024.0,8b+
Tom Newberry,May 2011,,"Young, Youth And Manhood",8a,19-05-2011,Boulder,worked,2011-05-19,2011.0,8a
Shauna Coxsey,2023,,"Young, Youth And Manhood",8a,19-11-2023,Boulder,worked,2023-11-19,2023.0,8a
Robin Smith,May 1959,,Yo Yo,e1,19-05-1959,Boulder,,1959-05-19,1959.0,5c
D. Hughes,May 1959,,Yo Yo,e1,19-05-1959,Boulder,,1959-05-19,1959.0,5c
Tadej Slabe,1992,,Za Staro Kolo In Majhnega Psa,8c+,19-11-1992,Lead,worked,1992-11-19,1992.0,8c+
Alex Megos,Mar 2023,,Za Staro Kolo In Majhnega Psa,8c+,19-03-2023,Lead,worked,2023-03-19,2023.0,8c+
Jim Bridwell,1981,,Zenyatta Mondatta,a3,19-11-1981,Aid,,1981-11-19,1981.0,a3
John Middendorf,,,Zenyatta Mondatta,a3,,Aid,,,,a3
Alex Megos,2019,,Zoolander,9a,19-11-2019,Lead,worked,2019-11-19,2019.0,9a
Yannick Flohé,Nov 2022,,Zoolander,9a,19-11-2022,Lead,worked,2022-11-19,2022.0,9a
Ivan Tresch,2002,,Zoo York,8a,19-11-2002,Boulder,flash,2002-11-19,2002.0,8a
Shauna Coxsey,16th Jan 2012,,Zoo York,8a,16-01-2012,Boulder,worked,2012-01-16,2012.0,8a
Stevie Haston,Jun 1986,,1000 Tons Of Chicken Shit,e6,19-06-1986,Solo,worked,1986-06-19,1986.0,7b+
Nalle Hukkataival,1st Sep 2008,,1up,8a+,01-09-2008,Boulder,worked,2008-01-09,2008.0,8a+
Ethan Salvo,6th Apr 2024,,1 Up,8b+,06-04-2024,Boulder,worked,2024-06-04,2024.0,8b+
Dave MacLeod,2015,,4th Wave,8b,19-11-2015,Boulder,worked,2015-11-19,2015.0,8b
Caleb Franchere,,,9 Lives,8b+,,Boulder,worked,,,8b+
Guy Percival,16th Mar 2010,,Abcession,e7,16-03-2010,Lead,worked,2010-03-16,2010.0,7c+
Dan Varian,,,A Bigger Berry,7b+,,Boulder,worked,,,7b+
Pat Littlejohn,1984,,Above And Beyond,e6,19-11-1984,Boulder,,1984-11-19,1984.0,7b+
Bob Smith,1981,,Absent Friend,e5,19-11-1981,Boulder,,1981-11-19,1981.0,7a+
Jennifer Wood,8th Nov 2021,,Abyssos,8b+,08-11-2021,Lead,worked,2021-08-11,2021.0,8b+
Liam Hutchinson,2024,,Ace Of Spades,8a+,19-11-2024,Boulder,worked,2024-11-19,2024.0,8a+
Simon Young,,,Ache Ball,7c+,,Boulder,worked,,,7c+
Jack Palmieri,31st Dec 2023,,Addiction Direct Sds,8a,31-12-2023,Boulder,worked,2023-12-31,2023.0,8a
Tala Hepburn,8th Jan 2023,,Addiction (stand Start),7c,08-01-2023,Boulder,worked,2023-08-01,2023.0,7c
James Pearson,May 2013,,A Denti Stretti,e10,19-05-2013,Lead,worked,2013-05-19,2013.0,8b+
Ed Drummond,,,A Dream Of White Horses,hvs,,Alternate Leads,onsight,,,5b
Daniel Woods,Between 1st Jan 2024 and 7th Feb 2024,8C+ (soft),Adrenaline,8c+,,Boulder,worked,,,8c+
Mark Edwards,Aug 2006,,Adrenaline Tide,e9,19-08-2006,Lead,worked,2006-08-19,2006.0,8b
Crispin Waddy,Oct 2016,,A Drop In The Ocean,7b,19-10-2016,Deep Water Solo,ground up,2016-10-19,2016.0,7b
Dave Graham,26th Sep 2023,,Adularia,8c,26-09-2023,Boulder,worked,2023-09-26,2023.0,8c
Niccolò Ceria,2024,,Aeropressing,8b+ (approx),19-11-2024,Boulder,worked,2024-11-19,2024.0,8b+
Neil Travers,25th May 1992,,A Flabby Crack,e6,25-05-1992,Lead,worked,1992-05-25,1992.0,7b+
Aidan Roberts,Sep 2024,,Afterlife,8b+,19-09-2024,Boulder,worked,2024-09-19,2024.0,8b+
Michiel Nieuwenhuijsen,29th Jun 2024,,Afterlife,8b,29-06-2024,Boulder,flash,2024-06-29,2024.0,8b
Mark Leach,18th May 1984,,Against All Odds,e5,18-05-1984,Lead,worked,1984-05-18,1984.0,7a+
Laura Rogora,Oct 2024,,Agressif You Want,8c,19-10-2024,Lead,flash,2024-10-19,2024.0,8c
Arlo Rogers,7th Sep 2024,,Agressive Caravan,8c+,07-09-2024,Lead,worked,2024-07-09,2024.0,8c+
Adam Ondra,17th Mar 2023,,Aint Sane In The Membrane,8c,17-03-2023,Lead,worked,2023-03-17,2023.0,8c
Iban Larrión,2012,,Airian,8c,19-11-2012,Boulder,worked,2012-11-19,2012.0,8c
Dave MacLeod,24th Apr 2024,,Air Max,8a+,24-04-2024,Lead,worked,2024-04-24,2024.0,8a+
Adam Ondra,31st Aug 2023,9a/9a+,A Je To!,9a+,31-08-2023,Lead,worked,2023-08-31,2023.0,9a+
Julian Lines,4th Dec 2013,,Akela,8a,04-12-2013,Lead,,2013-04-12,2013.0,8a
Alex Barrows,24th Oct 2024,,Akelarre,8b,24-10-2024,Lead,flash,2024-10-24,2024.0,8b
Dave Henderson,2003,,Alan Smith,7c,19-11-2003,Boulder,worked,2003-11-19,2003.0,7c
Prudence Morgan-Wood,13th Oct 2024,,Alegre Bandolero,8a,13-10-2024,Lead,flash,2024-10-13,2024.0,8a
Anna Taylor,18th Jan 2022,,Alien Ant Farm,7c+,18-01-2022,Boulder,worked,2022-01-18,2022.0,7c+
Chris Davies,2009,,A Life Aesthetic,8b,19-11-2009,Boulder,worked,2009-11-19,2009.0,8b
Tom Proctor,1979,,A Little Extra,7a+,19-11-1979,Lead,worked,1979-11-19,1979.0,7a+
Keenan Takahashi,Feb 2023,,A Little Life,8b+,19-02-2023,Boulder,worked,2023-02-19,2023.0,8b+
Tom Randall,29th Feb 2008,,All Elements,8a,29-02-2008,Boulder,worked,2008-02-29,2008.0,8a
Quentin Fisher,Jul 1985,,All Systems Go,e6,19-07-1985,Lead,worked,1985-07-19,1985.0,7b+
Gary Gibson,19th Apr 1987,,All Washed Up,e6,19-04-1987,Lead,worked,1987-04-19,1987.0,7b+
Jonathan Siegrest,Mar 2019,,All You Can Eat,9a+,19-03-2019,Lead,worked,2019-03-19,2019.0,9a+
Facundo Langbehn,,,Alma,8c,,Boulder,worked,,,8c
Fred Nicole,,,Alma Blanca,8b,,Boulder,worked,,,8b
Florian Schmalzl,16th Dec 2017,,Alphacentauri,8b,16-12-2017,Boulder,flash,2017-12-16,2017.0,8b
Karin Magog,2012,,Alr Urgell R2,8a,19-11-2012,Lead,onsight,2012-11-19,2012.0,8a
Maïa Souveton,23rd Aug 2024,,Amadeus,8c,23-08-2024,Lead,worked,2024-08-23,2024.0,8c
James Squire,16th Jun 2020,,Ambition,8c,16-06-2020,Boulder,worked,2020-06-16,2020.0,8c
Janja Garnbret,3rd Nov 2021,,American Hustle,8c,03-11-2021,Lead,onsight,2021-03-11,2021.0,8c
Kim Carrigan,1985,,Americas Cup,e6,19-11-1985,Lead,flash,1985-11-19,1985.0,7b+
John Gaskins,Feb 2006,,A Moment Of Clarity,e10,19-02-2006,Boulder,worked,2006-02-19,2006.0,8b+
Lukas Mayerhofer,2nd Jul 2024,,Anam Cara Low,8c,02-07-2024,Boulder,worked,2024-02-07,2024.0,8c
Prudence Morgan-Wood,4th Aug 2024,,Anangu,8b,04-08-2024,Lead,worked,2024-04-08,2024.0,8b
Matt Helliker,Jul 2023,,Anapanasati,e9,19-07-2023,Lead,worked,2023-07-19,2023.0,8b
Jonathan Siegrest,21st May 2024,9b,Anemology,9b,21-05-2024,Lead,worked,2024-05-21,2024.0,9b
Joe Brown,1948,,Angular Crack,vs,19-11-1948,Lead,onsight,1948-11-19,1948.0,5a
Jernej Kruder,12th Oct 2018,,Animal Magnetism,8b+,12-10-2018,Deep Water Solo,worked,2018-12-10,2018.0,8b+
Pablo Zamora,1st Mar 2024,8B+/8C,Anoxia,8b+,01-03-2024,Boulder,worked,2024-01-03,2024.0,8b+
Tess Bennett,,,Antihero,7c,,Boulder,worked,,,7c
Peter Biven,,,Anvil Chorus,vs,,Boulder,,,,5a
Karin Magog,2012,,Aonvolsna,8b,19-11-2012,Lead,worked,2012-11-19,2012.0,8b
Joe Lawson,27th Dec 2020,,Apache Static,8b,27-12-2020,Boulder,worked,2020-12-27,2020.0,8b
Taylor McNeill,19th Jan 2021,8C,Apparatus,8c,19-01-2021,Boulder,worked,2021-01-19,2021.0,8c
Tyler Landman,2009,,Apparement Bas,8b,19-11-2009,Boulder,worked,2009-11-19,2009.0,8b
Solly Kemball-Dorey,12th Sep 2023,,Apple Crumble,8b,12-09-2023,Boulder,worked,2023-12-09,2023.0,8b
Jim Pope,4th Nov 2022,,Applied Imagination,8a+,04-11-2022,Boulder,worked,2022-04-11,2022.0,8a+
Nigel Slater,Oct 1985,,Arabian Nights,e4,19-10-1985,Boulder,,1985-10-19,1985.0,6c+
Andy Pollitt,9th Dec 1987,,Arch Enemies,7c+,09-12-1987,Lead,worked,1987-09-12,1987.0,7c+
Allan Austin,,,Arcturus,e1,,Lead,,,,5c
Solly Kemball-Dorey,20th Jun 2024,,A Reason To Die,8b+,20-06-2024,Boulder,worked,2024-06-20,2024.0,8b+
Patrick Edlinger,1988,,Are You Ready,8b+,19-11-1988,Lead,worked,1988-11-19,1988.0,8b+
Sébastien Bouin,7th Apr 2023,,Ariégeois Cœur Loyal,9b,07-04-2023,Lead,worked,2023-07-04,2023.0,9b
Becky Wilby,6th Jul 2018,,Armed Response,8a+,06-07-2018,Boulder,worked,2018-06-07,2018.0,8a+
Anak Verhoeven,7th Apr 2023,,Armonia,8c+,07-04-2023,Lead,worked,2023-07-04,2023.0,8c+
Christopher Cosser,8th Sep 2024,,Armor Of Azlan,8b+,08-09-2024,Boulder,worked,2024-08-09,2024.0,8b+
Alex Honnold,13th Sep 2019,,Arrested Development,9a,13-09-2019,Lead,worked,2019-09-13,2019.0,9a
Aidan Roberts,Mar 2024,9A,Arrival Of The Birds,9a,19-03-2024,Boulder,worked,2024-03-19,2024.0,9a
Iker Pou,Dec 2018,,Artaburu,9b,19-12-2018,Lead,worked,2018-12-19,2018.0,9b
Dave Thomas,1998,,Art Brut,e7,19-11-1998,Lead,,1998-11-19,1998.0,7c+
Rachel Daly,20th Aug 2022,,Ashtray Verse,7c+,20-08-2022,Boulder,worked,2022-08-20,2022.0,7c+
George Smith,1991,,A Skip Of Fools,8a+,19-11-1991,Lead,worked,1991-11-19,1991.0,8a+
Arlo Rogers,2nd Aug 2023,,Assai Xxl,8c+,02-08-2023,Lead,worked,2023-02-08,2023.0,8c+
Allan Austin,,,Astra,e2,,Lead,,,,6a+
Leo Houlding,1998,,A Sweet Encounter,e8,19-11-1998,Lead,worked,1998-11-19,1998.0,8a+
Jonathan Guadalcázar,31st Dec 2019,,Ataxia Hiperextension,9b,31-12-2019,Lead,worked,2019-12-31,2019.0,9b
Dave MacLeod,May 2010,,At Eternitys Gate,8b,19-05-2010,Boulder,worked,2010-05-19,2010.0,8b
Natalie Berry,8th Mar 2019,,Athenea,8a,08-03-2019,Lead,onsight,2019-08-03,2019.0,8a
Cédric Lachat,Between 1st Jan 2023 and 1st Apr 2023,,At Home Cornus,9a+,,Lead,worked,,,9a+
Nick Dixon,Jul 2009,,A Thousand Setting Suns,e9,19-07-2009,Lead,worked,2009-07-19,2009.0,8b
Arnis Strapcans,11th Aug 1978,,Atmosfears,e5,11-08-1978,Lead,onsight,1978-11-08,1978.0,7a+
Ron Fawcett,11th Apr 1980,,Atomic Hot Rod,e5,11-04-1980,Lead,worked,1980-11-04,1980.0,7a+
Mina Leslie-Wujastyk,2nd Aug 2009,,Atomic Playboy,7c+,02-08-2009,Boulder,worked,2009-02-08,2009.0,7c+
Guy Percival,22nd Jan 2014,,Atonement,e7,22-01-2014,Lead,worked,2014-01-22,2014.0,7c+
Robyn Erbesfield-Raboutou,1993,,Attention On Vous Regarde,8b+,19-11-1993,Lead,worked,1993-11-19,1993.0,8b+
Maja Štremfelj,18th Jun 2009,,Attila Lunga,8c+,18-06-2009,Lead,worked,2009-06-18,2009.0,8c+
Tom Randall,23rd Sep 2024,8c/8c+,Autobahn,e10,23-09-2024,Solo,worked,2024-09-23,2024.0,8b+
Felipe Camargo,4th Sep 2023,,Auto Retrato,9a+,04-09-2023,Lead,worked,2023-04-09,2023.0,9a+
Adam Smith,20th Apr 2023,,Avas Arrived,8b,20-04-2023,Boulder,worked,2023-04-20,2023.0,8b
Ian Dunn,11th Jul 1999,,A Vision Of Loveliness,7c+,11-07-1999,Lead,worked,1999-11-07,1999.0,7c+
Johnny Dawes,1995,,Avoiding The Traitors,e7,19-11-1995,Lead,worked,1995-11-19,1995.0,7c+
Pete Whillance,9th May 2004,,Awesome,e3,09-05-2004,Lead,,2004-09-05,2004.0,6b+
Dan Varian,,,Awooga Sds,8a+,,Boulder,worked,,,8a+
James Pearson,2020,,Ba Boom,8b+,19-11-2020,Boulder,worked,2020-11-19,2020.0,8b+
Ryan Sklenica,6th Sep 2024,,Baby Cakes,9a,06-09-2024,Lead,worked,2024-06-09,2024.0,9a
Toby Saxton,15th Apr 2015,,Babylon,8c,15-04-2015,Boulder,worked,2015-04-15,2015.0,8c
Alex Barrows,25th Oct 2022,,Babylon Sistem,8b,25-10-2022,Lead,flash,2022-10-25,2022.0,8b
John Bachar,,,Bachar Cracker,6b,,Lead,,,,6b
Aidan Roberts,Aug 2021,,Back For Seconds,8b,19-08-2021,Boulder,worked,2021-08-19,2021.0,8b
Paul Twomey,31st Aug 2002,,Back In Black,e7,31-08-2002,Lead,worked,2002-08-31,2002.0,7c+
Dan Varian,2010,,Badger Badger Badger,8a,19-11-2010,Boulder,worked,2010-11-19,2010.0,8a
Paul Smitton,Aug 2009,,Bah Bah Black Sheep,8c+,19-08-2009,Lead,worked,2009-08-19,2009.0,8c+
Sébastien Bouin,Aug 2023,,Baise Moi,8c+,19-08-2023,Lead,flash,2023-08-19,2023.0,8c+
Ed Drummond,1971,,Banana Finger,6a,19-11-1971,Boulder,worked,1971-11-19,1971.0,6a
Bob Smith,1978,,Barbarian,e5,19-11-1978,Boulder,,1978-11-19,1978.0,7a+
John Redhead,6th Jul 1980,,Barbarossa,e6,06-07-1980,Lead,worked,1980-06-07,1980.0,7b+
Darlene Thomasina Pidgeon,25th Oct 2010,,Barefoot On Sacred Ground,8a+,25-10-2010,Boulder,worked,2010-10-25,2010.0,8a+
Tony Barley,21st May 1966,,Barley Mow,7a,21-05-1966,Boulder,worked,1966-05-21,1966.0,7a
Adam Ondra,22nd Jul 2016,,Barracuda,8c+,22-07-2016,Lead,onsight,2016-07-22,2016.0,8c+
Pete Whittaker,Sep 2022,,Bar Wars,e8,19-09-2022,Lead,worked,2022-09-19,2022.0,8a+
Emily Fell,,,Bat Bites Back Again,7c,,Boulder,worked,,,7c
Chris Plant,1990,,Battle Of The Little Big Orme,8a,19-11-1990,Lead,worked,1990-11-19,1990.0,8a
Dai Koyamada,26th Oct 2023,,Batto,8b+,26-10-2023,Boulder,worked,2023-10-26,2023.0,8b+
Alan Rouse,1975,,Beatnik,e5,19-11-1975,Boulder,,1975-11-19,1975.0,7a+
Ned Feehally,,,Beef Manifold,8a,,Boulder,worked,,,8a
Ainhize Belar,May 2023,,Begi Puntuan,9a,19-05-2023,Lead,worked,2023-05-19,2023.0,9a
Simon Hibbeler,,,Be Kind,8b+,,Boulder,worked,,,8b+
Simon Hibbeler,,,Be Kinda Soft,8b+,,Boulder,worked,,,8b+
Adam Ondra,7th Apr 2012,,Bella Regis,8c,07-04-2012,Lead,onsight,2012-07-04,2012.0,8c
John Redhead,19th Mar 1984,,Bell Dance,e5,19-03-1984,Lead,worked,1984-03-19,1984.0,7a+
Alex Barrows,17th Sep 2017,,Bellys Gonna Get Ya,9a,17-09-2017,Lead,worked,2017-09-17,2017.0,9a
Frank Cannings,,,Bender,e3,,Lead,,,,6b+
Steve Dunning,,,Bens Groove Sds,7c+,,Boulder,worked,,,7c+
Ian Cummins,,,Beths Traverse,7c,,Boulder,worked,,,7c
Ben Heason,2002,,Better Dead Than Smeg,e6,19-11-2002,Lead,onsight,2002-11-19,2002.0,7b+
Garth Miller,,,Better Than Life,8b+,,Lead,onsight,,,8b+
Sébastien Bouin,22nd Oct 2020,9b/9b+,Beyond Integral,9b+,22-10-2020,Lead,worked,2020-10-22,2020.0,9b+
Richard Broomhead,Jun 1980,,Bifur,vs,19-06-1980,Lead,,1980-06-19,1980.0,5a
Jakob Schubert,20th Sep 2023,,B.i.g,9c,20-09-2023,Lead,worked,2023-09-20,2023.0,9c
Drew Ruana,Jul 2022,,Big Arms,8c,19-07-2022,Boulder,worked,2022-07-19,2022.0,8c
Simon Lee,5th Aug 2016,,Big Cigar,7c,05-08-2016,Lead,worked,2016-05-08,2016.0,7c
Simon Lorenzi,23rd Jan 2022,8C+,Big Conviction,8c+,23-01-2022,Boulder,worked,2022-01-23,2022.0,8c+
Stefan Scarperi,22nd Oct 2020,,Big Illusion,8c,22-10-2020,Boulder,worked,2020-10-22,2020.0,8c
Ben Bransby,4th Jun 2024,8B,Big Leviathan,8b,04-06-2024,Boulder,worked,2024-04-06,2024.0,8b
Ben Bransby,Aug 2024,8C,Big Leviathan Extended (sans Resin),8c,19-08-2024,Boulder,worked,2024-08-19,2024.0,8c
Dave MacLeod,Aug 2008,,Big Long Now,8b+,19-08-2008,Boulder,worked,2008-08-19,2008.0,8b+
Iker Pou,29th Apr 2015,,Big Men,9a+,29-04-2015,Lead,worked,2015-04-29,2015.0,9a+
Dylan Chuat,17th Jul 2024,,Big Noise,8c,17-07-2024,Boulder,worked,2024-07-17,2024.0,8c
Dylan Chuat,17th Jul 2024,,Big Nose,8c,17-07-2024,Boulder,worked,2024-07-17,2024.0,8c
Solly Kemball-Dorey,Jul 2022,,Bikini Bottom,9a,19-07-2022,Boulder,worked,2022-07-19,2022.0,9a
Aidan Roberts,15th Aug 2023,,Bilateral,8b+,15-08-2023,Boulder,worked,2023-08-15,2023.0,8b+
Rob Mirfin,5th Aug 2010,,Binary Finary,8b,05-08-2010,Lead,worked,2010-05-08,2010.0,8b
Arnaud Petit,1996,,Biographie (l1),8c+,19-11-1996,Lead,worked,1996-11-19,1996.0,8c+
Mélissa Le Nevé,5th May 2020,,Bionic Commando,8c+,05-05-2020,Lead,worked,2020-05-05,2020.0,8c+
Mejdi Schalck,8th Sep 2023,,Bio Sharma Graphie L2,9a,08-09-2023,Lead,worked,2023-08-09,2023.0,9a
Chris Sharma,2002,,Biotop,8b+,19-11-2002,Lead,onsight,2002-11-19,2002.0,8b+
Arthur Dolphin,,,Birds Nest Crack,hs,,Solo,onsight,,,4c
Naomi Buys,May 2014,,Birdsong,e7,19-05-2014,Lead,worked,2014-05-19,2014.0,7c+
Allison Vest,23rd Jul 2023,,Bitch!,8b,23-07-2023,Boulder,worked,2023-07-23,2023.0,8b
Adam Ondra,28th Sep 2023,,B Je To!,9b,28-09-2023,Lead,worked,2023-09-28,2023.0,9b
Robin Barker,1993,,Black Car Burning,e7,19-11-1993,Lead,worked,1993-11-19,1993.0,7c+
Micky Page,,,Black Eagle,8b+,,Boulder,worked,,,8b+
Fred Nicole,2002,,Black Eagle Assis (pre Break),8b+,19-11-2002,Boulder,worked,2002-11-19,2002.0,8b+
Vadim Timonov,30th Apr 2023,,Blackflip,8c,30-04-2023,Boulder,worked,2023-04-30,2023.0,8c
Vadim Timonov,17th May 2023,8C+/9A,Blackflip Sds,9a,17-05-2023,Boulder,worked,2023-05-17,2023.0,9a
Matilda Söderlund,26th Oct 2021,,Black Is Basic,8c,26-10-2021,Lead,worked,2021-10-26,2021.0,8c
Katie Lamb,2nd Oct 2022,,Black Magic,8b,02-10-2022,Boulder,worked,2022-02-10,2022.0,8b
Malcolm Smith,19th Sep 2007,,Blackout,8b,19-09-2007,Lead,worked,2007-09-19,2007.0,8b
Geoff Weigand,1992,,Blackout,8b+,19-11-1992,Lead,worked,1992-11-19,1992.0,8b+
Toru  Nakajima,19th Aug 2009,,Black Out,e9,19-08-2009,Solo,worked,2009-08-19,2009.0,8b
Martin Stráník,21st Apr 2021,,Black Panther,8c,21-04-2021,Boulder,worked,2021-04-21,2021.0,8c
Chris Sharma,7th Nov 2023,,Black Pearl,9a+,07-11-2023,Deep Water Solo,worked,2023-07-11,2023.0,9a+
Ben Harnden,Sep 2022,8c/8c+,Blade Runner,e11,19-09-2022,Lead,worked,2022-09-19,2022.0,8c+
Jim Pope,14th May 2022,,Blankety Blank,8a,14-05-2022,Boulder,worked,2022-05-14,2022.0,8a
Adam Ondra,27th Mar 2011,,Blanquita,8c+,27-03-2011,Lead,onsight,2011-03-27,2011.0,8c+
Glenda Huxter,23rd May 1996,,Blessed Are The Weak,e5,23-05-1996,Lead,,1996-05-23,1996.0,7a+
Isaac Caldiero,,,Bling,8b+,,Boulder,worked,,,8b+
Alex Barrows,27th Feb 2024,,Blomu R2,8b,27-02-2024,Lead,flash,2024-02-27,2024.0,8b
Rob Hunter,2020,,Blondie Sds,8b+,19-11-2020,Boulder,worked,2020-11-19,2020.0,8b+
Jacopo Larcher,24th Oct 2021,,Blood Diamond,e9 (approx),24-10-2021,Lead,worked,2021-10-24,2021.0,8b
Malcolm Smith,16th Jun 2010,,Blood Diamond,8c+,16-06-2010,Lead,worked,2010-06-16,2010.0,8c+
Adam Hocking,Jun 2018,,Blood Eagle,e9,19-06-2018,Lead,worked,2018-06-19,2018.0,8b
Jim Pope,2021,,Bloodhound,8b,19-11-2021,Boulder,worked,2021-11-19,2021.0,8b
Joe Wilson,17th Dec 2013,,Blood Sport Lh,8b+,17-12-2013,Boulder,worked,2013-12-17,2013.0,8b+
Camille Coudert,2024,,Bloody Face,8b+,19-11-2024,Boulder,worked,2024-11-19,2024.0,8b+
John Streetly,10th Jun 1952,,Bloody Slab,e3,10-06-1952,Lead,onsight,1952-10-06,1952.0,6b+
Charles Albert,,,Bloody Sunday,8b,,Boulder,worked,,,8b
Drew Ruana,,,Bloody Sunday Low Left,8c,,Boulder,worked,,,8c
Drew Ruana,30th Apr 2021,,Bloody Sunday Sds,8c+,30-04-2021,Boulder,worked,2021-04-30,2021.0,8c+
Richard Broomhead,1980,,Bloody Tourists,e3,19-11-1980,Boulder,,1980-11-19,1980.0,6b+
Dan Turner,5th Oct 2014,,Blue Eyes And Exit Wounds,8b,05-10-2014,Boulder,worked,2014-05-10,2014.0,8b
Ken Palmer,2001,,Blue Planet,7b+,19-11-2001,Deep Water Solo,worked,2001-11-19,2001.0,7b+
Gp Salvo,,,Blunt Sit,8b+,,Boulder,worked,,,8b+
Adam Ondra,1st Oct 2019,,Blut Und Honig,8c+,01-10-2019,Lead,onsight,2019-01-10,2019.0,8c+
Ian Carr,Mar 1988,,Boat To Naxos,e7,19-03-1988,Lead,worked,1988-03-19,1988.0,7c+
Simon Young,1998,,Bobangi,e7,19-11-1998,Lead,worked,1998-11-19,1998.0,7c+
Will Perrin,,,Bobbys Groove,8a,,Lead,worked,,,8a
Dave MacLeod,22nd May 2006,,Body Blow,8b+,22-05-2006,Lead,worked,2006-05-22,2006.0,8b+
Ron Fawcett,1984,,Body Machine,7c+,19-11-1984,Lead,worked,1984-11-19,1984.0,7c+
Dave MacLeod,8th Oct 2006,,Body Swerve,8c,08-10-2006,Lead,worked,2006-08-10,2006.0,8c
Florian Wientjes,8th Mar 2021,8C/8C+,Bokassas Fridge Sds,8c,08-03-2021,Boulder,worked,2021-08-03,2021.0,8c
Adam Ondra,2nd Mar 2022,9b (hard),Bomba,9b,02-03-2022,Lead,worked,2022-02-03,2022.0,9b
James Pearson,2015,,Bonanno Pisano,e9,19-11-2015,Lead,worked,2015-11-19,2015.0,8b
Buster Martin,6th Mar 2021,,Bongata   Rodillar,8b+,06-03-2021,Lead,flash,2021-06-03,2021.0,8b+
Mark Pretty,9th Aug 1988,,Bored Of The Lies,7b+,09-08-1988,Lead,worked,1988-09-08,1988.0,7b+
Lucy Creamer,,,Boss Hogg,e6,,Lead,onsight,,,7b+
Prudence Morgan-Wood,11th Jun 2024,,Botanics,8b,11-06-2024,Lead,worked,2024-11-06,2024.0,8b
Dan Tounley,2001,,Bou I Prou,8b,19-11-2001,Lead,worked,2001-11-19,2001.0,8b
Franco Cookson,5th Mar 2017,,Boulby Wall,e8,05-03-2017,Lead,worked,2017-05-03,2017.0,8a+
Matt Fultz,Jun 2022,,Brace For The Cure,8c+,19-06-2022,Boulder,worked,2022-06-19,2022.0,8c+
Robin Richmond,17th Sep 2003,,Branded,e8,17-09-2003,Lead,worked,2003-09-17,2003.0,8a+
Richard Broomhead,Jun 1980,,Brandybuck,hvs,19-06-1980,Lead,,1980-06-19,1980.0,5b
John Dunne,1988,,Breach Of The Peace,8a,19-11-1988,Lead,worked,1988-11-19,1988.0,8a
Mick Fowler,7th Jul 1979,,Breakaway,e5,07-07-1979,Alternate Leads,onsight,1979-07-07,1979.0,7a+
Tala Hepburn,24th Jan 2023,,Break Traverse,7c+,24-01-2023,Boulder,worked,2023-01-24,2023.0,7c+
Pete Oxley,1987,,Bream In Black,7a+,19-11-1987,Boulder,,1987-11-19,1987.0,7a+
Steve McClure,2002,8a+,Brean Topping,8b,19-11-2002,Lead,worked,2002-11-19,2002.0,8b
Dave Pegg,21st May 1987,,Breathless,e6,21-05-1987,Lead,worked,1987-05-21,1987.0,7b+
Chris Savage,24th Jun 2009,,Bristols Got Talent,8c,24-06-2009,Lead,worked,2009-06-24,2009.0,8c
Loïc Zehani,15th Mar 2023,,Brooklyn,9b,15-03-2023,Lead,worked,2023-03-15,2023.0,9b
Tanguy Merard,10th Apr 2024,,Brouncha,9a,10-04-2024,Lead,worked,2024-10-04,2024.0,9a
Kim Carrigan,Aug 1982,,Brown Corduroy Trousers,e7,19-08-1982,Lead,worked,1982-08-19,1982.0,7c+
Joe Brown,1948,,Browns Eliminate,e2,19-11-1948,Lead,onsight,1948-11-19,1948.0,6a+
Marc-André Leclerc,,,Bruce Lee Vs The Kiss Army,e8,,Lead,worked,,,8a+
Chris Savage,5th Oct 2009,,Brujo,8b,05-10-2009,Lead,onsight,2009-05-10,2009.0,8b
Jerry Moffatt,2002,,Brutal Arête,7b,19-11-2002,Boulder,worked,2002-11-19,2002.0,7b
Adam Ondra,25th May 2020,,Brutal Rider,8c+,25-05-2020,Boulder,worked,2020-05-25,2020.0,8c+
Tom Proctor,1975,,Bubbles Wall,e4,19-11-1975,Boulder,,1975-11-19,1975.0,6c+
Emma Twyford,Aug 2014,,Bucket Dynasty,e7,19-08-2014,Lead,flash,2014-08-19,2014.0,7c+
Steve McClure,Nov 2023,,Budo,8b,19-11-2023,Lead,onsight,2023-11-19,2023.0,8b
Pete Oxley,13th Sep 1987,,Bullet The Blue Sky,7b+,13-09-1987,Lead,worked,1987-09-13,1987.0,7b+
Buster Martin,,,Bumbayé,8c+,,Lead,worked,,,8c+
Jim Pope,Oct 2023,,Burden Of Seams,8b,19-10-2023,Boulder,worked,2023-10-19,2023.0,8b
Al Phizacklea,1st Apr 1989,,Burning Desire,e5,01-04-1989,Lead,worked,1989-01-04,1989.0,7a+
Tom Proctor,1979,,Cabbage Crack,e4,19-11-1979,Lead,,1979-11-19,1979.0,6c+
Frank Cannings,14th Feb 1970,,Cadillac,vs,14-02-1970,Lead,,1970-02-14,1970.0,5a
Jorge Díaz-Rullo,2nd Nov 2021,,Cafe Solo,9b,02-11-2021,Lead,worked,2021-02-11,2021.0,9b
Cliff Phillips,16th Jun 1984,,California Arete,e1,16-06-1984,Solo,onsight,1984-06-16,1984.0,5c
James McHaffie,Apr 2000,,Camouflage,e7,19-04-2000,Lead,onsight,2000-04-19,2000.0,7c+
Eric Rayson,1967,,Canada Crack,hvs,19-11-1967,Lead,,1967-11-19,1967.0,5b
Garth Miller,1997,,Cannibals Direct,8b+,19-11-1997,Lead,onsight,1997-11-19,1997.0,8b+
Dan Varian,,,Capability Brawn,8b,,Boulder,worked,,,8b
Pete Whittaker,1st Mar 2008,,Captain Calamity,e7,01-03-2008,Lead,worked,2008-01-03,2008.0,7c+
Ron Fawcett,1979,,Carnage,e2,19-11-1979,Lead,,1979-11-19,1979.0,6a+
Vita Lukan,21st Oct 2021,8c/8c+,Cascabel,8c,21-10-2021,Lead,worked,2021-10-21,2021.0,8c
Mark Katz,2001,,Caseg Groove Sds,8a,19-11-2001,Boulder,worked,2001-11-19,2001.0,8a
Dave Graham,2nd Nov 2022,,Cassim,8c,02-11-2022,Boulder,worked,2022-02-11,2022.0,8c
Riccardo Cassin,Jul 1937,,Cassin Route,td,19-07-1937,Alternate Leads,alpine,1937-07-19,1937.0,td
Anne Arran,,,Cauchemar De Elephant,8a,,Lead,worked,,,8a
Will Bosi,Sep 2024,,Cavaleiro Negro,8a+,19-09-2024,Boulder,flash,2024-09-19,2024.0,8a+
Ivar Berg,3rd Jun 1916,,Cave Arete Indirect,e1,03-06-1916,Solo,worked,1916-03-06,1916.0,5c
Ivar Berg,4th Jun 1916,,Cave Crack,hvs,04-06-1916,Solo,,1916-04-06,1916.0,5b
Mick Fowler,,,Caveman,e6,,Lead,onsight,,,7b+
Holly Rees,30th Oct 2021,,Cave Pervert,7c+,30-10-2021,Boulder,worked,2021-10-30,2021.0,7c+
Ron Fawcett,1982,,Cave Route Left Hand,7c+,19-11-1982,Lead,worked,1982-11-19,1982.0,7c+
Don Whillans,1958,,Cave Wall,e3,19-11-1958,Lead,,1958-11-19,1958.0,6b+
Ainhize Belar,18th Sep 2024,,Celedon,9a,18-09-2024,Lead,worked,2024-09-18,2024.0,9a
Joe Brown,23rd Jul 1995,,Cemetery Waits,e7,23-07-1995,Lead,worked,1995-07-23,1995.0,7c+
Richard Harrison,9th May 1980,,Certain Surprise,e3,09-05-1980,Lead,,1980-09-05,1980.0,6b+
Adam Ondra,5th Oct 2016,,C’est La Vie,8c+,05-10-2016,Lead,onsight,2016-05-10,2016.0,8c+
Dan Turner,15th Sep 2018,,Chabang,8b,15-09-2018,Boulder,worked,2018-09-15,2018.0,8b
Adam Ondra,7th May 2013,,Chambao,8c+,07-05-2013,Lead,onsight,2013-07-05,2013.0,8c+
Ed Drummond,1975,,Chameleon,e4,19-11-1975,Lead,,1975-11-19,1975.0,6c+
Josh Ibbertson,Sep 2024,,Change P1,9a+,19-09-2024,Lead,worked,2024-09-19,2024.0,9a+
Mathew Wright,2024,,Changing Tides,e8,19-11-2024,Lead,worked,2024-11-19,2024.0,8a+
Julien Nadiras,2002,,Chaos,8b,19-11-2002,Boulder,worked,2002-11-19,2002.0,8b
Richard Broomhead,Jun 1969,,Charge,vs,19-06-1969,Boulder,,1969-06-19,1969.0,5a
Ben Tetler,5th Oct 1999,,Charm,e8,05-10-1999,Solo,worked,1999-05-10,1999.0,8a+
Tina Breslin,14th Oct 2023,,Chasing Rainbows,7c,14-10-2023,Boulder,worked,2023-10-14,2023.0,7c
Adrian Berry,2nd Sep 1999,,Chasing The Dragon,e8,02-09-1999,Lead,worked,1999-02-09,1999.0,8a+
Dave Sutcliffe,2002,,Chasing The Storm,e6,19-11-2002,Lead,worked,2002-11-19,2002.0,7b+
Adam Ondra,27th Mar 2013,,Chaxiraxi,9b,27-03-2013,Lead,worked,2013-03-27,2013.0,9b
Claire Bell,2004,,Chbalanke,8a,19-11-2004,Boulder,worked,2004-11-19,2004.0,8a
Jankyn Pasquill,1967,,Cheat,e3,19-11-1967,Boulder,,1967-11-19,1967.0,6b+
Joe Brown,1949,,Chequers Climb,vs,19-11-1949,Lead,onsight,1949-11-19,1949.0,5a
Tim Clifford,2002,,Cherry Falls,8a+,19-11-2002,Boulder,worked,2002-11-19,2002.0,8a+
Paul Pritchard,14th Feb 1987,,Chewing The Cwd,e5,14-02-1987,Lead,ground up,1987-02-14,1987.0,7a+
Adam Ondra,Aug 2023,,Chiave Della Volta,9a,19-08-2023,Lead,worked,2023-08-19,2023.0,9a
Adam Ondra,4th Nov 2023,,Chicken Nose,9a+,04-11-2023,Lead,worked,2023-04-11,2023.0,9a+
Dave Henderson,1999,E4/E5,Chicken Tikka,6c+,19-11-1999,Lead,,1999-11-19,1999.0,6c+
Loïc Zehani,16th Apr 2022,,Chikane,9b,16-04-2022,Lead,worked,2022-04-16,2022.0,9b
Osian Parry,25th Jun 2024,,Childhoods End,e7,25-06-2024,Lead,worked,2024-06-25,2024.0,7c+
Toru  Nakajima,25th Aug 2009,,Childs Play,e7,25-08-2009,Lead,worked,2009-08-25,2009.0,7c+
Matt Cousins,21st Jul 2013,,Chimera,8a+,21-07-2013,Solo,worked,2013-07-21,2013.0,8a+
Veronica Chik,25th Sep 2024,,China Climb,8b+,25-09-2024,Lead,worked,2024-09-25,2024.0,8b+
Katy Whittaker,Mar 2014,,China Crisis,8b+,19-03-2014,Lead,worked,2014-03-19,2014.0,8b+
Elijah Kiser,,,Chinese Arithmetic,8b,,Boulder,worked,,,8b
John Allen,1987,,Chip Show Brawl,7a+,19-11-1987,Boulder,worked,1987-11-19,1987.0,7a+
Pepa Šindel,6th Nov 2022,,Chiroptera,9a+,06-11-2022,Lead,worked,2022-06-11,2022.0,9a+
Tom de Gay,20th Dec 1999,,Chocolate Swastika,e7,20-12-1999,Lead,worked,1999-12-20,1999.0,7c+
Ian Cooper,29th Sep 2018,,Choreography,8c,29-09-2018,Boulder,worked,2018-09-29,2018.0,8c
Eliot Stephens,25th May 2024,,Chromatic,8b+,25-05-2024,Boulder,worked,2024-05-25,2024.0,8b+
Heather Florence,,,Chryssalida,8a,,Lead,worked,,,8a
John Dunne,2000,E8,Cindy Crawford,7c,19-11-2000,Solo,worked,2000-11-19,2000.0,7c
Ron Fawcett,1978,,Citadel,e5,19-11-1978,Lead,worked,1978-11-19,1978.0,7a+
Todd Skinner,1986,,City Park,8b,19-11-1986,Lead,worked,1986-11-19,1986.0,8b
Jorge Díaz-Rullo,11th Oct 2023,,Clin Dœil Au Paradis Den Face,8c,11-10-2023,Lead,flash,2023-11-10,2023.0,8c
John Gaskins,1997,8A+/8B,Cloning Technology,8a+,19-11-1997,Boulder,worked,1997-11-19,1997.0,8a+
Jonathan Siegrest,11th Feb 2022,,Close Encounters,9a+,11-02-2022,Lead,worked,2022-11-02,2022.0,9a+
Dave MacLeod,12th Jun 2001,,Cnippy Sweetie,e7,12-06-2001,Lead,worked,2001-12-06,2001.0,7c+
Phil Davidson,,,Cockblock,e5,,Solo,worked,,,7a+
Robin Barker,May 1994,,Cock Robin,e6,19-05-1994,Lead,worked,1994-05-19,1994.0,7b+
Steve Mayers,Oct 1990,,Cocoon,e8,19-10-1990,Lead,worked,1990-10-19,1990.0,8a+
Fred Nicole,1998,,Coeur De Lion,8b+,19-11-1998,Boulder,worked,1998-11-19,1998.0,8b+
Gordon Lennox,17th Feb 2023,,Coldfinger,e10,17-02-2023,Lead,worked,2023-02-17,2023.0,8b+
Rachel Slater,8th Nov 2013,,Coliseum,8a,08-11-2013,Lead,worked,2013-08-11,2013.0,8a
Prudence Morgan-Wood,20th Aug 2022,,Colla D’arreplegats,8b+,20-08-2022,Lead,worked,2022-08-20,2022.0,8b+
Steve Ramsden,11th Jul 2010,,Collateral,e7,11-07-2010,Lead,worked,2010-11-07,2010.0,7c+
Lucy Mitchell,13th May 2024,,Collection Automne Hiver,8b+,13-05-2024,Lead,worked,2024-05-13,2024.0,8b+
Luisa Lovane,1986,,Comeback,8a,19-11-1986,Lead,worked,1986-11-19,1986.0,8a
Mark Edwards,1992,,Comedy Of Errors,e6,19-11-1992,Lead,worked,1992-11-19,1992.0,7b+
Tim Rankin,Apr 2006,,Comfortably Numb,e8,19-04-2006,Lead,worked,2006-04-19,2006.0,8a+
James Squire,6th Mar 2022,,Commitment Issues,e9,06-03-2022,Boulder,worked,2022-06-03,2022.0,8b
Anna Moutney,2021,,Complete Control,8a,19-11-2021,Lead,worked,2021-11-19,2021.0,8a
James Pearson,29th Jul 2020,,Condé De Choc,9a,29-07-2020,Lead,worked,2020-07-29,2020.0,9a
Peter Biven,1954,,Congo Corner,hvs,19-11-1954,Lead,,1954-11-19,1954.0,5b
Jana Švecová,4th Jun 2020,,Conquistador,8b,04-06-2020,Boulder,worked,2020-04-06,2020.0,8b
Patrick Edlinger,,,Consensus,8a+,,Lead,worked,,,8a+
Jankyn Pasquill,1973,,Constables Overhang,e5,19-11-1973,Lead,,1973-11-19,1973.0,7a+
Simon Lorenzi,23rd Dec 2021,,Conviction (du Bas),8b+,23-12-2021,Boulder,worked,2021-12-23,2021.0,8b+
George Ulrich,Nov 2009,,Cool Runnings,e8,19-11-2009,Lead,worked,2009-11-19,2009.0,8a+
Ben Bransby,29th Aug 2023,,Cool Water,8b+,29-08-2023,Lead,worked,2023-08-29,2023.0,8b+
Aidan Roberts,Aug 2020,,Copperline,8b+,19-08-2020,Boulder,worked,2020-08-19,2020.0,8b+
Dave MacLeod,2nd Aug 2024,,Core Pain,8c,02-08-2024,Lead,worked,2024-02-08,2024.0,8c
Alison Monks,13th Sep 2014,,Coronary Bypass,7c,13-09-2014,Boulder,worked,2014-09-13,2014.0,7c
Chris Bonington,1965,,Coronation Street,e1,19-11-1965,Lead,onsight,1965-11-19,1965.0,5c
Bentley Beetham,10th Jun 1950,,Corvus,d,10-06-1950,Solo,onsight,1950-10-06,1950.0,d
Anak Verhoeven,Oct 2023,,Cosi Se Arete,9a,19-10-2023,Lead,worked,2023-10-19,2023.0,9a
Paul Robinson,2022,,Cosmic Loneliness,8b+,19-11-2022,Boulder,worked,2022-11-19,2022.0,8b+
Shauna Coxsey,2023,,Cosmic Wheels,7c,19-11-2023,Boulder,flash,2023-11-19,2023.0,7c
Ben Heason,1999,E7 (soft),Counting Pixies,e6,19-11-1999,Lead,worked,1999-11-19,1999.0,7b+
Alain Robert,,,"Courage, Fuyons",7a+,,Solo,worked,,,7a+
Steve Mayers,Oct 1997,,Courting Disaster,e7,19-10-1997,Lead,worked,1997-10-19,1997.0,7c+
Matilda Söderlund,2024,,Crackaholic,e8,19-11-2024,Lead,worked,2024-11-19,2024.0,8a+
Dave MacLeod,1997,,Craigs Wall,e7,19-11-1997,Lead,worked,1997-11-19,1997.0,7c+
Ron Fawcett,1977,,Crème De La Crème,e6,19-11-1977,Lead,,1977-11-19,1977.0,7b+
Isabelle Faus,19th Sep 2020,,Crème De La Crumb Sds,8b+,19-09-2020,Boulder,worked,2020-09-19,2020.0,8b+
Aidan Roberts,Sep 2024,,Crepuscular Days,8b,19-09-2024,Boulder,worked,2024-09-19,2024.0,8b
Aidan Roberts,Sep 2024,,Crepuscular Days Rh,8a+,19-09-2024,Boulder,worked,2024-09-19,2024.0,8a+
Will Bosi,Sep 2022,8B+,Crescendo Sds,8b+,19-09-2022,Boulder,worked,2022-09-19,2022.0,8b+
Ron Fawcett,Apr 1980,,Crimson Cruiser,e5,19-04-1980,Lead,worked,1980-04-19,1980.0,7a+
Ella Russell,5th Sep 2021,,Cringer,8b+,05-09-2021,Lead,worked,2021-05-09,2021.0,8b+
Anna Gilyeat,,,Cross N Angry,8a+,,Lead,worked,,,8a+
Pete Whittaker,Aug 2019,,Crown Duel,e10,19-08-2019,Lead,worked,2019-08-19,2019.0,8b+
Guy Percival,11th Aug 1999,,Crown Of Thorns,e7,11-08-1999,Lead,worked,1999-11-08,1999.0,7c+
Pete Whittaker,Between 23rd Sep 2023 and 28th Sep 2023,,Crown Royale,e11,,Lead,worked,,,8c+
Adam Ondra,2nd Nov 2015,,C.r.s.,9b,02-11-2015,Lead,worked,2015-02-11,2015.0,9b
Dan Varian,2013,,Cruachan,8a+,19-11-2013,Boulder,worked,2013-11-19,2013.0,8a+
Rob Matheson,,,Cruel Sister,e3,,Boulder,,,,6b+
Tim Reuser,8th Sep 2024,8B (soft),Crumble Fish Sds,8b,08-09-2024,Boulder,flash,2024-08-09,2024.0,8b
Steve McClure,5th Nov 2010,,Cruz Diablo,8c+,05-11-2010,Lead,worked,2010-05-11,2010.0,8c+
Alessandro Zeni,May 2020,,Cryptography,9b,19-05-2020,Lead,worked,2020-05-19,2020.0,9b
Ricky Bell,,,Crystal Methods,e8,,Solo,worked,,,8a+
Tyler Landman,2008,,Cullinan,8b,19-11-2008,Boulder,flash,2008-11-19,2008.0,8b
Arnis Strapcans,Jan 1976,,Cumming Round The Mountain,e3,19-01-1976,Lead,onsight,1976-01-19,1976.0,6b+
Neil Gresham,2007,,Cutlass,8a,19-11-2007,Deep Water Solo,ground up,2007-11-19,2007.0,8a
Franco Cookson,15th Oct 2024,,Cwms The Dogfish,8a,15-10-2024,Lead,worked,2024-10-15,2024.0,8a
Ken Palmer,Aug 2001,8a+,Cyberdog,8b,19-08-2001,Lead,worked,2001-08-19,2001.0,8b
John Kirk,,,D7,e5,,Lead,,,,7a+
James Pearson,Apr 2011,,Daddy Cool,e8,19-04-2011,Lead,flash,2011-04-19,2011.0,8a+
Katie Keeley,,,Daddy Cool,8a,,Lead,worked,,,8a
Miles Gibson,26th Sep 2009,,Dangermouse,e9,26-09-2009,Lead,worked,2009-09-26,2009.0,8b
Ignacio Sánchez González,Jun 2022,,Daños Con Laterales,8c+,19-06-2022,Boulder,worked,2022-06-19,2022.0,8c+
Steph Ward,1st Sep 2021,,Dark Energy,8a,01-09-2021,Lead,worked,2021-01-09,2021.0,8a
Jo Neame,18th Oct 2020,,Dark Matter,8b,18-10-2020,Lead,worked,2020-10-18,2020.0,8b
Solly Kemball-Dorey,29th Feb 2024,,Darkness,8a+,29-02-2024,Boulder,flash,2024-02-29,2024.0,8a+
Alan Watts,Mar 1985,,Darkness At Noon,7c+,19-03-1985,Lead,worked,1985-03-19,1985.0,7c+
James McHaffie,May 2016,,Dark Religion,e9,19-05-2016,Lead,worked,2016-05-19,2016.0,8b
Gareth Parry,Apr 2003,,Darwen Weasel,e8,19-04-2003,Lead,worked,2003-04-19,2003.0,8a+
Lucy Mitchell,13th Jan 2024,,Darwin Dans La Cave,8c,13-01-2024,Lead,worked,2024-01-13,2024.0,8c
Pete Livesey,,,Das Kapital,e6,,Lead,worked,,,7b+
Alex Megos,May 2013,,Das Pumpenhausen,8b,19-05-2013,Boulder,worked,2013-05-19,2013.0,8b
Simon Lee,16th Jun 2024,,Daydream,e6,16-06-2024,Lead,worked,2024-06-16,2024.0,7b+
Molly Thompson-Smith,May 2017,,Dead Cant Dance,8a,19-05-2017,Boulder,worked,2017-05-19,2017.0,8a
Katie Lamb,15th Sep 2023,,Deadlift,8b+,15-09-2023,Boulder,worked,2023-09-15,2023.0,8b+
Wolfgang Güllich,1986,,Dead Line,8b,19-11-1986,Lead,worked,1986-11-19,1986.0,8b
Dave Birkett,26th Apr 2003,,Death Arete,e8,26-04-2003,Lead,worked,2003-04-26,2003.0,8a+
Kai Lightner,29th Feb 2024,,Death Of Villains,9a+,29-02-2024,Lead,worked,2024-02-29,2024.0,9a+
Matt Fultz,29th Aug 2024,,Deaths End,8c,29-08-2024,Boulder,worked,2024-08-29,2024.0,8c
Anak Verhoeven,15th Oct 2023,9a+,De Battre Mon Coeur Sest Arrêt,9a,15-10-2023,Lead,worked,2023-10-15,2023.0,9a
Näilé Meignan,Oct 2023,,Déclac,8c+,19-10-2023,Lead,worked,2023-10-19,2023.0,8c+
Dan Varian,Mar 2016,,Deep Space Jam,8b,19-03-2016,Boulder,worked,2016-03-19,2016.0,8b
Austin Purdy,1st May 2024,,Deep Throat,8b,01-05-2024,Boulder,flash,2024-01-05,2024.0,8b
Dani Andrada,13th Sep 2008,,Delincuente Natural (extension),9b,13-09-2008,Lead,worked,2008-09-13,2008.0,9b
Adam Ondra,31st May 2012,,Deltaplane Man Direct,8c+,31-05-2012,Lead,onsight,2012-05-31,2012.0,8c+
Julian Lines,24th Apr 2010,,Demerara,e6,24-04-2010,Solo,worked,2010-04-24,2010.0,7b+
Richard Broomhead,17th Oct 1985,,Demonic Arete,e1,17-10-1985,Solo,,1985-10-17,1985.0,5c
Peter Harding,1949,,Demon Rib,e3,19-11-1949,Lead,worked,1949-11-19,1949.0,6b+
Arthur Dolphin,1940,,Demon Wall,hvs,19-11-1940,Lead,,1940-11-19,1940.0,5b
Holly Murray,16th Jan 2022,,Demon Wall Roof Left Hand,7c,16-01-2022,Boulder,worked,2022-01-16,2022.0,7c
Kim Carrigan,,,Denim,7b+,,Lead,worked,,,7b+
Will Bosi,Sep 2024,,Dente De Tubarão,8b,19-09-2024,Boulder,worked,2024-09-19,2024.0,8b
Will Bosi,Sep 2024,,Dente De Tubarão Low,8b+,19-09-2024,Boulder,worked,2024-09-19,2024.0,8b+
Stevie Haston,2009,,Descente Lolita,9a,19-11-2009,Lead,worked,2009-11-19,2009.0,9a
Dave Sutcliffe,2012,,Detachment Theory,e8,19-11-2012,Lead,worked,2012-11-19,2012.0,8a+
Emma Twyford,7th May 2023,,Deux Mauvais Melons,8b+,07-05-2023,Lead,worked,2023-07-05,2023.0,8b+
Dave Redpath,May 2010,,Devastation Generation,8c,19-05-2010,Lead,worked,2010-05-19,2010.0,8c
James Pearson,2014,,Deverse Royale,8c+,19-11-2014,Lead,worked,2014-11-19,2014.0,8c+
Erwan Legrand,2022,,Dévers Sévère,8c+,19-11-2022,Lead,worked,2022-11-19,2022.0,8c+
Ruth Jenkins,1st Sep 1995,,De Vine,8a,01-09-1995,Lead,worked,1995-01-09,1995.0,8a
Dave McLoughlin,3rd May 2013,,Devolution Into Waddage,8c,03-05-2013,Lead,worked,2013-03-05,2013.0,8c
Craig Devonshire,May 1997,,Devonshire Arms,8b,19-05-1997,Lead,worked,1997-05-19,1997.0,8b
James Squire,9th Feb 2018,,Dexter,8b,09-02-2018,Boulder,worked,2018-09-02,2018.0,8b
Mark Pretty,9th Mar 1993,,Dialetics,8a+,09-03-1993,Lead,worked,1993-09-03,1993.0,8a+
Mark Edwards,1988,,Diamond Life,e7,19-11-1988,Lead,worked,1988-11-19,1988.0,7c+
Eric Hörst,1987,,Diamond Life,7c+,19-11-1987,Lead,worked,1987-11-19,1987.0,7c+
Dave Pegg,2nd Feb 1994,,Dick Van Dyke Goes Ballistic,e7,02-02-1994,Lead,worked,1994-02-02,1994.0,7c+
Tom Randall,15th Aug 2014,,Dina Crac,e9,15-08-2014,Lead,worked,2014-08-15,2014.0,8b
Joe Brown,19th Jun 1966,,Dinosaur,e5,19-06-1966,Lead,onsight,1966-06-19,1966.0,7a+
Daniel Woods,Jun 2019,,Direct Hit,8c,19-06-2019,Boulder,worked,2019-06-19,2019.0,8c
Sonnie Trotter,6th May 2008,,Direquiem,e10,06-05-2008,Lead,worked,2008-06-05,2008.0,8b+
Drew Ruana,16th Apr 2022,,Dire Wolf,8c,16-04-2022,Boulder,worked,2022-04-16,2022.0,8c
Adam Ondra,20th Jul 2018,9b (hard),Disbelief,9b,20-07-2018,Lead,worked,2018-07-20,2018.0,9b
Dan Varian,Sep 2024,,Disco Inferno,8a+,19-09-2024,Boulder,worked,2024-09-19,2024.0,8a+
Drew Ruana,Aug 2022,,Distortion,8c+,19-08-2022,Boulder,worked,2022-08-19,2022.0,8c+
Julian Lines,Jul 2005,,Diuru,e3,19-07-2005,Solo,onsight,2005-07-19,2005.0,6b+
Sébastien Bouin,26th Apr 2022,,Dna,9c,26-04-2022,Lead,worked,2022-04-26,2022.0,9c
John Arran,2001,,Doctor Dolittle,e10,19-11-2001,Lead,worked,2001-11-19,2001.0,8b+
Mark Edwards,1984,,Dog Town,e6,19-11-1984,Lead,,1984-11-19,1984.0,7b+
Natalie Berry,,,Dolce Vita,8a+,,Lead,worked,,,8a+
Ed Drummond,1985,,Don,e4,19-11-1985,Lead,,1985-11-19,1985.0,6c+
Hazel Findlay,22nd Nov 2020,8a+,Donkey Kong,8a+,22-11-2020,Lead,onsight,2020-11-22,2020.0,8a+
Stewart Watson,2012,,Don Pedro,8c+,19-11-2012,Lead,worked,2012-11-19,2012.0,8c+
Heinz Mariacher,1979,,Don Quixote,e2,19-11-1979,Lead,,1979-11-19,1979.0,6a+
Giuliano Cameroni,11th Feb 2022,8B+/8C,Dont Look Up,8b+,11-02-2022,Boulder,worked,2022-11-02,2022.0,8b+
Barnaby Ventham,15th Jan 2012,,Dont Pierdol,8a+,15-01-2012,Boulder,worked,2012-01-15,2012.0,8a+
Ed Drummond,5th Apr 1972,,Dont Slip,e5,05-04-1972,Lead,worked,1972-05-04,1972.0,7a+
Pete Robins,7th Jan 2005,,Do Or Dai,e7,07-01-2005,Lead,worked,2005-07-01,2005.0,7c+
Pete Robins,2011,,Dorsal Stream,8b,19-11-2011,Boulder,worked,2011-11-19,2011.0,8b
Jennifer Wood,12th May 2019,,Do The Lambrini,7b,12-05-2019,Boulder,worked,2019-12-05,2019.0,7b
John Gill,,,Double Clutch,6b,,Boulder,worked,,,6b
Johnny Dawes,1982,,Downhill Racer Direct,7a+,19-11-1982,Boulder,worked,1982-11-19,1982.0,7a+
Mike Lea,May 1999,,Dreadnought,e7,19-05-1999,Lead,worked,1999-05-19,1999.0,7c+
Glenda Huxter,13th May 1999,,Dream The Dhearg Goch,e6,13-05-1999,Lead,,1999-05-13,1999.0,7b+
Osian Parry,Oct 2023,,Dr. Grizzly Superdirect,8a,19-10-2023,Boulder,worked,2023-10-19,2023.0,8a
Tom de Gay,26th Mar 2000,,Drifter,e7,26-03-2000,Lead,worked,2000-03-26,2000.0,7c+
Reini Scherer,1991,,Dschungelfieber,8c+,19-11-1991,Lead,worked,1991-11-19,1991.0,8c+
Will Bosi,3rd Oct 2021,,Dulcifer,8a+,03-10-2021,Boulder,worked,2021-03-10,2021.0,8a+
Ian Vickers,,,Dyer Straits,e8,,Lead,worked,,,8a+
Drew Ruana,30th Mar 2021,,Dystopia,8c,30-03-2021,Boulder,worked,2021-03-30,2021.0,8c
Dan Turner,Sep 2021,,Earn Your Stripes,8a,19-09-2021,Boulder,worked,2021-09-19,2021.0,8a
Rachel Pearce,4th May 2022,,Easel Ee,e7,04-05-2022,Lead,worked,2022-04-05,2022.0,7c+
John Welford,27th Jun 1990,,Eat The Rich,7c,27-06-1990,Lead,worked,1990-06-27,1990.0,7c
Aidan Roberts,Jul 2020,,Ebbing The Flow,8b,19-07-2020,Boulder,worked,2020-07-19,2020.0,8b
John Cohee,22nd May 2021,8C,Ebony And Ivory,8c,22-05-2021,Boulder,worked,2021-05-22,2021.0,8c
Felix Wilkins,14th Oct 2023,,Egyptian Nights,8c+,14-10-2023,Lead,worked,2023-10-14,2023.0,8c+
Pete Whittaker,Aug 2023,,Eigerdosis,e10,19-08-2023,Lead,worked,2023-08-19,2023.0,8b+
Jerry Moffatt,1st Jan 1983,,Ekel,7c+,01-01-1983,Lead,worked,1983-01-01,1983.0,7c+
Ignacio Mulero,Feb 2023,,El Boulder Del Pedal,e10,19-02-2023,Lead,worked,2023-02-19,2023.0,8b+
Karin Magog,2012,,El Capataz Incapaz,8a,19-11-2012,Lead,onsight,2012-11-19,2012.0,8a
Freja Shannon,2022,,Electric Avenue,e8,19-11-2022,Lead,worked,2022-11-19,2022.0,8a+
Florian Wientjes,Nov 2022,,Elemental,8b,19-11-2022,Boulder,worked,2022-11-19,2022.0,8b
Alison Martindale,Jul 2010,,Elite Syncopations,8a,19-07-2010,Lead,worked,2010-07-19,2010.0,8a
Tom Bolger,Between 1st Jan 2024 and 13th Mar 2024,,E.l.l.i.e,9b,,Lead,worked,,,9b
Adam Ondra,12th Nov 2023,9a+/9b,El Maquinista,9a+,12-11-2023,Lead,worked,2023-12-11,2023.0,9a+
Jesse Dufton,2024,,El Matador,e3,19-11-2024,Lead,ground up,2024-11-19,2024.0,6b+
Will Bosi,11th Apr 2017,,El Món De Sofía,8b+,11-04-2017,Lead,flash,2017-11-04,2017.0,8b+
Pablo Zamora,May 2023,,El Proyecto De Tu Vida,8c,19-05-2023,Boulder,worked,2023-05-19,2023.0,8c
Nat Fenech,,,El Rompebragas,8a,,Lead,worked,,,8a
Alex Honnold,15th Jan 2014,,El Sendero Luminoso,7c,15-01-2014,Solo,worked,2014-01-15,2014.0,7c
Jesús Muñoz,15th Dec 2023,,El Sith Elegido,8c,15-12-2023,Boulder,worked,2023-12-15,2023.0,8c
Nalle Hukkataival,2021,,El Tippa Tapa,8c,19-11-2021,Deep Water Solo,worked,2021-11-19,2021.0,8c
Niall Grimes,1991,,Elvis,e3,19-11-1991,Deep Water Solo,,1991-11-19,1991.0,6b+
Rob Mirfin,Aug 2005,,El Zapatistas,8b,19-08-2005,Lead,worked,2005-08-19,2005.0,8b
Isabelle Faus,23rd Oct 2020,8c+/9a,Emasculator,8b+,23-10-2020,Boulder,worked,2020-10-23,2020.0,8b+
Ed Drummond,1975,,Embankment 3,e3,19-11-1975,Boulder,,1975-11-19,1975.0,6b+
Kim Marschner,,,Embrace Gravity,8b+,,Boulder,worked,,,8b+
Nicolai Užnik,16th Mar 2023,,Emotional Landscapes,8c+,16-03-2023,Boulder,worked,2023-03-16,2023.0,8c+
Marco Müller,Oct 2023,,Empainada,8b+,19-10-2023,Deep Water Solo,worked,2023-10-19,2023.0,8b+
Evelyn Dearlove,,,Enchantress,7c,,Boulder,worked,,,7c
Bob Hickish,15th Sep 2011,,Endeavour,8c,15-09-2011,Lead,worked,2011-09-15,2011.0,8c
Andy Earl,2004,,Endless Flight Direct,e8,19-11-2004,Lead,worked,2004-11-19,2004.0,8a+
John Gaskins,Oct 2005,,Endless Nameless,8b,19-10-2005,Boulder,worked,2005-10-19,2005.0,8b
Stephan Vogt,23rd Jun 2023,,End Of Story,8c+,23-06-2023,Boulder,worked,2023-06-23,2023.0,8c+
Dan Varian,Jun 2012,,End Sequence,8b,19-06-2012,Boulder,worked,2012-06-19,2012.0,8b
Ned Feehally,11th Aug 2013,,Enemy Anemone,8b,11-08-2013,Boulder,worked,2013-11-08,2013.0,8b
Molly Thompson-Smith,13th Nov 2024,,Entwash,8a,13-11-2024,Boulder,worked,2024-11-13,2024.0,8a
Noé Looser,4th Aug 2024,,Erntezeit,8c,04-08-2024,Lead,worked,2024-04-08,2024.0,8c
Daniel Woods,19th Jul 2018,,Eskimo Brothers,8b,19-07-2018,Boulder,flash,2018-07-19,2018.0,8b
Chris Savage,2nd Nov 2009,,Espacio Oceano,8c+,02-11-2009,Lead,worked,2009-02-11,2009.0,8c+
Lucy Mitchell,25th Mar 2024,,Et Dieu Créa Houellebecq,8a,25-03-2024,Lead,flash,2024-03-25,2024.0,8a
Dave Graham,20th Apr 2022,8C+,Euclase,8c+,20-04-2022,Boulder,worked,2022-04-20,2022.0,8c+
Wendy Coles,,,Eurofighter,8b,,Lead,worked,,,8b
Jonathan Siegrest,18th May 2022,9b,Event Horizon,9b,18-05-2022,Lead,worked,2022-05-18,2022.0,9b
Andy Lamb,Feb 2024,,Event Horizon,8c+,19-02-2024,Boulder,worked,2024-02-19,2024.0,8c+
Chris Sharma,,,Evilution To The Lip,7c+,,Boulder,worked,,,7c+
Stefano Ghisolfi,3rd Feb 2023,9b+,Excalibur,9b+,03-02-2023,Lead,worked,2023-03-02,2023.0,9b+
James Pearson,2012,,Excalibur,8c+,19-11-2012,Lead,worked,2012-11-19,2012.0,8c+
Dani Fuertes,Oct 2022,,Excelsior,9a+,19-10-2022,Lead,worked,2022-10-19,2022.0,9a+
Alexis Perry,6th Mar 2016,,Exclamation Mark,e9,06-03-2016,Lead,worked,2016-06-03,2016.0,8b
Pete Gomersall,1985,,Exponential Exhaustion,e7,19-11-1985,Lead,worked,1985-11-19,1985.0,7c+
Rhoslyn Frugtniet,11th Aug 2018,,Face De Rat,8a+,11-08-2018,Lead,flash,2018-11-08,2018.0,8a+
Pete Livesey,Oct 1971,,Face Route,e3,19-10-1971,Lead,worked,1971-10-19,1971.0,6b+
Molly Thompson-Smith,13th Nov 2024,,Fake Pamplemousse,8a,13-11-2024,Boulder,worked,2024-11-13,2024.0,8a
Sam Rothstein,3rd Mar 2024,,Fallen Angel,8b+,03-03-2024,Boulder,worked,2024-03-03,2024.0,8b+
Cédric Lachat,May 2023,,Fantasia,9b,19-05-2023,Lead,worked,2023-05-19,2023.0,9b
Adam Ondra,1st Oct 2023,,Fantazija,9a+,01-10-2023,Lead,worked,2023-01-10,2023.0,9a+
Iain Small,,,Farewell To Arms,e8,,Lead,worked,,,8a+
Mark Edwards,1993,,Farewell To Stone,e5,19-11-1993,Lead,,1993-11-19,1993.0,7a+
Loïc Zehani,24th Nov 2023,,Faster And More Furious,9a+,24-11-2023,Lead,worked,2023-11-24,2023.0,9a+
Delaney Miller,19th Sep 2024,,Fat Camp,9a,19-09-2024,Lead,worked,2024-09-19,2024.0,9a
John Bachar,1985,,Father Figure,7c+,19-11-1985,Solo,worked,1985-11-19,1985.0,7c+
Crispin Waddy,8th Sep 1986,,Fathoms,6b,08-09-1986,Deep Water Solo,onsight,1986-08-09,1986.0,6b
Nia Fletcher,11th Mar 2018,,Fat Lady,8a+,11-03-2018,Boulder,worked,2018-11-03,2018.0,8a+
Will Smith,11th Oct 2017,,Fat Lip Sds,8b,11-10-2017,Boulder,worked,2017-11-10,2017.0,8b
Seb Grieve,3rd Dec 1997,,Fat Slapper,e7,03-12-1997,Lead,worked,1997-03-12,1997.0,7c+
Pat Littlejohn,16th May 1986,,Fay,e4,16-05-1986,Lead,,1986-05-16,1986.0,6c+
Mike Weeks,1999,,Feeding The Pony,e8,19-11-1999,Lead,worked,1999-11-19,1999.0,8a+
Ian Parnell,1996,,Feed Your Head (eclipsed),e7,19-11-1996,Solo,worked,1996-11-19,1996.0,7c+
Peter Biven,,,Ferryboat Highway,hvs,,Solo,,,,5b
Dave Bailey,25th Jan 1978,,Fiddler On The Dole,e1,25-01-1978,Lead,onsight,1978-01-25,1978.0,5c
Ben Moon,20th Jun 2020,,Fifth Dimension,8b+,20-06-2020,Lead,worked,2020-06-20,2020.0,8b+
Alex Megos,14th Aug 2016,,Fight Club,9b,14-08-2016,Lead,worked,2016-08-14,2016.0,9b
Dave MacLeod,Sep 2012,,Fight The Feeling,9a,19-09-2012,Lead,worked,2012-09-19,2012.0,9a
Ben Heason,5th Nov 2003,,Final Destination,e8,05-11-2003,Lead,worked,2003-05-11,2003.0,8a+
Neil Gresham,Sep 2020,,Final Score,e10,19-09-2020,Lead,worked,2020-09-19,2020.0,8b+
Danielle Abbey,25th Feb 2021,,Fine Beta,7c,25-02-2021,Boulder,worked,2021-02-25,2021.0,7c
Steve McClure,8th Jul 2010,,Finest Pedigree,9a+,08-07-2010,Boulder,worked,2010-08-07,2010.0,9a+
Sera Gearhart,30th Dec 2023,,Fingerslut,8b,30-12-2023,Lead,worked,2023-12-30,2023.0,8b
Dave Redpath,20th May 2007,,Fire Power,8b,20-05-2007,Lead,worked,2007-05-20,2007.0,8b
Ned Feehally,12th Sep 2020,,Firestarter,8b+,12-09-2020,Boulder,worked,2020-12-09,2020.0,8b+
Julian Lines,Aug 1995,,Firestone,e7,19-08-1995,Boulder,,1995-08-19,1995.0,7c+
Adam Ondra,5th Jul 2018,,First Flight,8c+,05-07-2018,Lead,onsight,2018-05-07,2018.0,8c+
Steve McClure,Sep 2020,,Fixation,8c+,19-09-2020,Lead,worked,2020-09-19,2020.0,8c+
Andy Pollitt,1983,,Flash Dance,e5,19-11-1983,Lead,worked,1983-11-19,1983.0,7a+
Julian Lines,22nd Aug 2004,,Flawless,e8,22-08-2004,Lead,worked,2004-08-22,2004.0,8a+
Alex Barrows,17th Aug 2024,,Fleeting Youth,8c+,17-08-2024,Boulder,worked,2024-08-17,2024.0,8c+
Niall Grimes,1992,,Flesh,e5,19-11-1992,Boulder,,1992-11-19,1992.0,7a+
Molly Thompson-Smith,19th Mar 2022,,Flick Of The Wrist,7c+,19-03-2022,Boulder,flash,2022-03-19,2022.0,7c+
Simon Jones,11th Apr 1994,,Flight Of Ideas,e6,11-04-1994,Lead,worked,1994-11-04,1994.0,7b+
Mia Stacey,19th Feb 2015,,Flix Flax,8a+,19-02-2015,Lead,worked,2015-02-19,2015.0,8a+
Chevy Crespo,,,Flor De Papel,8c,,Lead,worked,,,8c
Eli Hardie Howes,5th May 2017,,Florida,8c,05-05-2017,Lead,worked,2017-05-05,2017.0,8c
Holly Murray,29th Sep 2020,,Flow,8a+,29-09-2020,Lead,worked,2020-09-29,2020.0,8a+
Franco Cookson,13th Apr 2014,,Fly Agaric,e8,13-04-2014,Lead,worked,2014-04-13,2014.0,8a+
Claire Bell,Apr 2002,,Flying Marcel,8a,19-04-2002,Boulder,worked,2002-04-19,2002.0,8a
Jerry Moffatt,15th Jul 1983,,Foil,e3,15-07-1983,Solo,repeat,1983-07-15,1983.0,6b+
Barnaby Ventham,15th Jun 2014,,Font Blues,8b,15-06-2014,Boulder,worked,2014-06-15,2014.0,8b
Eric Hörst,Between 1st Apr 1981 and 30th Apr 1981,,Foops,6c+,,Lead,worked,,,6c+
Pete Livesey,19th Apr 1974,,Footless Crow,e6,19-04-1974,Lead,worked,1974-04-19,1974.0,7b+
Eric Jerome,7th Oct 2022,8B+/8C,Forever Endeavor,8c,07-10-2022,Boulder,worked,2022-07-10,2022.0,8c
Shauna Coxsey,5th Nov 2023,,Forever More Sds,8a+,05-11-2023,Boulder,worked,2023-05-11,2023.0,8a+
Jesse Dufton,2020,,Forked Lightning Crack,e2,19-11-2020,Lead,onsight,2020-11-19,2020.0,6a+
Andy Pollitt,29th Apr 1984,,For Whom The Bell Tolls,e6,29-04-1984,Lead,worked,1984-04-29,1984.0,7b+
Gordon Lennox,31st May 2022,,Frankenstein,8c+,31-05-2022,Lead,worked,2022-05-31,2022.0,8c+
Matt Helliker,Aug 2024,,Frayed Ends Of Sanity,e8,19-08-2024,Lead,worked,2024-08-19,2024.0,8a+
Tyler Landman,,,Freak Brothers,8a,,Boulder,worked,,,8a
Ben Bransby,1999,,Fred Zinnerman,e6,19-11-1999,Lead,worked,1999-11-19,1999.0,7b+
Al Manson,,,Fred Zinnerman (with Bolt),e4,,Lead,,,,6c+
Lucy Mitchell,9th Apr 2024,,Free Fight Intégral,8c,09-04-2024,Lead,worked,2024-09-04,2024.0,8c
Tom Bolger,21st Feb 2021,9a/9a+,Frenesí,9a,21-02-2021,Lead,worked,2021-02-21,2021.0,9a
Allan Austin,14th Apr 1957,,Frensis Direct,e1,14-04-1957,Lead,,1957-04-14,1957.0,5c
Julian Lines,1992,,Friends Will Be Friends,e6,19-11-1992,Lead,worked,1992-11-19,1992.0,7b+
Mina Leslie-Wujastyk,12th Nov 2009,,Frogger,8a,12-11-2009,Boulder,worked,2009-12-11,2009.0,8a
Micky Page,27th Nov 2010,,From Dirt Grows The Flowers (left),8b+,27-11-2010,Boulder,worked,2010-11-27,2010.0,8b+
Will Perrin,2000,,Fruit Of The Gloom,e6,19-11-2000,Lead,onsight,2000-11-19,2000.0,7b+
Leah Crane,7th Apr 2010,,Fuerte A Muerte,7c+,07-04-2010,Boulder,worked,2010-07-04,2010.0,7c+
Adam Ondra,20th Sep 2009,,Fugu,9a,20-09-2009,Lead,worked,2009-09-20,2009.0,9a
Ben Bransby,Aug 2015,,Full Empire,8c,19-08-2015,Lead,worked,2015-08-19,2015.0,8c
Emma Twyford,22nd Oct 2010,,Fun De Chichunne,8a,22-10-2010,Lead,onsight,2010-10-22,2010.0,8a
Jennifer Wood,10th Nov 2020,,Gaia,8b,10-11-2020,Lead,worked,2020-10-11,2020.0,8b
Kevin Lopata,21st Sep 2012,,Galaxy,8c+,21-09-2012,Lead,worked,2012-09-21,2012.0,8c+
Jessica Pilz,5th Oct 2023,,Gambit,8c+,05-10-2023,Lead,worked,2023-05-10,2023.0,8c+
Daniel Fisher,,,Gandalf The Grey,8b,,Boulder,flash,,,8b
Elias Iagnemma,2nd Feb 2022,,Ganesh,8c+,02-02-2022,Boulder,worked,2022-02-02,2022.0,8c+
Stewart Watson,2012,,Ganesha,8c,19-11-2012,Lead,worked,2012-11-19,2012.0,8c
Orrin Coley,Apr 2022,,Ganymede Takeover Sds,8b,19-04-2022,Boulder,worked,2022-04-19,2022.0,8b
Jankyn Pasquill,1969,,Gates Of Mordor,e3,19-11-1969,Boulder,,1969-11-19,1969.0,6b+
Drew Ruana,2023,,Gateway,8c,19-11-2023,Boulder,worked,2023-11-19,2023.0,8c
Martin Keller,Oct 2023,,Gateway,8c+,19-10-2023,Boulder,worked,2023-10-19,2023.0,8c+
Jimmy Webb,Mar 2019,,Gateway (pre Break),8b+,19-03-2019,Boulder,worked,2019-03-19,2019.0,8b+
Julien Nadiras,,,Gecko,8a+,,Boulder,worked,,,8a+
Vita Lukan,15th Oct 2021,,Géminis,8b+,15-10-2021,Lead,onsight,2021-10-15,2021.0,8b+
Dougie Hall,1984,,General Incompetence,e7,19-11-1984,Lead,worked,1984-11-19,1984.0,7c+
Jerry Moffatt,1983,,Genocide,e6,19-11-1983,Lead,worked,1983-11-19,1983.0,7b+
Mark Hundleby,24th Mar 1999,,Gettin Kinda Squirrelly,e6,24-03-1999,Lead,worked,1999-03-24,1999.0,7b+
Giuliano Cameroni,,,Geyser Sound,8b,,Boulder,worked,,,8b
Diego Cameroni,30th Mar 2019,,Geyser Sound (jump Start),8a,30-03-2019,Boulder,worked,2019-03-30,2019.0,8a
Benn Wheeler,,,Ghost Circles,8b+,,Boulder,worked,,,8b+
Lucy Creamer,1999,,Ghost Train,e6,19-11-1999,Lead,onsight,1999-11-19,1999.0,7b+
Jordana Agapito,7th Sep 2024,,Gigante Pela Propria Natureza,8c,07-09-2024,Lead,worked,2024-07-09,2024.0,8c
Adam Ondra,20th Jul 2016,,Gimmel Express,8c+,20-07-2016,Lead,onsight,2016-07-20,2016.0,8c+
Dave MacLeod,24th Mar 2016,,Gimme That Swing,8b,24-03-2016,Boulder,worked,2016-03-24,2016.0,8b
Ken Palmer,2000,,Ginger Pom,7c,19-11-2000,Lead,worked,2000-11-19,2000.0,7c
Adam Lincoln,18th Apr 2023,,Ginourmous,e8,18-04-2023,Lead,worked,2023-04-18,2023.0,8a+
Craig Smith,25th Jun 1986,,Gin Palace,7c,25-06-1986,Lead,worked,1986-06-25,1986.0,7c
Florian Schmalzl,15th Dec 2017,,Gioia Stand,8b,15-12-2017,Boulder,flash,2017-12-15,2017.0,8b
Nico Pelorson,Sep 2023,,Girafunk,8b,19-09-2023,Boulder,worked,2023-09-19,2023.0,8b
Will Bosi,Sep 2023,,Giuliano,8b,19-09-2023,Boulder,worked,2023-09-19,2023.0,8b
Richard Broomhead,27th Jun 2002,,Glacial Point,e4,27-06-2002,Lead,worked,2002-06-27,2002.0,6c+
Mike Robertson,1998,,Gluteas Maximus,7a+,19-11-1998,Lead,,1998-11-19,1998.0,7a+
Rachel Carr,,,God Save My Finger,8a,,Boulder,worked,,,8a
Guy Percival,26th Nov 1999,,God The Rock,e8,26-11-1999,Lead,worked,1999-11-26,1999.0,8a+
Tom Peckitt,,,Godzilla,8a,,Boulder,worked,,,8a
Iain Small,,,Go Hard Go Early,e8,,Lead,worked,,,8a+
Toby Saxton,28th Jul 2017,,Golden Daze,8c,28-07-2017,Boulder,worked,2017-07-28,2017.0,8c
Jan Hojer,25th Jul 2015,,Golden Gate,8b,25-07-2015,Boulder,flash,2015-07-25,2015.0,8b
Bill Wayman,28th Oct 1982,,Gold Rush,e6,28-10-1982,Lead,worked,1982-10-28,1982.0,7b+
Graham Hoey,,,Goliaths Groove,hvs,,Lead,worked,,,5b
Silvia Fitzpatrick,,,Golpe De Calor,8b,,Lead,worked,,,8b
Prudence Morgan-Wood,13th Feb 2024,,Golpe De Gas,8b,13-02-2024,Lead,worked,2024-02-13,2024.0,8b
Simon Jones,24th Apr 1994,,Gom Jabbar,e8,24-04-1994,Lead,worked,1994-04-24,1994.0,8a+
Simon Nadin,May 1987,,Gonads,8a+,19-05-1987,Lead,worked,1987-05-19,1987.0,8a+
Dave Cuthbertson,1982,,Gone With The Wind,e7,19-11-1982,Lead,worked,1982-11-19,1982.0,7c+
Glenda Huxter,9th Sep 1996,,Goodbye Ruby Tuesday,e5,09-09-1996,Lead,,1996-09-09,1996.0,7a+
Will Bosi,7th Feb 2023,8B,Graceland,8b+,07-02-2023,Boulder,flash,2023-07-02,2023.0,8b+
Vicki Hau,,,Gracias Fina,8a,,Lead,worked,,,8a
Pete Whittaker,5th Jan 2008,,Grandads Slab,e7,05-01-2008,Lead,worked,2008-05-01,2008.0,7c+
Pete Gomersall,,,Grand Alliance,e4,,Lead,onsight,,,6c+
Laura Rogora,28th Feb 2016,,Grandi Gesti,9a,28-02-2016,Lead,worked,2016-02-28,2016.0,9a
Thea Cameron,20th Nov 2019,,Grand Opera,7c+,20-11-2019,Boulder,worked,2019-11-20,2019.0,7c+
Alex Barrows,10th Jan 2019,,Gravity,8b+,10-01-2019,Lead,flash,2019-10-01,2019.0,8b+
Tom Proctor,1975,,Great Arête,e5,19-11-1975,Lead,,1975-11-19,1975.0,7a+
Arthur Dolphin,19th Sep 1943,,Great Western,hvs,19-09-1943,Lead,,1943-09-19,1943.0,5b
Garth Miller,2000,,Grey Area,8c,19-11-2000,Lead,worked,2000-11-19,2000.0,8c
Crispin Waddy,28th Jun 2024,,Grimsvotn,e6,28-06-2024,Lead,worked,2024-06-28,2024.0,7b+
Adam Ondra,15th Aug 2024,,Grizzly,8b,15-08-2024,Boulder,flash,2024-08-15,2024.0,8b
Neil Gresham,31st Aug 1998,,Groove Rider,e7,31-08-1998,Lead,worked,1998-08-31,1998.0,7c+
John Thornton,25th May 2019,,Groovyfied,8c,25-05-2019,Lead,worked,2019-05-25,2019.0,8c
Al Williams,,,G Thang,6b+,,Boulder,worked,,,6b+
Arnis Strapcans,30th Mar 1976,,G.t. Special,e4,30-03-1976,Lead,onsight,1976-03-30,1976.0,6c+
Bob Smith,Aug 1985,,Guadaloupe,7c,19-08-1985,Lead,onsight,1985-08-19,1985.0,7c
Iker Pou,Feb 2021,,Guggen Hell,9a+,19-02-2021,Lead,worked,2021-02-19,2021.0,9a+
Iker Pou,2015,,Guiris Go Home,8c,19-11-2015,Lead,onsight,2015-11-19,2015.0,8c
Richard Broomhead,Jun 1980,,Gundabad,e1,19-06-1980,Lead,,1980-06-19,1980.0,5c
Tom Bolger,15th May 2012,,Gypsy Blood,8c+,15-05-2012,Lead,worked,2012-05-15,2012.0,8c+
Eva Hammelmüller,27th Oct 2024,,Hades,9a,27-10-2024,Lead,worked,2024-10-27,2024.0,9a
Robbie Phillips,24th May 2014,,Haggisaurus Rex,8c,24-05-2014,Lead,worked,2014-05-24,2014.0,8c
Brad Gobright,Nov 2015,,Hairstyles And Attitudes,e6,19-11-2015,Solo,worked,2015-11-19,2015.0,7b+
Pete Oxley,12th Jun 2005,,Haka Pereperu,8a+,12-06-2005,Lead,worked,2005-12-06,2005.0,8a+
Michaela Tracy,,,Halcyon,8a,,Boulder,worked,,,8a
Moritz Welt,23rd Nov 2021,,Half Life,8c,23-11-2021,Boulder,worked,2021-11-23,2021.0,8c
Malcolm Smith,,,Halfway House,8a,,Boulder,worked,,,8a
Ron Fawcett,11th Apr 1980,,Hall Of Warriors,e5,11-04-1980,Lead,worked,1980-11-04,1980.0,7a+
Milan Sykora,1990,,Halloween,8b,19-11-1990,Lead,worked,1990-11-19,1990.0,8b
Kazuma Ise,19th Dec 2021,8C+,Hallucination,8c+,19-12-2021,Boulder,worked,2021-12-19,2021.0,8c+
Dai Koyamada,17th Dec 2003,,Hallucination (pre Break),8b+,17-12-2003,Boulder,worked,2003-12-17,2003.0,8b+
Mina Markovic,Jul 2020,,Halupca 1979,9a,19-07-2020,Lead,worked,2020-07-19,2020.0,9a
Arnis Strapcans,Aug 1974,,Hammer,hvs,19-08-1974,Lead,onsight,1974-08-19,1974.0,5b
Chris Hamper,1980s,,Hampers Hang,7a+,19-11-2024,Boulder,worked,2024-11-19,2024.0,7a+
Joe Brown,18th May 1951,,Hangover,e1,18-05-1951,Lead,onsight,1951-05-18,1951.0,5c
Lis Espin,,,Hang Ten,8a,,Lead,worked,,,8a
Jankyn Pasquill,,,Hanks Wall,7a+,,Boulder,worked,,,7a+
Kay Bain,2019,,Hannibal,7c,19-11-2019,Boulder,worked,2019-11-19,2019.0,7c
Tanguy Merard,9th Apr 2024,,Hannigraal,9b,09-04-2024,Lead,worked,2024-09-04,2024.0,9b
Klem Loskot,1996,,Hantillo,9a,19-11-1996,Lead,worked,1996-11-19,1996.0,9a
Christof Rauch,14th Nov 2018,,Happy Idiot,8b+,14-11-2018,Boulder,worked,2018-11-14,2018.0,8b+
Will Bosi,Jul 2024,,Harambe,8b+,19-07-2024,Boulder,worked,2024-07-19,2024.0,8b+
Tom Proctor,1977,,Hard Cheddar,e5,19-11-1977,Boulder,,1977-11-19,1977.0,7a+
Craig Matheson,28th May 2021,,Hard Cheese,e10,28-05-2021,Lead,worked,2021-05-28,2021.0,8b+
Hazel Findlay,Mar 2024,,Hard Crit,8a,19-03-2024,Lead,onsight,2024-03-19,2024.0,8a
Loïc Zehani,23rd Sep 2022,,Harlem,9b,23-09-2022,Lead,worked,2022-09-23,2022.0,9b
Ryan Sklenica,4th Aug 2023,,Hartkäse,9a+,04-08-2023,Lead,worked,2023-04-08,2023.0,9a+
James Squire,27th Mar 2018,,Hartless,8b,27-03-2018,Boulder,worked,2018-03-27,2018.0,8b
Elliot Verry,17th Jan 2024,,Hatch Armstrong,8b+,17-01-2024,Boulder,worked,2024-01-17,2024.0,8b+
Stevie Haston,Aug 1984,,Heading The Shot,e5,19-08-1984,Boulder,,1984-08-19,1984.0,7a+
Peter Biven,1956,,Hearse Arête,e1,19-11-1956,Boulder,,1956-11-19,1956.0,5c
Dave Pegg,,,Heart Beat City,e8,,Lead,worked,,,8a+
Steve Bancroft,1975,,Heartless Hare,e5,19-11-1975,Lead,worked,1975-11-19,1975.0,7a+
Dave Sutcliffe,Apr 2004,,Heaven In Your Hands,7c,19-04-2004,Boulder,worked,2004-04-19,2004.0,7c
Gary Gibson,1st Jun 1991,,Heaven Or Hell,e5,01-06-1991,Lead,worked,1991-01-06,1991.0,7a+
Alan Watts,Apr 1984,,Heinous Cling,7b+,19-04-1984,Lead,worked,1984-04-19,1984.0,7b+
Crispin Waddy,23rd Jul 1992,,Heinous Flytrap,e7,23-07-1992,Lead,worked,1992-07-23,1992.0,7c+
Nathan Phillips,7th Nov 2023,,Helicopters On Beaches,8b,07-11-2023,Boulder,worked,2023-07-11,2023.0,8b
Jennifer Wood,7th Jun 2020,,Hellebore,7c,07-06-2020,Boulder,worked,2020-07-06,2020.0,7c
Aidan Roberts,2024,8B/8B+,Hell Is Empty And All The Devils Are Here,8b,19-11-2024,Boulder,worked,2024-11-19,2024.0,8b
Paul Higginson,,,Higgs Problem,7b,,Boulder,worked,,,7b
Mark Katz,8th Aug 2020,,Higgs Problem Sds,7c+,08-08-2020,Boulder,worked,2020-08-08,2020.0,7c+
Dave MacLeod,2023,,Highbrow,e8,19-11-2023,Lead,worked,2023-11-19,2023.0,8a+
Ivar Berg,1914,,High Neb Buttress,vs,19-11-1914,Solo,worked,1914-11-19,1914.0,5a
Allan Austin,17th Jun 1956,,High Street,e3,17-06-1956,Solo,,1956-06-17,1956.0,6b+
Bob Smith,1979,,High Tide,e5,19-11-1979,Solo,,1979-11-19,1979.0,7a+
Tom Bolger,5th Nov 2021,,Hiperkinetico,8c+,05-11-2021,Lead,worked,2021-05-11,2021.0,8c+
Bob Smith,,,His Eminence,e4,,Solo,ground up,,,6c+
Natalija Gros,26th Mar 2008,,Histerija,8c+,26-03-2008,Lead,worked,2008-03-26,2008.0,8c+
Shauna Coxsey,,,Hitchhikers Direct Sds,7c+,,Boulder,worked,,,7c+
Dan Varian,2014,,Hobbie Noble,8b,19-11-2014,Boulder,worked,2014-11-19,2014.0,8b
Dave MacLeod,Dec 2002,,Hold Fast,e9,19-12-2002,Lead,worked,2002-12-19,2002.0,8b
Cliff Phillips,28th May 1984,,"Holy, Holy, Holy",e2,28-05-1984,Lead,,1984-05-28,1984.0,6a+
Ian Vickers,,,Homegrown,8a+,,Lead,onsight,,,8a+
Miles Gibson,15th Jun 2003,,Homeless,e8,15-06-2003,Lead,worked,2003-06-15,2003.0,8a+
Aidan Roberts,Sep 2021,,Home Sds,8b+,19-09-2021,Boulder,worked,2021-09-19,2021.0,8b+
Will Bosi,10th Aug 2022,8C+ (hard),Honey Badger,8c+,10-08-2022,Boulder,worked,2022-10-08,2022.0,8c+
Josune Bereziartu,Apr 1998,,Honky Tonky,8c,19-04-1998,Lead,worked,1998-04-19,1998.0,8c
Mike Doyle,20th Aug 2022,,Honour And Glory,8c+,20-08-2022,Lead,worked,2022-08-20,2022.0,8c+
Mark Edwards,2001,,Hookers Haven,e8,19-11-2001,Lead,worked,2001-11-19,2001.0,8a+
Emily Daniell,14th Aug 1915,,Hope,vd,14-08-1915,Lead,onsight,1915-08-14,1915.0,4a
Joe Healey,1985,,Horror Arete,6c,19-11-1985,Lead,,1985-11-19,1985.0,6c
Randy Leavitt,,,Horse Latitudes,8b+,,Lead,worked,,,8b+
Dan Varian,2021,,Hot Shots,8b,19-11-2021,Boulder,worked,2021-11-19,2021.0,8b
Aidan Roberts,Sep 2024,,House Of Rats,8b,19-09-2024,Boulder,worked,2024-09-19,2024.0,8b
James McHaffie,Apr 2016,,House Of Talons,e9,19-04-2016,Lead,worked,2016-04-19,2016.0,8b
John Hadfield,Aug 1957,,Hubris,e5,19-08-1957,Aid,worked,1957-08-19,1957.0,7a+
Alex Megos,Aug 2023,,Hulefesten,8b,19-08-2023,Boulder,flash,2023-08-19,2023.0,8b
Molly Thompson-Smith,10th Apr 2021,,Hulk,7c+,10-04-2021,Boulder,flash,2021-10-04,2021.0,7c+
Royal Robbins,Jun 1952,,Human Fright,e1,19-06-1952,Boulder,,1952-06-19,1952.0,5c
Tom O'Halloran,8th Aug 2023,9a+,Hump Of Trouble,9a+,08-08-2023,Lead,worked,2023-08-08,2023.0,9a+
Mick Fowler,1977,,Hurricane,e5,19-11-1977,Lead,,1977-11-19,1977.0,7a+
James Pearson,2013,,Hydrophobie,8c+,19-11-2013,Lead,worked,2013-11-19,2013.0,8c+
Neil Gresham,Aug 2011,,Hydrotherapy,8a+,19-08-2011,Deep Water Solo,worked,2011-08-19,2011.0,8a+
Si O'Conor,Before 1st Jan 2005,,Hyperballad,8b+,,Boulder,worked,,,8b+
Jean-Pierre Ouellet,,,Hypoténuse,8a+,,Lead,worked,,,8a+
Jacky Godoffe,,,Hypothèse,7c+,,Boulder,worked,,,7c+
Charles Albert,Dec 2018,,Hypothèse Assis,8c+,19-12-2018,Boulder,worked,2018-12-19,2018.0,8c+
Glenda Huxter,1999,,I Am Curious Yellow,e6,19-11-1999,Lead,worked,1999-11-19,1999.0,7b+
Heather Weidner,19th Jun 2023,,I Am The Walrus,8b+,19-06-2023,Lead,worked,2023-06-19,2023.0,8b+
Helen Dudley,,,Iceberg (aller Retour),7c+,,Boulder,worked,,,7c+
Julian Lines,Jun 2003,,Icon Of Lust,e8,19-06-2003,Lead,worked,2003-06-19,2003.0,8a+
Karoline Sinnhuber,18th Aug 2024,,Idée Fixe,8c,18-08-2024,Lead,worked,2024-08-18,2024.0,8c
Toby Saxton,6th Jul 2019,,Iechyd Da,8c,06-07-2019,Boulder,worked,2019-06-07,2019.0,8c
Dave Birkett,2001,,I Got Horribly Sober,8b,19-11-2001,Lead,worked,2001-11-19,2001.0,8b
Andrea Locatelli,6th Jan 2024,,Il Bombarolo,8c+,06-01-2024,Lead,worked,2024-06-01,2024.0,8c+
Ned Feehally,8th Nov 2017,,Ill Behaviour,8b,08-11-2017,Boulder,worked,2017-08-11,2017.0,8b
Arnis Strapcans,30th Mar 1974,,Illegal Eagle,e3,30-03-1974,Lead,onsight,1974-03-30,1974.0,6b+
John Gaskins,Feb 2004,,Il Pirata,8c,19-02-2004,Boulder,worked,2004-02-19,2004.0,8c
Ron Fawcett,7th May 1982,,Imminent Crisis,e5,07-05-1982,Lead,worked,1982-07-05,1982.0,7a+
Julien Nadiras,,,Imothep,8a,,Boulder,worked,,,8a
Arlo Rogers,23rd May 2024,,Importunity,8c,23-05-2024,Lead,worked,2024-05-23,2024.0,8c
Jerry Peel,,,Impossible Slab,e3,,Lead,onsight,,,6b+
John Gaskins,,,Impossible Slab,8b,,Boulder,worked,,,8b
Esther Foster,15th May 2023,,Impropa Opera Sds,8a,15-05-2023,Boulder,worked,2023-05-15,2023.0,8a
Flinn Mcinerney,26th Oct 2024,,Impropa Sit Propera,8b+,26-10-2024,Boulder,worked,2024-10-26,2024.0,8b+
Ian Cummins,1987,,Inclination,e5,19-11-1987,Boulder,,1987-11-19,1987.0,7a+
Dave Sutcliffe,22nd Feb 2022,,Index,8a,22-02-2022,Boulder,worked,2022-02-22,2022.0,8a
John Allen,1986,,Indian Summer,e6,19-11-1986,Lead,worked,1986-11-19,1986.0,7b+
Nalle Hukkataival,2012,8B,Industry Of Cool,8a+,19-11-2012,Boulder,worked,2012-11-19,2012.0,8a+
Adam Ondra,1st Oct 2023,,Inferno Do Vrha,8c,01-10-2023,Lead,onsight,2023-01-10,2023.0,8c
Alice Thompson,28th Apr 2024,,Infinite Suspense,7c+,28-04-2024,Boulder,worked,2024-04-28,2024.0,7c+
John Gaskins,2006,,Information Highway Revisited,7c+,19-11-2006,Boulder,worked,2006-11-19,2006.0,7c+
Eric Rayson,1960,,Inkerman Groove,vs,19-11-1960,Boulder,,1960-11-19,1960.0,5a
Dave Cuthbertson,1981,,In Loving Memory,e6,19-11-1981,Boulder,,1981-11-19,1981.0,7b+
Stewart Watson,1st Jan 2004,,In Memo Reini,8c,01-01-2004,Lead,worked,2004-01-01,2004.0,8c
Hugh Banner,1958,,Insanity,e2,19-11-1958,Lead,,1958-11-19,1958.0,6a+
Pete Chadwick,Jun 2005,,Insomnia,8b,19-06-2005,Lead,worked,2005-06-19,2005.0,8b
Ignacio Sánchez González,3rd Apr 2012,,Insomnio,8c,03-04-2012,Boulder,worked,2012-03-04,2012.0,8c
Mike Robertson,Jul 2003,,Instant Black,7b,19-07-2003,Boulder,,2003-07-19,2003.0,7b
Adam Ondra,14th Nov 2019,,Intensitos,8b,14-11-2019,Boulder,worked,2019-11-14,2019.0,8b
Michael Duffy,,,Intergalactic,8b,,Boulder,worked,,,8b
Elle Partington,19th Aug 2020,,Intermezzo,7c,19-08-2020,Boulder,worked,2020-08-19,2020.0,7c
Frank Cannings,,,Interrogation,e3,,Boulder,,,,6b+
James Squire,9th Dec 2021,,Interstellar Sds,8b,09-12-2021,Boulder,worked,2021-09-12,2021.0,8b
Paul Robinson,15th Jul 2014,,In The Depths Of Solitude,8c,15-07-2014,Boulder,worked,2014-07-15,2014.0,8c
Neil Travers,,,In The Flick Of Time,7c,,Boulder,worked,,,7c
Paul Pritchard,27th Apr 1987,,I Ran The Bath,e7,27-04-1987,Lead,worked,1987-04-27,1987.0,7c+
Austin Purdy,4th Jul 2024,,Iris,8b+,04-07-2024,Boulder,worked,2024-04-07,2024.0,8b+
Laura Rogora,24th Sep 2021,,Iron Man,9a,24-09-2021,Lead,worked,2021-09-24,2021.0,9a
Alex Puccio,2nd Oct 2023,,Irreversible,8b,02-10-2023,Boulder,worked,2023-02-10,2023.0,8b
Iain Small,,,Isinglas,e8,,Lead,worked,,,8a+
Tom de Gay,6th Sep 2000,,It Hurts,e7,06-09-2000,Lead,worked,2000-06-09,2000.0,7c+
Dan Varian,2010,,Ivan Dobsky,8a+,19-11-2010,Boulder,worked,2010-11-19,2010.0,8a+
Ron Fawcett,18th Apr 1980,,Ivory Madonna,e5,18-04-1980,Lead,worked,1980-04-18,1980.0,7a+
Alex Barrows,8th Oct 2017,,Ixeia,8b+,08-10-2017,Lead,onsight,2017-08-10,2017.0,8b+
Julian Lines,19th May 2011,,Jacala,7c+,19-05-2011,Lead,,2011-05-19,2011.0,7c+
Janja Garnbret,7th Oct 2023,,Jacks Broken Heart,8a+,07-10-2023,Boulder,flash,2023-07-10,2023.0,8a+
Emily Fell,,,Jack The Chipper,7c,,Boulder,worked,,,7c
Sébastien Bouin,Aug 2023,,Jamming Destruction,9b,19-08-2023,Lead,worked,2023-08-19,2023.0,9b
Alberto Rocasolano Jaudenes,2019,,Jaro,8b,19-11-2019,Boulder,flash,2019-11-19,2019.0,8b
Ron Fawcett,1991,,Jasmine,e6,19-11-1991,Solo,worked,1991-11-19,1991.0,7b+
Anna Wild,18th Jan 2024,,Jasons Roof,8a,18-01-2024,Boulder,worked,2024-01-18,2024.0,8a
Dave Graham,,,Jaws,8c,,Lead,worked,,,8c
Richard Broomhead,21st Aug 1985,,Jcb,e3,21-08-1985,Lead,,1985-08-21,1985.0,6b+
Paul Pritchard,Sep 2023,,Jean,hs (approx),19-09-2023,Lead,worked,2023-09-19,2023.0,4c
Prudence Morgan-Wood,26th Jul 2024,,Jefea,8b,26-07-2024,Lead,worked,2024-07-26,2024.0,8b
Tom Proctor,1971,,Jermyn Street,e5,19-11-1971,Lead,,1971-11-19,1971.0,7a+
Ben Moon,,,Jerrys Traverse,7c+,,Boulder,worked,,,7c+
Frank Cannings,,,Jetset,e3,,Boulder,,,,6b+
Jacopo Larcher,Apr 2022,,Jeune Et Con,e9 (approx),19-04-2022,Lead,worked,2022-04-19,2022.0,8b
Gordon Lennox,Aug 2010,,Jinx,e8,19-08-2010,Lead,worked,2010-08-19,2010.0,8a+
Alison Cowley,,,Johnnie Walker,8a,,Lead,worked,,,8a
Gary Gibson,4th Jul 1985,,John Wayne,e5,04-07-1985,Lead,worked,1985-04-07,1985.0,7a+
Felipe Ho Foganholo,2024,,Joker,8b+,19-11-2024,Boulder,worked,2024-11-19,2024.0,8b+
John Syrett,17th Apr 1971,HVS,Jokers Wall,e4,17-04-1971,Solo,worked,1971-04-17,1971.0,6c+
Harry Scarlett,1920s,,Jonathans Chimney,vs,19-11-2024,Solo,,2024-11-19,2024.0,5a
Simon Jones,12th Jul 1993,,Journey Into Freedom,e7,12-07-1993,Lead,worked,1993-12-07,1993.0,7c+
Ron Fawcett,12th Apr 1980,,J.r.,e5,12-04-1980,Lead,worked,1980-12-04,1980.0,7a+
Vincent Mollicone,2023,,Judge Judy,8b+,19-11-2023,Boulder,worked,2023-11-19,2023.0,8b+
James Squire,11th Feb 2023,,Jumping To Conclusions,8b,11-02-2023,Boulder,worked,2023-11-02,2023.0,8b
Randy Puro,,,Junebug (pre Break),8b+,,Boulder,worked,,,8b+
Dave Cuthbertson,Jun 1984,,Just A Little Tease,e5,19-06-1984,Boulder,,1984-06-19,1984.0,7a+
Lis Espin,,,Just Call Me Helmet,8a,,Lead,worked,,,8a
Nic Sellars,Jun 1992,,Justified And Ancient,8b+,19-06-1992,Lead,worked,1992-06-19,1992.0,8b+
Eric Hörst,1992,,Just Send It,8a,19-11-1992,Lead,worked,1992-11-19,1992.0,8a
Ted Kingsnorth,Jul 2014,,Kabaah Is Futile,8c+,19-07-2014,Lead,worked,2014-07-19,2014.0,8c+
Romain Desgranges,2011,8C/8C+,Kaiser Sauzé,8c,19-11-2011,Boulder,worked,2011-11-19,2011.0,8c
Adrian Baxter,,,Kalandraka,8c,,Lead,worked,,,8c
Alex Megos,,,Kalokagathia,8b,,Boulder,flash,,,8b
Wolfgang Güllich,1986,,Kamasutra 218,8b,19-11-1986,Lead,worked,1986-11-19,1986.0,8b
Ryuichi Murai,Dec 2023,,Kannagi,8b,19-12-2023,Boulder,worked,2023-12-19,2023.0,8b
Rachel Pearce,19th Dec 2022,,Kanunsz Extension,8b,19-12-2022,Lead,worked,2022-12-19,2022.0,8b
Paul Robinson,15th Dec 2018,,Karoshi,8c,15-12-2018,Boulder,worked,2018-12-15,2018.0,8c
Stewart Watson,Aug 2020,,Kein Licht Kein Schatten,9a,19-08-2020,Lead,worked,2020-08-19,2020.0,9a
Owen Glynne Jones,18th Apr 1897,,Kern Knotts Crack,hvs,18-04-1897,Lead,worked,1897-04-18,1897.0,5b
Bernd Zangerl,2001,,Ki,8b,19-11-2001,Boulder,worked,2001-11-19,2001.0,8b
Adam Ondra,6th Mar 2011,,Kidetasunaren Balio Erantsia,8c+,06-03-2011,Lead,onsight,2011-06-03,2011.0,8c+
Tony Mitchell,24th Sep 1985,,Killer White,e6,24-09-1985,Lead,,1985-09-24,1985.0,7b+
Jim Pope,15th Jul 2024,8B/8B+,Kindred,8b,15-07-2024,Boulder,worked,2024-07-15,2024.0,8b
Dean Potter,,,King Air,7c+,,Boulder,worked,,,7c+
Tristan Chouvy,8th Mar 2024,,Kingdom,8b,08-03-2024,Boulder,worked,2024-08-03,2024.0,8b
Leo Houlding,Between 1st Jun 1995 and 1st Sep 1995,,King Of Rumpy,e6,,Solo,onsight,,,7b+
Johnny Dawes,May 2011,,King Of The Mezz,e7,19-05-2011,Lead,onsight,2011-05-19,2011.0,7c+
Colin Kirkus,1934,,Kirkus Corner,e1,19-11-1934,Lead,,1934-11-19,1934.0,5c
Molly Thompson-Smith,14th Nov 2024,,Kit Dynamite,8a,14-11-2024,Boulder,flash,2024-11-14,2024.0,8a
Dan Turner,25th Nov 2022,,Knife At The Opera,8b+,25-11-2022,Boulder,worked,2022-11-25,2022.0,8b+
Tom Proctor,,,Knightsbridge,e2,,Boulder,,,,6a+
Andy Pollitt,1987,,Knocked Out Loaded,e6,19-11-1987,Lead,worked,1987-11-19,1987.0,7b+
Thomas Fichtinger,,,Kolumbusfalter,8c,,Boulder,worked,,,8c
Dave MacLeod,20th Jun 2009,,Kolus,e8,20-06-2009,Lead,worked,2009-06-20,2009.0,8a+
Alex Huber,Apr 2004,,Kommunist,8b+,19-04-2004,Solo,worked,2004-04-19,2004.0,8b+
Adam Ondra,18th Dec 2021,9a+/9b,Kout Pikle,9a+,18-12-2021,Lead,worked,2021-12-18,2021.0,9a+
Simon Nadin,16th Apr 1989,,K. P. Nuts,e7,16-04-1989,Lead,worked,1989-04-16,1989.0,7c+
Rebecca Stephens,15th Oct 2024,,Kraft,8a,15-10-2024,Boulder,worked,2024-10-15,2024.0,8a
Ed Drummond,May 1967,,Krapps Last Tape,e3,19-05-1967,Boulder,,1967-05-19,1967.0,6b+
Alex Megos,13th Dec 2021,,Kulebras Gemelas,9a,13-12-2021,Lead,worked,2021-12-13,2021.0,9a
Tala Hepburn,23rd Sep 2022,,Kung Fu Panda,7c,23-09-2022,Boulder,worked,2022-09-23,2022.0,7c
Buster Martin,31st Dec 2018,,Kurfil,8b,31-12-2018,Lead,flash,2018-12-31,2018.0,8b
Johnny Dawes,,,La Abuela Carmen,8a,,Lead,worked,,,8a
Pirmin Bertle,26th Aug 2018,,La Barrière,9b,26-08-2018,Lead,worked,2018-08-26,2018.0,9b
Kevin Avery,29th Mar 2022,,La Bénédiction,8c,29-03-2022,Lead,worked,2022-03-29,2022.0,8c
Arlo Rogers,26th Jul 2024,,La Cabane Au Paradis,8c+,26-07-2024,Lead,worked,2024-07-26,2024.0,8c+
Fred Nicole,2002,,La Chimère,9a+,19-11-2002,Lead,worked,2002-11-19,2002.0,9a+
Jean-minh Trin-Thieu,1997,,La Chiquette Du Graal,8b+,19-11-1997,Lead,worked,1997-11-19,1997.0,8b+
Tanguy Merard,8th Apr 2024,,La Cinquantaine Éclatante,9a+,08-04-2024,Lead,worked,2024-08-04,2024.0,9a+
Charlotte Warner,,,La Cuca,8a,,Lead,worked,,,8a
Emily Philips,,,La Cucina Dellinferno,8a,,Lead,worked,,,8a
Orrin Coley,15th Apr 2017,,Ladybird Orgy,8b+,15-04-2017,Boulder,worked,2017-04-15,2017.0,8b+
Dave Cuthbertson,1980,,Lady Charlotte,e5,19-11-1980,Boulder,,1980-11-19,1980.0,7a+
Dave Cuthbertson,Jul 1977,,Lady Jane,e2,19-07-1977,Boulder,,1977-07-19,1977.0,6a+
Jennifer Wood,14th Jul 2024,,La False Connection,8b,14-07-2024,Lead,worked,2024-07-14,2024.0,8b
Zoë Peetermans,,,La Femme Blanche,8a+,,Lead,worked,,,8a+
Camille Coudert,,,La Force Obscure,8c,,Boulder,worked,,,8c
Jakob Schubert,14th Nov 2020,,La Force Tranquille Direct,8c,14-11-2020,Boulder,worked,2020-11-14,2020.0,8c
Jimmy Webb,,,La Guerra,8b+,,Boulder,worked,,,8b+
Mattéo Soulé,22nd Nov 2023,,La Guerre Des Wolfs,9a+,22-11-2023,Lead,worked,2023-11-22,2023.0,9a+
Patrick Bérhault,1981,,La Haine,7c+,19-11-1981,Lead,worked,1981-11-19,1981.0,7c+
Baptiste Dherbilly,2020,,La Horde Intégrale,9a,19-11-2020,Lead,worked,2020-11-19,2020.0,9a
Prudence Morgan-Wood,11th Oct 2024,,La Incredible Jul,8b,11-10-2024,Lead,worked,2024-11-10,2024.0,8b
Robert Paragot,1953,,La Joker,7a,19-11-1953,Boulder,worked,1953-11-19,1953.0,7a
Marc le Menestrel,1996,,Lalchemiste (pre Chipping),8b,19-11-1996,Boulder,worked,1996-11-19,1996.0,8b
Jesús Muñoz,5th Sep 2019,,La Legión,8c,05-09-2019,Boulder,worked,2019-05-09,2019.0,8c
Dan Varian,,,La Ligne De Bête,8b+,,Boulder,worked,,,8b+
Will Bosi,2023,,Land Der Hämmer,8b,19-11-2023,Lead,onsight,2023-11-19,2023.0,8b
Laurent Jacob,1977,,Lange,7b,19-11-1977,Lead,worked,1977-11-19,1977.0,7b
Pierre Allain,1934,,Langle Allain,5+,19-11-1934,Boulder,worked,1934-11-19,1934.0,5c
Didier Gérardin,,,Langle Bens,7a+,,Boulder,worked,,,7a+
Bernard Théret,,,L’angle Parfait,7b,,Boulder,worked,,,7b
Seo Chae-Hyun,25th Nov 2022,,Lantagonista,8c,25-11-2022,Lead,onsight,2022-11-25,2022.0,8c
Jacques de Lépiney,1914,,La Prestat,3,19-11-1914,Boulder,worked,1914-11-19,1914.0,3
Mike Owen,26th Aug 2011,,La Queue Du Diplodocus,8a+,26-08-2011,Lead,worked,2011-08-26,2011.0,8a+
Sébastien Bouin,4th Sep 2019,,La Rage Dadam,9b,04-09-2019,Lead,worked,2019-04-09,2019.0,9b
Alex Huber,1994,,La Rambla,8c+,19-11-1994,Lead,worked,1994-11-19,1994.0,8c+
Stefano Ghisolfi,8th Feb 2022,,Larenauta,9b,08-02-2022,Lead,worked,2022-08-02,2022.0,9b
Charles Albert,Dec 2016,,La Révolutionnaire,8c,19-12-2016,Boulder,worked,2016-12-19,2016.0,8c
Alex Barrows,7th Nov 2023,,La Ruta Del Sol,8b,07-11-2023,Lead,onsight,2023-07-11,2023.0,8b
Mhairi Thorburn,,,Las Clochas De Targa,8a+,,Lead,worked,,,8a+
Jonatan Flor,May 2024,,Las Reliquias De La Muerte,9a,19-05-2024,Lead,worked,2024-05-19,2024.0,9a
Paul Jouy,1950,,La Stalingrad,6b,19-11-1950,Boulder,worked,1950-11-19,1950.0,6b
Will Bosi,Jul 2024,,Last Wave Goodbye Sds,8b+,19-07-2024,Boulder,worked,2024-07-19,2024.0,8b+
Jean-Michel Gosselin,24th Feb 1984,,La Super Prestat,7b+,24-02-1984,Boulder,worked,1984-02-24,1984.0,7b+
Rachel Slater,,,Latido Del Miedo,8a,,Lead,worked,,,8a
Alex Barrows,7th Nov 2023,,La Travesia De Los Gladiadores Total,8b,07-11-2023,Lead,flash,2023-07-11,2023.0,8b
Sarah Pashley,,,La Tuerie Doriol,8a,,Lead,worked,,,8a
Pete Oxley,3rd Dec 1988,,Laughing Arthur,e8,03-12-1988,Lead,worked,1988-03-12,1988.0,8a+
Adam Ondra,13th Jul 2011,,L’avaro,8c+,13-07-2011,Lead,onsight,2011-07-13,2011.0,8c+
Siara Fabbri,5th Apr 2023,,L’avenir Nous Reserve Rien De Bon,8a+,05-04-2023,Boulder,worked,2023-05-04,2023.0,8a+
Laura Rogora,Nov 2024,,La Via Del Quim,8b+,19-11-2024,Lead,flash,2024-11-19,2024.0,8b+
Jonatan Flor,Aug 2022,,La Vie,9b,19-08-2022,Lead,worked,2022-08-19,2022.0,9b
Walker Kearney,2015,,Lazy Colon,7c,19-11-2015,Boulder,worked,2015-11-19,2015.0,7c
Didier Berthod,,,Learning To Fly,e7,,Lead,worked,,,7c+
John Yablonski,,,Leave It To Beaver,e5,,Solo,worked,,,7a+
Jo Montchaussé,1970s,,Le Biceps Mou,7b,19-11-2024,Boulder,worked,2024-11-19,2024.0,7b
Alex Barrows,10th Oct 2023,,Le Blessé Bg,8b,10-10-2023,Lead,flash,2023-10-10,2023.0,8b
James Pearson,2011,,"Le Blond, La Brute Et Le Manouche",8c+,19-11-2011,Lead,worked,2011-11-19,2011.0,8c+
Adam Ondra,11th Feb 2024,,Le Brillant Saoul,8c,11-02-2024,Lead,onsight,2024-11-02,2024.0,8c
Alex Chabot,2003,,Le Cadre (pre Break),8c,19-11-2003,Lead,flash,2003-11-19,2003.0,8c
Jérôme Jean-Charles,,,Le Carnage,7b+,,Boulder,worked,,,7b+
Paul Jouy,1950,,Le Carre D’as,6c,19-11-1950,Boulder,worked,1950-11-19,1950.0,6c
Jean Claude Droyer,1971,,Lechelle A Poissons,7a,19-11-1971,Lead,worked,1971-11-19,1971.0,7a
Nicolas Favresse,12th Mar 2002,,Le Clou,8c,12-03-2002,Lead,worked,2002-12-03,2002.0,8c
James Pearson,2021,,Le Corridor Direct Assis,8b,19-11-2021,Boulder,worked,2021-11-19,2021.0,8b
Adam Ondra,24th May 2020,,Ledoborec,8c+,24-05-2020,Boulder,worked,2020-05-24,2020.0,8c+
Laura Rogora,Oct 2024,,Le Feu Occulte,8b+,19-10-2024,Lead,flash,2024-10-19,2024.0,8b+
Lucy Mitchell,1st Jan 2022,,Le Fight Du Beau Gosse Intégrale,8c,01-01-2022,Lead,worked,2022-01-01,2022.0,8c
Laura Rogora,Oct 2024,,Le Flute En Chantier,8c+,19-10-2024,Lead,worked,2024-10-19,2024.0,8c+
Joe Brown,1951,,Left Eliminate,e1,19-11-1951,Lead,onsight,1951-11-19,1951.0,5c
Rob Mirfin,30th Jun 2021,,Leftism,8b+,30-06-2021,Lead,worked,2021-06-30,2021.0,8b+
Tala Hepburn,21st May 2023,,Left Wing,7c,21-05-2023,Boulder,flash,2023-05-21,2023.0,7c
Richard Broomhead,Jun 1980,,Legolas,hvs,19-06-1980,Boulder,,1980-06-19,1980.0,5b
Molly Thompson-Smith,29th Sep 2024,,Le Mari De La Baleine,8a+,29-09-2024,Lead,flash,2024-09-29,2024.0,8a+
Rubén Díaz Torres,,,Lemento,8b,,Boulder,flash,,,8b
Lucien Guillou,1982,7C,Le Mur Des Lamentations,7b+,19-11-1982,Boulder,worked,1982-11-19,1982.0,7b+
Manon Hily,Nov 2024,,L’enfumette,8c+,19-11-2024,Lead,worked,2024-11-19,2024.0,8c+
Aidan Roberts,Nov 2021,,Leopold Von Pooch,8c,19-11-2021,Boulder,worked,2021-11-19,2021.0,8c
Leo Houlding,After 1st Jan 1991,,Leos Line,e5,01-01-1991,Lead,worked,1991-01-01,1991.0,7a+
Charles Albert,15th Feb 2016,,Le Pied À Coulisse (direct),8b+,15-02-2016,Boulder,worked,2016-02-15,2016.0,8b+
Hazel Findlay,2013,,Les Ailes Du Désir Extension,8a,19-11-2013,Lead,onsight,2013-11-19,2013.0,8a
Molly Thompson-Smith,29th Sep 2024,,Les Épinards Aux Violettes,8a+,29-09-2024,Lead,onsight,2024-09-29,2024.0,8a+
James Pearson,2020,,Les Mollahs Du Mur,8c+,19-11-2020,Lead,worked,2020-11-19,2020.0,8c+
Alex Barrows,24th Oct 2021,,Le Souffle Du Ragga,8b+,24-10-2021,Lead,flash,2021-10-24,2021.0,8b+
Sébastien Bouin,Apr 2024,,Les Rois Du Lithium,9b,19-04-2024,Lead,worked,2024-04-19,2024.0,9b
Jason Kehl,2005,,Lesson Six,7c+,19-11-2005,Boulder,worked,2005-11-19,2005.0,7c+
Antoine Vandeputte,2010,,Le Surplomb De La Mée,8b,19-11-2010,Boulder,worked,2010-11-19,2010.0,8b
Sébastien Bouin,11th May 2018,,Les Yeux Plus Gros Que Lantre,9b,11-05-2018,Lead,worked,2018-11-05,2018.0,9b
Tanguy Merard,1st Feb 2023,,Les Yeux Plus Gros Que Les Roubignoles,9a+,01-02-2023,Lead,worked,2023-01-02,2023.0,9a+
Jim Merli,2014,,Létoile Du Nord,8b+,19-11-2014,Boulder,worked,2014-11-19,2014.0,8b+
Patrick Edlinger,,,Letrave,7b+,,Boulder,worked,,,7b+
Holly Rees,Nov 2021,,Lets Get Ready To Rumbleweed,8a,19-11-2021,Boulder,worked,2021-11-19,2021.0,8a
Steve McClure,Oct 2023,,Let The Tribe Increase,8a,19-10-2023,Lead,worked,2023-10-19,2023.0,8a
Chris Plant,1988,,Let The Tripe Increase,7c,19-11-1988,Lead,worked,1988-11-19,1988.0,7c
Malcolm Smith,1994,,Leviathan,8b+,19-11-1994,Boulder,worked,1994-11-19,1994.0,8b+
Tim Blake,6th Jun 2023,,Leviathan Extension,8a,06-06-2023,Boulder,worked,2023-06-06,2023.0,8a
Ben Bransby,15th Oct 2022,,Leviathan Sds,8a+,15-10-2022,Boulder,worked,2022-10-15,2022.0,8a+
Robert Girard,,,Le Voyage Éternel,8c,,Boulder,worked,,,8c
Charles Albert,2019,,Le Voyageur Face A La Mer De Nuage,8b,19-11-2019,Boulder,worked,2019-11-19,2019.0,8b
Joe Brown,1957,,Lhorla,e1,19-11-1957,Lead,worked,1957-11-19,1957.0,5c
Elie Chevieux,1992,,Liasons Dangereuses,8b,19-11-1992,Lead,onsight,1992-11-19,1992.0,8b
Alex Garriga,23rd Apr 2021,9a+/9b,Líder Ibérico,9a+,23-04-2021,Lead,worked,2021-04-23,2021.0,9a+
Pete Oxley,2nd Oct 2005,,Lifeforce,8b+,02-10-2005,Lead,worked,2005-02-10,2005.0,8b+
Ethan Pringle,20th Apr 2022,,Lifestyles Of The Poor And Famous,8b,20-04-2022,Boulder,worked,2022-04-20,2022.0,8b
Jimmy Webb,20th Apr 2014,,"Life, The Universe And Everything",8b,20-04-2014,Boulder,flash,2014-04-20,2014.0,8b
Charlotte Garden,,,Lightning,8b,,Lead,worked,,,8b
Ben Cossey,6th May 2024,8c+,Light Weight Baby,8c+,06-05-2024,Lead,worked,2024-06-05,2024.0,8c+
Orrin Coley,1st May 2019,,Limit Breaker,8b+,01-05-2019,Boulder,worked,2019-01-05,2019.0,8b+
Jimmy Webb,,,Line Of Fire,8b+,,Boulder,worked,,,8b+
Sébastien Frigault,,,Linsoutenable Légèreté De Lêtre,8b,,Boulder,worked,,,8b
Jana Švecová,25th Jan 2023,,Lion King,8b,25-01-2023,Boulder,worked,2023-01-25,2023.0,8b
Steve McClure,,,Liqueur De Coco,7c+,,Lead,worked,,,7c+
Dave MacLeod,Mar 2017,,Lithium,8b+,19-03-2017,Boulder,worked,2017-03-19,2017.0,8b+
Bentley Beetham,,,Little Chamnox,vd,,Boulder,,,,4a
Sara Dusza,,,Little Northumberland,7c,,Boulder,worked,,,7c
Jerry Moffatt,1982,,Little Plum,8a,19-11-1982,Lead,worked,1982-11-19,1982.0,8a
Jesse Grupper,2021,,Livin Astro,8c+,19-11-2021,Lead,flash,2021-11-19,2021.0,8c+
Johnny Dawes,1989,,Living In Oxford,e7,19-11-1989,Lead,worked,1989-11-19,1989.0,7c+
Todd Skinner,1989,,Lizzy Beams Desire,8b+,19-11-1989,Lead,worked,1989-11-19,1989.0,8b+
Johnny Dawes,5th May 1987,,Llanberies,e7,05-05-1987,Lead,worked,1987-05-05,1987.0,7c+
Tom Bolger,2011,,L Mens,8b+,19-11-2011,Lead,onsight,2011-11-19,2011.0,8b+
Fran Brown,,,Lobos,8a,,Lead,worked,,,8a
Osian Parry,13th Jan 2024,,Lobscows,8a,13-01-2024,Boulder,worked,2024-01-13,2024.0,8a
Craig Smith,12th Sep 1985,,Lob Session,7c+,12-09-1985,Lead,worked,1985-12-09,1985.0,7c+
Ben Moon,3rd Jun 2020,,Lockdown,8b,03-06-2020,Lead,worked,2020-03-06,2020.0,8b
Shinichiro Nomura,27th Nov 2022,,Loco,8c,27-11-2022,Boulder,worked,2022-11-27,2022.0,8c
Elie Chevieux,1996,,Lodi Social,8c+,19-11-1996,Lead,worked,1996-11-19,1996.0,8c+
Mick Fowler,1976,,London Pride,e5,19-11-1976,Lead,,1976-11-19,1976.0,7a+
Ben Heason,15th Jun 2003,,Lonely Heart,e9,15-06-2003,Lead,worked,2003-06-15,2003.0,8b
Ricky Bell,14th Jun 2015,,Long Runs The Fox,e9,14-06-2015,Lead,worked,2015-06-14,2015.0,8b
Walker Kearney,,,Looney Tunes,7b,,Boulder,worked,,,7b
Cliff Phillips,19th Jun 1984,,Looning The Tube,e1,19-06-1984,Boulder,,1984-06-19,1984.0,5c
Pete Whittaker,2010,,Loose Control,e8,19-11-2010,Lead,worked,2010-11-19,2010.0,8a+
Max Milne,29th Sep 2018,,Lord Farquhar,8b+,29-09-2018,Boulder,worked,2018-09-29,2018.0,8b+
Arnis Strapcans,10th Oct 1975,,Lord Of The Flies,e2,10-10-1975,Lead,onsight,1975-10-10,1975.0,6a+
Ali Kennedy,5th Oct 2016,,Los Racos Extension,8a+,05-10-2016,Lead,onsight,2016-05-10,2016.0,8a+
Alex Barrows,28th Sep 2024,,Los Robavias,8b+,28-09-2024,Lead,onsight,2024-09-28,2024.0,8b+
Nicolas Moineau,Oct 2023,,Los Tacos De Los Dos Rigolos,8a,19-10-2023,Lead,worked,2023-10-19,2023.0,8a
Max Raeuber,,,Lost Generation,8b+,,Boulder,worked,,,8b+
Andy Hall,1981,,Lost Illusions (2 Pegs),e7,19-11-1981,Lead,worked,1981-11-19,1981.0,7c+
John Allen,1985,,Lost World,e6,19-11-1985,Lead,worked,1985-11-19,1985.0,7b+
Emma Twyford,,,Lotus,7c+,,Boulder,worked,,,7c+
Mike Hart,1st Apr 2018,,Loucifer,8b+,01-04-2018,Boulder,worked,2018-01-04,2018.0,8b+
Anna Hazlett,1st Sep 2024,,Love,8b+,01-09-2024,Lead,worked,2024-01-09,2024.0,8b+
James Pearson,15th Mar 2011,,Lover 2.1,8c+,15-03-2011,Lead,worked,2011-03-15,2011.0,8c+
Pablo Hammack,2021,,Love Will Tear Us Apart,8c,19-11-2021,Boulder,worked,2021-11-19,2021.0,8c
Yves Gravelle,24th Sep 2021,,Low Mialls,8c,24-09-2021,Boulder,worked,2021-09-24,2021.0,8c
Mark Edwards,,,Lucid Orchestra,e7,,Lead,worked,,,7c+
Glenda Huxter,14th Jul 1997,,Lucid Visions,e4,14-07-1997,Lead,,1997-07-14,1997.0,6c+
Nick Dixon,,,Lupino Lane,8a,,Boulder,worked,,,8a
Eric Rayson,1961,,Machete Wall,e2,19-11-1961,Boulder,,1961-11-19,1961.0,6a+
Angela Eiter,16th Dec 2020,,Madame Ching,9b,16-12-2020,Lead,worked,2020-12-16,2020.0,9b
Mathew Wright,Jul 2023,,Magical Thinking,e10,19-07-2023,Lead,worked,2023-07-19,2023.0,8b+
Jamie Rankin,Sep 2024,,Magic In The Woods,8b,19-09-2024,Boulder,worked,2024-09-19,2024.0,8b
Kurt Albert,1982,,Magnet,7c,19-11-1982,Lead,worked,1982-11-19,1982.0,7c
Steve McClure,,,Magnetic North,8c+,,Lead,worked,,,8c+
Mike Robertson,29th Sep 2005,,Magnum,7b,29-09-2005,Lead,,2005-09-29,2005.0,7b
Ally Coull,2017,,Magnum Opus,8c,19-11-2017,Lead,worked,2017-11-19,2017.0,8c
Julian Lines,5th Aug 2016,,Magrathea,e9,05-08-2016,Lead,worked,2016-05-08,2016.0,8b
Dave Henderson,23rd Apr 2007,,Mako,8a,23-04-2007,Boulder,worked,2007-04-23,2007.0,8a
Chris Bonington,23rd Oct 1957,,Malbogies,hvs,23-10-1957,Boulder,,1957-10-23,1957.0,5b
Alex Barrows,6th Aug 2022,,Malcolm In The Middle,8c+,06-08-2022,Lead,worked,2022-06-08,2022.0,8c+
Steve McClure,1999,,Malcolm X,8b+,19-11-1999,Lead,worked,1999-11-19,1999.0,8b+
Elie Chevieux,1997,,Maldita María,8b+,19-11-1997,Lead,onsight,1997-11-19,1997.0,8b+
Joe Kinder,14th Apr 2022,,Mamajama,9a+ (approx),14-04-2022,Lead,worked,2022-04-14,2022.0,9a+
Andy Pollitt,20th May 1984,,Mammoth,e5,20-05-1984,Lead,worked,1984-05-20,1984.0,7a+
Andy Pollitt,26th May 1984,,Mammoth Direct,e6,26-05-1984,Lead,worked,1984-05-26,1984.0,7b+
Nico Pelorson,28th Apr 2023,,Mammunk,8b+,28-04-2023,Boulder,worked,2023-04-28,2023.0,8b+
Paul Higginson,1998,,Manchester Dogs,8a,19-11-1998,Boulder,worked,1998-11-19,1998.0,8a
Harriet Ridley,,,Manhattan Highrise,e7,,Lead,worked,,,7c+
Michael Duffy,,,Man Machine,8b,,Boulder,worked,,,8b
Lily Fitzgibbon,,,Man Of Cow,7c,,Boulder,worked,,,7c
Robin Barker,15th Sep 1997,,Marbellous,e8,15-09-1997,Lead,worked,1997-09-15,1997.0,8a+
Sébastien Bouin,Jan 2023,,Mar De Bering,9a,19-01-2023,Lead,worked,2023-01-19,2023.0,9a
Jana Švecová,26th Aug 2022,,Margo,8b,26-08-2022,Boulder,worked,2022-08-26,2022.0,8b
Adam Ondra,20th Oct 2009,9a+/9b,Marina Superstar,9a+,20-10-2009,Lead,worked,2009-10-20,2009.0,9a+
Dave Cuthbertson,1977,,Marjorie Razorblade,e3,19-11-1977,Lead,,1977-11-19,1977.0,6b+
Mark Edwards,Aug 2002,,Mark Of My Beast,e9,19-08-2002,Lead,worked,2002-08-19,2002.0,8b
Pete Oxley,23rd Oct 1987,,Mark Of The Beast,7c,23-10-1987,Lead,worked,1987-10-23,1987.0,7c
Dan Varian,2013,,Marra Time,8a+,19-11-2013,Boulder,worked,2013-11-19,2013.0,8a+
Ben Bransby,10th Apr 1999,,Mars Bar,e6,10-04-1999,Lead,worked,1999-10-04,1999.0,7b+
Kim Carrigan,1984,,Masada,e7,19-11-1984,Lead,worked,1984-11-19,1984.0,7c+
James Pearson,2020,,Master And Cifuentes,8b+,19-11-2020,Boulder,worked,2020-11-19,2020.0,8b+
Jerry Moffatt,1983,,Masterclass,8a,19-11-1983,Lead,worked,1983-11-19,1983.0,8a
Andy Pollitt,7th Apr 1988,,Masters Of The Universe,e7,07-04-1988,Lead,worked,1988-07-04,1988.0,7c+
Jankyn Pasquill,1970,,Master Spy,e4,19-11-1970,Lead,,1970-11-19,1970.0,6c+
Adlai Marquez,,,Match Made In Heaven,8b+,,Boulder,worked,,,8b+
Jennifer Wood,4th Nov 2024,,Match Point,8b,04-11-2024,Lead,worked,2024-04-11,2024.0,8b
Jacky Godoffe,,,Matière Grise,7c,,Boulder,worked,,,7c
Tom O'Halloran,18th May 2022,,Maulin Angel,8b+,18-05-2022,Boulder,worked,2022-05-18,2022.0,8b+
Dinara Fakhritdinova,May 2021,,Max Factor,9a,19-05-2021,Lead,worked,2021-05-19,2021.0,9a
Max Milne,,,Maximising,8b,,Boulder,worked,,,8b
Drew Ruana,2022,,Maxwells Demon,8b+,19-11-2022,Boulder,worked,2022-11-19,2022.0,8b+
Drew Ruana,16th Feb 2023,,Maxwells Demon Low,8c+,16-02-2023,Boulder,worked,2023-02-16,2023.0,8c+
Mike Owen,5th Aug 1988,,Mayan Skies,e7,05-08-1988,Lead,onsight,1988-05-08,1988.0,7c+
Nina Williams,Jan 2024,,Meadowlark Lemon Stand,8a+,19-01-2024,Boulder,worked,2024-01-19,2024.0,8a+
Jim Holloway,1975,,Meathook,8a,19-11-1975,Boulder,worked,1975-11-19,1975.0,8a
Natalie Tanzer,,,Me Cago En El Amor,8a,,Lead,worked,,,8a
Naomi Cokell,,,Megalithe,7c+,,Boulder,worked,,,7c+
Solly Kemball-Dorey,14th Jun 2022,,Megalodon,8b+,14-06-2022,Boulder,worked,2022-06-14,2022.0,8b+
Eliot Stephens,9th Apr 2021,,Mega Ten Plus,8b,09-04-2021,Boulder,worked,2021-09-04,2021.0,8b
Dave Cuthbertson,Jun 2001,,Mega Tsunami,e6,19-06-2001,Boulder,,2001-06-19,2001.0,7b+
Rachel Pearce,27th May 2021,,Meirionnydd,e7,27-05-2021,Lead,worked,2021-05-27,2021.0,7c+
Jorge Díaz-Rullo,8th Feb 2023,,Mejorando La Samfaina,9b+,08-02-2023,Lead,worked,2023-08-02,2023.0,9b+
Stevie Haston,2004,,Melody,e8,19-11-2004,Lead,worked,2004-11-19,2004.0,8a+
Mina Leslie-Wujastyk,2013,,Memorias De Una Sepia,8a,19-11-2013,Lead,flash,2013-11-19,2013.0,8a
Stuart Cameron,Jul 1992,,Merchant Of Menace,8b,19-07-1992,Lead,worked,1992-07-19,1992.0,8b
Dave Henderson,May 2000,,Merlin,e6,19-05-2000,Lead,worked,2000-05-19,2000.0,7b+
Ron Fawcett,1984,,Mescalito,7c+,19-11-1984,Lead,worked,1984-11-19,1984.0,7c+
Michael Duffy,2020,,Metropolis,8c,19-11-2020,Boulder,worked,2020-11-19,2020.0,8c
Brette Harrington,1st Jan 2023,,Mezzogiorno Di Fuoco,8b,01-01-2023,Lead,worked,2023-01-01,2023.0,8b
Michael Piccolruaz,Sep 2023,,Mia Julia,8a,19-09-2023,Deep Water Solo,worked,2023-09-19,2023.0,8a
Nik Jennings,4th Aug 2000,,Michael Knight Wears A Chest Wig,e7,04-08-2000,Lead,worked,2000-04-08,2000.0,7c+
Gary Gibson,14th May 1980,,Midnight Summer Dream,e5,14-05-1980,Lead,worked,1980-05-14,1980.0,7a+
Connor Herson,2024,,Midnight Way,9a+,19-11-2024,Lead,worked,2024-11-19,2024.0,9a+
Ron Fawcett,1978,,Milky Way,e6,19-11-1978,Lead,worked,1978-11-19,1978.0,7b+
Simon Nadin,1984,,Mindbridge,e7,19-11-1984,Lead,worked,1984-11-19,1984.0,7c+
Dave MacLeod,Oct 2019,,Mind Riot,e10,19-10-2019,Lead,worked,2019-10-19,2019.0,8b+
James W Puttrell,1918,,Mineshaft,vd,19-11-1918,Solo,onsight,1918-11-19,1918.0,4a
Lynn Hill,1994,,Mingus,8a,19-11-1994,Lead,onsight,1994-11-19,1994.0,8a
Felicity Butler,Before 1st Jan 1994,,Mirage,7c+,,Lead,worked,,,7c+
Dave MacLeod,,,Misadventure,e8,,Lead,worked,,,8a+
Manuel Marquès,,,Miséricorde,7c+,,Boulder,worked,,,7c+
Dave Birkett,Before 1st Oct 2006,,Missing,e7,,Lead,worked,,,7c+
Will Bosi,2024,,Mito Sds,8b+,19-11-2024,Boulder,worked,2024-11-19,2024.0,8b+
Mike Adams,18th Nov 2012,,Mixed Emotions,8b+,18-11-2012,Boulder,worked,2012-11-18,2012.0,8b+
Dave MacLeod,Sep 2021,,Mnemosyne,e9,19-09-2021,Lead,worked,2021-09-19,2021.0,8b
Amanda Lyons,,,Moby Dick,8a+,,Lead,worked,,,8a+
Adam Ondra,26th Oct 2021,,Molekuly,9a+,26-10-2021,Lead,worked,2021-10-26,2021.0,9a+
Alex Barrows,2nd Apr 2022,,Momento Payaso,8b+,02-04-2022,Lead,onsight,2022-02-04,2022.0,8b+
Lucy Creamer,,,Monocroma,8a,,Lead,onsight,,,8a
John Arran,,,Monotheism,e7,,Lead,worked,,,7c+
John Arran,2001,,Monster In A Box,e7,19-11-2001,Lead,worked,2001-11-19,2001.0,7c+
Antoine de Ville,1492,,Mont Aigulle Summit,vd,19-11-1492,Aid,worked,,,4a
Dave Cuthbertson,1977,,Monty Pythons Flying Circus,6c,19-11-1977,Boulder,worked,1977-11-19,1977.0,6c
Marine Thevenet,Oct 2024,,Moonky Family,8b,19-10-2024,Boulder,worked,2024-10-19,2024.0,8b
Chris Marley,,,Moonstruck,8b+,,Boulder,worked,,,8b+
Beat Kammelander,1991,,Mordillo,8a+,19-11-1991,Solo,worked,1991-11-19,1991.0,8a+
Stewart Watson,6th Sep 2009,,Mordor,8c+,06-09-2009,Lead,worked,2009-06-09,2009.0,8c+
Gill Peet,,,Moreaus Island,8a,,Boulder,worked,,,8a
Dave Sutcliffe,Feb 2016,,More Than Life,e6,19-02-2016,Lead,worked,2016-02-19,2016.0,7b+
Sera Gearhart,7th Dec 2023,,Morphine,8b,07-12-2023,Boulder,worked,2023-07-12,2023.0,8b
Pete Livesey,1977,,Mossdale Trip,e6,19-11-1977,Lead,worked,1977-11-19,1977.0,7b+
Loïc Zehani,17th Apr 2023,9b/9b+,Mossoul,9b,17-04-2023,Lead,worked,2023-04-17,2023.0,9b
Mo Overfield,,,Mos Undercut,7b+,,Boulder,worked,,,7b+
Pol Roca Lopez,,,Mother Night,8b,,Boulder,flash,,,8b
John Welford,21st Dec 2004,,Mother Of Pearl,e8,21-12-2004,Lead,worked,2004-12-21,2004.0,8a+
Joe Brown,9th Oct 1966,,Mousetrap,e2,09-10-1966,Lead,onsight,1966-09-10,1966.0,6a+
Peter Biven,1955,,Moyers Buttress,e1,19-11-1955,Lead,onsight,1955-11-19,1955.0,5c
Tom Bolger,7th Mar 2021,9a/9a+,Mr. Big,9a,07-03-2021,Lead,worked,2021-07-03,2021.0,9a
Dan Varian,2016,,Mr Blobby,8a+,19-11-2016,Boulder,worked,2016-11-19,2016.0,8a+
Craig Matheson,10th Apr 2016,,Mr. Cuddles,e8,10-04-2016,Lead,worked,2016-10-04,2016.0,8a+
Mark Katz,2001,,Mr. Fantastic,8a,19-11-2001,Boulder,worked,2001-11-19,2001.0,8a
Ignacio Mulero,2023,8B/8B+,Mr Menner,8b,19-11-2023,Boulder,worked,2023-11-19,2023.0,8b
Livvy Gent,,,Mr. Poppers,7c,,Boulder,worked,,,7c
Tom Bolger,2023,,Mr. Potatoe,8b+,19-11-2023,Boulder,worked,2023-11-19,2023.0,8b+
James Pearson,2020,,Mr Tom,8b,19-11-2020,Boulder,worked,2020-11-19,2020.0,8b
Dai Koyamada,Mar 2023,,Mugen,8c,19-03-2023,Boulder,worked,2023-03-19,2023.0,8c
Ron Fawcett,1971,E3,Mulatto Wall,e3,19-11-1971,Boulder,,1971-11-19,1971.0,6b+
Nico Januel,Sep 2022,,Munich,8b+,19-09-2022,Boulder,worked,2022-09-19,2022.0,8b+
James McHaffie,Apr 2017,,Mur Gwyn,8a,19-04-2017,Boulder,worked,2017-04-19,2017.0,8a
Paul Robinson,14th May 2020,,Muscle Car High,8b,14-05-2020,Boulder,worked,2020-05-14,2020.0,8b
Tom de Gay,4th Aug 2000,,Mutants Can Be Nice,e7,04-08-2000,Lead,worked,2000-04-08,2000.0,7c+
Malcolm Smith,,,Muttertag,8a,,Boulder,worked,,,8a
Iain Farrar,Before 1st Jan 2009,,My Orange,7c+,,Boulder,worked,,,7c+
Sébastien Bouin,Mar 2022,,Myr,9a+,19-03-2022,Lead,worked,2022-03-19,2022.0,9a+
Franco Cookson,10th Apr 2016,,Myxomop,e9,10-04-2016,Lead,worked,2016-10-04,2016.0,8b
Dave Towse,Jul 1984,,Naked Before The Beast,e6,19-07-1984,Lead,worked,1984-07-19,1984.0,7b+
Steve Bancroft,6th May 1976,,Narcissus,e6,06-05-1976,Solo,worked,1976-06-05,1976.0,7b+
Tom O'Halloran,2023,,Narrow Road Between Fear And Desire,8b,19-11-2023,Boulder,worked,2023-11-19,2023.0,8b
Brooke Raboutou,2023,,Nascondino,8a+,19-11-2023,Boulder,flash,2023-11-19,2023.0,8a+
Gordon Lennox,14th Sep 1998,,Natural High,e7,14-09-1998,Lead,worked,1998-09-14,1998.0,7c+
Dave MacLeod,May 2012,,Natural Method,8b+,19-05-2012,Boulder,worked,2012-05-19,2012.0,8b+
Alex Barrows,31st Oct 2024,,Nautilus,8b,31-10-2024,Lead,onsight,2024-10-31,2024.0,8b
Molly Thompson-Smith,20th Mar 2022,,Nazguls Traverse,7c,20-03-2022,Boulder,flash,2022-03-20,2022.0,7c
Jim Pope,19th Aug 2021,,Nedlocks,8b,19-08-2021,Boulder,worked,2021-08-19,2021.0,8b
Ned Feehally,2016,,Ned Zeppelin,8a,19-11-2016,Boulder,worked,2016-11-19,2016.0,8a
Keita Kurakami,2017,,Neutralism,8a (approx),19-11-2017,Boulder,ground up,2017-11-19,2017.0,8a
Zoe Wood,4th Sep 2021,,Never Get Out Of The Boat,8a,04-09-2021,Lead,worked,2021-04-09,2021.0,8a
Ron Fawcett,1984,,New Dawn,7c,19-11-1984,Lead,worked,1984-11-19,1984.0,7c
Trevor Hodgson,28th May 1987,,Nick The Chisel,7b+,28-05-1987,Solo,onsight,1987-05-28,1987.0,7b+
Stevie Haston,2009,,Night Stalker,e8,19-11-2009,Lead,worked,2009-11-19,2009.0,8a+
Dave Cuthbertson,1982,,Nijinski,e5,19-11-1982,Lead,,1982-11-19,1982.0,7a+
Arnis Strapcans,29th Feb 1976,,Nimrod,e2,29-02-1976,Lead,onsight,1976-02-29,1976.0,6a+
Alex Waterhouse,Jun 2021,,No More Greener Grasses,8a+,19-06-2021,Boulder,flash,2021-06-19,2021.0,8a+
Fred Rouhling,Before 1st Jan 2004,,Non À La Bombe,8c+,,Lead,worked,,,8c+
Sébastien Bouin,25th Jul 2022,9b/9b+,Nordic Marathon,9b,25-07-2022,Lead,worked,2022-07-25,2022.0,9b
Dave MacLeod,5th Jul 2024,,No Remorse,8c,05-07-2024,Lead,worked,2024-05-07,2024.0,8c
Niall Grimes,1996,,Northern Comfort,e6,19-11-1996,Lead,worked,1996-11-19,1996.0,7b+
Dan Varian,2015,,Northern Time,8b,19-11-2015,Boulder,worked,2015-11-19,2015.0,8b
Filip Babicz,10th Sep 2021,,North Ridge,d,10-09-2021,Solo,worked,2021-10-09,2021.0,d
Jim Birkett,,,North West Arete,vs,,Solo,,,,5a
Arthur Dolphin,14th May 1944,,North West Girdle,e1,14-05-1944,Solo,,1944-05-14,1944.0,5c
Pete Whittaker,,,Norwegian Crown,e7,,Lead,worked,,,7c+
Ferdia Earle,21st Mar 2017,,Nosferatu,e6,21-03-2017,Lead,flash,2017-03-21,2017.0,7b+
Franco Cookson,9th Apr 2017,,Nothing Lasts,e11,09-04-2017,Lead,worked,2017-09-04,2017.0,8c+
John Allen,1976,,Not To Be Taken Away,6c,19-11-1976,Boulder,worked,1976-11-19,1976.0,6c
Joe Brown,3rd May 1957,,November,e3,03-05-1957,Lead,onsight,1957-03-05,1957.0,6b+
Jose Pereyra,1998,,No Way Jose,e8,19-11-1998,Lead,worked,1998-11-19,1998.0,8a+
Dan Varian,Nov 2010,,Nth Power,8a+,19-11-2010,Boulder,worked,2010-11-19,2010.0,8a+
Adam Ondra,14th Nov 2019,,Nunavut,8c,14-11-2019,Boulder,worked,2019-11-14,2019.0,8c
Alex Barrows,24th Sep 2024,,Nunca Mais,8b,24-09-2024,Lead,onsight,2024-09-24,2024.0,8b
Tara Hayes,,,Nutsa,8a,,Boulder,worked,,,8a
Mark Edwards,1991,,Nuts Are Not The Only Fruit,8c,19-11-1991,Lead,worked,1991-11-19,1991.0,8c
Jonathan Siegrest,7th Oct 2020,,Nu World,9a+,07-10-2020,Lead,worked,2020-07-10,2020.0,9a+
Adam Ondra,14th Mar 2011,9a+ (soft),Obrint El Sistema,9a+,14-03-2011,Lead,worked,2011-03-14,2011.0,9a+
Łukasz Dudek,27th Nov 2015,,Obsesja,8c,27-11-2015,Boulder,worked,2015-11-27,2015.0,8c
Loïc Zehani,7th Oct 2019,,Obsession,9b,07-10-2019,Lead,worked,2019-07-10,2019.0,9b
Neil Gresham,Sep 2011,,Occams Razor,7c+,19-09-2011,Deep Water Solo,worked,2011-09-19,2011.0,7c+
Ellis Butler-Barker,18th Jun 2018,,Occams Razor,8b,18-06-2018,Boulder,worked,2018-06-18,2018.0,8b
Molly Thompson-Smith,9th Aug 2020,,Odysseus,8b,09-08-2020,Lead,onsight,2020-09-08,2020.0,8b
Johnny Dawes,24th Apr 1985,,Offspring,e5,24-04-1985,Lead,worked,1985-04-24,1985.0,7a+
Cherry Bedford,11th Apr 2012,,Off The Mark,e7,11-04-2012,Lead,worked,2012-11-04,2012.0,7c+
Sean Myles,,,Ogwen Crack,e7,,Lead,worked,,,7c+
Molly Shep,2022,,Oh Saint Léger Fait Moi Monter Au Relais,8a+,19-11-2022,Lead,worked,2022-11-19,2022.0,8a+
Jonatan Flor,Dec 2023,,Okachi,9a+,19-12-2023,Lead,worked,2023-12-19,2023.0,9a+
Dai Koyamada,13th Oct 2023,,Okuro,8c,13-10-2023,Boulder,worked,2023-10-13,2023.0,8c
John Allen,1973,,Old Friends,e4,19-11-1973,Lead,worked,1973-11-19,1973.0,6c+
Nathaniel Coleman,,,Old Milwaukee,8b+,,Boulder,worked,,,8b+
Solenne Piret,2021,,Onde De Choc,7b,19-11-2021,Boulder,worked,2021-11-19,2021.0,7b
Dougie Hall,1988,,One Ard Move,e6,19-11-1988,Lead,onsight,1988-11-19,1988.0,7b+
Iain Small,2014,,One Hundred Years Of Solitude,e8,19-11-2014,Lead,worked,2014-11-19,2014.0,8a+
Stewart Watson,1st Jan 2013,,One Night Stand,8c+,01-01-2013,Lead,worked,2013-01-01,2013.0,8c+
Will Atkinson,,,One Step Beyond,8b,,Boulder,worked,,,8b
Jennifer Wood,10th Nov 2024,,Opal,8b+,10-11-2024,Lead,worked,2024-10-11,2024.0,8b+
Ramón Julián Puigblanque,8th Dec 2008,,Open Your Mind Direct R2,9a+,08-12-2008,Lead,worked,2008-08-12,2008.0,9a+
Patrick Edlinger,1989,,Orange Mécanique,8a,19-11-1989,Solo,worked,1989-11-19,1989.0,8a
Ignacio Mulero,2024,,Orange Piranha,8a+,19-11-2024,Boulder,worked,2024-11-19,2024.0,8a+
Jerry Moffatt,1984,,Orange Sunshine,7c+,19-11-1984,Lead,worked,1984-11-19,1984.0,7c+
Jankyn Pasquill,29th Jul 1973,,Orchrist,e5,29-07-1973,Lead,worked,1973-07-29,1973.0,7a+
Kate Ennis,,,Oreo,7c,,Boulder,worked,,,7c
Janja Garnbret,Nov 2024,,Orgasmatron,8a,19-11-2024,Boulder,flash,2024-11-19,2024.0,8a
Peter Biven,1953,,Original Route,hvs,19-11-1953,Boulder,,1953-11-19,1953.0,5b
Leah Crane,2004,,Orion,7c+,19-11-2004,Lead,worked,2004-11-19,2004.0,7c+
Alex Megos,Aug 2023,,Ormen Lange,8b,19-08-2023,Boulder,flash,2023-08-19,2023.0,8b
Bernabé Fernández,6th Dec 1998,,Orujo,9a+,06-12-1998,Lead,worked,1998-06-12,1998.0,9a+
Charles Albert,,,Ôte Moi Dun Doigt,8b+,,Boulder,worked,,,8b+
Tom Proctor,Jun 1968,,Our Father,e4,19-06-1968,Lead,worked,1968-06-19,1968.0,6c+
Dave MacLeod,5th May 2023,,Out For Blood,e9,05-05-2023,Lead,worked,2023-05-05,2023.0,8b
Andy Pollitt,20th Jun 1987,,Out Of My Tree,8a,20-06-1987,Lead,worked,1987-06-20,1987.0,8a
Aidan Roberts,Aug 2021,,Out Of Shadows,8b,19-08-2021,Boulder,worked,2021-08-19,2021.0,8b
Robyn Erbesfield-Raboutou,1993,,Overdose,8a+,19-11-1993,Lead,onsight,1993-11-19,1993.0,8a+
Jim Birkett,1st Apr 1937,,Overhanging Bastion (pre Rockfall),vs,01-04-1937,Alternate Leads,onsight,1937-01-04,1937.0,5a
Naomi Buys,Apr 2014,,Overlooked,e7,19-04-2014,Lead,worked,2014-04-19,2014.0,7c+
Andy Pollitt,Jun 1988,,Over The Moon,8a,19-06-1988,Lead,worked,1988-06-19,1988.0,8a
Walker Kearney,2015,,Over The Mountain,7c+,19-11-2015,Boulder,worked,2015-11-19,2015.0,7c+
Walker Kearney,2017,,Over The Rainbow,8a,19-11-2017,Boulder,worked,2017-11-19,2017.0,8a
Jerry Moffatt,Aug 1983,,Oyster,8a,19-08-1983,Lead,worked,1983-08-19,1983.0,8a
Drew Ruana,6th Oct 2022,,Ozymandias,8b+,06-10-2022,Boulder,worked,2022-06-10,2022.0,8b+
Allison Vest,10th May 2023,,Pagan Poetry Low,8b,10-05-2023,Boulder,worked,2023-10-05,2023.0,8b
Jennifer Wood,17th Sep 2023,,Paklinski Waves,8c,17-09-2023,Lead,worked,2023-09-17,2023.0,8c
Daniel Woods,15th Jan 2014,,Palabraz,8b,15-01-2014,Boulder,flash,2014-01-15,2014.0,8b
Gary Gibson,2001,,Pale Rider,6a,19-11-2001,Boulder,,2001-11-19,2001.0,6a
Dani Andrada,Oct 1993,8c,Pan Panadero,8c,19-10-1993,Lead,worked,1993-10-19,1993.0,8c
Eva Hammelmüller,2nd Apr 2023,,Pappataci,8b,02-04-2023,Lead,flash,2023-02-04,2023.0,8b
Lucy Mitchell,16th Jan 2022,,Pâques Express,8c,16-01-2022,Lead,worked,2022-01-16,2022.0,8c
Stefano Carnati,8th Jul 2023,,Paradise Lost,8b,08-07-2023,Boulder,flash,2023-08-07,2023.0,8b
Dan Honeyman,,,Parallel Lines,e8,,Lead,worked,,,8a+
Simon Nadin,1985,,Parallel Lines (with Siderunners),e6,19-11-1985,Lead,worked,1985-11-19,1985.0,7b+
Glenda Huxter,13th Sep 1996,,Parting Shot,e4,13-09-1996,Lead,,1996-09-13,1996.0,6c+
Tom Bolger,Sep 2022,,Patan Satan,8c,19-09-2022,Lead,worked,2022-09-19,2022.0,8c
Helen Dudley,,,Path Of Excess Power,8a+,,Lead,worked,,,8a+
Dave Sutcliffe,Apr 2015,,Path Of Intrigue,7c+,19-04-2015,Boulder,worked,2015-04-19,2015.0,7c+
Tom Peckitt,2013,,Patina Turner,8b,19-11-2013,Boulder,worked,2013-11-19,2013.0,8b
Angus Kille,Sep 2024,,Patresence,e9,19-09-2024,Lead,worked,2024-09-19,2024.0,8b
Iain Farrar,,,Pea Crab Shuffle,7c,,Boulder,worked,,,7c
Mikey Cleverdon,30th Dec 2014,,Peahi,8a+,30-12-2014,Boulder,worked,2014-12-30,2014.0,8a+
Joe Brown,1951,,Peapod,hvs,19-11-1951,Lead,onsight,1951-11-19,1951.0,5b
John Allen,1976,,Pebble Mill,e5,19-11-1976,Lead,worked,1976-11-19,1976.0,7a+
Dave MacLeod,Mar 2005,,Perfect Crime,8b,19-03-2005,Boulder,worked,2005-03-19,2005.0,8b
Will Smith,4th Nov 2022,,Perfecto Passat Extension,9a,04-11-2022,Lead,worked,2022-04-11,2022.0,9a
Tim Rankin,8th Apr 2016,,Perfect Vacuum,e9,08-04-2016,Lead,worked,2016-08-04,2016.0,8b
Taylor McNeill,2024,,Perilous Moon,8b,19-11-2024,Boulder,worked,2024-11-19,2024.0,8b
Adam Ondra,6th Sep 2011,,Perlorodka,9a+,06-09-2011,Lead,worked,2011-06-09,2011.0,9a+
Johnny Dawes,9th Jul 1985,,Perplexity,e6,09-07-1985,Lead,worked,1985-09-07,1985.0,7b+
Emily Johnson,21st Jan 2021,,Pesadillo,8a,21-01-2021,Lead,worked,2021-01-21,2021.0,8a
Vadim Timonov,15th Jan 2019,,Pfc,8b,15-01-2019,Boulder,flash,2019-01-15,2019.0,8b
Ashima Shiraishi,24th Dec 2015,,Phenomena,8b+,24-12-2015,Boulder,worked,2015-12-24,2015.0,8b+
Jonatan Flor,22nd May 2021,,Picacho,9b,22-05-2021,Lead,worked,2021-05-22,2021.0,9b
Jonatan Flor,Sep 2022,,Picasso,9a+,19-09-2022,Lead,worked,2022-09-19,2022.0,9a+
Maurizio Zanolla,,,Pichenibule,7c,,Lead,worked,,,7c
Jankyn Pasquill,1983,,Pigswill,7a,19-11-1983,Boulder,worked,1983-11-19,1983.0,7a
Rachel Pearce,8th Mar 2022,,Pinche Lupita,8a,08-03-2022,Lead,onsight,2022-08-03,2022.0,8a
Charlotte Warner,,,Pinza Time,8a,,Lead,worked,,,8a
F G Balcombe,1936,,Piton Route,vs,19-11-1936,Lead,worked,1936-11-19,1936.0,5a
Lisa Rands,Mar 2001,,Plain High Drifter,8a,19-03-2001,Boulder,worked,2001-03-19,2001.0,8a
Lucy Creamer,2003,,Planète Groove,8a,19-11-2003,Lead,onsight,2003-11-19,2003.0,8a
Vadim Timonov,15th Nov 2023,,Planet T,8c,15-11-2023,Boulder,worked,2023-11-15,2023.0,8c
Mike Adams,21st Feb 2021,,Play House,8b,21-02-2021,Boulder,worked,2021-02-21,2021.0,8b
Malcolm Taylor,31st Oct 1991,,Plectrum Maxilla Direct,e7,31-10-1991,Lead,worked,1991-10-31,1991.0,7c+
Niccolò Ceria,2024,,Pneuma,8c+ (approx),19-11-2024,Boulder,worked,2024-11-19,2024.0,8c+
Martin Stráník,26th Jan 2019,,Pohár Nesmrtelnosti,8b+,26-01-2019,Boulder,worked,2019-01-26,2019.0,8b+
Adam Ondra,23rd Nov 2022,8C/8C+,Pohár Nesmrtelnosti (prodloužení),8c,23-11-2022,Boulder,worked,2022-11-23,2022.0,8c
Ned Feehally,2021,,Point Ramp,8b,19-11-2021,Boulder,worked,2021-11-19,2021.0,8b
Jim Pope,12th Jun 2024,,Polar Front,e9,12-06-2024,Lead,worked,2024-12-06,2024.0,8b
Dominic Lee,4th Jul 2024,,Polling Day,e5,04-07-2024,Lead,worked,2024-04-07,2024.0,7a+
Joel Unema,18th Oct 2023,,Polyphemus,8b+,18-10-2023,Boulder,worked,2023-10-18,2023.0,8b+
Nick Dixon,30th Mar 1986,,Polyp Piece,e7,30-03-1986,Lead,worked,1986-03-30,1986.0,7c+
Malcolm Smith,1998,,Pongo Sds,8a,19-11-1998,Boulder,worked,1998-11-19,1998.0,8a
Paul Higginson,2001,,Pool Of Bethesda,8a+,19-11-2001,Boulder,worked,2001-11-19,2001.0,8a+
Gary Gibson,1999,,Poor Dill,7c,19-11-1999,Lead,worked,1999-11-19,1999.0,7c
Arthur Dolphin,,,Pothole Direct,vs,,Solo,onsight,,,5a
Eva Lopez,14th Oct 2013,,Potmekin,8c+,14-10-2013,Lead,worked,2013-10-14,2013.0,8c+
Adam Ondra,9th Mar 2011,,Powerade,8c+,09-03-2011,Lead,onsight,2011-09-03,2011.0,8c+
James Pearson,2017,,Power Ranger,e11,19-11-2017,Lead,worked,2017-11-19,2017.0,8c+
Rowanne Bennett-Waters,,,Power Strips,7c,,Boulder,worked,,,7c
Hannah Hayes,17th May 2021,,Precious,7c,17-05-2021,Boulder,worked,2021-05-17,2021.0,7c
Richard Broomhead,Jun 1980,,Precious,e2,19-06-1980,Boulder,,1980-06-19,1980.0,6a+
Charlie Barron,2023,,Predator Pounce Low,8b+,19-11-2023,Boulder,worked,2023-11-19,2023.0,8b+
Mark Edwards,,,Pre Marital Tension Right Hand,e8,,Lead,worked,,,8a+
Alex Barrows,6th May 2021,8c+/9a,Preposterous Tales,9a,06-05-2021,Lead,worked,2021-06-05,2021.0,9a
Dave MacLeod,Jul 2009,E9 (hard),Present Tense,e9,19-07-2009,Lead,worked,2009-07-19,2009.0,8b
Dave MacLeod,Dec 2005,,Pressure,8b,19-12-2005,Boulder,worked,2005-12-19,2005.0,8b
Alex Barrows,20th Sep 2024,,Pretence Of Youth,9a,20-09-2024,Boulder,worked,2024-09-20,2024.0,9a
Anna Taylor,4th Jul 2019,,Priceless,e7,04-07-2019,Solo,worked,2019-04-07,2019.0,7c+
Laura Rogora,Oct 2024,,Prima Classe,9a,19-10-2024,Lead,worked,2024-10-19,2024.0,9a
Jernej Kruder,13th Jan 2022,,Primitivo Stand,8b,13-01-2022,Boulder,flash,2022-01-13,2022.0,8b
Natalia Grossman,30th Oct 2021,,Prince Of Thieves,8a,30-10-2021,Boulder,flash,2021-10-30,2021.0,8a
Ramón Julián Puigblanque,24th Mar 2008,,Priorato De Sion,9a,24-03-2008,Lead,worked,2008-03-24,2008.0,9a
Pete Oxley,23rd May 1998,,Privateer,7b+,23-05-1998,Lead,,1998-05-23,1998.0,7b+
Ron Fawcett,1971,,Problem Wall,e2,19-11-1971,Lead,,1971-11-19,1971.0,6a+
John Allen,1975,,Profit Of Doom,e4,19-11-1975,Lead,worked,1975-11-19,1975.0,6c+
Louis Gundolf,14th Aug 2023,,Project Lama,8c+,14-08-2023,Lead,worked,2023-08-14,2023.0,8c+
Brent Perkins,,E9,Proper Soul,8b+,,Lead,worked,,,8b+
Glenda Huxter,29th May 1996,,Prozac Link,e4,29-05-1996,Lead,,1996-05-29,1996.0,6c+
Kim Carrigan,May 1981,,Psychic Threshold,e5,19-05-1981,Lead,,1981-05-19,1981.0,7a+
Mark Edwards,1984,,Psychosis,e5,19-11-1984,Lead,,1984-11-19,1984.0,7a+
Craig Smith,17th Jul 1986,,Psycocandy,e6,17-07-1986,Lead,worked,1986-07-17,1986.0,7b+
Adam Ondra,14th Nov 2019,8C (hard),Pučmeloun,8c,14-11-2019,Boulder,worked,2019-11-14,2019.0,8c
Dave Sutcliffe,13th Oct 2004,,Pulse Racer,e6,13-10-2004,Lead,worked,2004-10-13,2004.0,7b+
Maddy Cope,25th Mar 2021,,Punchsong,7c+,25-03-2021,Boulder,worked,2021-03-25,2021.0,7c+
Elle Partington,11th Jun 2020,,Purley Belter,7c,11-06-2020,Boulder,worked,2020-11-06,2020.0,7c
Mina Leslie-Wujastyk,31st May 2017,,Pursuit Of Happiness,8b,31-05-2017,Boulder,worked,2017-05-31,2017.0,8b
Charlotte Durif,11th Aug 2005,,Putain Putain,8b,11-08-2005,Lead,worked,2005-11-08,2005.0,8b
Willow Petrobelli,10th Aug 2021,,Putas Clekas,8b,10-08-2021,Lead,worked,2021-10-08,2021.0,8b
Dave Loh,31st Jul 2023,,Qoussai Les Maux De La Fin,8c,31-07-2023,Lead,worked,2023-07-31,2023.0,8c
Pete Whillance,Apr 1981,,Quality Street,e4,19-04-1981,Lead,,1981-04-19,1981.0,6c+
Loïc Zehani,18th Oct 2023,,Quartiers Nord,9b,18-10-2023,Lead,worked,2023-10-18,2023.0,9b
Evan Hau,14th Oct 2024,9a/9a+,Queen Bee Direct,9a,14-10-2024,Lead,worked,2024-10-14,2024.0,9a
James Pearson,2020,,Queen Of Heart,8b,19-11-2020,Boulder,worked,2020-11-19,2020.0,8b
James Pearson,2011,,Quello Che Non C’è,8c+,19-11-2011,Lead,worked,2011-11-19,2011.0,8c+
Frank Cannings,14th Feb 1970,,Questor,vs,14-02-1970,Lead,,1970-02-14,1970.0,5a
Neil Dickson,Sep 2007,,Quetzalcoatl,e9,19-09-2007,Lead,worked,2007-09-19,2007.0,8b
Joe Brown,1954,,Quietus,e2,19-11-1954,Lead,worked,1954-11-19,1954.0,6a+
Matt Helliker,Jun 2024,,Race,e9,19-06-2024,Lead,worked,2024-06-19,2024.0,8b
Solly Kemball-Dorey,15th Oct 2020,,Race Against Death,8a,15-10-2020,Boulder,worked,2020-10-15,2020.0,8a
Buster Martin,18th Aug 2019,,Racing In The Street,8b,18-08-2019,Lead,worked,2019-08-18,2019.0,8b
Jennifer Wood,13th Nov 2020,,Racomelo,8b,13-11-2020,Lead,worked,2020-11-13,2020.0,8b
Steve McClure,2000,,Radicales Libres,8a+,19-11-2000,Lead,onsight,2000-11-19,2000.0,8a+
Malcolm Taylor,11th Oct 1992,,Rage,8b,11-10-1992,Lead,worked,1992-11-10,1992.0,8b
Fred Rouhling,Before 1st Jan 2004,,"Rah, Plats, Plats",8a,,Boulder,worked,,,8a
Dave MacLeod,Between 1st Jan 2023 and 1st Jun 2023,,Railrace,e6,,Lead,worked,,,7b+
Alexis Allayaud,,,Rainbow Rocket,8a,,Boulder,worked,,,8a
Mike Turner,15th Sep 1991,,Ramalina,e6,15-09-1991,Lead,worked,1991-09-15,1991.0,7b+
Neil Travers,,,Rascal Groove Ss,8a,,Boulder,worked,,,8a
Adam Ondra,24th Sep 2023,,Ratatouille,9a,24-09-2023,Lead,worked,2023-09-24,2023.0,9a
Mark Edwards,1987,,Rats In A Rage,e6,19-11-1987,Lead,worked,1987-11-19,1987.0,7b+
Alex Megos,10th Aug 2011,,Raubritter,8c,10-08-2011,Lead,flash,2011-10-08,2011.0,8c
Gary Gibson,,,Reactn,6b+,,Lead,worked,,,6b+
Alan Rouse,1984,,Reagent,e5,19-11-1984,Lead,worked,1984-11-19,1984.0,7a+
Julian Lines,,,Realm Of The Senses,e7,,Lead,,,,7c+
John Gill,1959,,Red Cross Overhang,7c,19-11-1959,Boulder,worked,1959-11-19,1959.0,7c
Andi Turner,30th Nov 2013,,Reg,e7,30-11-2013,Boulder,worked,2013-11-30,2013.0,7c+
Mimi White,12th Oct 2023,,Regeneration Extension,7c,12-10-2023,Boulder,worked,2023-12-10,2023.0,7c
Alex Honnold,10th Apr 2024,,Reggae,8b,10-04-2024,Lead,flash,2024-10-04,2024.0,8b
Toru  Nakajima,Between 1st Jan 2024 and 1st Mar 2024,,Regret,8c+,,Boulder,worked,,,8c+
Sébastien Bouin,Between 24th Jan 2023 and 31st Jan 2023,,Rei De Bering,9a+,,Lead,worked,,,9a+
Domen Škofic,3rd Sep 2015,,Reinis Vibes,8c+,03-09-2015,Lead,onsight,2015-03-09,2015.0,8c+
Sophie Keltie,21st Feb 2022,,Reloaded,8a,21-02-2022,Lead,worked,2022-02-21,2022.0,8a
Rachel Pearce,15th Dec 2020,,Rembrandt,8a,15-12-2020,Lead,worked,2020-12-15,2020.0,8a
Shinichiro Nomura,10th Nov 2024,,Remembrance Of Things Past,8b+,10-11-2024,Boulder,worked,2024-10-11,2024.0,8b+
Julian Lines,30th Jul 2006,,Remontado,e6,30-07-2006,Solo,onsight,2006-07-30,2006.0,7b+
James McHaffie,30th Apr 2019,,Requiem To The Cyber Wankers,e3,30-04-2019,Solo,,2019-04-30,2019.0,6b+
Dave Cuthbertson,25th Apr 1980,,Rest And Be Thankful,e5,25-04-1980,Solo,,1980-04-25,1980.0,7a+
Andy Marshall,29th Sep 2018,,Resurrection,e8,29-09-2018,Lead,worked,2018-09-29,2018.0,8a+
Rowland Edwards,1975,,Resurrection,e4,19-11-1975,Lead,onsight,1975-11-19,1975.0,6c+
Aidan Roberts,2016,,Retaliation,8b,19-11-2016,Boulder,worked,2016-11-19,2016.0,8b
Osian Parry,7th Nov 2023,,Reu,8a+,07-11-2023,Boulder,worked,2023-07-11,2023.0,8a+
Rob Hunter,2024,,Revelation,8a,19-11-2024,Boulder,worked,2024-11-19,2024.0,8a
Will Bosi,2023,8c/8c+,Reverberance,8c,19-11-2023,Lead,worked,2023-11-19,2023.0,8c
James Pearson,2014,,Reverrence,8c+,19-11-2014,Lead,worked,2014-11-19,2014.0,8c+
Jacob Cook,17th Jul 2017,,Revival,8c,17-07-2017,Lead,worked,2017-07-17,2017.0,8c
Jacob Handyside,,,Riders On The Storm,8b,,Boulder,worked,,,8b
Dan Varian,2018,,Rift Aversion,7c+,19-11-2018,Boulder,worked,2018-11-19,2018.0,7c+
Dave Barrans,10th Feb 2022,,Rift Aversion Sds,8b,10-02-2022,Boulder,worked,2022-10-02,2022.0,8b
Aidan Roberts,Aug 2023,8C (hard),Right Hand Man,8c,19-08-2023,Boulder,worked,2023-08-19,2023.0,8c
Dan Varian,2023,,Right Here Right Now,8b,19-11-2023,Boulder,worked,2023-11-19,2023.0,8b
Ernest Baker,1902,,Right Twin Chimney,vd,19-11-1902,Boulder,,1902-11-19,1902.0,4a
Mason Earle,Oct 2020,,Ringlock Ranch,e8,19-10-2020,Lead,worked,2020-10-19,2020.0,8a+
Rachel Pearce,17th Jun 2022,,Ring My Bell,e7,17-06-2022,Lead,worked,2022-06-17,2022.0,7c+
Mike Adams,Before 1st Jan 2015,,River Of Dreams,8b,,Boulder,worked,,,8b
John Hart,1st Sep 1990,,R N P,8a+,01-09-1990,Lead,worked,1990-01-09,1990.0,8a+
Arnis Strapcans,30th Nov 1974,,Robert Brown,e3,30-11-1974,Lead,,1974-11-30,1974.0,6b+
Adam Ondra,5th Oct 2016,,Robin Úd,9b,05-10-2016,Lead,worked,2016-05-10,2016.0,9b
Jack Geldard,2007,,Rocky,e8,19-11-2007,Lead,worked,2007-11-19,2007.0,8a+
Hannah Kerr,,,Rodillar,8a,,Lead,worked,,,8a
Guy Robertson,,,Romancing The Stone,e8,,Lead,worked,,,8a+
Dave Cuthbertson,,,Romantic Reality,e7,,Lead,,,,7c+
Ron Fawcett,1992,,Rons Girdle Traverse,e5,19-11-1992,Solo,onsight,1992-11-19,1992.0,7a+
Jana Švecová,6th Nov 2022,,Roof Der Wildnis,8b+,06-11-2022,Boulder,worked,2022-06-11,2022.0,8b+
Sean McColl,,,Room Service,8a+,,Boulder,worked,,,8a+
Steve McClure,Jun 2007,,Rooster Crossing,8c,19-06-2007,Lead,worked,2007-06-19,2007.0,8c
Jimmy Webb,13th Dec 2012,,Roses And Blue Jays,8b,13-12-2012,Boulder,flash,2012-12-13,2012.0,8b
Percy Bishton,2nd May 1998,,Rowley Birkin Qc,e6,02-05-1998,Lead,worked,1998-02-05,1998.0,7b+
Emma Flaherty,8th Aug 2015,,Röyksopp,8a,08-08-2015,Boulder,worked,2015-08-08,2015.0,8a
Tom Proctor,1979,,Rubicon,7a,19-11-1979,Lead,worked,1979-11-19,1979.0,7a
Andy Pollitt,19th May 1988,,Ruby Fruit Jungle,8a,19-05-1988,Lead,worked,1988-05-19,1988.0,8a
Maddy Cope,,,Rubys Cafe,e6,,Lead,flash,,,7b+
Craig Smith,18th Jun 1986,,Rumblefish,e7,18-06-1986,Lead,worked,1986-06-18,1986.0,7c+
Niall Grimes,25th May 1991,,Ruthless People,e4,25-05-1991,Lead,worked,1991-05-25,1991.0,6c+
Tom O'Halloran,20th Apr 2017,,Sack Of Woe,8c,20-04-2017,Lead,worked,2017-04-20,2017.0,8c
Malcolm Taylor,23rd Jun 1992,,Salar,8a,23-06-1992,Lead,worked,1992-06-23,1992.0,8a
Aleksej Jaruta,6th Oct 2024,,Sammansvärjning,e10,06-10-2024,Lead,worked,2024-06-10,2024.0,8b+
Erwan Legrand,24th Jan 2023,,Sans Complexe,9a,24-01-2023,Lead,worked,2023-01-24,2023.0,9a
Fabian Buhl,Feb 2013,8B+,Santoku,8b,19-02-2013,Boulder,worked,2013-02-19,2013.0,8b
Claire Bell,,,Sarah Sds,8a+,,Boulder,worked,,,8a+
Alban Levier,2016,,Satan I Helvete,8b+,19-11-2016,Boulder,worked,2016-11-19,2016.0,8b+
Dave Graham,7th Mar 2003,,Satan I Helvete (pre December 2013),8b,07-03-2003,Boulder,worked,2003-07-03,2003.0,8b
James McHaffie,Before 1st Jan 2002,,Satans Little Helper,e7,,Lead,onsight,,,7c+
Natalie Berry,,,Satan X,8b,,Lead,worked,,,8b
Jo Neame,18th Oct 2023,,Sàtiva Patàtica,8a,18-10-2023,Lead,flash,2023-10-18,2023.0,8a
James Noble,20th May 2017,,Saucy Mutton,8b,20-05-2017,Boulder,worked,2017-05-20,2017.0,8b
James McHaffie,3rd Mar 2008,,Sauron,8b,03-03-2008,Lead,worked,2008-03-03,2008.0,8b
Harry Scarlett,1920s,,Scarletts Chimney,vs,19-11-2024,Lead,,2024-11-19,2024.0,5a
Harry Scarlett,1931,,Scarletts Climb,vs,19-11-1931,Lead,,1931-11-19,1931.0,5a
Harry Scarlett,1920s,,Scarletts Crack,vs,19-11-2024,Lead,,2024-11-19,2024.0,5a
Paul Pritchard,16th Aug 1986,,Schittlegrüber,e6,16-08-1986,Lead,worked,1986-08-16,1986.0,7b+
Karoline Sinnhuber,18th Dec 2016,,Schluck Du Bruder Sit,8a+,18-12-2016,Boulder,worked,2016-12-18,2016.0,8a+
James Pearson,25th Nov 2007,,Schule Des Lebens,8a+,25-11-2007,Boulder,flash,2007-11-25,2007.0,8a+
Tom Proctor,1967,,Scoop Wall,e2,19-11-1967,Boulder,,1967-11-19,1967.0,6a+
Arnis Strapcans,11th Apr 1977,,Scorched Earth,e2,11-04-1977,Lead,worked,1977-11-04,1977.0,6a+
Simon Nadin,1985,,Script For A Tear,e6,19-11-1985,Lead,worked,1985-11-19,1985.0,7b+
Aidan Roberts,Aug 2020,,Seat At The Table,8b,19-08-2020,Boulder,worked,2020-08-19,2020.0,8b
Miles Adamson,2022,,Semantics,9a+,19-11-2022,Top Rope,worked,2022-11-19,2022.0,9a+
Prudence Morgan-Wood,15th Nov 2023,,Semental,8b+,15-11-2023,Lead,worked,2023-11-15,2023.0,8b+
Don Whillans,1959,,Sentinel Crack,e3,19-11-1959,Solo,worked,1959-11-19,1959.0,6b+
Mike Adams,Mar 2017,,Serenataon,8c,19-03-2017,Boulder,worked,2017-03-19,2017.0,8c
Lucas Uchida,May 2023,,Seven,8b+,19-05-2023,Boulder,worked,2023-05-19,2023.0,8b+
Dave MacLeod,Apr 2011,,Seven Of Nine,8b+,19-04-2011,Boulder,worked,2011-04-19,2011.0,8b+
Neil Mawson,1st Nov 2014,,Sex After Climb,8c,01-11-2014,Lead,worked,2014-01-11,2014.0,8c
Steve Mayers,Jul 1993,,Shadow Dancer,e7,19-07-1993,Lead,worked,1993-07-19,1993.0,7c+
John Gaskins,Oct 2004,,Shadowplay,8c,19-10-2004,Boulder,worked,2004-10-19,2004.0,8c
Aidan Roberts,2023,,Shadow Women,8c,19-11-2023,Boulder,worked,2023-11-19,2023.0,8c
John Redhead,1991,,Shaft Of A Dead Man,e7,19-11-1991,Boulder,,1991-11-19,1991.0,7c+
Andy Mitchell,8th May 1986,,Shaken Not Stirred,e6,08-05-1986,Lead,worked,1986-08-05,1986.0,7b+
John Gaskins,1997,,Shallow Grave,7a+,19-11-1997,Boulder,worked,1997-11-19,1997.0,7a+
Aidan Roberts,2023,,Shallow Waters,8c,19-11-2023,Boulder,worked,2023-11-19,2023.0,8c
Ryohei Kameyama,4th Jan 2021,,Shambala,8c,04-01-2021,Boulder,worked,2021-04-01,2021.0,8c
Julian Lines,Jun 2001,,Shere Khan,7c,19-06-2001,Boulder,,2001-06-19,2001.0,7c
Rebekah Drummond,28th Aug 2018,,Shimmy Sham,8a,28-08-2018,Lead,worked,2018-08-28,2018.0,8a
Gary Gibson,30th Apr 1983,,Ships That Pass In The Night,e5,30-04-1983,Lead,worked,1983-04-30,1983.0,7a+
Thomas Willenberg,24th Apr 2009,,Shiva (pre 2016),8c,24-04-2009,Boulder,worked,2009-04-24,2009.0,8c
Scott Milton,Apr 2003,,Shock And Awe,8c+,19-04-2003,Lead,worked,2003-04-19,2003.0,8c+
Pete Gomersall,Aug 1989,,Showtime,8b,19-08-1989,Lead,worked,1989-08-19,1989.0,8b
Nick Dixon,2012,,Shropshire Gold,e7,19-11-2012,Lead,worked,2012-11-19,2012.0,7c+
Martin Stráník,18th Sep 2019,,Sicarios,8b,18-09-2019,Boulder,flash,2019-09-18,2019.0,8b
Nia Fletcher,,,Sidekick,8a+,,Boulder,worked,,,8a+
Martin Atkinson,26th Aug 1984,,Sidekick,e6,26-08-1984,Lead,worked,1984-08-26,1984.0,7b+
Stefan Scherz,28th Oct 2022,,Sierra Madre,8c,28-10-2022,Boulder,worked,2022-10-28,2022.0,8c
Noé Looser,10th May 2020,,Siesta,8c,10-05-2020,Lead,worked,2020-10-05,2020.0,8c
Alex Moore,4th Sep 2018,,Sign Of The Devil,7c+,04-09-2018,Boulder,worked,2018-04-09,2018.0,7c+
Simon Young,2001,,Sign Of The Vulcan,7b+,19-11-2001,Solo,worked,2001-11-19,2001.0,7b+
Robyn Erbesfield-Raboutou,1993,,Silence Vertical,8b+,19-11-1993,Lead,worked,1993-11-19,1993.0,8b+
Pete Whittaker,7th Mar 2009,,Silent Scream,e7,07-03-2009,Lead,worked,2009-07-03,2009.0,7c+
Lynn Hill,1992,,Simon,8a,19-11-1992,Lead,onsight,1992-11-19,1992.0,8a
Ned Feehally,9th Jul 2021,,Sine Language,8c,09-07-2021,Boulder,worked,2021-09-07,2021.0,8c
Ned Feehally,2021,,Sine Of The Times,8b+,19-11-2021,Boulder,worked,2021-11-19,2021.0,8b+
Freja Shannon,2023,,Sista Bossen,e8,19-11-2023,Lead,worked,2023-11-19,2023.0,8a+
Randy Puro,Mar 2020,,Sitsquatch,8b (approx),19-03-2020,Boulder,worked,2020-03-19,2020.0,8b
Felix Wilkins,31st Jul 2022,,Six Dinner Sid,8b+,31-07-2022,Lead,worked,2022-07-31,2022.0,8b+
Chris Hamper,9th Jul 1983,,Sixpence,e6,09-07-1983,Lead,worked,1983-09-07,1983.0,7b+
Thilo Schröter,22nd Jun 2021,,Sjøslag,8c,22-06-2021,Lead,worked,2021-06-22,2021.0,8c
Andy Pollitt,12th Apr 1984,,Skinhead Moonstomp,e6,12-04-1984,Lead,worked,1984-12-04,1984.0,7b+
Richie Patterson,1st Oct 1993,,Skinless Wonder,e6,01-10-1993,Lead,worked,1993-01-10,1993.0,7b+
Rob Cook,6th Jun 2023,,Skiroute Project,8b,06-06-2023,Boulder,worked,2023-06-06,2023.0,8b
Ella Russell,16th Jul 2016,,Sleepy Hollow,8a+,16-07-2016,Boulder,worked,2016-07-16,2016.0,8a+
Andy Hall,1979,,Slender Norris,e5,19-11-1979,Lead,worked,1979-11-19,1979.0,7a+
Wolfgang Güllich,1991,,Slimline,8a+,19-11-1991,Lead,worked,1991-11-19,1991.0,8a+
Ron Fawcett,1976,,Slip N Slide,e6,19-11-1976,Solo,worked,1976-11-19,1976.0,7b+
Pete Robins,Nov 2010,,Slip Of The Tongue,e6,19-11-2010,Lead,worked,2010-11-19,2010.0,7b+
Don Whillans,1958,,Slippery Jim,hvs,19-11-1958,Solo,onsight,1958-11-19,1958.0,5b
Tyler Landman,3rd Nov 2013,,Smiling Buttress,8b,03-11-2013,Boulder,worked,2013-03-11,2013.0,8b
Paul Bennet,,,Snatch,8a,,Boulder,worked,,,8a
Kristian Clemmow,2003,,Snatch,8b,19-11-2003,Lead,worked,2003-11-19,2003.0,8b
Will Bosi,10th Mar 2022,,Snatch Low,8b,10-03-2022,Boulder,worked,2022-10-03,2022.0,8b
Lee Cossey,23rd Apr 2011,,Sneaky Snake,8b+,23-04-2011,Lead,worked,2011-04-23,2011.0,8b+
Ken Palmer,2009,,Soft Cell,7c+,19-11-2009,Deep Water Solo,worked,2009-11-19,2009.0,7c+
Dave Sutcliffe,2012,,Sole Fusion,8a,19-11-2012,Boulder,worked,2012-11-19,2012.0,8a
Jerry Moffatt,2nd Jun 1983,,Sole Power,7c,02-06-1983,Boulder,worked,1983-02-06,1983.0,7c
Tessa Silvestre le Lyon,,,Sombre Del Viento,8a,,Lead,worked,,,8a
Marietta Uhden,2001,8c,Sonne Im Herzen,8c+,19-11-2001,Lead,worked,2001-11-19,2001.0,8c+
Andy Popp,1992,,Sons Of The Desert,e7,19-11-1992,Lead,worked,1992-11-19,1992.0,7c+
Dave Sutcliffe,2003,,Sootys Dyno,7b,19-11-2003,Boulder,worked,2003-11-19,2003.0,7b
Isabelle Patissier,1988,,Sortillèges,8b,19-11-1988,Lead,worked,1988-11-19,1988.0,8b
Hyunbin Min,29th Sep 2020,,Soul Rock Dance,9b,29-09-2020,Lead,worked,2020-09-29,2020.0,9b
Gary Gibson,2nd Jul 1985,,Souls,e6,02-07-1985,Lead,worked,1985-02-07,1985.0,7b+
Fred Rouhling,2006,,Soumission,8b+,19-11-2006,Boulder,worked,2006-11-19,2006.0,8b+
Adam Ondra,29th Oct 2012,,Southern Smoke Direct,9a,29-10-2012,Lead,flash,2012-10-29,2012.0,9a
Yves Gravelle,4th Oct 2021,,So What,8c,04-10-2021,Boulder,worked,2021-04-10,2021.0,8c
Andy Pollitt,2nd Jun 1983,,Space Case,e6,02-06-1983,Lead,worked,1983-02-06,1983.0,7b+
Martin Crocker,1983,,Spacehunter,e7,19-11-1983,Lead,worked,1983-11-19,1983.0,7c+
Solly Kemball-Dorey,20th Oct 2020,,Speed Of Light,8b+,20-10-2020,Boulder,worked,2020-10-20,2020.0,8b+
Nick Dixon,Apr 2021,,Spirit Of The Moors,e8,19-04-2021,Lead,worked,2021-04-19,2021.0,8a+
Teresa Coimbra,Between 1st Mar 2024 and 2nd Mar 2024,,Spitting Venom,7c,,Boulder,worked,,,7c
Alan Watts,1984,,Split Image,7c,19-11-1984,Lead,worked,1984-11-19,1984.0,7c
Kinga Ociepka-Grzegulska,27th Sep 2016,,Sprawa Honoru,9a,27-09-2016,Lead,worked,2016-09-27,2016.0,9a
Anna Trybis,,,Sprung,7c,,Boulder,worked,,,7c
Tamas Zupan,2nd Aug 2021,,Sputnik,8b,02-08-2021,Boulder,flash,2021-02-08,2021.0,8b
Connie Shang,15th Jun 2024,,Spyfiction,8c+,15-06-2024,Lead,worked,2024-06-15,2024.0,8c+
Nick Walton,Between 13th Apr 2984 and 13th Apr 1984,,Stack Of Nude Books Meets The Stickman,e4,,Lead,,,,6c+
George Smith,3rd Aug 1986,,Stairway To Silence,e7,03-08-1986,Lead,worked,1986-03-08,1986.0,7c+
Michelle Greenall,,,Stalker On The Horizon,7c,,Boulder,worked,,,7c
Joe Healey,,,Staminade,e6,,Solo,worked,,,7b+
Felix Wilkins,May 2022,,Stamina Lamb Pump Up The Power Ram,8b,19-05-2022,Boulder,worked,2022-05-19,2022.0,8b
Toru  Nakajima,Dec 2021,,Stand Alone,8b,19-12-2021,Boulder,worked,2021-12-19,2021.0,8b
Dan Varian,9th Feb 2011,,Stanton Deliver,8a+,09-02-2011,Boulder,worked,2011-09-02,2011.0,8a+
Jennifer Wood,3rd Jun 2023,,Stay As You Are,8c,03-06-2023,Lead,worked,2023-03-06,2023.0,8c
Dave Birkett,2000,,Stefan Grossman Sds,8a,19-11-2000,Boulder,worked,2000-11-19,2000.0,8a
Alexis Perry,22nd Aug 2021,,Steve,8a,22-08-2021,Deep Water Solo,ground up,2021-08-22,2021.0,8a
John Redhead,Apr 1986,,Stiff Syds Cap,e6,19-04-1986,Lead,worked,1986-04-19,1986.0,7b+
Jemma Powell,,,Stoned Temple Pilots,8a,,Boulder,worked,,,8a
Jerry Moffatt,1988,,Stone Love,8b+,19-11-1988,Lead,worked,1988-11-19,1988.0,8b+
Simon Lee,5th Jul 2024,,Storming,e6,05-07-2024,Lead,worked,2024-05-07,2024.0,7b+
Nathan Phillips,29th Oct 2023,,Stranger Things,8b,29-10-2023,Boulder,worked,2023-10-29,2023.0,8b
Don Whillans,1956,,Strapiombo,e1,19-11-1956,Boulder,,1956-11-19,1956.0,5c
Seb Grieve,1999,,Strappotente,e7,19-11-1999,Lead,worked,1999-11-19,1999.0,7c+
Seb Grieve,1998,,Stretch Armstrong,e6,19-11-1998,Lead,worked,1998-11-19,1998.0,7b+
Richard Broomhead,1st Jun 2002,,Strictly Ballroom,e1,01-06-2002,Lead,,2002-01-06,2002.0,5c
Tom de Gay,2000,,Suavito,7b,19-11-2000,Boulder,worked,2000-11-19,2000.0,7b
Dave MacLeod,8th May 2008,,Sublime,e8,08-05-2008,Lead,worked,2008-08-05,2008.0,8a+
Peter Harding,1946,,Suicide Wall,hvs,19-11-1946,Lead,,1946-11-19,1946.0,5b
Allan Austin,1970,,Sundance Wall,e2,19-11-1970,Lead,,1970-11-19,1970.0,6a+
Joe Brown,1948,,Sunset Slab,vs,19-11-1948,Lead,onsight,1948-11-19,1948.0,5a
Paul Cornforth,26th Nov 1985,,Superdupont,7b+,26-11-1985,Lead,worked,1985-11-26,1985.0,7b+
Steve Dunning,Sep 2001,8A+/8B,Super Furry Animal,8b,19-09-2001,Boulder,worked,2001-09-19,2001.0,8b
Jerry Moffatt,1984,,Super Imujin,e6,19-11-1984,Lead,flash,1984-11-19,1984.0,7b+
Pete Whillance,Jul 1977,,Supernatural,e5,19-07-1977,Lead,,1977-07-19,1977.0,7a+
Alex Megos,2nd Oct 2015,,Supernova,9a+,02-10-2015,Lead,worked,2015-02-10,2015.0,9a+
Aidan Roberts,11th Sep 2020,8C/8C+,Superpowers,8c+,11-09-2020,Boulder,worked,2020-11-09,2020.0,8c+
Ron Fawcett,1976,,Supersonic,e5,19-11-1976,Lead,worked,1976-11-19,1976.0,7a+
Gareth Parry,9th Jan 2015,,Supersonico,8c+,09-01-2015,Lead,worked,2015-09-01,2015.0,8c+
Sébastien Bouin,1st Nov 2022,9b+,Suprême Jumbo Love,9b+,01-11-2022,Lead,worked,2022-01-11,2022.0,9b+
Paul Pritchard,27th May 1987,,Surgical Lust,e7,27-05-1987,Lead,worked,1987-05-27,1987.0,7c+
Alex Barrows,17th Oct 2023,,Sur La Route De Madison,8b,17-10-2023,Lead,onsight,2023-10-17,2023.0,8b
Simon Rawlinson,20th Jun 2010,,Surplomb De Ray,8b+,20-06-2010,Lead,worked,2010-06-20,2010.0,8b+
Scott Franklin,,,Survival Of The Fittest,e7,,Solo,worked,,,7c+
John Allen,1975,,Suspense,e2,19-11-1975,Solo,,1975-11-19,1975.0,6a+
Martin Crocker,29th Jul 1995,,Suzies Plot,e7,29-07-1995,Lead,worked,1995-07-29,1995.0,7c+
Chris Davies,2000,,Sway On,8a,19-11-2000,Boulder,worked,2000-11-19,2000.0,8a
Anak Verhoeven,Sep 2017,,Sweet Neuf,9a+,19-09-2017,Lead,worked,2017-09-19,2017.0,9a+
Jim Pope,,,Sweet Track,8a+,,Boulder,worked,,,8a+
Filip Babicz,Sep 2022,,Swiss Route,td+,19-09-2022,Solo,repeat,2022-09-19,2022.0,td+
Eliot Stephens,27th Jun 2016,,Sword Amd Shield,7c,27-06-2016,Boulder,worked,2016-06-27,2016.0,7c
Crispin Waddy,27th Sep 1987,,Swordfish Trombones,7a+,27-09-1987,Deep Water Solo,onsight,1987-09-27,1987.0,7a+
Austin Purdy,26th Oct 2024,8C+,Sword Of Damocles,8c+,26-10-2024,Boulder,worked,2024-10-26,2024.0,8c+
Stewart Watson,2019,,Synergieeffekt,8c+,19-11-2019,Lead,worked,2019-11-19,2019.0,8c+
Steve McClure,2016,,Taka Okame,8b+,19-11-2016,Lead,worked,2016-11-19,2016.0,8b+
Lucy Creamer,2000s,,Tales Of Yankee Power,e5,19-11-2024,Lead,,2024-11-19,2024.0,7a+
Adam Ondra,30th Mar 2010,,Tanec Kuřátek,9a,30-03-2010,Lead,worked,2010-03-30,2010.0,9a
Pete Whillance,4th May 1979,,Tangerine Dream,e4,04-05-1979,Lead,,1979-04-05,1979.0,6c+
Jakob Schubert,4th Oct 2023,,Tanz Der Zeit,8c+,04-10-2023,Lead,worked,2023-04-10,2023.0,8c+
Charlie Barron,2023,,Tartarus,8a,19-11-2023,Boulder,flash,2023-11-19,2023.0,8a
Solly Kemball-Dorey,3rd Oct 2024,,Tartarus Left,8b+,03-10-2024,Boulder,worked,2024-03-10,2024.0,8b+
Adam Ondra,23rd Dec 2021,,Taurus,9b,23-12-2021,Lead,worked,2021-12-23,2021.0,9b
Joe Brown,24th Jun 1956,,Taurus,e4,24-06-1956,Lead,onsight,1956-06-24,1956.0,6c+
Jennifer Wood,12th May 2019,,Tau Zero,7b+,12-05-2019,Boulder,worked,2019-12-05,2019.0,7b+
Alan Rouse,20th Apr 1984,,Tax Exile,e5,20-04-1984,Boulder,,1984-04-20,1984.0,7a+
Mari Salvesen,Dec 2022,,Tazlov,e9,19-12-2022,Lead,worked,2022-12-19,2022.0,8b
Emily Fell,17th Jul 2021,,Tears Of The Angels,7c+,17-07-2021,Boulder,worked,2021-07-17,2021.0,7c+
Suzan Dudink,,,Tea With Elmarie,8a+,,Boulder,worked,,,8a+
Andy Pollitt,28th Aug 1984,,Teenage Kicks,e6,28-08-1984,Lead,worked,1984-08-28,1984.0,7b+
Michelle O'Loughlin,Sep 2019,,Temple Of Boom,e7,19-09-2019,Lead,worked,2019-09-19,2019.0,7c+
Max Milne,2017,,Tension,8b,19-11-2017,Boulder,worked,2017-11-19,2017.0,8b
Hannah Toward,,,Tension Set,7c+,,Boulder,worked,,,7c+
Keenan Takahashi,12th Feb 2016,,Terminus,8a+,12-02-2016,Boulder,worked,2016-12-02,2016.0,8a+
Dave Thomas,Aug 1989,,Terra Cotta,e6,19-08-1989,Solo,flash,1989-08-19,1989.0,7b+
Adam Ondra,10th Nov 2011,,Terranova,8c+,10-11-2011,Boulder,worked,2011-10-11,2011.0,8c+
Ignacio Mulero,Apr 2017,,Territorio Comanche,8c+,19-04-2017,Lead,worked,2017-04-19,2017.0,8c+
Jonathan Hörst,Sep 2024,,Tetelestai,8b+,19-09-2024,Lead,worked,2024-09-19,2024.0,8b+
Mina Leslie-Wujastyk,5th Oct 2012,,Tetris,8a+,05-10-2012,Boulder,worked,2012-05-10,2012.0,8a+
Eliot Stephens,18th Mar 2021,,Texas Flood,8b,18-03-2021,Boulder,worked,2021-03-18,2021.0,8b
Lynne Malcom,,,Thai Dream,8a,,Lead,worked,,,8a
David Hume,1996,,Thanatopsis,8c,19-11-1996,Lead,worked,1996-11-19,1996.0,8c
Robin Barker,22nd Jun 1992,,The Albatrossity,8a+,22-06-1992,Lead,worked,1992-06-22,1992.0,8a+
John Willson,15th Mar 1975,,The Angels Girdle,vs,15-03-1975,Lead,,1975-03-15,1975.0,5a
Sam Tolhurst,8th Sep 2019,,The Animal Within,8b,08-09-2019,Boulder,worked,2019-08-09,2019.0,8b
Paul Cornforth,,,The Beatles,e6,,Lead,worked,,,7b+
Charlotte Garden,,,The Beer Will Taste Good,8b,,Lead,worked,,,8b
Harriet Hall,16th Aug 2012,,The Best Off,8a,16-08-2012,Lead,worked,2012-08-16,2012.0,8a
William Moss,12th Mar 2023,,The Best Things In Life Are Free,e11,12-03-2023,Lead,worked,2023-12-03,2023.0,8c+
Austin Hoyt,18th Oct 2024,,The Big Bad Wolf,8c,18-10-2024,Boulder,worked,2024-10-18,2024.0,8c
Jack Geldard,2012,,The Bigger Bang,e8,19-11-2012,Lead,worked,2012-11-19,2012.0,8a+
Pete Whittaker,31st Mar 2014,,The Bigger Baron,e10,31-03-2014,Lead,worked,2014-03-31,2014.0,8b+
George Smith,21st Feb 1987,,The Big Sur,e6,21-02-1987,Lead,worked,1987-02-21,1987.0,7b+
Ed Drummond,May 1967,,The Blik,e3,19-05-1967,Lead,,1967-05-19,1967.0,6b+
Iain Small,Jul 2017,,The Braes Of Balquither,e8,19-07-2017,Lead,worked,2017-07-19,2017.0,8a+
John Redhead,1982,,The Burning Sphincter,7b,19-11-1982,Lead,worked,1982-11-19,1982.0,7b
Simon Young,1999,,The Camel,e6,19-11-1999,Lead,worked,1999-11-19,1999.0,7b+
Iain Farrar,Before 1st Jun 2013,,The Captain,7a,,Boulder,worked,,,7a
Ferdia Earle,26th Jun 2021,,The Certainty Of Tides,e8,26-06-2021,Lead,worked,2021-06-26,2021.0,8a+
Ben Bransby,27th Mar 1999,,The Chisel,e7,27-03-1999,Lead,worked,1999-03-27,1999.0,7c+
Robin Smith,Sep 1961,,The Clean Sweep,vs,19-09-1961,Lead,,1961-09-19,1961.0,5a
Dave Sutcliffe,12th May 2012,,The Climb That Time Forgot,e8,12-05-2012,Lead,worked,2012-12-05,2012.0,8a+
Tim Clifford,1995,,The Cocoa Team Special,7c+,19-11-1995,Boulder,worked,1995-11-19,1995.0,7c+
Nick Buckley,26th Jun 1983,,The Conger,6b,26-06-1983,Boulder,,1983-06-26,1983.0,6b
Jonathan Siegrest,9th Dec 2023,,The Creeping Unknown,9a,09-12-2023,Lead,worked,2023-09-12,2023.0,9a
Ramón Julián Puigblanque,11th Oct 2011,,The Crew,8c+,11-10-2011,Lead,onsight,2011-11-10,2011.0,8c+
Mick Fowler,30th Sep 1979,,The Crunch Direct,7b,30-09-1979,Top Rope,worked,1979-09-30,1979.0,7b
Martin Atkinson,14th Mar 1987,,The Dangerous Brothers,8a,14-03-1987,Lead,worked,1987-03-14,1987.0,8a
Daniel Woods,Apr 2024,,The Dark Passenger,8b+,19-04-2024,Boulder,worked,2024-04-19,2024.0,8b+
Alex Honnold,Jun 2016,,The Dark Side,e8,19-06-2016,Lead,flash,2016-06-19,2016.0,8a+
Carlo Traversi,23rd Dec 2023,,The Dark Side,8c+,23-12-2023,Boulder,worked,2023-12-23,2023.0,8c+
John Redhead,11th Jun 1984,,The Demons Of Bosch,e7,11-06-1984,Lead,worked,1984-11-06,1984.0,7c+
Charlotte Garden,,,The Departed,7c+,,Boulder,worked,,,7c+
Franco Cookson,26th Oct 2023,,The Dewin Stone,9a+,26-10-2023,Lead,worked,2023-10-26,2023.0,9a+
Pete Whillance,1st Apr 2003,,The Dodger,e4,01-04-2003,Lead,,2003-01-04,2003.0,6c+
Duncan Steel,9th Jul 2011,,The Don,8b+,09-07-2011,Lead,worked,2011-09-07,2011.0,8b+
Sébastien Bouin,16th Dec 2019,,The Dream,9b,16-12-2019,Lead,worked,2019-12-16,2019.0,9b
Jon Read,Oct 2002,,The Driven Bow,e7,19-10-2002,Lead,worked,2002-10-19,2002.0,7c+
Pete Oxley,27th Mar 1999,,The Drowning Pool,7b+,27-03-1999,Lead,,1999-03-27,1999.0,7b+
Kurt Smith,1988,,The Dunce Cap,7c+,19-11-1988,Lead,worked,1988-11-19,1988.0,7c+
John Sherman,,,The Edge Direct,7a+,,Boulder,worked,,,7a+
James McHaffie,2000,,The Ego Has Landed,e8,19-11-2000,Lead,worked,2000-11-19,2000.0,8a+
Paul Pritchard,28th Aug 1986,,The Enchanted Broccoli Garden,e7,28-08-1986,Lead,worked,1986-08-28,1986.0,7c+
Iain Small,28th Jun 2014,,The End Of Innocence,e7,28-06-2014,Lead,,2014-06-28,2014.0,7c+
Mike Law,1978,,The Eternity,e1,19-11-1978,Lead,onsight,1978-11-19,1978.0,5c
Peter Biven,1956,,The Eye Of Faith,e1,19-11-1956,Lead,,1956-11-19,1956.0,5c
Matt Fultz,12th Aug 2024,,The Final Empire,8c,12-08-2024,Boulder,worked,2024-12-08,2024.0,8c
Solly Kemball-Dorey,,,The Fisherman,8a,,Boulder,worked,,,8a
Jakob Schubert,Between 20th Sep 2023 and 1st Jan 2024,9b (hard),The Flame,9b,,Lead,worked,,,9b
Dave Thomas,,,The Flaming Drambuie,e6,,Solo,worked,,,7b+
Neil Gresham,2006,,The Flying Dutchman,e7,19-11-2006,Deep Water Solo,worked,2006-11-19,2006.0,7c+
Dave MacLeod,16th Oct 2002,,The Fugue,e9,16-10-2002,Lead,worked,2002-10-16,2002.0,8b
Nick Dixon,31st Oct 2024,,The Future Is Watching You,e7,31-10-2024,Lead,worked,2024-10-31,2024.0,7c+
Dan Varian,,,The Game Of Bones,8a+,,Boulder,worked,,,8a+
Pete Livesey,Jul 1980,,The Golden Mile,e5,19-07-1980,Lead,worked,1980-07-19,1980.0,7a+
Dave MacLeod,Jun 2019,,The Golden Road,e9,19-06-2019,Lead,worked,2019-06-19,2019.0,8b
Keenan Takahashi,2024,,The Gold Standard,8c,19-11-2024,Boulder,worked,2024-11-19,2024.0,8c
Jankyn Pasquill,1977,,The Grader,e3,19-11-1977,Boulder,,1977-11-19,1977.0,6b+
Frank Cannings,,,The Great Divide,e3,,Boulder,,,,6b+
Pete Gomersall,19th Sep 1982,,The Great White,e6,19-09-1982,Lead,worked,1982-09-19,1982.0,7b+
Walker Kearney,2016,,The Great White Slope,7c (approx),19-11-2016,Boulder,worked,2016-11-19,2016.0,7c
Dave Henderson,2007,,The Green Room,8a+,19-11-2007,Boulder,worked,2007-11-19,2007.0,8a+
Isabelle Faus,Feb 2023,,The Grinch,8b+,19-02-2023,Boulder,worked,2023-02-19,2023.0,8b+
Jankyn Pasquill,1973,,The Hacker,e4,19-11-1973,Boulder,,1973-11-19,1973.0,6c+
Jack Palmieri,26th Feb 2019,,The Hatchlink,8b+,26-02-2019,Boulder,worked,2019-02-26,2019.0,8b+
Alex Barrows,22nd Jan 2023,,The Hatchlink Extension,8b,22-01-2023,Boulder,worked,2023-01-22,2023.0,8b
Matt Fultz,29th Aug 2024,,The Hero Of Ages,8c,29-08-2024,Boulder,worked,2024-08-29,2024.0,8c
Chris Doyle,11th Sep 2016,,The Holy Grail,8c,11-09-2016,Lead,worked,2016-11-09,2016.0,8c
Franco Cookson,2021,,The Holy Grail,e8,19-11-2021,Solo,worked,2021-11-19,2021.0,8a+
Mark Edwards,Aug 1998,,The Human Skewer,e9,19-08-1998,Lead,worked,1998-08-19,1998.0,8b
Dave Sutcliffe,May 2021,,The Hygenist,7c,19-05-2021,Boulder,worked,2021-05-19,2021.0,7c
Pete Robins,Sep 2010,,The Incredible Bulk,8b,19-09-2010,Boulder,worked,2010-09-19,2010.0,8b
Andy Marshall,4th Sep 2021,,The Inevitable End,e9,04-09-2021,Lead,worked,2021-04-09,2021.0,8b
Ferdia Earle,10th Apr 2019,,The Invisible Girl,8a,10-04-2019,Lead,worked,2019-10-04,2019.0,8a
John Allen,1985,,The Jackalope,7a,19-11-1985,Boulder,worked,1985-11-19,1985.0,7a
Mike Law,1974,,The Janicepts,e3,19-11-1974,Lead,worked,1974-11-19,1974.0,6b+
Elle Partington,12th Jun 2024,,The Keel,7c,12-06-2024,Boulder,worked,2024-12-06,2024.0,7c
Jim Pope,,,The Last Dance,8b,,Boulder,worked,,,8b
Arnis Strapcans,18th May 1976,,The Last Gasp,e2,18-05-1976,Lead,onsight,1976-05-18,1976.0,6a+
Tamas Zupan,11th Jan 2018,,The Last Jedi,8c,11-01-2018,Lead,worked,2018-11-01,2018.0,8c
Alex Barrows,20th Aug 2023,9a,The Last Nacho,9a,20-08-2023,Lead,worked,2023-08-20,2023.0,9a
Marc-André Leclerc,,,The Last Temptation Of St. Anthony,e8,,Lead,worked,,,8a+
Luke Dawson,29th Sep 2024,,The Laughing Heart,8c+,29-09-2024,Lead,worked,2024-09-29,2024.0,8c+
Aidan Roberts,Between 18th Feb 2023 and 9th Mar 2023,,The Lions Share,8c+,,Lead,worked,,,8c+
Jacob Cook,8th Mar 2014,,The Lizard King,e9,08-03-2014,Lead,worked,2014-08-03,2014.0,8b
Ben Harnden,25th Oct 2013,,The Locknar,e9,25-10-2013,Lead,worked,2013-10-25,2013.0,8b
Alexander Feichter,15th Feb 2022,,The Lord Of Darkness,9b,15-02-2022,Lead,worked,2022-02-15,2022.0,9b
Mo Overfield,,,Them!,7c+,,Boulder,worked,,,7c+
Franco Cookson,11th Nov 2017,,The Magic Scoop,e8,11-11-2017,Solo,worked,2017-11-11,2017.0,8a+
Dan Varian,Feb 2023,,The Magna Strata,8b+,19-02-2023,Boulder,worked,2023-02-19,2023.0,8b+
Paul Williams,20th May 1986,,The Mau Mau,e4,20-05-1986,Lead,worked,1986-05-20,1986.0,6c+
Alex Megos,16th Oct 2023,,The Maze,9a,16-10-2023,Lead,worked,2023-10-16,2023.0,9a
Franco Cookson,Apr 2022,,The Meltdown Direct,9a+,19-04-2022,Lead,worked,2022-04-19,2022.0,9a+
Tom de Gay,Jun 2001,,The Mentalist Cupboard,e7,19-06-2001,Lead,worked,2001-06-19,2001.0,7c+
Frank Cannings,1968,,The Mitre,e3,19-11-1968,Lead,,1968-11-19,1968.0,6b+
John Bachar,1980,,The Moratorium,e4,19-11-1980,Solo,worked,1980-11-19,1980.0,6c+
Joe Brown,9th Apr 1957,,The Mostest,e2,09-04-1957,Lead,onsight,1957-09-04,1957.0,6a+
Mick Lovatt,4th Sep 2018,,The Mudshark,e8,04-09-2018,Lead,worked,2018-04-09,2018.0,8a+
Ed Stone,27th Jun 1986,,The Nectarine Run,e5,27-06-1986,Lead,,1986-06-27,1986.0,7a+
Chris Davies,,,The Neon Handshake,8b,,Boulder,worked,,,8b
Pete Robins,25th Feb 2008,,The New Slatesman,8b,25-02-2008,Lead,worked,2008-02-25,2008.0,8b
Rebecca Stephens,24th Sep 2024,,The Office,8a,24-09-2024,Boulder,worked,2024-09-24,2024.0,8a
Kim Carrigan,1982,,The Ogive,e7,19-11-1982,Lead,worked,1982-11-19,1982.0,7c+
Chris Gore,1986,,The Ogre,8a,19-11-1986,Lead,worked,1986-11-19,1986.0,8a
Matt Helliker,21st Jul 2022,,The Once And Future King,e7,21-07-2022,Lead,worked,2022-07-21,2022.0,7c+
Crispin Waddy,28th May 1991,,The One Eyed Man,7a,28-05-1991,Deep Water Solo,onsight,1991-05-28,1991.0,7a
John Hart,26th Jul 1990,,Theoria,8a+,26-07-1990,Lead,worked,1990-07-26,1990.0,8a+
Alan McHardy,Before 1st Jan 1973,,The Overhanging Arete,e2,,Solo,onsight,,,6a+
Dave Sutcliffe,Dec 2019,,The Pack Sds,7c+,19-12-2019,Boulder,worked,2019-12-19,2019.0,7c+
Dave Cuthbertson,5th May 1985,,The Painted Wall,e4,05-05-1985,Boulder,,1985-05-05,1985.0,6c+
Guy Percival,6th Apr 2012,,The Passion,e5,06-04-2012,Lead,worked,2012-06-04,2012.0,7a+
Pete Robins,9th Aug 2014,,The Pink Star,8c+,09-08-2014,Lead,worked,2014-09-08,2014.0,8c+
Tony Yaniro,1978,,The Pirate,e7,19-11-1978,Lead,worked,1978-11-19,1978.0,7c+
Drew Ruana,7th Oct 2022,,The Player,8c,07-10-2022,Boulder,worked,2022-07-10,2022.0,8c
Paul Pritchard,19th Jul 1996,,The Porphyry Chair,6c+,19-07-1996,Boulder,,1996-07-19,1996.0,6c+
Dave Pegg,22nd Jul 1990,,The Possessed,e7,22-07-1990,Lead,worked,1990-07-22,1990.0,7c+
Ian Vickers,Aug 1998,,The Prince,8a+,19-08-1998,Lead,worked,1998-08-19,1998.0,8a+
Pat Littlejohn,1974,,The Promised Land,e3,19-11-1974,Lead,,1974-11-19,1974.0,6b+
Leo Houlding,Between 22nd Oct 2010 and 27th Oct 2010,,The Prophet,e9,,Lead,worked,,,8b
Guy Percival,24th Apr 2009,,The Pylon King,e4,24-04-2009,Lead,worked,2009-04-24,2009.0,6c+
Jennifer Wood,18th Jul 2024,,The Quick Fixe,8b,18-07-2024,Lead,worked,2024-07-18,2024.0,8b
Dan Varian,10th Oct 2013,8B+,The Rail,8b+,10-10-2013,Boulder,worked,2013-10-10,2013.0,8b+
Bob Smith,1978,,The Rajah,e5,19-11-1978,Boulder,,1978-11-19,1978.0,7a+
Ned Feehally,2018,,The Ramp,8b+,19-11-2018,Boulder,worked,2018-11-19,2018.0,8b+
Joe Brown,Nov 1956,,The Rasp,e2,19-11-1956,Boulder,,1956-11-19,1956.0,6a+
Aidan Callan,8th Dec 2023,,There And Back Again,8b+,08-12-2023,Boulder,worked,2023-08-12,2023.0,8b+
Steve McClure,Apr 2018,,The Reign Is Over,8c,19-04-2018,Lead,worked,2018-04-19,2018.0,8c
Jimmy Webb,,,The Revenant,8c,,Boulder,worked,,,8c
Joe Brown,1949,,The Right Unconquerable,hvs,19-11-1949,Boulder,,1949-11-19,1949.0,5b
Taylor McNeill,,,The Right (via Freedom),8b,,Boulder,flash,,,8b
Pete Whillance,1980,,The Risk Business,e5,19-11-1980,Boulder,,1980-11-19,1980.0,7a+
Hannah Toward,19th Jul 2020,,The Roaring Boys,e6,19-07-2020,Lead,worked,2020-07-19,2020.0,7b+
Keith Sharples,21st Sep 1991,,The Roof Warrior,8a,21-09-1991,Lead,worked,1991-09-21,1991.0,8a
Carlo Traversi,19th Dec 2023,,The Rookery,8b+,19-12-2023,Boulder,worked,2023-12-19,2023.0,8b+
Franco Cookson,8th Apr 2022,,The Sandman,e10,08-04-2022,Lead,worked,2022-08-04,2022.0,8b+
Iain Farrar,16th Apr 2008,,The Sausage King Of Meersbrook,7c,16-04-2008,Boulder,worked,2008-04-16,2008.0,7c
Al Phizacklea,2nd Sep 1989,,The School Of Hard Knocks,e5,02-09-1989,Lead,worked,1989-02-09,1989.0,7a+
Dave Cuthbertson,22nd Jun 1988,,The Screaming Abdabs,e6,22-06-1988,Lead,,1988-06-22,1988.0,7b+
James McHaffie,Apr 2007,,The Serpent Vein,8b,19-04-2007,Lead,worked,2007-04-19,2007.0,8b
John Redhead,15th Mar 1980,,The Sexual Salami,e5,15-03-1980,Lead,worked,1980-03-15,1980.0,7a+
Allan Austin,1956,,The Shelf,e2,19-11-1956,Lead,,1956-11-19,1956.0,6a+
Tom de Gay,6th May 2000,,The Shock Of The New,e7,06-05-2000,Lead,worked,2000-06-05,2000.0,7c+
Dave Sutcliffe,4th Apr 2023,,The Siberian,7c,04-04-2023,Boulder,worked,2023-04-04,2023.0,7c
Malcolm Smith,Aug 2007,,The Smiddy,8b+,19-08-2007,Lead,worked,2007-08-19,2007.0,8b+
Will Bosi,May 2022,,The Southern Hooligan,9a,19-05-2022,Lead,worked,2022-05-19,2022.0,9a
John Allen,,,The Sphinx,7a+,,Boulder,worked,,,7a+
Frank Cannings,15th Jun 1964,,The Spider,e1,15-06-1964,Boulder,,1964-06-15,1964.0,5c
Jerry Moffatt,Feb 1982,,The Storm,7b+,19-02-1982,Lead,worked,1982-02-19,1982.0,7b+
Glenda Huxter,27th May 1996,,The Storm,e5,27-05-1996,Lead,,1996-05-27,1996.0,7a+
Shawn Raboutou,2022,,The Story Of Three Worlds,8c+,19-11-2022,Boulder,worked,2022-11-19,2022.0,8c+
Dai Koyamada,22nd Mar 2012,,The Story Of Two Worlds (low Start),8c+,22-03-2012,Boulder,worked,2012-03-22,2012.0,8c+
Ed Drummond,,,The Strand,e2,,Boulder,,,,6a+
Paul Pritchard,Between 16th Oct 1986 and 29th Jan 1987,,The Super Calabrese,e8,,Lead,worked,,,8a+
Jankyn Pasquill,Between 1st Jan 1974 and 1st Jan 1977,,The Swine,e3,,Lead,,,,6b+
Mike Adams,,,The Tempest,8a+,,Boulder,worked,,,8a+
Allison Vest,31st Aug 2019,,The Terminator,8b,31-08-2019,Boulder,worked,2019-08-31,2019.0,8b
Dave Graham,2024,,The Tesseract,8c,19-11-2024,Boulder,worked,2024-11-19,2024.0,8c
Ben Moon,1989,,The Thing,8a,19-11-1989,Boulder,worked,1989-11-19,1989.0,8a
Frank Cannings,20th Mar 1966,,The Thing,e2,20-03-1966,Boulder,,1966-03-20,1966.0,6a+
John Welford,2001,,The Thing Sit Start,8a+,19-11-2001,Boulder,worked,2001-11-19,2001.0,8a+
Pete Whillance,5th Aug 2008,,The Thin Red Line,e3,05-08-2008,Boulder,,2008-05-08,2008.0,6b+
Pete Robins,2016,,The Tide Is High (but Im Holding On),8a+,19-11-2016,Deep Water Solo,worked,2016-11-19,2016.0,8a+
Steve Lewis,1988,,The Toilet,8a,19-11-1988,Lead,worked,1988-11-19,1988.0,8a
John Redhead,1982,,The Tormented Ejaculation,e7,19-11-1982,Lead,worked,1982-11-19,1982.0,7c+
Paul Cornforth,24th Jun 1987,E6,The Torture Board,e7,24-06-1987,Lead,worked,1987-06-24,1987.0,7c+
Claude Dean Frankland,Before 1st Jan 1923,,The Traditional Climb,vs,,Lead,,,,5a
Hugh Banner,1959,,The Troach,e2,19-11-1959,Lead,,1959-11-19,1959.0,6a+
Adam Wainwright,10th Jun 1992,,The Trumpet Blowers,e7,10-06-1992,Lead,worked,1992-10-06,1992.0,7c+
Dave MacLeod,28th Aug 2010,,The Usual Suspects,e9,28-08-2010,Lead,worked,2010-08-28,2010.0,8b
Ron Fawcett,1982,,The Vision,7c+,19-11-1982,Lead,worked,1982-11-19,1982.0,7c+
Gareth Parry,1999,,The Vortex,e8,19-11-1999,Lead,worked,1999-11-19,1999.0,8a+
Keita Kurakami,16th Apr 2017,,The Votive Light,e9,16-04-2017,Lead,worked,2017-04-16,2017.0,8b
Charles Albert,,,The Wagon Wheel,8b+,,Boulder,worked,,,8b+
Arnis Strapcans,Aug 1979,,The Wall Of Prey,e5,19-08-1979,Boulder,,1979-08-19,1979.0,7a+
Ricky Bell,2023,,The Waterfall Princess,e8,19-11-2023,Lead,worked,2023-11-19,2023.0,8a+
Dave Sutcliffe,Feb 2024,,The White Horse,e7,19-02-2024,Lead,worked,2024-02-19,2024.0,7c+
Richard Broomhead,Jun 1980,,The White Tower,e4,19-06-1980,Lead,,1980-06-19,1980.0,6c+
Andy Pollitt,28th May 1987,,The Whore Of Babylon,8a,28-05-1987,Lead,worked,1987-05-28,1987.0,8a
Will Bosi,26th Apr 2023,8C+,The Wild South,8c+,26-04-2023,Boulder,worked,2023-04-26,2023.0,8c+
Emily Fell,,,The Wire,7c,,Boulder,worked,,,7c
John Kirk,,,The Wisdom,e5,,Boulder,,,,7a+
Orrin Coley,22nd Aug 2024,,The Wizard King,9a,22-08-2024,Lead,worked,2024-08-22,2024.0,9a
Dave Sutcliffe,2014,,The Wolf Of Wall Street,e6,19-11-2014,Lead,worked,2014-11-19,2014.0,7b+
James Squire,16th Apr 2023,,The World Is Not Enough,9a,16-04-2023,Lead,worked,2023-04-16,2023.0,9a
John Redhead,3rd Apr 1980,,The Wrinkled Retainer,e5,03-04-1980,Lead,worked,1980-03-04,1980.0,7a+
Shauna Coxsey,,,The Yorkshireman Sds,7c+,,Boulder,worked,,,7c+
Mark Edwards,1988,,Thieves Carnival,e6,19-11-1988,Lead,ground up,1988-11-19,1988.0,7b+
Peter Biven,,,Thin Wall Special,e1,,Lead,,,,5c
Giuliano Cameroni,2024,,Third Eye,8c,19-11-2024,Boulder,worked,2024-11-19,2024.0,8c
Mark Pretty,14th Jun 1988,,This Is The Sea,7c+,14-06-1988,Lead,worked,1988-06-14,1988.0,7c+
Katharina Saurwein,26th Dec 2011,,This Side Of Paradise,7c+,26-12-2011,Boulder,worked,2011-12-26,2011.0,7c+
Andy Pollitt,16th Jun 1988,,Thormens Moth,8a,16-06-1988,Lead,worked,1988-06-16,1988.0,8a
Joe Brown,1948,,Three Pebble Slab,hvs,19-11-1948,Lead,onsight,1948-11-19,1948.0,5b
Michael Garton,2001,,Through The K Hole,e7,19-11-2001,Solo,worked,2001-11-19,2001.0,7c+
Dave Birkett,24th Mar 2000,,Throw Another Sheep On The Fire,e7,24-03-2000,Lead,worked,2000-03-24,2000.0,7c+
Phillip Mitchell,12th Apr 2021,,Thug Mental,7c+,12-04-2021,Boulder,worked,2021-12-04,2021.0,7c+
Dan Varian,2022,,Tide Lines,8b,19-11-2022,Boulder,worked,2022-11-19,2022.0,8b
Anna Soligo,10th Apr 2022,,Tigerband,8a,10-04-2022,Lead,flash,2022-10-04,2022.0,8a
Yuji Hirayama,26th Mar 2019,,Time Machine,8c+,26-03-2019,Lead,worked,2019-03-26,2019.0,8c+
Ted Kingsnorth,30th Mar 2018,,Toadal Recall 2.0,8a+,30-03-2018,Lead,worked,2018-03-30,2018.0,8a+
Maddy Cope,,,Toejam Earl,7c,,Boulder,worked,,,7c
Mark Katz,20th Aug 2014,,Toil And Trouble,8a+,20-08-2014,Boulder,worked,2014-08-20,2014.0,8a+
John Gaskins,1991,,Toltec Twostep,e6,19-11-1991,Lead,worked,1991-11-19,1991.0,7b+
John Gaskins,1991,,Toltec Twostep Direct,e6,19-11-1991,Lead,,1991-11-19,1991.0,7b+
Jimmy Webb,,,Tomba,8b+,,Boulder,worked,,,8b+
Toru  Nakajima,Feb 2023,,Tomorrow Land,8c,19-02-2023,Boulder,worked,2023-02-19,2023.0,8c
Tom Walkington,1980s,,Toms Traverse,6c+,19-11-2024,Boulder,worked,2024-11-19,2024.0,6c+
Steve Dunning,28th Jun 2006,,Tonto,8c+,28-06-2006,Lead,worked,2006-06-28,2006.0,8c+
Elie Chevieux,,,Torture Physique,8c,,Lead,worked,,,8c
John Dunne,1988,,Totally Free,8b,19-11-1988,Lead,worked,1988-11-19,1988.0,8b
Martin Corbett,24th Aug 1983,,Tour De France,e6,24-08-1983,Lead,worked,1983-08-24,1983.0,7b+
Gareth Parry,May 1999,,Toxic Billberries,e8,19-05-1999,Lead,worked,1999-05-19,1999.0,8a+
Hamish McArthur,,,Tracky Lords,8b,,Boulder,worked,,,8b
Tom Proctor,Mar 1979,,Traffic Jam,e5,19-03-1979,Boulder,,1979-03-19,1979.0,7a+
Lorenzo Bogliacino,Apr 2024,,Trainspotting,9a+,19-04-2024,Lead,worked,2024-04-19,2024.0,9a+
Joe Brown,28th Apr 1962,,Trango,e5,28-04-1962,Lead,onsight,1962-04-28,1962.0,7a+
Aidan Roberts,12th Sep 2020,,Tranquilitas,8c,12-09-2020,Boulder,worked,2020-12-09,2020.0,8c
Thomas Willenberg,15th Feb 2003,,Transcendance,8c,15-02-2003,Boulder,worked,2003-02-15,2003.0,8c
Rebekah Drummond,Feb 2018,,Transilvania,8a,19-02-2018,Lead,worked,2018-02-19,2018.0,8a
Alex Barrows,31st Oct 2023,8b (soft),Trasnochando,8b,31-10-2023,Lead,onsight,2023-10-31,2023.0,8b
William Moss,9th Oct 2022,,Trebuchet,8c,09-10-2022,Lead,flash,2022-09-10,2022.0,8c
Johnny Woodward,1995,,Trench Warfare,e7,19-11-1995,Lead,worked,1995-11-19,1995.0,7c+
Lucy Creamer,,,Trente Six,7c+,,Boulder,worked,,,7c+
Philip Jewel,1980s,,T Rex,e3,19-11-2024,Solo,repeat,2024-11-19,2024.0,6b+
Paul Smith,May 1983,,Tricky Dicky,e5,19-05-1983,Lead,worked,1983-05-19,1983.0,7a+
Jack Palmieri,12th Mar 2017,,Triggerocity,8b,12-03-2017,Boulder,worked,2017-12-03,2017.0,8b
Jack Palmieri,15th Sep 2017,,Triggerocity Upper Cut,8b+,15-09-2017,Boulder,worked,2017-09-15,2017.0,8b+
Jorge Díaz-Rullo,16th May 2024,8c,Triple,8c,16-05-2024,Lead,onsight,2024-05-16,2024.0,8c
Théo Blass,8th Sep 2022,,Trip Tik Tonik,9a,08-09-2022,Lead,worked,2022-08-09,2022.0,9a
Walker Kearney,,,Tropic Thunder,7c+,,Boulder,worked,,,7c+
Jennifer Wood,9th Nov 2023,,Troppo,8b+,09-11-2023,Lead,worked,2023-09-11,2023.0,8b+
Ron Fawcett,19th Apr 1980,,True Grip,e5,19-04-1980,Lead,worked,1980-04-19,1980.0,7a+
Aidan Roberts,Dec 2021,,Truffles On Bicycles,8b+,19-12-2021,Boulder,worked,2021-12-19,2021.0,8b+
Paul Pritchard,20th May 1987,,Truncheon Meat,e6,20-05-1987,Lead,worked,1987-05-20,1987.0,7b+
Sierra Blaire-Coyle,24th Dec 2023,,Trust,8a+,24-12-2023,Boulder,worked,2023-12-24,2023.0,8a+
Michaela Tracy,,,Truth And Lies,8a,,Boulder,worked,,,8a
Dan Varian,Mar 2015,,Tsar Pushka,8b,19-03-2015,Boulder,worked,2015-03-19,2015.0,8b
Sam Clarke,3rd Aug 2024,,Tsunami,8c,03-08-2024,Lead,worked,2024-03-08,2024.0,8c
Thilo Schröter,Oct 2024,,Tsunami,8c+,19-10-2024,Boulder,worked,2024-10-19,2024.0,8c+
Rachel Pearce,2nd Dec 2021,,Tufandago,8a+,02-12-2021,Lead,worked,2021-02-12,2021.0,8a+
Allan Austin,19th Jan 1970,,Tufted Crack,e1,19-01-1970,Lead,,1970-01-19,1970.0,5c
Aidan Roberts,Sep 2024,,Tunnel Full Of Goats,8b+,19-09-2024,Boulder,worked,2024-09-19,2024.0,8b+
Ken Palmer,2002,,Tuppence Hapenny,8b,19-11-2002,Lead,worked,2002-11-19,2002.0,8b
Nick Dixon,May 1987,,Turd Burglar,e6,19-05-1987,Lead,worked,1987-05-19,1987.0,7b+
Katie Keeley,,,Turkish Airways,8a+,,Lead,worked,,,8a+
Yves Gravelle,4th Oct 2021,,Turn And Burn,8b+,04-10-2021,Boulder,worked,2021-04-10,2021.0,8b+
Neil Travers,22nd Jul 1990,,Turtle Power,e6,22-07-1990,Lead,worked,1990-07-22,1990.0,7b+
Ainhize Belar,19th Aug 2024,,Txirrin Txirran,8b+,19-08-2024,Lead,onsight,2024-08-19,2024.0,8b+
James McHaffie,Jul 2024,,Ty Pwmpty,e8,19-07-2024,Lead,worked,2024-07-19,2024.0,8a+
Julien Nadiras,,,Ubik,8a+,,Boulder,worked,,,8a+
George Smith,,,Ugly,e7,,Lead,worked,,,7c+
Steve Dunning,2003,,Ullola,8b,19-11-2003,Boulder,worked,2003-11-19,2003.0,8b
Will Bosi,11th Feb 2021,,Ulls De Bruixa,8c,11-02-2021,Boulder,worked,2021-11-02,2021.0,8c
Justin Critchlow,1996,,Ultimate Sculpture,e8,19-11-1996,Solo,worked,1996-11-19,1996.0,8a+
Maurizio Zanolla,1986,,Ultimo Movimento,8b,19-11-1986,Lead,worked,1986-11-19,1986.0,8b
Dave MacLeod,2021,,Ultramarine,8b,19-11-2021,Boulder,worked,2021-11-19,2021.0,8b
Katie Brown,9th Apr 1999,,Ultraperm,8b,09-04-1999,Lead,worked,1999-09-04,1999.0,8b
Neil Foster,1984,,Ulysses Or Bust,e5,19-11-1984,Lead,worked,1984-11-19,1984.0,7a+
Rachel Daly,13th Mar 2022,,Umbongo,7c+,13-03-2022,Boulder,worked,2022-03-13,2022.0,7c+
Dave Cuthbertson,1986,,Uncertain Emotions,7b,19-11-1986,Lead,worked,1986-11-19,1986.0,7b
Hamish McArthur,10th Nov 2021,,Uncle Bombo,8b,10-11-2021,Boulder,worked,2021-10-11,2021.0,8b
Dave Cuthbertson,,,Undertow,e7,,Lead,worked,,,7c+
Ned Feehally,,,Undertow,8b,,Boulder,worked,,,8b
Alan Cassidy,25th Aug 2013,,Unfinished Symphony,8b+,25-08-2013,Lead,worked,2013-08-25,2013.0,8b+
Nathan Lee,20th Sep 2013,,Unknown Stones,e9,20-09-2013,Lead,worked,2013-09-20,2013.0,8b
Mark Pretty,6th Jul 1986,,Unleashing The Wild Physique,8a,06-07-1986,Lead,worked,1986-06-07,1986.0,8a
Dave Birkett,1991,,Unrighteous Doctors,7c+,19-11-1991,Lead,worked,1991-11-19,1991.0,7c+
Miles Perry,1st Dec 2022,,Unwind,8b+,01-12-2022,Boulder,worked,2022-01-12,2022.0,8b+
John Bachar,Jan 1978,,Up 40,e4,19-01-1978,Solo,worked,1978-01-19,1978.0,6c+
Alex Megos,2021,,Upgrade U,8c,19-11-2021,Boulder,worked,2021-11-19,2021.0,8c
Zach Galla,24th Nov 2022,,Up In Smoke,8b+,24-11-2022,Boulder,worked,2022-11-24,2022.0,8b+
Elias Iagnemma,Nov 2022,8C/8C+,Utopia,8c,19-11-2022,Boulder,worked,2022-11-19,2022.0,8c
Klem Loskot,1998,,Vakuumgeist,9a,19-11-1998,Lead,worked,1998-11-19,1998.0,9a
Aidan Roberts,Sep 2024,,Valhalla,8b+,19-09-2024,Boulder,worked,2024-09-19,2024.0,8b+
Eduard Marin,20th Mar 2019,,Valhalla,9a+,20-03-2019,Lead,worked,2019-03-20,2019.0,9a+
Robbie Phillips,May 2023,E9 (soft),Valinor,e9,19-05-2023,Lead,worked,2023-05-19,2023.0,8b
Peter Harding,1946,,Valkyerie,vs,19-11-1946,Lead,,1946-11-19,1946.0,5a
Jonathan Hörst,Jul 2016,,Valkyrie,8b+,19-07-2016,Lead,worked,2016-07-19,2016.0,8b+
Joe Brown,1949,,Valkyrie,hvs,19-11-1949,Lead,onsight,1949-11-19,1949.0,5b
Jakob Schubert,Sep 2023,,Valkyries,8c,19-09-2023,Lead,onsight,2023-09-19,2023.0,8c
Molly Thompson-Smith,Sep 2024,,Vanilla Sky,8a+,19-09-2024,Boulder,worked,2024-09-19,2024.0,8a+
Adam Ondra,4th Dec 2013,9b+,Vasil Vasil,9b+,04-12-2013,Lead,worked,2013-04-12,2013.0,9b+
Julian Lines,Before 1st Jan 2015,,Vat Burner,e8,,Solo,worked,,,8a+
Joe Brown,26th Mar 1960,,Vector,e2,26-03-1960,Lead,onsight,1960-03-26,1960.0,6a+
Dan Varian,2014,,Veinglorious,8a+,19-11-2014,Boulder,worked,2014-11-19,2014.0,8a+
Johnny Dawes,1986,,Velvet Silecne,e6,19-11-1986,Solo,onsight,1986-11-19,1986.0,7b+
Anna Soligo,28th May 2022,,Verbrecher,8b+,28-05-2022,Lead,worked,2022-05-28,2022.0,8b+
Alex Megos,Aug 2023,,Verden På Lørdag,8b,19-08-2023,Boulder,flash,2023-08-19,2023.0,8b
Molly Thompson-Smith,22nd Sep 2023,,Verna,7c+,22-09-2023,Boulder,flash,2023-09-22,2023.0,7c+
Daniel Fisher,Sep 2019,,Vertigo,e9,19-09-2019,Lead,worked,2019-09-19,2019.0,8b
Pete Oxley,1st Oct 1994,8a+,Vespasian,8b,01-10-1994,Lead,worked,1994-01-10,1994.0,8b
Chris Sharma,1st Apr 2022,,V For Vendetta,8c,01-04-2022,Lead,onsight,2022-01-04,2022.0,8c
Andy Banks,Aug 2015,,Vice President,8b,19-08-2015,Boulder,worked,2015-08-19,2015.0,8b
Alan Watts,,,Vicious Fish,8b,,Lead,worked,,,8b
Ignacio Mulero,2023,8B/8B+,Victimas Del Crack,8b,19-11-2023,Boulder,worked,2023-11-19,2023.0,8b
Alex Barrows,7th Oct 2023,,Viernes 13 Buena Suerte,8b,07-10-2023,Lead,flash,2023-07-10,2023.0,8b
Geoff Weigand,1990,,Villain,8b+,19-11-1990,Lead,worked,1990-11-19,1990.0,8b+
Solly Kemball-Dorey,Aug 2023,,Villain Arc,8b,19-08-2023,Boulder,worked,2023-08-19,2023.0,8b
Mark Edwards,1984,,Virgin On A Crisis,e6,19-11-1984,Lead,worked,1984-11-19,1984.0,7b+
Mike Turner,,,Vital Statistix,e8,,Lead,,,,8a+
Jimmy Webb,May 2019,,Vorpal Blade,8b,19-05-2019,Boulder,flash,2019-05-19,2019.0,8b
Adam Ondra,13th Oct 2017,8C/8C+,Vrtule,8c,13-10-2017,Boulder,worked,2017-10-13,2017.0,8c
Pat King,7th Apr 2002,,Waggy,e7,07-04-2002,Lead,worked,2002-07-04,2002.0,7c+
John Gaskins,Sep 2002,,Walk Away Sds,8c,19-09-2002,Boulder,worked,2002-09-19,2002.0,8c
Matt Troilet,19th Mar 2000,,Walk In Silence,e8,19-03-2000,Solo,worked,2000-03-19,2000.0,8a+
Mark Edwards,Jul 2007,,Wall Of Attrition,e9,19-07-2007,Lead,worked,2007-07-19,2007.0,8b
John Allen,1983,,Wall Of Sound,e6,19-11-1983,Lead,worked,1983-11-19,1983.0,7b+
Bob Shepton,23rd Aug 1972,,Wallsend Wall,e1,23-08-1972,Lead,worked,1972-08-23,1972.0,5c
Anna Taylor,5th Jan 2022,,War Machine,8a,05-01-2022,Boulder,worked,2022-05-01,2022.0,8a
Adam Ondra,15th Jul 2020,8c/8c+,Warmduscher,8c+,15-07-2020,Lead,onsight,2020-07-15,2020.0,8c+
Steve Mayers,18th Sep 1993,,Wash Doubt,e7,18-09-1993,Lead,worked,1993-09-18,1993.0,7c+
Jerry Peel,1999,,Wasted Years,e6,19-11-1999,Lead,worked,1999-11-19,1999.0,7b+
Nick Harms,3rd Aug 1986,,"Watch Me Wallaby Wank, Frank",e4,03-08-1986,Lead,,1986-03-08,1986.0,6c+
Alan Watts,Feb 1983,,Watts Tots,7b,19-02-1983,Lead,worked,1983-02-19,1983.0,7b
Ned Feehally,Apr 2016,,Waveform,8a+,19-04-2016,Boulder,worked,2016-04-19,2016.0,8a+
Dan Varian,8th Jun 2024,,Weeping Arete,8b+,08-06-2024,Boulder,worked,2024-08-06,2024.0,8b+
Rachel Briggs,,,Welcome To Tijuana,7c,,Boulder,worked,,,7c
Allan Austin,9th Jul 1958,,Western Front,e3,09-07-1958,Boulder,,1958-09-07,1958.0,6b+
Johnny Dawes,,,West Indian Face,e8,,Lead,worked,,,8a+
John Allen,,,West Side Story,7b+,,Boulder,worked,,,7b+
Gary Gibson,27th Aug 1989,,What If...,e6,27-08-1989,Lead,worked,1989-08-27,1989.0,7b+
Alex Megos,2013,,Wheelchair,9a+,19-11-2013,Boulder,worked,2013-11-19,2013.0,9a+
Glenda Huxter,26th May 2000,,Whiplash,e4,26-05-2000,Boulder,,2000-05-26,2000.0,6c+
Dave MacLeod,2005,,Whirlwind,e8,19-11-2005,Lead,worked,2005-11-19,2005.0,8a+
Taylor Parsons,,,White Ladder,8c+,,Lead,worked,,,8c+
Ellie Bacmeister,,,White Light,8a,,Boulder,worked,,,8a
John Allen,1975,,White Wand,e5,19-11-1975,Lead,worked,1975-11-19,1975.0,7a+
Naomi Buys,20th May 2016,,Wicked Gravity,8b,20-05-2016,Lead,worked,2016-05-20,2016.0,8b
Gary Gibson,,,Widespread Ocean Of Fear,e5,,Lead,worked,,,7a+
Guy Percival,25th Jul 2011,,Wild At Heart,e7,25-07-2011,Lead,worked,2011-07-25,2011.0,7c+
Iain Small,,,Wild At Heart,e7,,Lead,onsight,,,7c+
Dave Cuthbertson,1979,,Wild Country,e6,19-11-1979,Lead,worked,1979-11-19,1979.0,7b+
George Smith,Sep 1989,,Wild Understatement,8a+,19-09-1989,Lead,worked,1989-09-19,1989.0,8a+
Tom Bolger,7th Jan 2021,9a/9a+,Wild West,9a,07-01-2021,Lead,worked,2021-07-01,2021.0,9a
Shauna Coxsey,23rd Feb 2024,,Wild Wild West,8b,23-02-2024,Boulder,worked,2024-02-23,2024.0,8b
Jankyn Pasquill,1st Jan 1969,,Wilton Wall,e3,01-01-1969,Boulder,,1969-01-01,1969.0,6b+
Jon Cardwell,11th Nov 2023,,Wind Up Bird,9a+,11-11-2023,Lead,worked,2023-11-11,2023.0,9a+
Dawid Skoczylas,,,Windy House,8b,,Boulder,worked,,,8b
Airlie Anderson,1990s,,Windy Miller,e5,19-11-2024,Boulder,,2024-11-19,2024.0,7a+
Joe Brown,5th Jun 1966,,Winking Crack,e3,05-06-1966,Lead,onsight,1966-05-06,1966.0,6b+
Pete Whillance,1st Jul 2005,,Wipe Out,e4,01-07-2005,Lead,,2005-01-07,2005.0,6c+
Tom Bolger,2024,,Witch Hunter,9a,19-11-2024,Lead,worked,2024-11-19,2024.0,9a
Steph Holland,,,Witness The Churnetness,8a,,Boulder,worked,,,8a
Sébastien Bouin,Nov 2024,,Wolf Kingdom,9b+ (approx),19-11-2024,Lead,worked,2024-11-19,2024.0,9b+
Abbi Mcdonald,12th Jul 2023,,Wolverine,7c,12-07-2023,Boulder,worked,2023-12-07,2023.0,7c
Steve Mayers,29th Aug 1993,,Wolverine,e7,29-08-1993,Lead,worked,1993-08-29,1993.0,7c+
Adam Ondra,22nd Mar 2022,9b/9b+,Wonderland,9b,22-03-2022,Lead,worked,2022-03-22,2022.0,9b
Jack Palmieri,21st Nov 2023,,Woodstone,8a+,21-11-2023,Boulder,worked,2023-11-21,2023.0,8a+
Thomas Willenberg,,,Wostok 1,8b,,Boulder,worked,,,8b
Ed Drummond,1973,,Wuthering,e2,19-11-1973,Boulder,,1973-11-19,1973.0,6a+
Alessandro Zeni,16th Aug 2023,,Wu Wei,9a,16-08-2023,Lead,worked,2023-08-16,2023.0,9a
Will Bosi,Sep 2024,8A (hard),Xuta Cavalo,8a+,19-09-2024,Boulder,flash,2024-09-19,2024.0,8a+
Walker Kearney,2015,,Yankee Doodle Dandy,7c,19-11-2015,Boulder,worked,2015-11-19,2015.0,7c
Ben Masterson,11th Aug 1989,,Yorkshire 8b,8a,11-08-1989,Lead,worked,1989-11-08,1989.0,8a
Steve Mayers,Jul 1991,,Youthanasia,8b,19-07-1991,Lead,worked,1991-07-19,1991.0,8b
Ian Lloyd-Jones,18th Dec 2009,,Y Rhaffwr,6c,18-12-2009,Lead,worked,2009-12-18,2009.0,6c
Dai Koyamada,Mar 2024,,Yugen,8c,19-03-2024,Boulder,worked,2024-03-19,2024.0,8c
Eva Hammelmüller,3rd Nov 2024,,Zaachling,8b,03-11-2024,Lead,onsight,2024-03-11,2024.0,8b
Katherine Choong,2nd Sep 2024,,Zahir,8b+,02-09-2024,Lead,worked,2024-02-09,2024.0,8b+
Harry Robertson,8th Jul 2003,8B,Zazen (pre Break),8b,08-07-2003,Boulder,worked,2003-08-07,2003.0,8b
Arthur Dolphin,1940,,Z Climb,vs,19-11-1940,Boulder,,1940-11-19,1940.0,5a
Jennifer Wood,15th Jul 2022,,Zellweger,8b,15-07-2022,Lead,worked,2022-07-15,2022.0,8b
Johnny Dawes,Sep 2003,,Zen Boy,e7,19-09-2003,Lead,worked,2003-09-19,2003.0,7c+
Roxy Elgar,1st Apr 2024,,Ze Pequerto,8a,01-04-2024,Lead,worked,2024-01-04,2024.0,8a
Darlene Thomasina Pidgeon,11th Jul 2001,,Zero Zero,7c+,11-07-2001,Boulder,worked,2001-11-07,2001.0,7c+
Chris Savage,17th Apr 2008,,Zona 0,8a+,17-04-2008,Lead,onsight,2008-04-17,2008.0,8a+
Pete Whittaker,19th Jan 2024,,Zone Out,e8,19-01-2024,Lead,worked,2024-01-19,2024.0,8a+
Lucy Mitchell,5th May 2024,,Zouave Interplanétaire,8a+,05-05-2024,Lead,flash,2024-05-05,2024.0,8a+
Garth Miller,1996,,Zovirax En Lempire Des Sens,8b,19-11-1996,Lead,onsight,1996-11-19,1996.0,8b
Adam Ondra,20th Nov 2022,9b+ (hard),Zvěřinec,9b+,20-11-2022,Lead,worked,2022-11-20,2022.0,9b+
Sachi Amma,Oct 2023,,梅干し,9a,19-10-2023,Lead,worked,2023-10-19,2023.0,9a
