id,name,gear_style,country,orientation,region,crag,grade,grade_clean,grade_system
4650154410,New Wave Hooker,,Austria,Ost,Wildon,Höhle,{FB} 7A,7A,FB
4650154323,Thekentraverse,,Austria,Ost,Wildon,Höhle,{FB} 7A,7A,FB
4650154236,Linke Traverse,,Austria,Ost,Wildon,Höhle,{FB} 7A,7A,FB
4650154149,Helicopter-Dyno,,Austria,Ost,Wildon,Höhle,{FB} 7A+,7A+,FB
4650154062,Techno macht's möglich,Boulder,Austria,Ost,Wildon,Höhle,{FB} 7B,7B,FB
4650153975,Techno macht's möglich (extension),Boulder,Austria,Ost,Wildon,Höhle,{FB} 7C,7C,FB
4650153888,Rechter Boulder,Boulder,Austria,Ost,Wildon,Höhle,{FB} 7C,7C,FB
4650153801,Black Betty,Boulder,Austria,Ost,Wildon,Höhle,{FB} 8A,8A,FB
4586978976,Loch,Sport,Austria,Ost,Randgebirge östl. d. Mur,Klettergarten Markt Neuhodis,UIAA:7,7,UIAA
4586978895,Knopp vorbei,Sport,Austria,Ost,Randgebirge östl. d. Mur,Klettergarten Markt Neuhodis,UIAA:6+,6+,UIAA
4586978814,Trau Di,Sport,Austria,Ost,Randgebirge östl. d. Mur,Klettergarten Markt Neuhodis,UIAA:6,6,UIAA
7594668687,Blaue Sophie,Sport,Austria,Ost,Randgebirge östl. d. Mur,Klettergarten Markt Neuhodis,UIAA:6+,6+,UIAA
4586978733,Staubige,Sport,Austria,Ost,Randgebirge östl. d. Mur,Klettergarten Markt Neuhodis,UIAA:6-,6-,UIAA
7594678233,Zwilling,Sport,Austria,Ost,Randgebirge östl. d. Mur,Klettergarten Markt Neuhodis,UIAA:5+,5+,UIAA
4586978652,Glocke,Sport,Austria,Ost,Randgebirge östl. d. Mur,Klettergarten Markt Neuhodis,UIAA:5,5,UIAA
4586978571,Triangl,Sport,Austria,Ost,Randgebirge östl. d. Mur,Klettergarten Markt Neuhodis,UIAA:6,6,UIAA
4586978490,Kleine Glocke,Sport,Austria,Ost,Randgebirge östl. d. Mur,Klettergarten Markt Neuhodis,UIAA:5,5,UIAA
4586978409,Kraxlstub'n 9,Sport,Austria,Ost,Randgebirge östl. d. Mur,Klettergarten Markt Neuhodis,UIAA:2 - 3,2,UIAA
4586978328,Kraxlstub'n 8,Sport,Austria,Ost,Randgebirge östl. d. Mur,Klettergarten Markt Neuhodis,UIAA:2 - 3,2,UIAA
4586978247,Kraxlstub'n 7,Sport,Austria,Ost,Randgebirge östl. d. Mur,Klettergarten Markt Neuhodis,UIAA:2 - 3,2,UIAA
4586978166,Kraxlstub'n 6,Sport,Austria,Ost,Randgebirge östl. d. Mur,Klettergarten Markt Neuhodis,UIAA:2 - 3,2,UIAA
4586978085,Kraxlstub'n 5,Sport,Austria,Ost,Randgebirge östl. d. Mur,Klettergarten Markt Neuhodis,UIAA:2 - 3,2,UIAA
4586978004,Kraxlstub'n 4,Sport,Austria,Ost,Randgebirge östl. d. Mur,Klettergarten Markt Neuhodis,UIAA:2 - 3,2,UIAA
4586977923,Naserl,Sport,Austria,Ost,Randgebirge östl. d. Mur,Klettergarten Markt Neuhodis,UIAA:5+,5+,UIAA
4586977842,Pinkes Helferlein,Sport,Austria,Ost,Randgebirge östl. d. Mur,Klettergarten Markt Neuhodis,UIAA:5,5,UIAA
7594658835,Blasse,Sport,Austria,Ost,Randgebirge östl. d. Mur,Klettergarten Markt Neuhodis,UIAA:5,5,UIAA
4586977761,Plottn,Sport,Austria,Ost,Randgebirge östl. d. Mur,Klettergarten Markt Neuhodis,UIAA:6+,6+,UIAA
10600362294,39,Sport,Austria,Ost,Riegersburg,Burgfelsen Riegersburg,UIAA:6+,6+,UIAA
10600313595,34,Sport,Austria,Ost,Riegersburg,Burgfelsen Riegersburg,UIAA:6+,6+,UIAA
10600319928,31,Sport,Austria,Ost,Riegersburg,Burgfelsen Riegersburg,UIAA:5+,5+,UIAA
10600315611,29,Sport,Austria,Ost,Riegersburg,Burgfelsen Riegersburg,UIAA:5+,5+,UIAA
10600317615,27,Sport,Austria,Ost,Riegersburg,Burgfelsen Riegersburg,UIAA:6-,6-,UIAA
10578020856,25,Sport,Austria,Ost,Riegersburg,Burgfelsen Riegersburg,UIAA:7-,7-,UIAA
10578082275,21,Sport,Austria,Ost,Riegersburg,Burgfelsen Riegersburg,UIAA:4,4,UIAA
10578020757,Schwarzer Riss,Sport,Austria,Ost,Riegersburg,Burgfelsen Riegersburg,UIAA:7-,7-,UIAA
10578020658,15,Sport,Austria,Ost,Riegersburg,Burgfelsen Riegersburg,UIAA:5,5,UIAA
5335949007,Nordwand Verlängerung,Sport,Austria,Ost,Weizklamm,Rablgrat,UIAA:6-,6-,UIAA
5335947921,Direkter Gratweg,Sport,Austria,Ost,Weizklamm,Rablgrat,UIAA:4+,4+,UIAA
5335946922,Gratweg,Trad,Austria,Ost,Weizklamm,Rablgrat,UIAA:3+,3+,UIAA
5335945959,Welcome,Sport,Austria,Ost,Weizklamm,Rablgrat,UIAA:6+,6+,UIAA
5335944276,Südwestriss,Sport,Austria,Ost,Weizklamm,Rablgrat,UIAA:5-,5-,UIAA
4446590037,Cramp camp,Sport,Austria,Ost,Weizklamm,Alter Steinbruch,UIAA:7-,7-,UIAA
4446589950,Schloko,Sport,Austria,Ost,Weizklamm,Alter Steinbruch,UIAA:6,6,UIAA
4446589863,Bad grip,Sport,Austria,Ost,Weizklamm,Alter Steinbruch,UIAA:5+,5+,UIAA
4446589776,ZWCW,Sport,Austria,Ost,Weizklamm,Alter Steinbruch,UIAA:6,6,UIAA
4446589689,Mental desaster,Sport,Austria,Ost,Weizklamm,Alter Steinbruch,UIAA:7+,7+,UIAA
4446589602,Feinstaubbelastung,Sport,Austria,Ost,Weizklamm,Alter Steinbruch,UIAA:7-,7-,UIAA
4446589515,Black Jack,Sport,Austria,Ost,Weizklamm,Alter Steinbruch,UIAA:7,7,UIAA
4446589428,L. D. Reskon,Sport,Austria,Ost,Weizklamm,Alter Steinbruch,UIAA:5+,5+,UIAA
4446589335,Blosnleidn,Sport,Austria,Ost,Weizklamm,Alter Steinbruch,UIAA:6/6+,6,UIAA
4446589242,Smooth move,Sport,Austria,Ost,Weizklamm,Alter Steinbruch,UIAA:5 - 6,5,UIAA
4446589155,Z'fridana Peter,Sport,Austria,Ost,Weizklamm,Alter Steinbruch,UIAA:5,5,UIAA
4446609288,Erstlingsgabe,Sport,Austria,Ost,Weizklamm,Rablgrat-WERDO,UIAA:7-,7-,UIAA
4446609201,Brausender,Sport,Austria,Ost,Weizklamm,Rablgrat-WERDO,UIAA:7,7,UIAA
4446609114,Himmelsfeger,Sport,Austria,Ost,Weizklamm,Rablgrat-WERDO,UIAA:7+,7+,UIAA
4446609027,Trübsalmörder,Sport,Austria,Ost,Weizklamm,Rablgrat-WERDO,UIAA:8-,8-,UIAA
4446608940,Wolkenträger,Sport,Austria,Ost,Weizklamm,Rablgrat-WERDO,UIAA:8,8,UIAA
4446608853,Mistralwind,Sport,Austria,Ost,Weizklamm,Rablgrat-WERDO,UIAA:7,7,UIAA
4446599205,Dachlriss,Sport,Austria,Ost,Weizklamm,Mittelrissfelsen,UIAA:4,4,UIAA
4446599046,Rechte Variante,Sport,Austria,Ost,Weizklamm,Mittelrissfelsen,UIAA:7-,7-,UIAA
4446598959,Dachlkante,Sport,Austria,Ost,Weizklamm,Mittelrissfelsen,UIAA:6-,6-,UIAA
4446598872,Bongo Ray,Sport,Austria,Ost,Weizklamm,Mittelrissfelsen,UIAA:8-,8-,UIAA
4446598785,Blaues Wunder,Sport,Austria,Ost,Weizklamm,Mittelrissfelsen,UIAA:8+/9-,8+,UIAA
4446598698,Mister Spliff,Sport,Austria,Ost,Weizklamm,Mittelrissfelsen,UIAA:10-,10-,UIAA
4446598611,Sanduhrweg,Sport,Austria,Ost,Weizklamm,Mittelrissfelsen,UIAA:8+,8+,UIAA
4446598524,Mittelriss,Sport,Austria,Ost,Weizklamm,Mittelrissfelsen,UIAA:7/7+,7,UIAA
4446598437,Erste Allgemeine,Sport,Austria,Ost,Weizklamm,Mittelrissfelsen,UIAA:8-,8-,UIAA
4446577728,Yang,Sport,Austria,Ost,Weizklamm,Herdplatte,UIAA:6-,6-,UIAA
4446577641,Yin,Sport,Austria,Ost,Weizklamm,Herdplatte,UIAA:7-,7-,UIAA
4446577554,A-BR-AHAM,Sport,Austria,Ost,Weizklamm,Herdplatte,UIAA:8-,8-,UIAA
4446577467,Halleluya,Sport,Austria,Ost,Weizklamm,Herdplatte,UIAA:7-,7-,UIAA
4446563706,Elija,Sport,Austria,Ost,Weizklamm,Herdplatte,UIAA:8+,8+,UIAA
4446563619,Das A und O,Sport,Austria,Ost,Weizklamm,Herdplatte,UIAA:7+,7+,UIAA
4446563532,Transpirationssteig,Sport,Austria,Ost,Weizklamm,Herdplatte,UIAA:6+,6+,UIAA
4446563445,Maranatha,Sport,Austria,Ost,Weizklamm,Herdplatte,UIAA:7+/8-,7+,UIAA
4446563358,Herdplatte,Sport,Austria,Ost,Weizklamm,Herdplatte,UIAA:8-,8-,UIAA
4446563271,Linker Agent,Sport,Austria,Ost,Weizklamm,Herdplatte,UIAA:7+,7+,UIAA
4446563184,Herdbankl,Sport,Austria,Ost,Weizklamm,Herdplatte,UIAA:6-,6-,UIAA
4446563091,Tarzanpfeiler,Sport,Austria,Ost,Weizklamm,Herdplatte,UIAA:4,4,UIAA
4446563004,Mozzarella,Sport,Austria,Ost,Weizklamm,Herdplatte,UIAA:7-,7-,UIAA
4446562917,Gorgonzola,Sport,Austria,Ost,Weizklamm,Herdplatte,UIAA:8-,8-,UIAA
4446562845,Lampenfieber,Sport,Austria,Ost,Weizklamm,Herdplatte,UIAA:7+,7+,UIAA
4446562752,Raffinesse,Sport,Austria,Ost,Weizklamm,Herdplatte,UIAA:8+,8+,UIAA
4446562659,Heavy start,Sport,Austria,Ost,Weizklamm,Herdplatte,UIAA:7,7,UIAA
4446562572,Short cut,Sport,Austria,Ost,Weizklamm,Herdplatte,UIAA:6-,6-,UIAA
4446562485,Piggy,Sport,Austria,Ost,Weizklamm,Herdplatte,UIAA:7,7,UIAA
4446562398,Kermit,Sport,Austria,Ost,Weizklamm,Herdplatte,UIAA:5,5,UIAA
4446562311,Skuta,Sport,Austria,Ost,Weizklamm,Herdplatte,UIAA:4+,4+,UIAA
4446562224,Skita,Sport,Austria,Ost,Weizklamm,Herdplatte,UIAA:4,4,UIAA
4446562137,Gonzo,Sport,Austria,Ost,Weizklamm,Herdplatte,UIAA:6-,6-,UIAA
4446562050,Fozzie,Sport,Austria,Ost,Weizklamm,Herdplatte,UIAA:5,5,UIAA
4446666228,Cosa Nostra,Sport,Austria,Ost,Weizklamm,Gipslochwandl,UIAA:10-,10-,UIAA
4446666156,Stoascheißer Koarl,Sport,Austria,Ost,Weizklamm,Gipslochwandl,UIAA:8,8,UIAA
4446666084,Speleo,Sport,Austria,Ost,Weizklamm,Gipslochwandl,UIAA:9+,9+,UIAA
4446666012,SunKist,Sport,Austria,Ost,Weizklamm,Gipslochwandl,UIAA:9+/10-,9+,UIAA
4446665925,Dreh & Drink,Sport,Austria,Ost,Weizklamm,Gipslochwandl,UIAA:8+,8+,UIAA
4446665766,Rigips lässt grüßen,Sport,Austria,Ost,Weizklamm,Gipslochwandl,UIAA:9-/9,9-,UIAA
4446665679,Karies,Sport,Austria,Ost,Weizklamm,Gipslochwandl,UIAA:9+,9+,UIAA
4446665592,Buschenschank,Sport,Austria,Ost,Weizklamm,Gipslochwandl,UIAA:9+/10-,9+,UIAA
4446665499,Stoadirndl,Sport,Austria,Ost,Weizklamm,Gipslochwandl,UIAA:9,9,UIAA
4446665406,Aqua boy,Sport,Austria,Ost,Weizklamm,Gipslochwandl,UIAA:8-,8-,UIAA
8214585507,Aufwärmstress,Sport,Austria,Ost,Weizklamm,Gipslochwandl,UIAA:7,7,UIAA
4658856342,Quadratisch praktisch gut,Boulder,Austria,Ost,Graz / Bruck,Resowi,{FB} 6B,6B,FB
4658856255,Auf der Flucht,Boulder,Austria,Ost,Graz / Bruck,Resowi,{FB} 5C,5C,FB
977236830,Draufgabe,Sport,Austria,Ost,Klettergarten Graz/Andritz,Dachl,UIAA:6,6,UIAA
977236731,Tristesse,Sport,Austria,Ost,Klettergarten Graz/Andritz,Dachl,UIAA:5+,5+,UIAA
977236632,Astralreise,Sport,Austria,Ost,Klettergarten Graz/Andritz,Dachl,UIAA:6+,6+,UIAA
977236533,Charlie Brown,Sport,Austria,Ost,Klettergarten Graz/Andritz,Dachl,UIAA:6,6,UIAA
977236434,Horeschowskyweg,Sport,Austria,Ost,Klettergarten Graz/Andritz,Dachl,UIAA:5-,5-,UIAA
977236335,Der alte Herr,Sport,Austria,Ost,Klettergarten Graz/Andritz,Dachl,UIAA:5+,5+,UIAA
977236236,Preussweg,Sport,Austria,Ost,Klettergarten Graz/Andritz,Dachl,UIAA:4+,4+,UIAA
977236131,Normalweg #2,Sport,Austria,Ost,Klettergarten Graz/Andritz,Dachl,UIAA:3,3,UIAA
977236020,Schwingerzipf,Sport,Austria,Ost,Klettergarten Graz/Andritz,Dachl,UIAA:4-,4-,UIAA
977235888,Calimero,Sport,Austria,Ost,Klettergarten Graz/Andritz,Dachl,UIAA:6,6,UIAA
977235777,Turnbergsteiger Kamin,Sport,Austria,Ost,Klettergarten Graz/Andritz,Dachl,UIAA:5-,5-,UIAA
977235654,Dagmarkante,Sport,Austria,Ost,Klettergarten Graz/Andritz,Dachl,UIAA:5+,5+,UIAA
977235555,Direktes Dachl,Sport,Austria,Ost,Klettergarten Graz/Andritz,Dachl,UIAA:6,6,UIAA
977235456,Nieberlwand,Sport,Austria,Ost,Klettergarten Graz/Andritz,Dachl,UIAA:5,5,UIAA
977235357,Turriwand,Sport,Austria,Ost,Klettergarten Graz/Andritz,Dachl,UIAA:5+,5+,UIAA
977235258,Turrikante,Sport,Austria,Ost,Klettergarten Graz/Andritz,Dachl,UIAA:5-,5-,UIAA
977235159,Blodigriss,Sport,Austria,Ost,Klettergarten Graz/Andritz,Dachl,UIAA:4-,4-,UIAA
977235060,Normalweg,Sport,Austria,Ost,Klettergarten Graz/Andritz,Dachl,UIAA:3-,3-,UIAA
977228763,Osterweiterung,Sport,Austria,Ost,Klettergarten Graz/Andritz,Totenkirchl,UIAA:4+,4+,UIAA
977227995,Neiche Tanz,Sport,Austria,Ost,Klettergarten Graz/Andritz,Totenkirchl,UIAA:6-,6-,UIAA
977227218,Totenkirchl SO,Sport,Austria,Ost,Klettergarten Graz/Andritz,Totenkirchl,UIAA:7,7,UIAA
750847500,Schattenseiten,Sport,Austria,Ost,Klettergarten Graz/Andritz,Totenkirchl,UIAA:7+/8-,7+,UIAA
977225652,Kante,Sport,Austria,Ost,Klettergarten Graz/Andritz,Totenkirchl,{FR} 7a+,7a+,FR
750847401,Rechtes Totenkirchl,Sport,Austria,Ost,Klettergarten Graz/Andritz,Totenkirchl,UIAA:9,9,UIAA
750847302,Linkes Totenkirchl,Sport,Austria,Ost,Klettergarten Graz/Andritz,Totenkirchl,{FR} 6b,6b,FR
750847203,Furchetta,Sport,Austria,Ost,Klettergarten Graz/Andritz,Totenkirchl,UIAA:6+,6+,UIAA
977219376,Delagorinne,Sport,Austria,Ost,Klettergarten Graz/Andritz,Totenkirchl,UIAA:5+,5+,UIAA
977218227,Toni Schmidkante,Top rope,Austria,Ost,Klettergarten Graz/Andritz,Totenkirchl,UIAA:5+,5+,UIAA
750847104,Höfelewand,Sport,Austria,Ost,Klettergarten Graz/Andritz,Totenkirchl,UIAA:5-,5-,UIAA
11565194886,Erdige Rinne,Sport,Austria,Ost,Klettergarten Graz/Andritz,Totenkirchl,UIAA:5-,5-,UIAA
750847005,Nazgul,Sport,Austria,Ost,Klettergarten Graz/Andritz,Totenkirchl,UIAA:8-,8-,UIAA
691924671,Direkter Rossi,Sport,Austria,Ost,Klettergarten Graz/Andritz,Totenkirchl,UIAA:6+,6+,UIAA
691924473,Rossiüberhand left-hand variant,Sport,Austria,Ost,Klettergarten Graz/Andritz,Totenkirchl,UIAA:6,6,UIAA
691924572,Rossiüberhang,Sport,Austria,Ost,Klettergarten Graz/Andritz,Totenkirchl,UIAA:7,7,UIAA
750846906,"Xandlkamin, Gstreinweg",Trad,Austria,Ost,Klettergarten Graz/Andritz,Totenkirchl,UIAA:4+,4+,UIAA
4032132375,unbekannt,Sport,Austria,Ost,Klettergarten Graz/Andritz,Totenkirchl,UIAA:7+/8-,7+,UIAA
750857010,Tellsplatte,Sport,Austria,Ost,Klettergarten Graz/Andritz,Meistersteig,UIAA:5+,5+,UIAA
750853335,Schinko,Sport,Austria,Ost,Klettergarten Graz/Andritz,Meistersteig,UIAA:5+,5+,UIAA
4478496612,Emmyriss,Sport,Austria,Ost,Klettergarten Graz/Andritz,Meistersteig,UIAA:7-,7-,UIAA
750853236,Fiat Lux,Sport,Austria,Ost,Klettergarten Graz/Andritz,Meistersteig,UIAA:7+,7+,UIAA
750853164,Stegerriss,Sport,Austria,Ost,Klettergarten Graz/Andritz,Meistersteig,UIAA:6+,6+,UIAA
750853065,Robertüberhang,Sport,Austria,Ost,Klettergarten Graz/Andritz,Meistersteig,UIAA:7,7,UIAA
750852966,Tausendundeine Nacht,Sport,Austria,Ost,Klettergarten Graz/Andritz,Meistersteig,UIAA:7-,7-,UIAA
750852867,Meistersteig,Sport,Austria,Ost,Klettergarten Graz/Andritz,Meistersteig,UIAA:6+,6+,UIAA
750852768,Dir. Meistersteig,Sport,Austria,Ost,Klettergarten Graz/Andritz,Meistersteig,UIAA:6+/7-,6+,UIAA
750852669,Rothe Rinne,Sport,Austria,Ost,Klettergarten Graz/Andritz,Meistersteig,UIAA:5+,5+,UIAA
750852570,Monkey Circus,Sport,Austria,Ost,Klettergarten Graz/Andritz,Laurinswand,UIAA:7,7,UIAA
750852471,Dülferriss,Sport,Austria,Ost,Klettergarten Graz/Andritz,Laurinswand,UIAA:7-,7-,UIAA
750851649,Super Peter Perversman,Sport,Austria,Ost,Klettergarten Graz/Andritz,Laurinswand,UIAA:10-/10,10-,UIAA
750834234,Marmolata SO,Sport,Austria,Ost,Klettergarten Graz/Andritz,Laurinswand,UIAA:7+,7+,UIAA
750834135,Rosaroter Panther,Sport,Austria,Ost,Klettergarten Graz/Andritz,Laurinswand,UIAA:7,7,UIAA
750834036,Schlumpfpfeiler,Sport,Austria,Ost,Klettergarten Graz/Andritz,Laurinswand,UIAA:7,7,UIAA
750833937,Laurinswand,Sport,Austria,Ost,Klettergarten Graz/Andritz,Laurinswand,UIAA:4+,4+,UIAA
750833838,Laurins Rache,Sport,Austria,Ost,Klettergarten Graz/Andritz,Laurinswand,UIAA:8-,8-,UIAA
750833739,Sandyplatte,Sport,Austria,Ost,Klettergarten Graz/Andritz,Laurinswand,UIAA:7-,7-,UIAA
750833640,Glanvellrinne,Sport,Austria,Ost,Klettergarten Graz/Andritz,Laurinswand,UIAA:5+,5+,UIAA
4478149623,Paulekeweg,Trad,Austria,Ost,Klettergarten Graz/Andritz,Güntherwand,UIAA:5+,5+,UIAA
977138160,"Erst rechts, dann links - mit Kante",Sport,Austria,Ost,Klettergarten Graz/Andritz,Güntherwand,UIAA:6,6,UIAA
750833541,"Erst rechts, dann links",Sport,Austria,Ost,Klettergarten Graz/Andritz,Güntherwand,UIAA:7,7,UIAA
691928034,Jungmannschaftsplatte,Sport,Austria,Ost,Klettergarten Graz/Andritz,Güntherwand,UIAA:7-,7-,UIAA
2583645747,"Comptonband, Clean",Trad,Austria,Ost,Klettergarten Graz/Andritz,Güntherwand,UIAA:5-,5-,UIAA
750833442,Comptonband,Sport,Austria,Ost,Klettergarten Graz/Andritz,Güntherwand,UIAA:5-,5-,UIAA
750833343,Geist,Sport,Austria,Ost,Klettergarten Graz/Andritz,Güntherwand,UIAA:8-/8,8-,UIAA
2583644241,"Schiefes Band, Clean",Trad,Austria,Ost,Klettergarten Graz/Andritz,Güntherwand,UIAA:4-,4-,UIAA
750833244,Schiefes Band,Sport,Austria,Ost,Klettergarten Graz/Andritz,Güntherwand,UIAA:4-,4-,UIAA
750833145,Große Verschneidung,Sport,Austria,Ost,Klettergarten Graz/Andritz,Güntherwand,UIAA:5+,5+,UIAA
750833046,Preusskante,Sport,Austria,Ost,Klettergarten Graz/Andritz,Güntherwand,UIAA:5,5,UIAA
977135772,Güntherwand,Sport,Austria,Ost,Klettergarten Graz/Andritz,Güntherwand,UIAA:6-,6-,UIAA
750832947,Direkte Güntherwand,Sport,Austria,Ost,Klettergarten Graz/Andritz,Güntherwand,UIAA:7+/8-,7+,UIAA
750832848,Sag niemals nie,Sport,Austria,Ost,Klettergarten Graz/Andritz,Güntherwand,UIAA:8,8,UIAA
4478146989,Mittelwandkamin,Trad,Austria,Ost,Klettergarten Graz/Andritz,Güntherwand,UIAA:3-,3-,UIAA
977125515,Tupikante,Sport,Austria,Ost,Klettergarten Graz/Andritz,Am Band,UIAA:5+,5+,UIAA
977125416,Bügelkante,Sport,Austria,Ost,Klettergarten Graz/Andritz,Am Band,UIAA:6+,6+,UIAA
977125317,Schleierkante,Sport,Austria,Ost,Klettergarten Graz/Andritz,Am Band,UIAA:7,7,UIAA
977125218,Schleimscheißer,Sport,Austria,Ost,Klettergarten Graz/Andritz,Am Band,UIAA:8-,8-,UIAA
977125119,Kalt und Kälter,Sport,Austria,Ost,Klettergarten Graz/Andritz,Am Band,UIAA:7-,7-,UIAA
977125020,Lorenzoni,Sport,Austria,Ost,Klettergarten Graz/Andritz,Am Band,UIAA:5-,5-,UIAA
977124921,Tartois,Sport,Austria,Ost,Klettergarten Graz/Andritz,Am Band,UIAA:7,7,UIAA
977124822,Muckiband,Sport,Austria,Ost,Klettergarten Graz/Andritz,Am Band,UIAA:7,7,UIAA
977124723,Civetta Variante,Top rope,Austria,Ost,Klettergarten Graz/Andritz,Am Band,UIAA:6,6,UIAA
977124624,Civetta,Sport,Austria,Ost,Klettergarten Graz/Andritz,Am Band,UIAA:6,6,UIAA
977124525,Rochetta,Sport,Austria,Ost,Klettergarten Graz/Andritz,Am Band,UIAA:6-,6-,UIAA
977124426,Weisse Pracht,Sport,Austria,Ost,Klettergarten Graz/Andritz,Am Band,UIAA:7+,7+,UIAA
977122260,Maurerweg,Sport,Austria,Ost,Klettergarten Graz/Andritz,Platten,UIAA:6,6,UIAA
971973318,Schwarzer Riss,Sport,Austria,Ost,Klettergarten Graz/Andritz,Platten,UIAA:7+,7+,UIAA
977117805,Silent Feet,Sport,Austria,Ost,Klettergarten Graz/Andritz,Platten,UIAA:7,7,UIAA
977117706,Dir. Kees,Sport,Austria,Ost,Klettergarten Graz/Andritz,Platten,UIAA:4-,4-,UIAA
977117607,Kees,Sport,Austria,Ost,Klettergarten Graz/Andritz,Platten,UIAA:3,3,UIAA
977117508,Grünschnabel,Sport,Austria,Ost,Klettergarten Graz/Andritz,Platten,UIAA:5+,5+,UIAA
977117409,Jahnweg,Sport,Austria,Ost,Klettergarten Graz/Andritz,Platten,UIAA:6-,6-,UIAA
977117310,Vulgo und Tom,Sport,Austria,Ost,Klettergarten Graz/Andritz,Platten,UIAA:6-,6-,UIAA
977117211,Der vermeintliche Fünfer,Sport,Austria,Ost,Klettergarten Graz/Andritz,Platten,UIAA:6+,6+,UIAA
977117112,Neue Route #2,Sport,Austria,Ost,Klettergarten Graz/Andritz,Platten,UIAA:4-,4-,UIAA
977117013,Neue Route,Sport,Austria,Ost,Klettergarten Graz/Andritz,Platten,UIAA:4-,4-,UIAA
977113149,Normalweg Ost,Sport,Austria,Ost,Klettergarten Graz/Andritz,Gelbe Platte,UIAA:2,2,UIAA
977113050,Neue Route #2,Sport,Austria,Ost,Klettergarten Graz/Andritz,Gelbe Platte,UIAA:4-,4-,UIAA
977112951,Blauer Montag,Sport,Austria,Ost,Klettergarten Graz/Andritz,Gelbe Platte,UIAA:4,4,UIAA
977112852,Neue Route,Sport,Austria,Ost,Klettergarten Graz/Andritz,Gelbe Platte,UIAA:4,4,UIAA
3805189716,Aschenbrenner,Sport,Austria,Ost,Klettergarten Graz/Andritz,Gelbe Platte,UIAA:6-,6-,UIAA
977112753,Gelbe Platte,Sport,Austria,Ost,Klettergarten Graz/Andritz,Gelbe Platte,UIAA:7-,7-,UIAA
977112654,TV,Sport,Austria,Ost,Klettergarten Graz/Andritz,Gelbe Platte,UIAA:3+,3+,UIAA
750859233,Maukwest,Sport,Austria,Ost,Klettergarten Graz/Andritz,Zsigmondy,UIAA:6,6,UIAA
750859134,Verschneidung,Sport,Austria,Ost,Klettergarten Graz/Andritz,Zsigmondy,UIAA:3+,3+,UIAA
750859035,Pfeiler,Sport,Austria,Ost,Klettergarten Graz/Andritz,Zsigmondy,UIAA:5-,5-,UIAA
750858936,Zsigmondy rechts,Sport,Austria,Ost,Klettergarten Graz/Andritz,Zsigmondy,UIAA:7-,7-,UIAA
750858837,Zsigmondy links,Sport,Austria,Ost,Klettergarten Graz/Andritz,Zsigmondy,UIAA:6-,6-,UIAA
750858738,Saarplatte,Sport,Austria,Ost,Klettergarten Graz/Andritz,Zsigmondy,UIAA:5-,5-,UIAA
750858639,Geierweg,Sport,Austria,Ost,Klettergarten Graz/Andritz,Zsigmondy,UIAA:5+,5+,UIAA
750858540,Siegridplatte,Sport,Austria,Ost,Klettergarten Graz/Andritz,Zsigmondy,UIAA:4+,4+,UIAA
750858441,Draachentöter,Sport,Austria,Ost,Klettergarten Graz/Andritz,Zsigmondy,UIAA:4+,4+,UIAA
750858342,Holt's der Geier,Sport,Austria,Ost,Klettergarten Graz/Andritz,Zsigmondy,UIAA:4+,4+,UIAA
977096898,Jakobiturm,Sport,Austria,Ost,Klettergarten Graz/Andritz,Winklerturm,UIAA:4+,4+,UIAA
977096799,Comici,Sport,Austria,Ost,Klettergarten Graz/Andritz,Winklerturm,UIAA:7-,7-,UIAA
977096700,Winklerturm,Sport,Austria,Ost,Klettergarten Graz/Andritz,Winklerturm,UIAA:6-,6-,UIAA
977096601,Winkler Verschneidung,Sport,Austria,Ost,Klettergarten Graz/Andritz,Winklerturm,UIAA:5+,5+,UIAA
977096502,Winkler Südwand,Sport,Austria,Ost,Klettergarten Graz/Andritz,Winklerturm,UIAA:4+,4+,UIAA
977096403,Maixweg,Sport,Austria,Ost,Klettergarten Graz/Andritz,Winklerturm,UIAA:6/6+,6,UIAA
977096304,Arnos Traumweg,Sport,Austria,Ost,Klettergarten Graz/Andritz,Winklerturm,UIAA:6+/7-,6+,UIAA
977096205,Östlicher Normalweg,Sport,Austria,Ost,Klettergarten Graz/Andritz,Winklerturm,UIAA:2,2,UIAA
977088756,Normalweg links,Sport,Austria,Ost,Klettergarten Graz/Andritz,Schwarze Platte,UIAA:3+,3+,UIAA
977088657,Turmkante,Sport,Austria,Ost,Klettergarten Graz/Andritz,Schwarze Platte,UIAA:4-,4-,UIAA
977088558,Direkter Turm,Sport,Austria,Ost,Klettergarten Graz/Andritz,Schwarze Platte,UIAA:5,5,UIAA
977088459,Verschneidung,Sport,Austria,Ost,Klettergarten Graz/Andritz,Schwarze Platte,UIAA:5,5,UIAA
977088360,Schwarze Platte,Sport,Austria,Ost,Klettergarten Graz/Andritz,Schwarze Platte,UIAA:5,5,UIAA
977088261,Dir Schwarze Platte,Sport,Austria,Ost,Klettergarten Graz/Andritz,Schwarze Platte,UIAA:5,5,UIAA
977088162,Direkte Nase,Top rope,Austria,Ost,Klettergarten Graz/Andritz,Schwarze Platte,UIAA:6-,6-,UIAA
977088063,Guglia di Brenta,Sport,Austria,Ost,Klettergarten Graz/Andritz,Schwarze Platte,UIAA:4+,4+,UIAA
977087964,Euringerturm Variante,Sport,Austria,Ost,Klettergarten Graz/Andritz,Schwarze Platte,UIAA:5,5,UIAA
977087865,Euringerturm,Sport,Austria,Ost,Klettergarten Graz/Andritz,Schwarze Platte,UIAA:5,5,UIAA
977087766,Normalweg,Sport,Austria,Ost,Klettergarten Graz/Andritz,Schwarze Platte,UIAA:3,3,UIAA
3991997457,Windleger 6,Sport,Austria,Ost,Klettergarten Graz/Andritz,Windleger,UIAA:3+,3+,UIAA
3991997349,Windleger 5,Sport,Austria,Ost,Klettergarten Graz/Andritz,Windleger,UIAA:4,4,UIAA
3991997250,Pajang,Sport,Austria,Ost,Klettergarten Graz/Andritz,Windleger,UIAA:5+,5+,UIAA
3991997163,Windleger 4,Sport,Austria,Ost,Klettergarten Graz/Andritz,Windleger,UIAA:5+,5+,UIAA
3991997076,Windleger 3,Sport,Austria,Ost,Klettergarten Graz/Andritz,Windleger,UIAA:5+,5+,UIAA
3991996989,Windleger 2,Sport,Austria,Ost,Klettergarten Graz/Andritz,Windleger,UIAA:5+,5+,UIAA
3991996902,Windleger 1,Sport,Austria,Ost,Klettergarten Graz/Andritz,Windleger,UIAA:5-,5-,UIAA
7013965695,Decision Time,,Austria,Ost,Graz / Bruck,Zigeunerloch,UIAA:9-/9,9-,UIAA
2945635413,Boltimore,,Austria,Ost,Graz / Bruck,Zigeunerloch,UIAA:8+/9-,8+,UIAA
6813551127,Kabinenbaron,,Austria,Ost,Graz / Bruck,Zigeunerloch,{FR} 8a+,8a+,FR
2945635332,Kabinenparty,,Austria,Ost,Graz / Bruck,Zigeunerloch,UIAA:9+/10-,9+,UIAA
2945635251,The Battle Rages On,Sport,Austria,Ost,Graz / Bruck,Zigeunerloch,UIAA:11-,11-,UIAA
7013963898,Geier Wally,Sport,Austria,Ost,Graz / Bruck,Zigeunerloch,UIAA:10+/11-,10+,UIAA
7013963169,Herwigs Weg,Sport,Austria,Ost,Graz / Bruck,Zigeunerloch,UIAA:10,10,UIAA
2945635170,Zigeunerradl,Sport,Austria,Ost,Graz / Bruck,Zigeunerloch,UIAA:8-/8,8-,UIAA
2945629785,Zum Anfang zurück,Sport,Austria,Ost,Graz / Bruck,Zigeunerloch,UIAA:10-,10-,UIAA
2945629704,Fritz the cat,Sport,Austria,Ost,Graz / Bruck,Zigeunerloch,UIAA:9+/10-,9+,UIAA
2945629617,"Fuchs, du hast die Gans gestohlen",Sport,Austria,Ost,Graz / Bruck,Zigeunerloch,UIAA:9+/10-,9+,UIAA
2945629533,Anya,Sport,Austria,Ost,Graz / Bruck,Zigeunerloch,UIAA:9-/9,9-,UIAA
2945629452,Coconut stylee,Sport,Austria,Ost,Graz / Bruck,Zigeunerloch,UIAA:9+/10-,9+,UIAA
2945629371,Fratres,Sport,Austria,Ost,Graz / Bruck,Zigeunerloch,UIAA:10,10,UIAA
2945629248,Highwaystar,Sport,Austria,Ost,Graz / Bruck,Zigeunerloch,UIAA:9+,9+,UIAA
2945629095,Kalachakra,Sport,Austria,Ost,Graz / Bruck,Zigeunerloch,UIAA:10-,10-,UIAA
7044406716,Lügenbaron,Sport,Austria,Ost,Graz / Bruck,Zigeunerloch,{FR} 8c+,8c+,FR
2945629014,Public enemy,Sport,Austria,Ost,Graz / Bruck,Zigeunerloch,UIAA:11-,11-,UIAA
2945628921,Siri Perera,Sport,Austria,Ost,Graz / Bruck,Zigeunerloch,UIAA:10+,10+,UIAA
2945583696,Stalker,Sport,Austria,Ost,Graz / Bruck,Zigeunerloch,UIAA:10/10+,10,UIAA
2945583603,Zigeunerbaron,Sport,Austria,Ost,Graz / Bruck,Zigeunerloch,UIAA:10,10,UIAA
691227978,Frühschwimmer,Sport,Austria,Ost,Graz / Bruck,Zigeunerloch,UIAA:7+,7+,UIAA
2945583510,Marika Rökk-Weg,Sport,Austria,Ost,Graz / Bruck,Zigeunerloch,UIAA:10-/10,10-,UIAA
2945583423,The final cut,Sport,Austria,Ost,Graz / Bruck,Zigeunerloch,UIAA:8+/9-,8+,UIAA
2945583342,Gräfin - Hobby class - Querung,Sport,Austria,Ost,Graz / Bruck,Zigeunerloch,UIAA:9+/10-,9+,UIAA
2945583261,Gräfin - Hobby Class,Sport,Austria,Ost,Graz / Bruck,Zigeunerloch,UIAA:9/9+,9,UIAA
2945583180,Gräfin Mariza-Variante,Sport,Austria,Ost,Graz / Bruck,Zigeunerloch,UIAA:9+ - 10,9+,UIAA
2945583099,Gräfin Mariza,Sport,Austria,Ost,Graz / Bruck,Zigeunerloch,UIAA:9+ - 10,9+,UIAA
2945583006,Mini Cooper,Sport,Austria,Ost,Graz / Bruck,Zigeunerloch,UIAA:8-,8-,UIAA
2945582922,Schölli,Sport,Austria,Ost,Graz / Bruck,Zigeunerloch,UIAA:6+,6+,UIAA
7013956905,Little Crocodile,Sport,Austria,Ost,Graz / Bruck,Zigeunerloch,UIAA:4+,4+,UIAA
7013957859,Die kleine Raupe Nimmersatt,Sport,Austria,Ost,Graz / Bruck,Zigeunerloch,UIAA:4-,4-,UIAA
2945798547,Spiderman,Sport,Austria,Ost,Zigeunerloch,Oberes Zigeunerloch,UIAA:8+,8+,UIAA
2945798448,Heman,Sport,Austria,Ost,Zigeunerloch,Oberes Zigeunerloch,UIAA:6+/7-,6+,UIAA
2945798331,Vignettenmann,Sport,Austria,Ost,Zigeunerloch,Oberes Zigeunerloch,UIAA:6+/7-,6+,UIAA
7302132594,Kleine Robbe Immersatt,Sport,Austria,Ost,Zigeunerloch,Oberes Zigeunerloch,{FR} 6c+,6c+,FR
2945798178,Abusimbl,Sport,Austria,Ost,Zigeunerloch,Oberes Zigeunerloch,UIAA:6,6,UIAA
2945798043,Mr. Magnesia,Sport,Austria,Ost,Zigeunerloch,Oberes Zigeunerloch,UIAA:8+,8+,UIAA
2945797902,Sterben und Erben,Sport,Austria,Ost,Zigeunerloch,Oberes Zigeunerloch,UIAA:7-,7-,UIAA
2945797764,Nameless Mauer,Sport,Austria,Ost,Zigeunerloch,Oberes Zigeunerloch,UIAA:6-,6-,UIAA
2945798637,Maulwurfsgrille,Sport,Austria,Ost,Zigeunerloch,Oberes Zigeunerloch,UIAA:5-,5-,UIAA
2945798724,Hundeleben,Sport,Austria,Ost,Zigeunerloch,Oberes Zigeunerloch,UIAA:5+,5+,UIAA
2945798811,Vacanza in Ospedale,Sport,Austria,Ost,Zigeunerloch,Oberes Zigeunerloch,UIAA:6,6,UIAA
2945797617,Tatoni,Sport,Austria,Ost,Zigeunerloch,Oberes Zigeunerloch,UIAA:6+,6+,UIAA
2945798898,Zigeuner sein des wär fein,Sport,Austria,Ost,Zigeunerloch,Oberes Zigeunerloch,UIAA:7+/8-,7+,UIAA
2945797482,A Zigeuner möcht i sein,Sport,Austria,Ost,Zigeunerloch,Oberes Zigeunerloch,UIAA:7+/8-,7+,UIAA
2945798985,"Schwarze Katze, weißer Kater",Sport,Austria,Ost,Zigeunerloch,Oberes Zigeunerloch,UIAA:7,7,UIAA
2945799120,Sundown blues,Sport,Austria,Ost,Zigeunerloch,Oberes Zigeunerloch,UIAA:7,7,UIAA
2945799264,Solid gold hits,Sport,Austria,Ost,Zigeunerloch,Oberes Zigeunerloch,UIAA:6+,6+,UIAA
2945797347,Easyrider,Sport,Austria,Ost,Zigeunerloch,Oberes Zigeunerloch,UIAA:10-,10-,UIAA
2945797206,Knick und ab,Sport,Austria,Ost,Zigeunerloch,Oberes Zigeunerloch,UIAA:6+,6+,UIAA
2927728272,Quertreiber,Sport,Austria,Ost,Waldspielplatz,Winkerl,UIAA:6+,6+,UIAA
2927728185,Höhlenbär,Sport,Austria,Ost,Waldspielplatz,Winkerl,UIAA:4-,4-,UIAA
2927728098,direkter Höhlenbär,Sport,Austria,Ost,Waldspielplatz,Winkerl,UIAA:6+,6+,UIAA
9855270993,na endlich!,Sport,Austria,Ost,Waldspielplatz,Winkerl,UIAA:6,6,UIAA
2927728011,Regenschicht,Sport,Austria,Ost,Waldspielplatz,Winkerl,UIAA:7+,7+,UIAA
6010751262,gib's mir (unterer Teil),Sport,Austria,Ost,Waldspielplatz,Winkerl,UIAA:5-,5-,UIAA
2927727924,gib's mir,Sport,Austria,Ost,Waldspielplatz,Winkerl,UIAA:7-,7-,UIAA
2927727825,s' Winkerl,Sport,Austria,Ost,Waldspielplatz,Winkerl,UIAA:5,5,UIAA
2927727738,Hängar 7,,Austria,Ost,Waldspielplatz,Winkerl,UIAA:6+,6+,UIAA
2927727651,Flugfeld,,Austria,Ost,Waldspielplatz,Winkerl,UIAA:6-,6-,UIAA
2927727564,Sonnenfeld,,Austria,Ost,Waldspielplatz,Winkerl,UIAA:6,6,UIAA
2927727477,Novembersonne,,Austria,Ost,Waldspielplatz,Winkerl,UIAA:6-,6-,UIAA
2927727390,Recycling,Sport,Austria,Ost,Waldspielplatz,Winkerl,UIAA:7,7,UIAA
2927727303,Direkte Waldwand,Sport,Austria,Ost,Waldspielplatz,Winkerl,UIAA:7-,7-,UIAA
2927727204,Regenschein,Sport,Austria,Ost,Waldspielplatz,Winkerl,UIAA:7-,7-,UIAA
2927715093,Donner(s)tag,Sport,Austria,Ost,Waldspielplatz,Franklstein,UIAA:7,7,UIAA
2927715006,Fugu,Sport,Austria,Ost,Waldspielplatz,Franklstein,UIAA:8-,8-,UIAA
2927714886,Trotzdem,Sport,Austria,Ost,Waldspielplatz,Franklstein,UIAA:7-,7-,UIAA
2927714784,Ev Way,Sport,Austria,Ost,Waldspielplatz,Franklstein,UIAA:6+,6+,UIAA
2927714685,Franklstein,Sport,Austria,Ost,Waldspielplatz,Franklstein,UIAA:5+,5+,UIAA
2927714586,Putzteufel,Sport,Austria,Ost,Waldspielplatz,Franklstein,UIAA:5,5,UIAA
8393223669,Wurzelsepp,Sport,Austria,Ost,Waldspielplatz,Franklstein,UIAA:4-,4-,UIAA
9855266439,Rumtee,Sport,Austria,Ost,Waldspielplatz,Franklstein,UIAA:3,3,UIAA
9855267543,Keks,Sport,Austria,Ost,Waldspielplatz,Franklstein,UIAA:3-,3-,UIAA
2927709594,Speed climbing,Sport,Austria,Ost,Waldspielplatz,Drogerie,UIAA:6-,6-,UIAA
2927709507,Schneeröhrl,Sport,Austria,Ost,Waldspielplatz,Drogerie,UIAA:7-,7-,UIAA
2927709420,Shit,Sport,Austria,Ost,Waldspielplatz,Drogerie,UIAA:5-,5-,UIAA
2927709333,Overdose,Sport,Austria,Ost,Waldspielplatz,Drogerie,UIAA:6,6,UIAA
2927709246,Underground,Sport,Austria,Ost,Waldspielplatz,Drogerie,UIAA:3+,3+,UIAA
2927709159,Crack Attack,Sport,Austria,Ost,Waldspielplatz,Drogerie,UIAA:6,6,UIAA
2927709072,Crystal Meth,Sport,Austria,Ost,Waldspielplatz,Drogerie,UIAA:6-/6,6-,UIAA
2927708985,heroIN,Sport,Austria,Ost,Waldspielplatz,Drogerie,UIAA:6,6,UIAA
2927698686,Ostermontag,Sport,Austria,Ost,Waldspielplatz,Osterinsel,UIAA:4-,4-,UIAA
2927698581,Osterjaus'n,Sport,Austria,Ost,Waldspielplatz,Osterinsel,UIAA:5-,5-,UIAA
2927698494,Fastenbier,Sport,Austria,Ost,Waldspielplatz,Osterinsel,UIAA:5+,5+,UIAA
2927698407,Palmesel,Sport,Austria,Ost,Waldspielplatz,Osterinsel,UIAA:5+,5+,UIAA
2927698314,Kreuzweg,Sport,Austria,Ost,Waldspielplatz,Osterinsel,UIAA:5-,5-,UIAA
3374511057,Rapa Nui,Sport,Austria,Ost,Waldspielplatz,Osterinsel,UIAA:4,4,UIAA
3374509650,Osterferien,Sport,Austria,Ost,Waldspielplatz,Osterinsel,UIAA:2,2,UIAA
2927698227,Osterlamm,Sport,Austria,Ost,Waldspielplatz,Osterinsel,UIAA:4-,4-,UIAA
2927698140,Pfingstochse,Sport,Austria,Ost,Waldspielplatz,Osterinsel,UIAA:5-/5,5-,UIAA
2927698053,Osterhase,Sport,Austria,Ost,Waldspielplatz,Osterinsel,UIAA:6+,6+,UIAA
2927697966,Fleischweih',Sport,Austria,Ost,Waldspielplatz,Osterinsel,UIAA:7-,7-,UIAA
2927697855,Ende der Fastenzeit,Sport,Austria,Ost,Waldspielplatz,Osterinsel,UIAA:7+/8-,7+,UIAA
2927697753,Osternest,Sport,Austria,Ost,Waldspielplatz,Osterinsel,UIAA:7-,7-,UIAA
2927697654,Nächstenliebe,Sport,Austria,Ost,Waldspielplatz,Osterinsel,UIAA:7-,7-,UIAA
2927697567,Krenwurz'n,Sport,Austria,Ost,Waldspielplatz,Osterinsel,UIAA:4+,4+,UIAA
7982387205,Low Rider,Boulder,Austria,Ost,St. Radegund,Sprungblock,{FR} FB:7B,FB,FR
7982385492,Crétins und Schurken,Boulder,Austria,Ost,St. Radegund,Sprungblock,{FR} FB:7A,FB,FR
7982382945,Sprungblock Traverse,Boulder,Austria,Ost,St. Radegund,Sprungblock,{FR} FB:7A+,FB,FR
7982381883,Free Engelbert,Boulder,Austria,Ost,St. Radegund,Sprungblock,{FR} FB:8A,FB,FR
8367184854,Salamander low,Boulder,Austria,Ost,St. Radegund,Birkenblock,{FR} FB:8A+,FB,FR
8367172020,Salamander,Boulder,Austria,Ost,St. Radegund,Birkenblock,{FR} FB:8A,FB,FR
8367224886,Tiger zu Bettvorleger,Boulder,Austria,Ost,St. Radegund,Birkenblock,{FR} FB:7C+,FB,FR
8367127416,Lechnerlich,Boulder,Austria,Ost,St. Radegund,Birkenblock,{FR} FB:7B,FB,FR
9404188083,1/2 Straßenblocktraverse,Boulder,Austria,Ost,St. Radegund,Parkplatzblock,FB:7C,7C,FB
7982380905,"Tränen, Schmerzen und Finsternis direkt",Boulder,Austria,Ost,St. Radegund,Parkplatzblock,{FR} FB:7C+,FB,FR
7982380140,"Tränen, Schmerzen und Finsternis",Boulder,Austria,Ost,St. Radegund,Parkplatzblock,{FR} FB:7C+,FB,FR
7982370657,Tom's Boulder,Boulder,Austria,Ost,St. Radegund,Parkplatzblock,{FR} FB:7B,FB,FR
7982365935,Seconds,Boulder,Austria,Ost,St. Radegund,Parkplatzblock,{FR} FB:7B,FB,FR
5907762087,Gemüsegartl,Sport,Austria,Ost,Graz / Bruck,Pfaffenkogel,UIAA:5,5,UIAA
5907761994,Grazerweg,Sport,Austria,Ost,Graz / Bruck,Pfaffenkogel,UIAA:6,6,UIAA
1201894932,Rudlweg,Sport,Austria,Ost,Graz / Bruck,Pfaffenkogel,UIAA:4+,4+,UIAA
4496107050,Schnurzls Hölle,Sport,Austria,Ost,Graz / Bruck,Hasenstein,UIAA:8-,8-,UIAA
4496106963,Schnurzls Wolke,Sport,Austria,Ost,Graz / Bruck,Hasenstein,UIAA:6-,6-,UIAA
4496106876,Schnurzlriss,Sport,Austria,Ost,Graz / Bruck,Hasenstein,UIAA:5-,5-,UIAA
750813834,Gschaftlhuber,Sport,Austria,Ost,Graz / Bruck,Hasenstein,UIAA:8+,8+,UIAA
750813741,"Feivel, der Outdoorwanderer",Sport,Austria,Ost,Graz / Bruck,Hasenstein,UIAA:9,9,UIAA
750813648,Schlaumeier,Sport,Austria,Ost,Graz / Bruck,Hasenstein,UIAA:8,8,UIAA
750813555,Bröselmeier,Sport,Austria,Ost,Graz / Bruck,Hasenstein,UIAA:8+,8+,UIAA
750813462,Latein am Ende,Sport,Austria,Ost,Graz / Bruck,Hasenstein,UIAA:8+,8+,UIAA
750813369,Carpe Saxum,Sport,Austria,Ost,Graz / Bruck,Hasenstein,UIAA:7+/8-,7+,UIAA
750813276,Der verlorene Löffel,Sport,Austria,Ost,Graz / Bruck,Hasenstein,UIAA:8+/9-,8+,UIAA
750813183,Konkumbo,Sport,Austria,Ost,Graz / Bruck,Hasenstein,UIAA:7+/8-,7+,UIAA
750813090,Infinitas,Sport,Austria,Ost,Graz / Bruck,Hasenstein,UIAA:10-,10-,UIAA
750801390,Zwah linke Fiaß,Sport,Austria,Ost,Graz / Bruck,Hasenstein,UIAA:7+/8-,7+,UIAA
750801297,Mr. Magic Mystery Müsly,Sport,Austria,Ost,Graz / Bruck,Hasenstein,UIAA:7+,7+,UIAA
750801204,Stradivari,Sport,Austria,Ost,Graz / Bruck,Hasenstein,UIAA:8-,8-,UIAA
750801111,Just a Matter of Trust,Sport,Austria,Ost,Graz / Bruck,Hasenstein,UIAA:8,8,UIAA
750801018,Kombination A1-No Way Out-Stradivari,Sport,Austria,Ost,Graz / Bruck,Hasenstein,UIAA:8,8,UIAA
750800925,Kombination A1-No Way Out-Titan,Sport,Austria,Ost,Graz / Bruck,Hasenstein,UIAA:8-,8-,UIAA
750800832,No Way Out,Sport,Austria,Ost,Graz / Bruck,Hasenstein,UIAA:9-,9-,UIAA
750800739,Titan,Sport,Austria,Ost,Graz / Bruck,Hasenstein,UIAA:8+/9-,8+,UIAA
750800646,Direktan,Sport,Austria,Ost,Graz / Bruck,Hasenstein,UIAA:9,9,UIAA
750800553,A1,Sport,Austria,Ost,Graz / Bruck,Hasenstein,UIAA:7+/8-,7+,UIAA
750800460,Uli,Sport,Austria,Ost,Graz / Bruck,Hasenstein,UIAA:7+/8-,7+,UIAA
750800367,Stream line,Sport,Austria,Ost,Graz / Bruck,Hasenstein,UIAA:8+,8+,UIAA
750800274,Das Riesenhorn,Sport,Austria,Ost,Graz / Bruck,Hasenstein,UIAA:8+,8+,UIAA
750800181,Fool on the Hill,Sport,Austria,Ost,Graz / Bruck,Hasenstein,UIAA:7+/8-,7+,UIAA
750800088,Geheimagent,Sport,Austria,Ost,Graz / Bruck,Hasenstein,UIAA:8-,8-,UIAA
750799995,Some Like It Hot,Sport,Austria,Ost,Graz / Bruck,Hasenstein,UIAA:8+/9-,8+,UIAA
750799902,Blue Steel,Sport,Austria,Ost,Graz / Bruck,Hasenstein,UIAA:8+/9-,8+,UIAA
750799809,Salto mortale,Sport,Austria,Ost,Graz / Bruck,Hasenstein,UIAA:8,8,UIAA
750799716,Nurmi lebt,Sport,Austria,Ost,Graz / Bruck,Hasenstein,UIAA:7,7,UIAA
750799623,Wandertag,Sport,Austria,Ost,Graz / Bruck,Hasenstein,UIAA:7+,7+,UIAA
750799530,Chefpartie,Sport,Austria,Ost,Graz / Bruck,Hasenstein,UIAA:8+,8+,UIAA
750799437,Aug um Aug,Sport,Austria,Ost,Graz / Bruck,Hasenstein,UIAA:9+/10-,9+,UIAA
750799344,Zahn um Zahn,Sport,Austria,Ost,Graz / Bruck,Hasenstein,UIAA:9,9,UIAA
750799251,Malgazalla Talka,Sport,Austria,Ost,Graz / Bruck,Hasenstein,UIAA:7+,7+,UIAA
750799158,Schachmatt,Sport,Austria,Ost,Graz / Bruck,Hasenstein,UIAA:9+,9+,UIAA
750799065,Lumpiriss,Sport,Austria,Ost,Graz / Bruck,Hasenstein,UIAA:5+,5+,UIAA
750798972,Alles Walzer,Sport,Austria,Ost,Graz / Bruck,Hasenstein,UIAA:7+,7+,UIAA
6885386226,Schneller Walzer,Sport,Austria,Ost,Graz / Bruck,Hasenstein,UIAA:7,7,UIAA
6882977730,Wüstensocke Variante Rechts,Sport,Austria,Ost,Graz / Bruck,Hasenstein,UIAA:8,8,UIAA
750798879,Wüstensocke Variante Gerade,Sport,Austria,Ost,Graz / Bruck,Hasenstein,UIAA:8+,8+,UIAA
750798786,"Geht net, gibt's net",Sport,Austria,Ost,Graz / Bruck,Hasenstein,UIAA:9-,9-,UIAA
750798693,Saigon,Sport,Austria,Ost,Graz / Bruck,Hasenstein,UIAA:9+,9+,UIAA
691840899,Commandra,Sport,Austria,Ost,Peggauer Wand,G-Spot,UIAA:6+,6+,UIAA
4533955374,Hudini,Sport,Austria,Ost,Peggauer Wand,G-Spot,UIAA:8,8,UIAA
691840806,Angry Dragon,,Austria,Ost,Peggauer Wand,G-Spot,UIAA:7+,7+,UIAA
1276750797,Das rostige Saxofon,Sport,Austria,Ost,Peggauer Wand,G-Spot,{FR} 7b,7b,FR
4533955287,Atlas,,Austria,Ost,Peggauer Wand,G-Spot,UIAA:9,9,UIAA
4533955194,Buckin' Bronco,Sport,Austria,Ost,Peggauer Wand,G-Spot,UIAA:9,9,UIAA
4533955101,Space Nerds,Sport,Austria,Ost,Peggauer Wand,G-Spot,UIAA:9+/10-,9+,UIAA
1276757154,Sinbad the Sailor,Sport,Austria,Ost,Peggauer Wand,G-Spot,{FR} 6a+,6a+,FR
4533955008,Short Cake,Sport,Austria,Ost,Peggauer Wand,G-Spot,UIAA:9-,9-,UIAA
4533954915,Tea Bag,Sport,Austria,Ost,Peggauer Wand,G-Spot,UIAA:7+,7+,UIAA
5641100178,Rainbow Kiss,Sport,Austria,Ost,Peggauer Wand,G-Spot,UIAA:8-/8,8-,UIAA
1782306108,The Shocker,Sport,Austria,Ost,Peggauer Wand,G-Spot,FR:6b+,6b+,FR
4533901938,Eierbecher,,Austria,Ost,Peggauer Wand,Wandhöhle,UIAA:5+,5+,UIAA
4533901833,Weichei,Sport,Austria,Ost,Peggauer Wand,Wandhöhle,UIAA:7,7,UIAA
4533901740,Eikopf,Sport,Austria,Ost,Peggauer Wand,Wandhöhle,UIAA:8-,8-,UIAA
4533901653,Eiertanz,,Austria,Ost,Peggauer Wand,Wandhöhle,UIAA:8-/8,8-,UIAA
4533901548,Hosenscheißer Charly,Sport,Austria,Ost,Peggauer Wand,Wandhöhle,UIAA:8+,8+,UIAA
4533901455,Dirty Thirty,Sport,Austria,Ost,Peggauer Wand,Wandhöhle,UIAA:10+/11-,10+,UIAA
4533901362,Höhlenbrunzer,Sport,Austria,Ost,Peggauer Wand,Wandhöhle,UIAA:9/9+,9,UIAA
4533901269,Luis Trenker,Sport,Austria,Ost,Peggauer Wand,Wandhöhle,UIAA:8+,8+,UIAA
4533901176,Direkte Oide,Sport,Austria,Ost,Peggauer Wand,Wandhöhle,UIAA:8+/9-,8+,UIAA
4533901077,Dei Oide,Sport,Austria,Ost,Peggauer Wand,Wandhöhle,UIAA:9,9,UIAA
4533900978,John Brown hat dich lieb,Sport,Austria,Ost,Peggauer Wand,Wandhöhle,UIAA:9+,9+,UIAA
4533900879,Löng Ting,Sport,Austria,Ost,Peggauer Wand,Wandhöhle,UIAA:9-,9-,UIAA
4533900786,John Brown reitet wieder,Sport,Austria,Ost,Peggauer Wand,Wandhöhle,UIAA:9/9+,9,UIAA
4533900687,Der liebe Sohn Brown,Sport,Austria,Ost,Peggauer Wand,Wandhöhle,UIAA:9+/10-,9+,UIAA
4533900594,Ich hab dich lieb,Sport,Austria,Ost,Peggauer Wand,Wandhöhle,UIAA:9+/10-,9+,UIAA
4533900495,"Var. ""B.H.SE.We.""",Sport,Austria,Ost,Peggauer Wand,Wandhöhle,UIAA:10-,10-,UIAA
4533900402,Bruchheinzi,Sport,Austria,Ost,Peggauer Wand,Wandhöhle,UIAA:9+/10-,9+,UIAA
4533900309,Bruch Deluxe,Sport,Austria,Ost,Peggauer Wand,Wandhöhle,UIAA:8/8+,8,UIAA
4533900216,Free Tibet,Sport,Austria,Ost,Peggauer Wand,Wandhöhle,UIAA:8-,8-,UIAA
3242136024,Mandala,Sport,Austria,Ost,Peggauer Wand,Wandhöhle,FR:8a,8a,FR
3242138901,Modeselektor,Sport,Austria,Ost,Peggauer Wand,Wandhöhle,FR:8c+,8c+,FR
3242135205,Kirikou,Sport,Austria,Ost,Peggauer Wand,Wandhöhle,FR:8b,8b,FR
4533932286,Lovebox,Sport,Austria,Ost,Peggauer Wand,Lovebox,UIAA:11-,11-,UIAA
4533932193,Hands of time,Sport,Austria,Ost,Peggauer Wand,Lovebox,UIAA:10/10+,10,UIAA
4533932094,Kalahari,Sport,Austria,Ost,Peggauer Wand,Lovebox,UIAA:9,9,UIAA
4533932007,7 Brüder für 6 Frauen,Sport,Austria,Ost,Peggauer Wand,Lovebox,UIAA:9,9,UIAA
4533942081,You Spin Me Round,Sport,Austria,Ost,Peggauer Wand,Sun City,UIAA:10-,10-,UIAA
4533941988,Valencia,Sport,Austria,Ost,Peggauer Wand,Sun City,UIAA:8+/9-,8+,UIAA
4533941895,Batman Begins,Sport,Austria,Ost,Peggauer Wand,Sun City,UIAA:8+,8+,UIAA
4533941802,Kleider Bruder Watomi,Sport,Austria,Ost,Peggauer Wand,Sun City,UIAA:8-,8-,UIAA
4533941709,Holographic Huchen Hari,Sport,Austria,Ost,Peggauer Wand,Sun City,UIAA:8-,8-,UIAA
4533941616,Lebendbuffet,Sport,Austria,Ost,Peggauer Wand,Sun City,UIAA:7+/8-,7+,UIAA
4533941523,The More or the Less,Sport,Austria,Ost,Peggauer Wand,Sun City,UIAA:8/8+,8,UIAA
4533941430,Schneidmaschin',Sport,Austria,Ost,Peggauer Wand,Sun City,UIAA:9-,9-,UIAA
1782307803,Rainbow Kiss,Sport,Austria,Ost,Graz / Bruck,Peggauer Wand,FR:6c,6c,FR
2940508713,Große Luck'n-Traverse,Sport,Austria,Ost,Huatluck'n,Untere Huatluckn,UIAA:9-,9-,UIAA
2940508626,Efeurocker,Sport,Austria,Ost,Huatluck'n,Untere Huatluckn,UIAA:8+,8+,UIAA
2940508533,Krusty+Fit,Sport,Austria,Ost,Huatluck'n,Untere Huatluckn,UIAA:10+/11-,10+,UIAA
2940508446,Dübiset,Sport,Austria,Ost,Huatluck'n,Untere Huatluckn,UIAA:8-/8,8-,UIAA
2940508359,Hopsa,Sport,Austria,Ost,Huatluck'n,Untere Huatluckn,UIAA:7,7,UIAA
2940508266,Tori Amos,Sport,Austria,Ost,Huatluck'n,Untere Huatluckn,UIAA:8+/9-,8+,UIAA
2940508173,Soul fly,Sport,Austria,Ost,Huatluck'n,Untere Huatluckn,UIAA:9+/10-,9+,UIAA
2940508080,Enrico Palazzo,Sport,Austria,Ost,Huatluck'n,Untere Huatluckn,UIAA:10 - 11-,10,UIAA
2940507987,Tokmaschine,Sport,Austria,Ost,Huatluck'n,Untere Huatluckn,UIAA:10+/11-,10+,UIAA
2940507894,Machinehead,Sport,Austria,Ost,Huatluck'n,Untere Huatluckn,UIAA:10/10+,10,UIAA
2940507801,Tokamak,Sport,Austria,Ost,Huatluck'n,Untere Huatluckn,UIAA:9+/10-,9+,UIAA
2940507708,Elektronic beat lounge,Sport,Austria,Ost,Huatluck'n,Untere Huatluckn,UIAA:10-/10,10-,UIAA
2940507615,EKS,Sport,Austria,Ost,Huatluck'n,Untere Huatluckn,UIAA:9+/10-,9+,UIAA
2940507522,Schlauch bzw. Delikatessen,Sport,Austria,Ost,Huatluck'n,Untere Huatluckn,UIAA:10/10+,10,UIAA
2940507426,Schamott-Tanzmaschine,Sport,Austria,Ost,Huatluck'n,Untere Huatluckn,UIAA:9- - 9+,9-,UIAA
2940507354,Tanzmaschine mit Loch,Sport,Austria,Ost,Huatluck'n,Untere Huatluckn,UIAA:7+/8-,7+,UIAA
2940507261,Schamott,Sport,Austria,Ost,Huatluck'n,Untere Huatluckn,UIAA:8+/9-,8+,UIAA
2940507168,Shaker,Sport,Austria,Ost,Huatluck'n,Untere Huatluckn,UIAA:9/9+,9,UIAA
2940507075,Shaky-Shake,Sport,Austria,Ost,Huatluck'n,Untere Huatluckn,UIAA:9/9+,9,UIAA
2940506982,Technodancer,Sport,Austria,Ost,Huatluck'n,Untere Huatluckn,UIAA:9/9+,9,UIAA
2940506889,Im Schatten des Efeu,Sport,Austria,Ost,Huatluck'n,Untere Huatluckn,UIAA:9-,9-,UIAA
2940506796,Walker-Walker,Sport,Austria,Ost,Huatluck'n,Untere Huatluckn,UIAA:9/9+,9,UIAA
2940506709,Sidestepper,Sport,Austria,Ost,Huatluck'n,Untere Huatluckn,UIAA:7/7+,7,UIAA
2937921528,Jumbajah my Lord,Sport,Austria,Ost,Huatluck'n,Obere Huatluckn,UIAA:8/8+,8,UIAA
2937921435,Unveräußerliche Leihsteige,Sport,Austria,Ost,Huatluck'n,Obere Huatluckn,UIAA:9/9+,9,UIAA
2937921342,Spice your brain,Sport,Austria,Ost,Huatluck'n,Obere Huatluckn,UIAA:9-/9,9-,UIAA
2937921249,Grillen und Chillen,Sport,Austria,Ost,Huatluck'n,Obere Huatluckn,UIAA:10,10,UIAA
2937914316,Lets Dance,Sport,Austria,Ost,Huatluck'n,Obere Huatluckn,UIAA:8,8,UIAA
4650017466,Eulenschreck,Sport,Austria,Ost,Graz / Bruck,Kanalwandl,UIAA:9,9,UIAA
4650017379,Kanal mit Mücken,Sport,Austria,Ost,Graz / Bruck,Kanalwandl,UIAA:8,8,UIAA
4650017292,Topf im Kopf,Sport,Austria,Ost,Graz / Bruck,Kanalwandl,UIAA:8-,8-,UIAA
4650017205,Querulant,Sport,Austria,Ost,Graz / Bruck,Kanalwandl,UIAA:7+/8-,7+,UIAA
9755160261,Lanzelot,Sport,Austria,Ost,Kugelstein,Mastkopf,UIAA:7-,7-,UIAA
9755160174,Laute Tage in Clichy,Sport,Austria,Ost,Kugelstein,Mastkopf,UIAA:6-,6-,UIAA
9755160087,Kitty-Bunker,Sport,Austria,Ost,Kugelstein,Mastkopf,UIAA:5+,5+,UIAA
9755160000,Guinevre,Sport,Austria,Ost,Kugelstein,Mastkopf,UIAA:7-,7-,UIAA
9755159913,Saukalt,Sport,Austria,Ost,Kugelstein,Mastkopf,UIAA:6+,6+,UIAA
9755159826,Hexenbesen,Sport,Austria,Ost,Kugelstein,Mastkopf,UIAA:6,6,UIAA
9755159733,Die Erste hier,Sport,Austria,Ost,Kugelstein,Mastkopf,UIAA:7-,7-,UIAA
9755159640,Ennstalerweg,Sport,Austria,Ost,Kugelstein,Mastkopf,UIAA:7-,7-,UIAA
9755159547,Bine,Sport,Austria,Ost,Kugelstein,Mastkopf,UIAA:6,6,UIAA
9718826976,Kuhschellenweg,Sport,Austria,Ost,Graz / Bruck,Kugelstein,UIAA:7+,7+,UIAA
9718827063,Puritanersteig,Sport,Austria,Ost,Graz / Bruck,Kugelstein,UIAA:6+,6+,UIAA
9718826889,Darmstraße,Sport,Austria,Ost,Graz / Bruck,Kugelstein,UIAA:7,7,UIAA
9718826802,Maulwurfweg,Sport,Austria,Ost,Graz / Bruck,Kugelstein,UIAA:6+,6+,UIAA
9718826709,Proleten-Propheten-Weg,Sport,Austria,Ost,Graz / Bruck,Kugelstein,UIAA:6+,6+,UIAA
9718826622,Murweg,Sport,Austria,Ost,Graz / Bruck,Kugelstein,UIAA:6+,6+,UIAA
4659697422,Nordpfeiler,Sport,Austria,Ost,Graz / Bruck,Kugelstein,UIAA:7,7,UIAA
4659699300,Riesenüberhang,Sport,Austria,Ost,Graz / Bruck,Kugelstein,UIAA:7+,7+,UIAA
9718814391,Arewitertschi Graz,Sport,Austria,Ost,Graz / Bruck,Kugelstein,UIAA:7+,7+,UIAA
9718814304,Eumelweg,Sport,Austria,Ost,Graz / Bruck,Kugelstein,UIAA:7,7,UIAA
9718814217,2 Steps,Sport,Austria,Ost,Graz / Bruck,Kugelstein,UIAA:6,6,UIAA
9718814130,Trockeneis,Sport,Austria,Ost,Graz / Bruck,Kugelstein,UIAA:5,5,UIAA
9651886527,Abkürzer,Sport,Austria,Ost,Graz / Bruck,Kugelstein,UIAA:7-,7-,UIAA
6353318076,Blätterteig,,Austria,Ost,Graz / Bruck,Kugelstein,UIAA:6,6,UIAA
4659648855,Verbindung,Sport,Austria,Ost,Graz / Bruck,Kugelstein,UIAA:6-,6-,UIAA
4659644475,Promenade,Sport,Austria,Ost,Graz / Bruck,Kugelstein,UIAA:4,4,UIAA
6353347833,Z,Sport,Austria,Ost,Graz / Bruck,Kugelstein,UIAA:6-,6-,UIAA
4659688236,Ostwand,Sport,Austria,Ost,Graz / Bruck,Kugelstein,UIAA:8-/8,8-,UIAA
9755145171,Müllschlucker,Sport,Austria,Ost,Kugelstein,Kugelstein-Basis,UIAA:8-,8-,UIAA
9755145078,Superschluck,Sport,Austria,Ost,Kugelstein,Kugelstein-Basis,UIAA:8,8,UIAA
9755144985,LSD,Sport,Austria,Ost,Kugelstein,Kugelstein-Basis,UIAA:7,7,UIAA
9755144892,Österzola,Sport,Austria,Ost,Kugelstein,Kugelstein-Basis,UIAA:8,8,UIAA
9755144799,French Connection,Sport,Austria,Ost,Kugelstein,Kugelstein-Basis,UIAA:8+,8+,UIAA
9755144706,Insekt Infekt,Sport,Austria,Ost,Kugelstein,Kugelstein-Basis,UIAA:9/9+,9,UIAA
9755144613,Graf Humphrey von Ubyjuby,Sport,Austria,Ost,Kugelstein,Kugelstein-Basis,UIAA:9-,9-,UIAA
9755144520,Dornröschen,Sport,Austria,Ost,Kugelstein,Kugelstein-Basis,UIAA:7-,7-,UIAA
9755144415,Austria Draht,Sport,Austria,Ost,Kugelstein,Kugelstein-Basis,UIAA:8+/9-,8+,UIAA
9755144322,Hrdlidschka,Sport,Austria,Ost,Kugelstein,Kugelstein-Basis,UIAA:9,9,UIAA
9755144235,Autobahnrudi,,Austria,Ost,Kugelstein,Kugelstein-Basis,UIAA:9/9+,9,UIAA
9755144142,Pineculata,Sport,Austria,Ost,Kugelstein,Kugelstein-Basis,UIAA:9,9,UIAA
9755144049,Caesium,Sport,Austria,Ost,Kugelstein,Kugelstein-Basis,UIAA:6+,6+,UIAA
4659688149,Weißer Streifen,Sport,Austria,Ost,Graz / Bruck,Kugelstein,UIAA:8,8,UIAA
4659688062,Lion,Sport,Austria,Ost,Graz / Bruck,Kugelstein,UIAA:8-,8-,UIAA
4659669816,Girandolenweg,Sport,Austria,Ost,Graz / Bruck,Kugelstein,UIAA:7-,7-,UIAA
4659687969,Tausendsassa,Sport,Austria,Ost,Graz / Bruck,Kugelstein,UIAA:7+,7+,UIAA
4659687870,Schanigarten,Sport,Austria,Ost,Graz / Bruck,Kugelstein,UIAA:7,7,UIAA
768410712,Ameisenriss,Sport,Austria,Ost,Graz / Bruck,Kugelstein,UIAA:5+,5+,UIAA
4659635787,Steirerkas,Sport,Austria,Ost,Kugelstein,Schwarze Platte,UIAA:7,7,UIAA
4659635694,Voyage Noir,Sport,Austria,Ost,Kugelstein,Schwarze Platte,UIAA:7-,7-,UIAA
4659635601,Schlangerl,Sport,Austria,Ost,Kugelstein,Schwarze Platte,UIAA:6+,6+,UIAA
4659635508,Maibäumchen,Sport,Austria,Ost,Kugelstein,Schwarze Platte,UIAA:7,7,UIAA
884366136,Henkelgalerie,Sport,Austria,Ost,Graz / Bruck,Kugelstein,UIAA:5+,5+,UIAA
4659024324,Gemüsekante,Sport,Austria,Ost,Graz / Bruck,Kugelstein,UIAA:6+,6+,UIAA
4659020313,Salatplatte,Sport,Austria,Ost,Graz / Bruck,Kugelstein,UIAA:5+,5+,UIAA
4659017520,Father and Son,Sport,Austria,Ost,Graz / Bruck,Kugelstein,UIAA:6,6,UIAA
4659015282,Scarlet's Himmelfahrt,Sport,Austria,Ost,Graz / Bruck,Kugelstein,UIAA:4+,4+,UIAA
4659012936,Nix für Hampler,Sport,Austria,Ost,Graz / Bruck,Kugelstein,UIAA:5,5,UIAA
4497387297,Happy Birthday,Sport,Austria,Ost,Graz / Bruck,Badlwand,UIAA:6+,6+,UIAA
4497387210,Oststeirischer Bröselkuchen,Sport,Austria,Ost,Graz / Bruck,Badlwand,UIAA:9-,9-,UIAA
4497387123,Heidensterz gibt Steirerkraft,Sport,Austria,Ost,Graz / Bruck,Badlwand,UIAA:8+/9-,8+,UIAA
4497387036,Anno dazumal,Sport,Austria,Ost,Graz / Bruck,Badlwand,UIAA:8-/8,8-,UIAA
4497386949,Fire in my Neighbourhood,Sport,Austria,Ost,Graz / Bruck,Badlwand,UIAA:9,9,UIAA
4497386862,The End of Season,Sport,Austria,Ost,Graz / Bruck,Badlwand,UIAA:9+/10-,9+,UIAA
4497386775,Die Vielgeliebte,Sport,Austria,Ost,Graz / Bruck,Badlwand,UIAA:9-,9-,UIAA
4497386688,Al Bundy,Sport,Austria,Ost,Graz / Bruck,Badlwand,UIAA:9/9+,9,UIAA
4497386601,Die Schlacht der ungezählten Tränen,Sport,Austria,Ost,Graz / Bruck,Badlwand,UIAA:9+,9+,UIAA
4497386514,Urinprobe,Sport,Austria,Ost,Graz / Bruck,Badlwand,UIAA:8+/9-,8+,UIAA
4497386427,Dumpfbacke,Sport,Austria,Ost,Graz / Bruck,Badlwand,UIAA:9-,9-,UIAA
4497386334,Ö-Norm,Sport,Austria,Ost,Graz / Bruck,Badlwand,UIAA:8/8+,8,UIAA
4497386247,ISO 9000,Sport,Austria,Ost,Graz / Bruck,Badlwand,UIAA:8+,8+,UIAA
4497386160,Snoopy's Alptraum,Sport,Austria,Ost,Graz / Bruck,Badlwand,UIAA:7/7+,7,UIAA
4497386067,Snoopy,Sport,Austria,Ost,Graz / Bruck,Badlwand,UIAA:6-,6-,UIAA
4497385980,Garfield,Sport,Austria,Ost,Graz / Bruck,Badlwand,UIAA:6,6,UIAA
4497375159,NN4,Sport,Austria,Ost,Graz / Bruck,Badlwand,UIAA:8-/8,8-,UIAA
4497375072,NN3,Sport,Austria,Ost,Graz / Bruck,Badlwand,UIAA:7+/8-,7+,UIAA
4497374979,Gleiten statt hetzen,Sport,Austria,Ost,Graz / Bruck,Badlwand,UIAA:7-,7-,UIAA
4497374892,Magic Life,Sport,Austria,Ost,Graz / Bruck,Badlwand,UIAA:6+/7-,6+,UIAA
4497374805,NN2,Sport,Austria,Ost,Graz / Bruck,Badlwand,UIAA:7/7+,7,UIAA
4497374718,Rokoko,Sport,Austria,Ost,Graz / Bruck,Badlwand,UIAA:7,7,UIAA
4497374631,Goldfinger,Sport,Austria,Ost,Graz / Bruck,Badlwand,UIAA:6,6,UIAA
4497374544,Giftmischerin,Sport,Austria,Ost,Graz / Bruck,Badlwand,UIAA:6,6,UIAA
4497355101,Popeye,Sport,Austria,Ost,Graz / Bruck,Badlwand,UIAA:7-,7-,UIAA
4497355014,Lambadl,Sport,Austria,Ost,Graz / Bruck,Badlwand,UIAA:7+/8-,7+,UIAA
4497354927,Honey bunny,Sport,Austria,Ost,Graz / Bruck,Badlwand,UIAA:7+,7+,UIAA
4497354846,Winterschlaf,Sport,Austria,Ost,Graz / Bruck,Badlwand,UIAA:7+/8-,7+,UIAA
4497354759,Der ganz normale Wahnsinn,Sport,Austria,Ost,Graz / Bruck,Badlwand,UIAA:8/8+,8,UIAA
4497354672,Die Rechte,Sport,Austria,Ost,Graz / Bruck,Badlwand,UIAA:9-/9,9-,UIAA
698177442,Fernwanderweg,Sport,Austria,Ost,Graz / Bruck,Badlwand,UIAA:7+,7+,UIAA
4497354585,Super Zajeda,Sport,Austria,Ost,Graz / Bruck,Badlwand,UIAA:9-/9,9-,UIAA
4497354498,Var. zu Super Zajeda,Sport,Austria,Ost,Graz / Bruck,Badlwand,UIAA:9,9,UIAA
4497354411,Kathy,Sport,Austria,Ost,Graz / Bruck,Badlwand,UIAA:9-,9-,UIAA
4497354324,Sticky finger,Sport,Austria,Ost,Graz / Bruck,Badlwand,UIAA:9-/9,9-,UIAA
4497354237,Lichtblick,Sport,Austria,Ost,Graz / Bruck,Badlwand,UIAA:8+/9-,8+,UIAA
4497354150,OM,Sport,Austria,Ost,Graz / Bruck,Badlwand,UIAA:8+,8+,UIAA
4497354063,Abendrot,Sport,Austria,Ost,Graz / Bruck,Badlwand,UIAA:8-,8-,UIAA
4497353976,Sprengmeister,Sport,Austria,Ost,Graz / Bruck,Badlwand,UIAA:7+/8-,7+,UIAA
4497353889,Meschugge,Sport,Austria,Ost,Graz / Bruck,Badlwand,UIAA:8-,8-,UIAA
4497353802,Hole in one,Sport,Austria,Ost,Graz / Bruck,Badlwand,UIAA:8+,8+,UIAA
4497353715,Maseltov,Sport,Austria,Ost,Graz / Bruck,Badlwand,UIAA:8-/8,8-,UIAA
4497353628,Diaphoretikum,Sport,Austria,Ost,Graz / Bruck,Badlwand,UIAA:7,7,UIAA
4497353541,Aphrodisiakum,Sport,Austria,Ost,Graz / Bruck,Badlwand,UIAA:7-,7-,UIAA
4497326061,Pink Panther,Sport,Austria,Ost,Graz / Bruck,Badlwand,UIAA:6+,6+,UIAA
4497325974,Täglich grüßt das Murmeltier,Sport,Austria,Ost,Graz / Bruck,Badlwand,UIAA:6+,6+,UIAA
4497325887,Strada del sole,Sport,Austria,Ost,Graz / Bruck,Badlwand,UIAA:7-,7-,UIAA
4497325800,Lückenbüßer,Sport,Austria,Ost,Graz / Bruck,Badlwand,UIAA:6,6,UIAA
4497325713,Stradivadi,Sport,Austria,Ost,Graz / Bruck,Badlwand,UIAA:6-,6-,UIAA
4497325626,Piccolo,Sport,Austria,Ost,Graz / Bruck,Badlwand,UIAA:6-,6-,UIAA
4497325539,Klettern verboten,Sport,Austria,Ost,Graz / Bruck,Badlwand,UIAA:6,6,UIAA
4497325452,Anni,Sport,Austria,Ost,Graz / Bruck,Badlwand,UIAA:6,6,UIAA
4497325365,After eight,Sport,Austria,Ost,Graz / Bruck,Badlwand,UIAA:6,6,UIAA
4497325278,Diana,Sport,Austria,Ost,Graz / Bruck,Badlwand,UIAA:6-,6-,UIAA
4497325191,Black power,Sport,Austria,Ost,Graz / Bruck,Badlwand,UIAA:7-,7-,UIAA
4497325104,Ten,Sport,Austria,Ost,Graz / Bruck,Badlwand,UIAA:6+,6+,UIAA
691658289,ZV,Sport,Austria,Ost,Graz / Bruck,Badlwand,UIAA:6+,6+,UIAA
4497325017,Vergißmeinnicht,Sport,Austria,Ost,Graz / Bruck,Badlwand,UIAA:7-,7-,UIAA
691657620,Dino,Sport,Austria,Ost,Graz / Bruck,Badlwand,UIAA:6,6,UIAA
4497324930,NN,Sport,Austria,Ost,Graz / Bruck,Badlwand,UIAA:7+/8-,7+,UIAA
4497324843,Schneespur,Sport,Austria,Ost,Graz / Bruck,Badlwand,UIAA:7+,7+,UIAA
4497324756,Mörderbiene,Sport,Austria,Ost,Graz / Bruck,Badlwand,UIAA:7+,7+,UIAA
4497324669,Sommermade,Sport,Austria,Ost,Graz / Bruck,Badlwand,UIAA:7,7,UIAA
4497324582,Herbstsonate,Sport,Austria,Ost,Graz / Bruck,Badlwand,UIAA:8-,8-,UIAA
4497324495,Stehbuffet,Sport,Austria,Ost,Graz / Bruck,Badlwand,UIAA:7,7,UIAA
4497324408,Steine auf den Mond werfen,Sport,Austria,Ost,Graz / Bruck,Badlwand,UIAA:7+,7+,UIAA
4497324321,Wei Wu,Sport,Austria,Ost,Graz / Bruck,Badlwand,UIAA:8-,8-,UIAA
4497324234,Schneesturm,Sport,Austria,Ost,Graz / Bruck,Badlwand,UIAA:7+,7+,UIAA
4497324147,Kapitänsweg,Sport,Austria,Ost,Graz / Bruck,Badlwand,UIAA:7+,7+,UIAA
4497324060,NN,Sport,Austria,Ost,Graz / Bruck,Badlwand,UIAA:8,8,UIAA
4497323973,NN,Sport,Austria,Ost,Graz / Bruck,Badlwand,UIAA:7+/8-,7+,UIAA
4801440615,Udo Knaller,,Austria,Ost,Graz / Bruck,Waldstein,{FB} 6C,6C,FB
4801440534,Aufwärmtraverse,,Austria,Ost,Graz / Bruck,Waldstein,{FB} 6C+,6C+,FB
4801440453,Aufwärmer,,Austria,Ost,Graz / Bruck,Waldstein,{FB} 7A,7A,FB
4801440372,Infraspinatus,,Austria,Ost,Graz / Bruck,Waldstein,{FB} 7C,7C,FB
4801440291,Thunderbullet,Boulder,Austria,Ost,Graz / Bruck,Waldstein,{FB} 7C+,7C+,FB
4801440210,Blattspinatus,Boulder,Austria,Ost,Graz / Bruck,Waldstein,{FB} 7C+,7C+,FB
4801440129,Peter Strom,Boulder,Austria,Ost,Graz / Bruck,Waldstein,{FB} 8A,8A,FB
4799421438,Rechts vom Waldgeist,Sport,Austria,Ost,Graz / Bruck,Waldstein,{FR} 7a,7a,FR
4799420241,Waldgeist,Sport,Austria,Ost,Graz / Bruck,Waldstein,{FR} 8a+,8a+,FR
9648232923,Sommerwind 5,Sport,Austria,Ost,Graz / Bruck,Hochlantsch,UIAA:5,5,UIAA
3326503266,Schneesturm,Sport,Austria,Ost,Graz / Bruck,Hochlantsch,UIAA:5,5,UIAA
3326503185,Stopperrinne,Sport,Austria,Ost,Graz / Bruck,Hochlantsch,UIAA:4+,4+,UIAA
3326503104,Riebenriss,Sport,Austria,Ost,Graz / Bruck,Hochlantsch,UIAA:4,4,UIAA
3326503023,Franz und Güntherweg,Sport,Austria,Ost,Graz / Bruck,Hochlantsch,UIAA:5+,5+,UIAA
3326499471,Weg für Jung und Alt,Sport,Austria,Ost,Graz / Bruck,Hochlantsch,UIAA:7-,7-,UIAA
3326497593,Westgrat,Sport,Austria,Ost,Graz / Bruck,Hochlantsch,UIAA:4+,4+,UIAA
5936565513,Abendsonne,Sport,Austria,Ost,Graz / Bruck,Hochlantsch,UIAA:7/7+,7,UIAA
3326495919,Breitenauerweg,Sport,Austria,Ost,Graz / Bruck,Hochlantsch,UIAA:7+,7+,UIAA
3326492202,Nordgrat,Sport,Austria,Ost,Graz / Bruck,Hochlantsch,UIAA:4,4,UIAA
3326487099,Panoramaweg,Mixed trad,Austria,Ost,Graz / Bruck,Hochlantsch,UIAA:5+,5+,UIAA
3326484897,Lärchenpark,Sport,Austria,Ost,Graz / Bruck,Hochlantsch,UIAA:5,5,UIAA
3064920927,Südrampe,Sport,Austria,Ost,Mixnitz,Schwaigerkamm,UIAA:7,7,UIAA
3064920840,Cerberus,Sport,Austria,Ost,Mixnitz,Schwaigerkamm,UIAA:8,8,UIAA
4539690942,Broken blossom,Sport,Austria,Ost,Arena,Marterlturm,UIAA:8+,8+,UIAA
4539690849,Einstein on the beach,Sport,Austria,Ost,Arena,Marterlturm,UIAA:9+,9+,UIAA
4539690756,Tarantella,Sport,Austria,Ost,Arena,Marterlturm,UIAA:7+,7+,UIAA
4539690663,Bonjour tristesse,Sport,Austria,Ost,Arena,Marterlturm,UIAA:8+,8+,UIAA
5936798550,No name,Sport,Austria,Ost,Arena,Bachwand,UIAA:10+,10+,UIAA
5936798451,Closing Time,Sport,Austria,Ost,Arena,Bachwand,UIAA:11-,11-,UIAA
4539927915,"Nimm das, Bastard",Sport,Austria,Ost,Arena,Bachwand,UIAA:9-,9-,UIAA
4539927822,Kurz,Sport,Austria,Ost,Arena,Hintere Arena,UIAA:8-/8,8-,UIAA
4539927729,Bündig,Sport,Austria,Ost,Arena,Hintere Arena,UIAA:8/8+,8,UIAA
4539927642,Maximus,Sport,Austria,Ost,Arena,Hintere Arena,UIAA:10+/11-,10+,UIAA
4539927555,Burn OUT,Sport,Austria,Ost,Arena,Hintere Arena,UIAA:9,9,UIAA
4539927462,Kiwi,Sport,Austria,Ost,Arena,Hintere Arena,UIAA:6+,6+,UIAA
4539927375,Misfits,Sport,Austria,Ost,Arena,Hintere Arena,UIAA:8+/9-,8+,UIAA
4539927282,INRI,Sport,Austria,Ost,Arena,Hintere Arena,UIAA:9,9,UIAA
4539927189,Sieger sehen anders aus,Sport,Austria,Ost,Arena,Hintere Arena,UIAA:9+/10-,9+,UIAA
4539927096,Petaurus breviceps,Sport,Austria,Ost,Arena,Hintere Arena,UIAA:9/9+,9,UIAA
4539927003,Vagina diaboli,Sport,Austria,Ost,Arena,Hintere Arena,UIAA:10,10,UIAA
4539926910,Phallus dei,Sport,Austria,Ost,Arena,Hintere Arena,UIAA:10,10,UIAA
5936745288,Grottenolm,Sport,Austria,Ost,Arena,Hintere Arena,UIAA:10+,10+,UIAA
5936745183,Gringo extension,Sport,Austria,Ost,Arena,Hintere Arena,UIAA:10+,10+,UIAA
5936745078,Gringo,Sport,Austria,Ost,Arena,Hintere Arena,UIAA:10,10,UIAA
4539926823,Trainingswahn,Sport,Austria,Ost,Arena,Hintere Arena,UIAA:10-,10-,UIAA
4539926730,Down under,Sport,Austria,Ost,Arena,Hintere Arena,UIAA:9,9,UIAA
4539926643,Hobkobold,Sport,Austria,Ost,Arena,Hintere Arena,UIAA:10-,10-,UIAA
4539926550,Telemaster,Sport,Austria,Ost,Arena,Hintere Arena,UIAA:10-,10-,UIAA
4539926451,Big ugly,Sport,Austria,Ost,Arena,Hintere Arena,UIAA:9+,9+,UIAA
4539926352,Little ugly,Sport,Austria,Ost,Arena,Hintere Arena,UIAA:9-,9-,UIAA
4539926259,Sandlerkönig,Sport,Austria,Ost,Arena,Hintere Arena,UIAA:10-,10-,UIAA
4539926166,Small chance,Sport,Austria,Ost,Arena,Hintere Arena,UIAA:10+,10+,UIAA
5936720505,Bone Machine,Sport,Austria,Ost,Arena,Hintere Arena,UIAA:11-/11,11-,UIAA
4539926073,Takatuka,Sport,Austria,Ost,Arena,Hintere Arena,UIAA:8+/9-,8+,UIAA
4539925980,Big time,Sport,Austria,Ost,Arena,Hintere Arena,UIAA:10,10,UIAA
4539925887,"Es ist verdammt hart, der Beste zu sein",Sport,Austria,Ost,Arena,Hintere Arena,UIAA:9,9,UIAA
4539925800,Down syndrom,Sport,Austria,Ost,Arena,Hintere Arena,UIAA:10,10,UIAA
4539925713,SO-Riss,Sport,Austria,Ost,Arena,Hintere Arena,UIAA:8,8,UIAA
4539925620,Rain Dogs,Sport,Austria,Ost,Arena,Hintere Arena,UIAA:9+,9+,UIAA
4539925527,Joy Division,Sport,Austria,Ost,Arena,Hintere Arena,UIAA:10-/10,10-,UIAA
4539925434,Schmutzfink,Sport,Austria,Ost,Arena,Hintere Arena,UIAA:7+,7+,UIAA
4539925335,Stefanie,Sport,Austria,Ost,Arena,Hintere Arena,UIAA:8+/9-,8+,UIAA
691648101,Kinder an die Macht,Sport,Austria,Ost,Arena,Obere Arena,UIAA:7,7,UIAA
3246475329,Männer an die Macht,Sport,Austria,Ost,Arena,Obere Arena,UIAA:7/7+,7,UIAA
3246475236,Der Gärtner ist immer der Mörder,Sport,Austria,Ost,Arena,Obere Arena,UIAA:7+/8-,7+,UIAA
2326135734,Mollig ist schön,Sport,Austria,Ost,Arena,Obere Arena,UIAA:7,7,UIAA
691648212,Frankenjura Gedächtnisführe,Sport,Austria,Ost,Arena,Obere Arena,UIAA:6+,6+,UIAA
5936695146,Iwoassneamawiashoasst,Sport,Austria,Ost,Arena,Obere Arena,UIAA:6+,6+,UIAA
8067823056,Kojak rechte Variante,Sport,Austria,Ost,Arena,Obere Arena,UIAA:7/7+,7,UIAA
3246475140,Kojak linke Variante,Sport,Austria,Ost,Arena,Obere Arena,UIAA:8,8,UIAA
3246475020,Pinguin Cafe,Sport,Austria,Ost,Arena,Obere Arena,UIAA:7,7,UIAA
3246474933,Der kleine Gauner,Sport,Austria,Ost,Arena,Obere Arena,UIAA:7,7,UIAA
3246474846,Der große Gauner,Sport,Austria,Ost,Arena,Obere Arena,UIAA:9-/9,9-,UIAA
3246474759,A schöna Tog zum Klettern,Sport,Austria,Ost,Arena,Obere Arena,UIAA:10-,10-,UIAA
5936691372,Übersetzungsfehler,Sport,Austria,Ost,Arena,Obere Arena,UIAA:10-,10-,UIAA
3246474654,Train and terror,Sport,Austria,Ost,Arena,Obere Arena,UIAA:9+/10-,9+,UIAA
1141589817,Zeitgeist,Sport,Austria,Ost,Arena,Obere Arena,{FR} 8a,8a,FR
2326137201,Ultracool,Sport,Austria,Ost,Arena,Obere Arena,UIAA:9-,9-,UIAA
3246466857,Minimag,Sport,Austria,Ost,Arena,Obere Arena,UIAA:6+/7-,6+,UIAA
4539622860,Kurze Übung,Sport,Austria,Ost,Arena,Vordere Arena,UIAA:6/6+,6,UIAA
4539622767,Carefree,Sport,Austria,Ost,Arena,Vordere Arena,UIAA:8+,8+,UIAA
4539622674,Jumping Kermit,Sport,Austria,Ost,Arena,Vordere Arena,UIAA:9+/10-,9+,UIAA
4539622509,Leinenzwang,Sport,Austria,Ost,Arena,Vordere Arena,UIAA:9-/9,9-,UIAA
691647978,Kabauz,Sport,Austria,Ost,Arena,Vordere Arena,UIAA:7,7,UIAA
4539622410,Krimmers imaginary whiskybottle,Sport,Austria,Ost,Arena,Vordere Arena,UIAA:8-/8,8-,UIAA
4539622305,Alles Gute,Sport,Austria,Ost,Arena,Vordere Arena,UIAA:7-,7-,UIAA
4539622206,Lass dich überaschen,Sport,Austria,Ost,Arena,Vordere Arena,UIAA:8+,8+,UIAA
4539622107,Gewußt wie,Sport,Austria,Ost,Arena,Vordere Arena,UIAA:8+,8+,UIAA
4539622008,Geh aufs Ganze,Sport,Austria,Ost,Arena,Vordere Arena,UIAA:8+/9-,8+,UIAA
4539621915,Montag 18 Uhr,Sport,Austria,Ost,Arena,Vordere Arena,UIAA:7-,7-,UIAA
4539621822,Kathy,Sport,Austria,Ost,Arena,Vordere Arena,UIAA:7,7,UIAA
4539621723,Aus dem Leben eines Taugenichts,Sport,Austria,Ost,Arena,Vordere Arena,UIAA:8,8,UIAA
4539621630,Tango nocturno,Sport,Austria,Ost,Arena,Vordere Arena,UIAA:8+,8+,UIAA
4539621537,Happy mac banane,Sport,Austria,Ost,Arena,Vordere Arena,UIAA:8+/9-,8+,UIAA
4539621444,Juppy's dream,Sport,Austria,Ost,Arena,Vordere Arena,UIAA:9,9,UIAA
4539621351,Greenpeace,Sport,Austria,Ost,Arena,Vordere Arena,UIAA:8+/9-,8+,UIAA
4539621258,Verlängerung,Sport,Austria,Ost,Arena,Vordere Arena,UIAA:8+,8+,UIAA
4539621165,K wie Kult,Sport,Austria,Ost,Arena,Vordere Arena,UIAA:8+,8+,UIAA
4539621072,Nussenklopfer,Sport,Austria,Ost,Arena,Vordere Arena,UIAA:9+,9+,UIAA
4539620985,Kombination,Sport,Austria,Ost,Arena,Vordere Arena,UIAA:7+,7+,UIAA
691647882,The big easy,Sport,Austria,Ost,Arena,Vordere Arena,UIAA:6+,6+,UIAA
4539620892,Pump up,Sport,Austria,Ost,Arena,Vordere Arena,UIAA:9-/9,9-,UIAA
4539620799,Mord ist mein Hobby,Sport,Austria,Ost,Arena,Vordere Arena,UIAA:8-,8-,UIAA
4539620706,Sag niemals nie,Sport,Austria,Ost,Arena,Vordere Arena,UIAA:8+/9-,8+,UIAA
4539620613,Siebenschläfer,Sport,Austria,Ost,Arena,Vordere Arena,UIAA:9,9,UIAA
4539620520,Blickfang,Sport,Austria,Ost,Arena,Vordere Arena,UIAA:8+/9-,8+,UIAA
4539620427,Schas im Wald,Sport,Austria,Ost,Arena,Vordere Arena,UIAA:8-/8,8-,UIAA
5945708811,Engage!,Sport,Austria,Ost,Kolosseum,ENGAGE,UIAA:9,9,UIAA
5945708616,Motorbreath,Sport,Austria,Ost,Kolosseum,ENGAGE,UIAA:6+,6+,UIAA
5945708511,Fabulicions,Sport,Austria,Ost,Kolosseum,ENGAGE,UIAA:7+,7+,UIAA
5945695758,Stigma,Sport,Austria,Ost,Kolosseum,STYLER,UIAA:9+/10-,9+,UIAA
5945695383,No Remorse,Sport,Austria,Ost,Kolosseum,STYLER,UIAA:9,9,UIAA
5945695284,Yolo-Diagonale,Sport,Austria,Ost,Kolosseum,STYLER,UIAA:7,7,UIAA
5945695173,Tutti Frutti,Sport,Austria,Ost,Kolosseum,STYLER,UIAA:6,6,UIAA
5945695068,Jenny,Sport,Austria,Ost,Kolosseum,STYLER,UIAA:7+,7+,UIAA
5945694969,Küss die Hand schöne Frau,Sport,Austria,Ost,Kolosseum,STYLER,UIAA:7+,7+,UIAA
5945687460,Balu der Bär,Sport,Austria,Ost,Burgstall,Weissenstein,UIAA:7/7+,7,UIAA
5945687367,Alles oder nichts,Sport,Austria,Ost,Burgstall,Weissenstein,UIAA:8,8,UIAA
5945687274,Heudach,Sport,Austria,Ost,Burgstall,Weissenstein,UIAA:8-,8-,UIAA
5945687181,By fair means,Sport,Austria,Ost,Burgstall,Weissenstein,UIAA:8,8,UIAA
5945687088,Zwangsneurose,Sport,Austria,Ost,Burgstall,Weissenstein,UIAA:7+,7+,UIAA
5945674587,First Blood,Sport,Austria,Ost,Burgstall,Nordwest,UIAA:8/8+,8,UIAA
5945674488,Ausweichmanöver,Sport,Austria,Ost,Burgstall,Nordwest,UIAA:8+,8+,UIAA
5945674389,Der totale Kartoffelwahnsinn,Sport,Austria,Ost,Burgstall,Nordwest,UIAA:8,8,UIAA
5945674290,Quotenpiefke trifft Alpenbullen,Sport,Austria,Ost,Burgstall,Nordwest,UIAA:8+/9-,8+,UIAA
5945674191,Skyhook,Sport,Austria,Ost,Burgstall,Nordwest,UIAA:9-,9-,UIAA
5945674092,Solid 7a,Sport,Austria,Ost,Burgstall,Nordwest,UIAA:6+,6+,UIAA
5945673795,Aprilscherz,Sport,Austria,Ost,Burgstall,Nordwest,UIAA:7-,7-,UIAA
5945673993,Schifkowitz und Donnerblitz,Sport,Austria,Ost,Burgstall,Nordwest,UIAA:9,9,UIAA
5945673894,Weltraumpräsident Superstar McHammergeil,Sport,Austria,Ost,Burgstall,Nordwest,UIAA:9-/9,9-,UIAA
5945503446,Steinzeit,Sport,Austria,Ost,Burgstall,Rechte Südwand,UIAA:5,5,UIAA
5945503347,Würgtrutz,Sport,Austria,Ost,Burgstall,Rechte Südwand,UIAA:5,5,UIAA
5945503248,Vorsprung durch Technik,Sport,Austria,Ost,Burgstall,Rechte Südwand,UIAA:8,8,UIAA
5945643282,Mehlwurm,Sport,Austria,Ost,Burgstall,Rechte Südwand,UIAA:5,5,UIAA
3064914195,Rissreise,Sport,Austria,Ost,Burgstall,Rechte Südwand,UIAA:8,8,UIAA
3064914108,Wie hast sie?,Sport,Austria,Ost,Burgstall,Rechte Südwand,UIAA:8-,8-,UIAA
5945643168,Jägermeister,Sport,Austria,Ost,Burgstall,Rechte Südwand,UIAA:7+,7+,UIAA
5945643063,Schnitzltag,Sport,Austria,Ost,Burgstall,Rechte Südwand,UIAA:8-,8-,UIAA
3064914009,Ostkante,Sport,Austria,Ost,Burgstall,Rechte Südwand,UIAA:6+,6+,UIAA
5945642949,Nachtexpress,Sport,Austria,Ost,Burgstall,Rechte Südwand,UIAA:7-,7-,UIAA
5945642850,Gösser spezial,Sport,Austria,Ost,Burgstall,Rechte Südwand,UIAA:7,7,UIAA
3064913922,Steile Minna,Sport,Austria,Ost,Burgstall,Rechte Südwand,UIAA:7,7,UIAA
5945642745,Endless Summer,Sport,Austria,Ost,Burgstall,Rechte Südwand,UIAA:8-,8-,UIAA
3064913835,Morgenstern,Sport,Austria,Ost,Burgstall,Rechte Südwand,UIAA:7+,7+,UIAA
5945642646,Lichtblick,Sport,Austria,Ost,Burgstall,Rechte Südwand,UIAA:7+,7+,UIAA
3064897746,Burgstallritter,Sport,Austria,Ost,Burgstall,Rechte Südwand,UIAA:7,7,UIAA
5945642547,Löwenkopf,Sport,Austria,Ost,Burgstall,Rechte Südwand,UIAA:8,8,UIAA
5945642448,Spätfrost,Sport,Austria,Ost,Burgstall,Rechte Südwand,UIAA:8-,8-,UIAA
5945503149,Windmühlen? Zum Angriff!,Sport,Austria,Ost,Burgstall,Rechte Südwand,UIAA:6+,6+,UIAA
3064897284,Samtpfötchen,Sport,Austria,Ost,Burgstall,Linke Südwand,UIAA:9,9,UIAA
5945503050,Beduine,Sport,Austria,Ost,Burgstall,Linke Südwand,UIAA:8,8,UIAA
3064897110,Pfeffermauer,Sport,Austria,Ost,Burgstall,Linke Südwand,UIAA:7+,7+,UIAA
9752666502,Gamsleitn,Sport,Austria,Ost,Burgstall,Linke Südwand,UIAA:8-,8-,UIAA
5945502951,Brexit,Sport,Austria,Ost,Burgstall,Linke Südwand,UIAA:8-,8-,UIAA
5945502852,Ibiza,Sport,Austria,Ost,Burgstall,Linke Südwand,UIAA:8,8,UIAA
3064897197,Meine ersten Bohrversuche,Sport,Austria,Ost,Burgstall,Linke Südwand,UIAA:8-/8,8-,UIAA
5945502747,Flossen hoch,Sport,Austria,Ost,Burgstall,Linke Südwand,UIAA:7+,7+,UIAA
3064897023,Tingeltangel,Sport,Austria,Ost,Burgstall,Linke Südwand,UIAA:8-,8-,UIAA
5945502621,Tutto Gas,Sport,Austria,Ost,Burgstall,Linke Südwand,UIAA:8+,8+,UIAA
3064896924,Drachentöter,Sport,Austria,Ost,Burgstall,Linke Südwand,UIAA:7,7,UIAA
5945428749,"Die Kunst, ein Doppelseil zu entwirren",Sport,Austria,Ost,Burgstall,Folterkammer,UIAA:8-,8-,UIAA
5945428650,Reaktion Indirekt,Sport,Austria,Ost,Burgstall,Folterkammer,UIAA:8+/9-,8+,UIAA
5945428551,Weil ich hart bin,Sport,Austria,Ost,Burgstall,Folterkammer,UIAA:10-,10-,UIAA
5945428440,Quarantäne,Sport,Austria,Ost,Burgstall,Folterkammer,UIAA:7+,7+,UIAA
5945428335,KoKaKurz,Sport,Austria,Ost,Burgstall,Folterkammer,UIAA:8-,8-,UIAA
3064882002,Folterkammer,Sport,Austria,Ost,Burgstall,Folterkammer,UIAA:7+,7+,UIAA
5945428230,Balu,Sport,Austria,Ost,Burgstall,Folterkammer,UIAA:7+,7+,UIAA
5945428125,Schawa neu,Sport,Austria,Ost,Burgstall,Folterkammer,UIAA:8-,8-,UIAA
3064914282,Schawapfeiler,Sport,Austria,Ost,Burgstall,Folterkammer,UIAA:8-,8-,UIAA
5945428026,Zufallstour,Sport,Austria,Ost,Burgstall,Folterkammer,UIAA:5+,5+,UIAA
3064881915,Quasimodo,Sport,Austria,Ost,Burgstall,Folterkammer,UIAA:8/8+,8,UIAA
3064881828,Bitterer Lotos,Sport,Austria,Ost,Burgstall,Folterkammer,UIAA:7+,7+,UIAA
3064880457,Hollywood,Sport,Austria,Ost,Burgstall,Folterkammer,UIAA:7+,7+,UIAA
3066232083,Grastöter-Diagonale,Sport,Austria,Ost,Rampenwulst,Westwand,UIAA:5-,5-,UIAA
9718622274,Der Leukozyt,Sport,Austria,Ost,Rampenwulst,Westwand,UIAA:8,8,UIAA
9718622172,Der Monozyt,Sport,Austria,Ost,Rampenwulst,Westwand,UIAA:7,7,UIAA
9718622067,Katharsis,Sport,Austria,Ost,Rampenwulst,Westwand,UIAA:9-,9-,UIAA
9718621962,Synergie,Sport,Austria,Ost,Rampenwulst,Westwand,UIAA:8+/9-,8+,UIAA
9718621851,Abstellgleis,Sport,Austria,Ost,Rampenwulst,Westwand,UIAA:7+,7+,UIAA
9718621752,Bahnstrecke,Sport,Austria,Ost,Rampenwulst,Westwand,UIAA:6,6,UIAA
3066231996,Roter Kamin,Sport,Austria,Ost,Rampenwulst,Westwand,UIAA:5+,5+,UIAA
3066231909,Imladris,Sport,Austria,Ost,Rampenwulst,Westwand,UIAA:8+/9-,8+,UIAA
3066231822,Terra Fantastica,Sport,Austria,Ost,Rampenwulst,Westwand,UIAA:8+,8+,UIAA
3066228372,"Die Kunst, ein Motorrad zu warten",Sport,Austria,Ost,Rampenwulst,Westwand,UIAA:9-,9-,UIAA
9718622367,Dickschädlat,Sport,Austria,Ost,Rampenwulst,Westwand,UIAA:7-/7,7-,UIAA
3066224661,Tanz mit mir,Sport,Austria,Ost,Rampenwulst,Harte Platte,UIAA:7+,7+,UIAA
3066224574,Göttliche Komödie,Sport,Austria,Ost,Rampenwulst,Harte Platte,UIAA:7+/8-,7+,UIAA
3066224487,Weg der Unruhe,Sport,Austria,Ost,Rampenwulst,Harte Platte,UIAA:8,8,UIAA
3066224400,Alles ist möglich,Sport,Austria,Ost,Rampenwulst,Harte Platte,UIAA:8+,8+,UIAA
3066217767,Kleiner Springinsfeld,Sport,Austria,Ost,Rampenwulst,Rampenwulst Nordseite,UIAA:7+,7+,UIAA
3066217680,Viesion Quest,Sport,Austria,Ost,Rampenwulst,Rampenwulst Nordseite,UIAA:9-/9,9-,UIAA
3066217593,Wilde Hilde,Sport,Austria,Ost,Rampenwulst,Rampenwulst Nordseite,UIAA:7,7,UIAA
3066217506,Crack a Bambam,Sport,Austria,Ost,Rampenwulst,Rampenwulst Nordseite,UIAA:7-,7-,UIAA
3066217419,Pocahontas,Sport,Austria,Ost,Rampenwulst,Rampenwulst Nordseite,UIAA:7/7+,7,UIAA
3066217332,Oaschloch,Sport,Austria,Ost,Rampenwulst,Rampenwulst Nordseite,UIAA:7,7,UIAA
3066217245,Weniger Flechten in der Rechten,Sport,Austria,Ost,Rampenwulst,Rampenwulst Nordseite,UIAA:7+/8-,7+,UIAA
3066217158,Mehr Rechte für die Flechte,Sport,Austria,Ost,Rampenwulst,Rampenwulst Nordseite,UIAA:7+,7+,UIAA
3066217071,Lang mi net o,Sport,Austria,Ost,Rampenwulst,Rampenwulst Nordseite,UIAA:6+,6+,UIAA
3066216984,Burschi Leitner Gedenkführe,Sport,Austria,Ost,Rampenwulst,Rampenwulst Nordseite,UIAA:7/7+,7,UIAA
3066216897,i-Tipferl,Sport,Austria,Ost,Rampenwulst,Rampenwulst Nordseite,UIAA:7+,7+,UIAA
3066189000,Niko,Sport,Austria,Ost,Mixnitz,Fingerhüat,UIAA:7,7,UIAA
3066188919,Schöne Wilde,Sport,Austria,Ost,Mixnitz,Fingerhüat,UIAA:8+,8+,UIAA
3066188772,Fingerhuat,Sport,Austria,Ost,Mixnitz,Fingerhüat,UIAA:8+/9-,8+,UIAA
3066188664,Hasenherz,Sport,Austria,Ost,Mixnitz,Fingerhüat,UIAA:8-,8-,UIAA
3066188541,Flatterherz,Sport,Austria,Ost,Mixnitz,Fingerhüat,UIAA:8/8+,8,UIAA
3066188418,Löwenherz,Sport,Austria,Ost,Mixnitz,Fingerhüat,UIAA:8,8,UIAA
3066188295,Moran,Sport,Austria,Ost,Mixnitz,Fingerhüat,UIAA:6+,6+,UIAA
3066188178,Ois isi,Sport,Austria,Ost,Mixnitz,Fingerhüat,UIAA:4+,4+,UIAA
9718529181,Che diaus vos bensignas,Sport,Austria,Ost,Nadelspitz,Ostseite,UIAA:9,9,UIAA
9718529088,Void,Sport,Austria,Ost,Nadelspitz,Ostseite,UIAA:8+,8+,UIAA
3066069765,Galadriel,Sport,Austria,Ost,Nadelspitz,Ostseite,UIAA:6+/7-,6+,UIAA
9718528989,Schlangenzunge,Sport,Austria,Ost,Nadelspitz,Ostseite,UIAA:8/8+,8,UIAA
3066069633,Gandalf,Sport,Austria,Ost,Nadelspitz,Ostseite,UIAA:8,8,UIAA
3066045153,Frodo,Sport,Austria,Ost,Nadelspitz,Ostseite,UIAA:5,5,UIAA
3066045021,Celebrimor,Sport,Austria,Ost,Nadelspitz,Ostseite,UIAA:7-,7-,UIAA
3066044886,Numenor,Sport,Austria,Ost,Nadelspitz,Ostseite,UIAA:6,6,UIAA
3066044748,Feanor,Sport,Austria,Ost,Nadelspitz,Ostseite,UIAA:7+,7+,UIAA
3066044616,J.R.R.T,Sport,Austria,Ost,Nadelspitz,Ostseite,UIAA:5+,5+,UIAA
3066044484,Onodrim,Sport,Austria,Ost,Nadelspitz,Ostseite,UIAA:5+,5+,UIAA
3066044349,Fingolfin,Sport,Austria,Ost,Nadelspitz,Ostseite,UIAA:5-,5-,UIAA
3066044214,Earendil,Sport,Austria,Ost,Nadelspitz,Ostseite,UIAA:7-,7-,UIAA
3066044079,Bombadil,Sport,Austria,Ost,Nadelspitz,Ostseite,UIAA:6+,6+,UIAA
4693623546,Bilbo,Sport,Austria,Ost,Nadelspitz,Ostseite,UIAA:5+,5+,UIAA
3066043938,Rechter Einstieg Südkante,Sport,Austria,Ost,Nadelspitz,Ostseite,UIAA:4-,4-,UIAA
753183198,Südkante,Sport,Austria,Ost,Mixnitz,Nadelspitz,UIAA:5,5,UIAA
753931284,Südwestkante,Sport,Austria,Ost,Mixnitz,Nadelspitz,UIAA:6-,6-,UIAA
3066018969,Lymphozyt,Sport,Austria,Ost,Nadelspitz,Westwand,UIAA:8/8+,8,UIAA
3066018882,Westrampe,Sport,Austria,Ost,Nadelspitz,Westwand,UIAA:4,4,UIAA
3066018789,Vive la vie,Sport,Austria,Ost,Nadelspitz,Westwand,UIAA:8+,8+,UIAA
3066018696,Kalte Finger,Sport,Austria,Ost,Nadelspitz,Westwand,UIAA:8,8,UIAA
3066005964,Überdosis,Sport,Austria,Ost,Nadelspitz,Westwand,UIAA:8-,8-,UIAA
3066005862,Wohin und zurück,Sport,Austria,Ost,Nadelspitz,Westwand,UIAA:8+,8+,UIAA
3066005742,Alko-Pone,Sport,Austria,Ost,Nadelspitz,Westwand,UIAA:8-/8,8-,UIAA
3066005631,Harte Zeiten,Sport,Austria,Ost,Nadelspitz,Westwand,UIAA:8+/9-,8+,UIAA
3066005523,Don Promillo,Sport,Austria,Ost,Nadelspitz,Westwand,UIAA:8+/9-,8+,UIAA
9718490811,Silberrücken,Sport,Austria,Ost,Nadelspitz,Westwand,UIAA:9,9,UIAA
3066005430,Egotrip,Sport,Austria,Ost,Nadelspitz,Westwand,UIAA:8+,8+,UIAA
9793207467,Achtung Meisterwerk,Sport,Austria,Ost,Nadelspitz,Westwand,UIAA:9,9,UIAA
3066005337,Unvollendete,Sport,Austria,Ost,Nadelspitz,Westwand,UIAA:7+,7+,UIAA
9793204641,NN,Sport,Austria,Ost,Nadelspitz,Westwand,UIAA:8-/8,8-,UIAA
3066005244,Loretta,Sport,Austria,Ost,Nadelspitz,Westwand,UIAA:7+/8-,7+,UIAA
9793203108,Doppelplusgut,Sport,Austria,Ost,Nadelspitz,Westwand,UIAA:9+,9+,UIAA
9793200777,Plusgut,Sport,Austria,Ost,Nadelspitz,Westwand,UIAA:8/8+,8,UIAA
3066005151,Westwand,Sport,Austria,Ost,Nadelspitz,Westwand,UIAA:7+,7+,UIAA
3065993172,Take it easy,Sport,Austria,Ost,Nadelspitz,Westwand,UIAA:8/8+,8,UIAA
3065993079,Knechte des Lasters,Sport,Austria,Ost,Nadelspitz,Westwand,UIAA:9-,9-,UIAA
3065992986,Unter uns,Sport,Austria,Ost,Nadelspitz,Westwand,UIAA:8,8,UIAA
3065992893,Aus heiterem Himmel,Sport,Austria,Ost,Nadelspitz,Westwand,UIAA:8,8,UIAA
3065992800,Schuppentanz,Sport,Austria,Ost,Nadelspitz,Westwand,UIAA:8/8+,8,UIAA
3065992707,Getscha,Sport,Austria,Ost,Nadelspitz,Westwand,UIAA:6+/7-,6+,UIAA
3065992614,Mariko,Sport,Austria,Ost,Nadelspitz,Westwand,UIAA:8-/8,8-,UIAA
3065992521,Heiße Sohle,Sport,Austria,Ost,Nadelspitz,Westwand,UIAA:8/8+,8,UIAA
3065983650,Lechners Echte,Sport,Austria,Ost,Nadelspitz,Nordwestwand,UIAA:8+,8+,UIAA
3065983563,Sadomaso,Sport,Austria,Ost,Nadelspitz,Nordwestwand,UIAA:7,7,UIAA
3065983476,Seppuku,Sport,Austria,Ost,Nadelspitz,Nordwestwand,UIAA:7,7,UIAA
3065983389,Sag doch ja,Sport,Austria,Ost,Nadelspitz,Nordwestwand,UIAA:4,4,UIAA
3065983302,TMO,Sport,Austria,Ost,Nadelspitz,Nordwestwand,UIAA:5+,5+,UIAA
3065983209,Fuchswirtweg,Sport,Austria,Ost,Nadelspitz,Nordwestwand,UIAA:6+,6+,UIAA
3065983122,Kletterst Du...,Sport,Austria,Ost,Nadelspitz,Nordwestwand,UIAA:4,4,UIAA
7953502527,Ane rechts,Sport,Austria,Ost,Weiße Wand,Unterer Sektor,UIAA:6,6,UIAA
7953492669,Ane links,Sport,Austria,Ost,Weiße Wand,Unterer Sektor,UIAA:6,6,UIAA
7953474762,Flotter Dreier mit Hund,Sport,Austria,Ost,Weiße Wand,Unterer Sektor,UIAA:6+,6+,UIAA
7953445278,Pendeltod,Sport,Austria,Ost,Weiße Wand,Unterer Sektor,UIAA:7,7,UIAA
7953515163,Scharfer Hase,Sport,Austria,Ost,Weiße Wand,Unterer Sektor,UIAA:6,6,UIAA
7953511806,Zahmer Hase,Sport,Austria,Ost,Weiße Wand,Unterer Sektor,UIAA:5,5,UIAA
9718333158,Geh Leck,Sport,Austria,Ost,Weiße Wand,Unterer Sektor,UIAA:7-,7-,UIAA
2611000629,Boggalfras,Sport,Austria,Ost,Weiße Wand,Unterer Sektor,{FR} 6a+,6a+,FR
2611000728,Oama Noa,Sport,Austria,Ost,Weiße Wand,Unterer Sektor,{FR} 6a+,6a+,FR
2611000827,Wüda Hund,Sport,Austria,Ost,Weiße Wand,Unterer Sektor,{FR} 6b+,6b+,FR
2611006287,G'sengte Sau,Sport,Austria,Ost,Weiße Wand,Unterer Sektor,{FR} 6b,6b,FR
2611006386,Dunkelmunkel,Sport,Austria,Ost,Weiße Wand,Unterer Sektor,{FR} 6a+,6a+,FR
2611006491,Goggelmoggel,Sport,Austria,Ost,Weiße Wand,Unterer Sektor,{FR} 6b,6b,FR
11857144488,Rumpel Pumpel,Sport,Austria,Ost,Weiße Wand,Unterer Sektor,UIAA:7+,7+,UIAA
7372452699,In die Berg,Sport,Austria,Ost,Weiße Wand,Unterer Sektor,{FR} 7a+,7a+,FR
9718333059,Moonwalk,Sport,Austria,Ost,Weiße Wand,Unterer Sektor,UIAA:9,9,UIAA
2611006590,Rudi Tollezal,Sport,Austria,Ost,Weiße Wand,Unterer Sektor,{FR} 7c,7c,FR
2611006689,Cooletto,Sport,Austria,Ost,Weiße Wand,Unterer Sektor,{FR} 7b,7b,FR
2611006887,Weiwahasser,Sport,Austria,Ost,Weiße Wand,Unterer Sektor,{FR} 7a,7a,FR
9718332954,Zero Spin,Sport,Austria,Ost,Weiße Wand,Unterer Sektor,UIAA:9+,9+,UIAA
2611006788,Alpinfuzzi geht Sportklettern,Sport,Austria,Ost,Weiße Wand,Unterer Sektor,{FR} 6a+,6a+,FR
4446521430,Schifahrer Gedenkweg,Sport,Austria,Ost,Weiße Wand,Unterer Sektor,UIAA:9+/10-,9+,UIAA
9616698456,Down Force,Sport,Austria,Ost,Weiße Wand,Unterer Sektor,{FR} 7b,7b,FR
2611006986,Schnelle Pulle,Sport,Austria,Ost,Weiße Wand,Unterer Sektor,UIAA:10,10,UIAA
7953603471,Withe out,Sport,Austria,Ost,Weiße Wand,Unterer Sektor,UIAA:9+/10-,9+,UIAA
7953539802,Schweinebauch,Sport,Austria,Ost,Weiße Wand,Unterer Sektor,UIAA:9,9,UIAA
9718332849,Drum and Base,Sport,Austria,Ost,Weiße Wand,Unterer Sektor,UIAA:8,8,UIAA
7953530547,Blue Danube,Sport,Austria,Ost,Weiße Wand,Unterer Sektor,{FR} 7b+,7b+,FR
2611007067,Home base,Sport,Austria,Ost,Weiße Wand,Unterer Sektor,{FR} 7b+,7b+,FR
2611007166,Funny pop trixi,Sport,Austria,Ost,Weiße Wand,Unterer Sektor,{FR} 7c+,7c+,FR
2611007265,Im Zeichen der Kraft,Sport,Austria,Ost,Weiße Wand,Unterer Sektor,{FR} 7c,7c,FR
7372305516,Klupp'nsackl,Sport,Austria,Ost,Weiße Wand,Unterer Sektor,UIAA:9-,9-,UIAA
2611007463,SMOC,Sport,Austria,Ost,Weiße Wand,Unterer Sektor,{FR} 8a,8a,FR
2611007562,Suncity,Sport,Austria,Ost,Weiße Wand,Unterer Sektor,{FR} 7c+,7c+,FR
9718332750,Sauschädel,Sport,Austria,Ost,Weiße Wand,Unterer Sektor,UIAA:9-,9-,UIAA
9718332639,Alles Scheiße ohne Dope,Sport,Austria,Ost,Weiße Wand,Unterer Sektor,UIAA:10-,10-,UIAA
2611007364,Stoke,Sport,Austria,Ost,Weiße Wand,Unterer Sektor,{FR} 7c,7c,FR
9571350690,Entzückend Baby,Sport,Austria,Ost,Weiße Wand,Unterer Sektor,{FR} 7a+,7a+,FR
9718333257,NN,Sport,Austria,Ost,Weiße Wand,Unterer Sektor,UIAA:9+/10-,9+,UIAA
9718332522,Bam Oida,Sport,Austria,Ost,Weiße Wand,Unterer Sektor,UIAA:10,10,UIAA
4446518820,Tod dem Nohand,Sport,Austria,Ost,Weiße Wand,Unterer Sektor,UIAA:10+,10+,UIAA
2611007661,Kante,Sport,Austria,Ost,Weiße Wand,Unterer Sektor,{FR} 7a,7a,FR
7953294345,Drahtesel,Sport,Austria,Ost,Weiße Wand,Unterer Sektor,UIAA:7+/8-,7+,UIAA
7953319329,Dampfwalze,Sport,Austria,Ost,Weiße Wand,Unterer Sektor,UIAA:7+/8-,7+,UIAA
7953374892,Baustelle,Sport,Austria,Ost,Weiße Wand,Unterer Sektor,UIAA:7+/8-,7+,UIAA
7953385491,Flohzirkus,Sport,Austria,Ost,Weiße Wand,Unterer Sektor,UIAA:8+,8+,UIAA
7953401604,Zebrastreifen,Sport,Austria,Ost,Weiße Wand,Unterer Sektor,UIAA:7/7+,7,UIAA
2611007760,Streetworker,Sport,Austria,Ost,Weiße Wand,Unterer Sektor,{FR} 6a+,6a+,FR
7941986208,Verstecktes Brot,Sport,Austria,Ost,Weiße Wand,Oberer Sektor,UIAA:7-,7-,UIAA
7941994794,Putzteufel,Sport,Austria,Ost,Weiße Wand,Oberer Sektor,UIAA:7+,7+,UIAA
7942003671,Mörderzahn,Sport,Austria,Ost,Weiße Wand,Oberer Sektor,UIAA:8,8,UIAA
2610955266,Wild und sexy,Sport,Austria,Ost,Weiße Wand,Oberer Sektor,{FR} 7c,7c,FR
2610956001,Styrian reality,Sport,Austria,Ost,Weiße Wand,Oberer Sektor,{FR} 7a,7a,FR
2610957813,Wirr im Kopf,Sport,Austria,Ost,Weiße Wand,Oberer Sektor,{FR} 7a+,7a+,FR
7942025094,Kugelheili,Sport,Austria,Ost,Weiße Wand,Oberer Sektor,UIAA:5,5,UIAA
2610957915,Hochspannung,Sport,Austria,Ost,Weiße Wand,Oberer Sektor,{FR} 7c,7c,FR
2610958014,Starkstrom,Sport,Austria,Ost,Weiße Wand,Oberer Sektor,{FR} 7c,7c,FR
2610958128,Long season,Sport,Austria,Ost,Weiße Wand,Oberer Sektor,{FR} 7a+,7a+,FR
7942070502,Bloody Sunday,Sport,Austria,Ost,Weiße Wand,Oberer Sektor,{FR} 8a,8a,FR
2610958263,Ziagn und Zerrn,Sport,Austria,Ost,Weiße Wand,Oberer Sektor,{FR} 7a+,7a+,FR
7942064184,Einsame Nächte,Sport,Austria,Ost,Weiße Wand,Oberer Sektor,UIAA:9,9,UIAA
2610958377,Bruchpilot,Sport,Austria,Ost,Weiße Wand,Oberer Sektor,{FR} 6c+,6c+,FR
2610958476,Aller Anfang ist schwer,Sport,Austria,Ost,Weiße Wand,Oberer Sektor,{FR} 6b+,6b+,FR
2610990498,Steirisches Trauma,Sport,Austria,Ost,Weiße Wand,Oberer Sektor,FR:6b,6b,FR
2610990399,Golden girls,Sport,Austria,Ost,Weiße Wand,Oberer Sektor,FR:6a,6a,FR
2610990597,Humpty Dumpty,Sport,Austria,Ost,Weiße Wand,Oberer Sektor,{FR} 6b,6b,FR
2610990696,Seitnvakehrt,Sport,Austria,Ost,Weiße Wand,Oberer Sektor,FR:6b,6b,FR
2610990795,Versteckspiel,Sport,Austria,Ost,Weiße Wand,Oberer Sektor,FR:6b,6b,FR
2610990927,Honeymoon,Sport,Austria,Ost,Weiße Wand,Oberer Sektor,FR:6a+,6a+,FR
2610991068,Hadramaut,Sport,Austria,Ost,Weiße Wand,Oberer Sektor,FR:5c+,5c+,FR
2610991212,Hyperblasie,Sport,Austria,Ost,Weiße Wand,Oberer Sektor,FR:7a+,7a+,FR
2610991311,Markante Handlungen,Sport,Austria,Ost,Weiße Wand,Oberer Sektor,FR:7a+,7a+,FR
2610991410,Mann ohne Grenzen,Sport,Austria,Ost,Weiße Wand,Oberer Sektor,FR:7c,7c,FR
2610999933,Zugzwang,Sport,Austria,Ost,Weiße Wand,Oberer Sektor,{FR} 6c+,6c+,FR
2611000032,Scottie beams me,Sport,Austria,Ost,Weiße Wand,Oberer Sektor,{FR} 5c+,5c+,FR
2611000131,Blutströpferl,Sport,Austria,Ost,Weiße Wand,Oberer Sektor,{FR} 6b+,6b+,FR
2611000230,Rub - alkali,Sport,Austria,Ost,Weiße Wand,Oberer Sektor,{FR} 6c,6c,FR
2611000329,Griffiger Johann,Sport,Austria,Ost,Weiße Wand,Oberer Sektor,{FR} 7a,7a,FR
2611000428,Vikie Burger,Sport,Austria,Ost,Weiße Wand,Oberer Sektor,{FR} 6c+,6c+,FR
2611000527,Leise rieselt der Schnee,Sport,Austria,Ost,Weiße Wand,Oberer Sektor,{FR} 6a+,6a+,FR
3171574839,Spekulatius,Sport,Austria,Ost,Mixnitz,Rote Wand,UIAA:6,6,UIAA
3171573351,Wetterhex,Sport,Austria,Ost,Mixnitz,Rote Wand,UIAA:5,5,UIAA
3171568725,Luftschloss,Sport,Austria,Ost,Mixnitz,Rote Wand,UIAA:6,6,UIAA
3171567420,Biotox,Sport,Austria,Ost,Mixnitz,Rote Wand,UIAA:6-,6-,UIAA
3171563430,Euphoria,Sport,Austria,Ost,Mixnitz,Rote Wand,UIAA:7,7,UIAA
3171561351,Biovandal,Sport,Austria,Ost,Mixnitz,Rote Wand,UIAA:6,6,UIAA
3171560097,Kunststücke,Sport,Austria,Ost,Mixnitz,Rote Wand,UIAA:7+/8-,7+,UIAA
3171558771,Tyhmianpfeiler,Sport,Austria,Ost,Mixnitz,Rote Wand,UIAA:6,6,UIAA
3171557736,Rambo,Sport,Austria,Ost,Mixnitz,Rote Wand,UIAA:6,6,UIAA
3171546675,Tintenstrich,Trad,Austria,Ost,Mixnitz,Rote Wand,UIAA:7+ A2,7+,UIAA
3171544737,Röhrsalat,Sport,Austria,Ost,Mixnitz,Rote Wand,UIAA:6-,6-,UIAA
3171542208,Rechtsruck,Sport,Austria,Ost,Mixnitz,Rote Wand,UIAA:7,7,UIAA
3171540732,A'la carte,Sport,Austria,Ost,Mixnitz,Rote Wand,UIAA:7,7,UIAA
3171538284,Resterschließung,Sport,Austria,Ost,Mixnitz,Rote Wand,UIAA:7/7+,7,UIAA
3171537045,Stehaufmandl,Sport,Austria,Ost,Mixnitz,Rote Wand,UIAA:8-,8-,UIAA
3171534576,Weg der alten Männer,Sport,Austria,Ost,Mixnitz,Rote Wand,UIAA:7-,7-,UIAA
3171322446,Weg der schönen Männer,Sport,Austria,Ost,Mixnitz,Rote Wand,UIAA:6,6,UIAA
3171321018,Belladonna,Sport,Austria,Ost,Mixnitz,Rote Wand,UIAA:7+,7+,UIAA
3171319692,Timbuktu,Sport,Austria,Ost,Mixnitz,Rote Wand,UIAA:7+,7+,UIAA
8756120307,Libelle,Sport,Austria,Ost,Mixnitz,Rote Wand,UIAA:8-,8-,UIAA
3171318432,Graue Maus,Sport,Austria,Ost,Mixnitz,Rote Wand,UIAA:7,7,UIAA
3171315336,Starkes Ende,Sport,Austria,Ost,Mixnitz,Rote Wand,UIAA:7-,7-,UIAA
3171312822,Fidel & Ché,Sport,Austria,Ost,Mixnitz,Rote Wand,UIAA:7,7,UIAA
3171310692,Elk Meadows,Sport,Austria,Ost,Mixnitz,Rote Wand,UIAA:7,7,UIAA
3171308274,Synewel,Sport,Austria,Ost,Mixnitz,Rote Wand,UIAA:8-,8-,UIAA
3171305187,Erdgeisterweg,Sport,Austria,Ost,Mixnitz,Rote Wand,UIAA:6,6,UIAA
3171302751,Rupertina,Sport,Austria,Ost,Mixnitz,Rote Wand,UIAA:7-,7-,UIAA
2772227640,Serengeti,Sport,Austria,Ost,Mixnitz,Rote Wand,UIAA:6,6,UIAA
4668702519,Gerdasteig,Sport,Austria,Ost,Mixnitz,Rote Wand,UIAA:3+,3+,UIAA
4668702408,Chefpartie,Sport,Austria,Ost,Mixnitz,Rote Wand,UIAA:7+,7+,UIAA
3171242076,Waschrumpel,Sport,Austria,Ost,Mixnitz,Rote Wand,UIAA:6-,6-,UIAA
3171215616,Ave Maria,Sport,Austria,Ost,Mixnitz,Rote Wand,UIAA:7,7,UIAA
3171199263,Kongoplatten,Sport,Austria,Ost,Mixnitz,Rote Wand,UIAA:7,7,UIAA
691103298,Feuervogel,Sport,Austria,Ost,Mixnitz,Rote Wand,UIAA:6+,6+,UIAA
3171078699,Hühnerleiter,Sport,Austria,Ost,Mixnitz,Rote Wand,UIAA:5+,5+,UIAA
3171092403,Hühnerbrust,Sport,Austria,Ost,Mixnitz,Rote Wand,UIAA:7+,7+,UIAA
3171175395,Mesopotamien,Sport,Austria,Ost,Rote Wand,Kongoplatten-Basis,UIAA:7/7+,7,UIAA
3171175275,Indian Summer,Sport,Austria,Ost,Rote Wand,Kongoplatten-Basis,UIAA:7,7,UIAA
3171175194,Kurz und bündig,Sport,Austria,Ost,Rote Wand,Kongoplatten-Basis,UIAA:7-/7,7-,UIAA
3171175113,Nachtschicht,Sport,Austria,Ost,Rote Wand,Kongoplatten-Basis,UIAA:7+,7+,UIAA
3171175032,Edelwestern,Sport,Austria,Ost,Rote Wand,Kongoplatten-Basis,UIAA:7+,7+,UIAA
4668495414,S.P.Q.R.,Sport,Austria,Ost,Rote Wand,Asterixwandl,UIAA:6+,6+,UIAA
4668495327,Miraculix,Sport,Austria,Ost,Rote Wand,Asterixwandl,UIAA:6,6,UIAA
4668495240,Gutemine,Sport,Austria,Ost,Rote Wand,Asterixwandl,UIAA:7-,7-,UIAA
4668495153,Majestix,Sport,Austria,Ost,Rote Wand,Asterixwandl,UIAA:7-,7-,UIAA
3171071196,Idefix,Sport,Austria,Ost,Rote Wand,Asterixwandl,UIAA:8-,8-,UIAA
3171071103,Troubadix,Sport,Austria,Ost,Rote Wand,Asterixwandl,UIAA:8+,8+,UIAA
3171071010,Obelix,Sport,Austria,Ost,Rote Wand,Asterixwandl,UIAA:7/7+,7,UIAA
3171070917,Asterix,Sport,Austria,Ost,Rote Wand,Asterixwandl,UIAA:8-,8-,UIAA
4668515262,Zugabe,Sport,Austria,Ost,Rote Wand,Dacapo,UIAA:4-,4-,UIAA
3171054213,Draufgabe,Sport,Austria,Ost,Rote Wand,Dacapo,UIAA:5-,5-,UIAA
3171054120,Goldader,Sport,Austria,Ost,Rote Wand,Dacapo,UIAA:7-,7-,UIAA
3171054027,Alles Walzer,Sport,Austria,Ost,Rote Wand,Dacapo,UIAA:7,7,UIAA
3171053934,Das 7. Gebot,Sport,Austria,Ost,Rote Wand,Dacapo,UIAA:6+,6+,UIAA
3171053841,Chamäleon,Sport,Austria,Ost,Rote Wand,Dacapo,UIAA:8-/8,8-,UIAA
3171053754,Nachlese,Sport,Austria,Ost,Rote Wand,Dacapo,UIAA:7/7+,7,UIAA
3171053661,Dacapodajaga,Sport,Austria,Ost,Rote Wand,Dacapo,UIAA:6,6,UIAA
3171053568,Paranabolika,Sport,Austria,Ost,Rote Wand,Dacapo,UIAA:8-,8-,UIAA
3171053475,Veleflucht,Sport,Austria,Ost,Rote Wand,Dacapo,UIAA:5,5,UIAA
3171053382,Herbstzeitlose,Sport,Austria,Ost,Rote Wand,Dacapo,UIAA:5+,5+,UIAA
4534054641,Querkopf,Sport,Austria,Ost,Mixnitz,Waldwandl,{FR} 7a,7a,FR
4534054722,Dschungelbuch,Sport,Austria,Ost,Mixnitz,Waldwandl,{FR} 6c,6c,FR
4534054803,Laubsauger,Sport,Austria,Ost,Mixnitz,Waldwandl,{FR} 7a+,7a+,FR
4534054884,Lochpfeiler,Sport,Austria,Ost,Mixnitz,Waldwandl,{FR} 7c,7c,FR
4534054965,Lochtraverse,Sport,Austria,Ost,Mixnitz,Waldwandl,{FR} 6c+,6c+,FR
4534055052,Vollstrecker,Sport,Austria,Ost,Mixnitz,Waldwandl,{FR} 8a+,8a+,FR
5945726658,Rechtsweg,Sport,Austria,Ost,Mixnitz,Waldwandl,UIAA:10,10,UIAA
4534055133,King Tufa,Sport,Austria,Ost,Mixnitz,Waldwandl,FR:7c+/8a,7c+,FR
4534055214,Schneesturm,Sport,Austria,Ost,Mixnitz,Waldwandl,{FR} 8a/a+,8a,FR
4534055376,Auferstehung,Sport,Austria,Ost,Mixnitz,Waldwandl,{FR} 7c+,7c+,FR
4534055295,Trennlinie,Sport,Austria,Ost,Mixnitz,Waldwandl,{FR} 7a,7a,FR
4539543357,Hoamatblick,Sport,Austria,Ost,Mixnitz,Rannerwand,UIAA:8-/8,8-,UIAA
4539543270,Diagonalriss,Sport,Austria,Ost,Mixnitz,Rannerwand,UIAA:5 A2,5,UIAA
4539543177,Drachenblut,Sport,Austria,Ost,Mixnitz,Rannerwand,{FR} 8a,8a,FR
4539543090,Wilde Erdbeeren,Sport,Austria,Ost,Mixnitz,Rannerwand,UIAA:7/7+,7,UIAA
9726482121,Dir. Krakerweg,Sport,Austria,Ost,Mixnitz,Rannerwand,UIAA:6-,6-,UIAA
4539543003,Krakerweg,Sport,Austria,Ost,Mixnitz,Rannerwand,UIAA:6,6,UIAA
4539542916,Krautmandl,Sport,Austria,Ost,Mixnitz,Rannerwand,UIAA:7-,7-,UIAA
4539542823,Mimmi-Simmerl-Kante,Sport,Austria,Ost,Mixnitz,Rannerwand,UIAA:6-,6-,UIAA
4956982245,S'Gfrett,Sport,Austria,Ost,Röthelstein,Gödlwand,UIAA:6-,6-,UIAA
4956982152,Buhudl,Sport,Austria,Ost,Röthelstein,Gödlwand,UIAA:7-,7-,UIAA
4956982059,Pimperlbahn,Sport,Austria,Ost,Röthelstein,Gödlwand,UIAA:4+,4+,UIAA
4956981966,Spal,Sport,Austria,Ost,Röthelstein,Gödlwand,UIAA:6,6,UIAA
4956981873,Schleicher,Sport,Austria,Ost,Röthelstein,Gödlwand,UIAA:7,7,UIAA
4956981780,S'Reingerl,Sport,Austria,Ost,Röthelstein,Gödlwand,UIAA:3+,3+,UIAA
4956981681,Risipisi,Sport,Austria,Ost,Röthelstein,Gödlwand,UIAA:4-,4-,UIAA
4956981588,Norgerl,Sport,Austria,Ost,Röthelstein,Gödlwand,UIAA:6-,6-,UIAA
4956964335,Hecknklescha,Sport,Austria,Ost,Röthelstein,Gödlwand,UIAA:6+,6+,UIAA
4956964242,Beinvogel,Sport,Austria,Ost,Röthelstein,Gödlwand,UIAA:7/7+,7,UIAA
4956964149,Einipfercht,Sport,Austria,Ost,Röthelstein,Gödlwand,UIAA:8-,8-,UIAA
4956964056,Hurnaus,Sport,Austria,Ost,Röthelstein,Gödlwand,UIAA:7+/8-,7+,UIAA
4956963963,Plutza,Sport,Austria,Ost,Röthelstein,Gödlwand,UIAA:8-/8,8-,UIAA
4956963870,Mistkral,Sport,Austria,Ost,Röthelstein,Gödlwand,UIAA:6,6,UIAA
4956963777,Zwidawurzn,Sport,Austria,Ost,Röthelstein,Gödlwand,UIAA:6,6,UIAA
4956963684,Krawuizi!,Sport,Austria,Ost,Röthelstein,Gödlwand,UIAA:8+,8+,UIAA
4956963591,Spuntus,Sport,Austria,Ost,Röthelstein,Gödlwand,UIAA:7+/8-,7+,UIAA
4956963498,Ohrwaschl,Sport,Austria,Ost,Röthelstein,Gödlwand,UIAA:6/6+,6,UIAA
6264045699,Don Kamille & Pepperone,Sport,Austria,Ost,Ratengrat Hauptwand,Ratengrat Ost,UIAA:7,7,UIAA
9849814881,Rote Rampe,Sport,Austria,Ost,Ratengrat Hauptwand,Ratengrat Ost,UIAA:6-,6-,UIAA
9849789036,SO-Rampe,Sport,Austria,Ost,Ratengrat Hauptwand,Ratengrat Ost,UIAA:5+,5+,UIAA
977287479,Flowers and Nurses,Sport,Austria,Ost,Ratengrat Hauptwand,Ratengrat Ost,UIAA:6,6,UIAA
2746663284,Südpfeiler,Sport,Austria,Ost,Ratengrat Hauptwand,Ratengrat Ost,UIAA:6+,6+,UIAA
2746515585,Direkter Südpfeiler,Sport,Austria,Ost,Ratengrat Hauptwand,Ratengrat Ost,UIAA:8,8,UIAA
3068069610,Amtsschimmel,Sport,Austria,Ost,Ratengrat Hauptwand,Ratengrat Ost,UIAA:6+,6+,UIAA
3068057367,Kaltblut,Sport,Austria,Ost,Ratengrat Hauptwand,Ratengrat Basis,UIAA:7,7,UIAA
3068057262,Südrampe / Grauer Weg,Sport,Austria,Ost,Ratengrat Hauptwand,Ratengrat Basis,UIAA:7-/7,7-,UIAA
3068057163,Herzschrittmacher,Sport,Austria,Ost,Ratengrat Hauptwand,Ratengrat Basis,UIAA:6+/7-,6+,UIAA
3068057064,Rocky Horror Climbing Show,Sport,Austria,Ost,Ratengrat Hauptwand,Ratengrat Basis,UIAA:8-,8-,UIAA
3068056965,Die Stunde Null,Sport,Austria,Ost,Ratengrat Hauptwand,Ratengrat Basis,UIAA:8/8+,8,UIAA
3068056866,Die letzte Rate,Sport,Austria,Ost,Ratengrat Hauptwand,Ratengrat Basis,UIAA:7-,7-,UIAA
3068056767,Aus eins mach wei,Sport,Austria,Ost,Ratengrat Hauptwand,Ratengrat Basis,UIAA:7+,7+,UIAA
3066841413,Zugpferdl,Sport,Austria,Ost,Ratengrat Hauptwand,Ratengrat Basis,UIAA:7+/8-,7+,UIAA
3066841236,Mikado,Sport,Austria,Ost,Ratengrat Hauptwand,Ratengrat Basis,UIAA:8-/8,8-,UIAA
9837317568,Holzbacklriss,Sport,Austria,Ost,Ratengrat Hauptwand,Ratengrat Basis,UIAA:7-,7-,UIAA
3066807210,Plattenriss,Sport,Austria,Ost,Ratengrat Hauptwand,Ratengrat Basis,UIAA:7-,7-,UIAA
3066839073,Traumtänzer,Sport,Austria,Ost,Ratengrat Hauptwand,Ratengrat Basis,UIAA:9-,9-,UIAA
3066807117,Die vergessenen Meter,Sport,Austria,Ost,Ratengrat Hauptwand,Ratengrat Basis,UIAA:7-,7-,UIAA
3066807024,NIcht Jedermann,Sport,Austria,Ost,Ratengrat Hauptwand,Ratengrat Basis,UIAA:7+,7+,UIAA
3066806931,Direkter Schuppenriss,Sport,Austria,Ost,Ratengrat Hauptwand,Ratengrat Basis,UIAA:7,7,UIAA
9845380938,Knobelix,Sport,Austria,Ost,Ratengrat Hauptwand,Ratengrat Basis,UIAA:7+,7+,UIAA
9845379552,Stoi,Sport,Austria,Ost,Ratengrat Hauptwand,Ratengrat Basis,UIAA:6,6,UIAA
3066806838,Schuppenriss,Sport,Austria,Ost,Ratengrat Hauptwand,Ratengrat Basis,UIAA:6,6,UIAA
3066837981,Obelix,Sport,Austria,Ost,Ratengrat Hauptwand,Ratengrat Basis,UIAA:7,7,UIAA
3066806745,Asterix,Sport,Austria,Ost,Ratengrat Hauptwand,Ratengrat Basis,UIAA:8-,8-,UIAA
3066832956,Nordrissverschneidung,Sport,Austria,Ost,Ratengrat Hauptwand,Ratengrat Basis,UIAA:8,8,UIAA
3066806652,Nordrisspfeiler,Sport,Austria,Ost,Ratengrat Hauptwand,Ratengrat Basis,UIAA:7+,7+,UIAA
3066806559,Nordriss,Sport,Austria,Ost,Ratengrat Hauptwand,Ratengrat West,UIAA:6+,6+,UIAA
3066798819,Sommersturm,Sport,Austria,Ost,Ratengrat Hauptwand,Ratengrat West,UIAA:8,8,UIAA
3066798726,Via Marianne,Sport,Austria,Ost,Ratengrat Hauptwand,Ratengrat West,UIAA:7-,7-,UIAA
3066820044,Faustriss,Mixed trad,Austria,Ost,Ratengrat Hauptwand,Ratengrat West,UIAA:6-,6-,UIAA
3066816582,Verhauer am Band,Sport,Austria,Ost,Ratengrat Hauptwand,Ratengrat West,UIAA:3,3,UIAA
3066798633,Neue Südwest,Sport,Austria,Ost,Ratengrat Hauptwand,Ratengrat West,UIAA:7-,7-,UIAA
3066813762,Tagträumer,Sport,Austria,Ost,Ratengrat Hauptwand,Ratengrat West,UIAA:6,6,UIAA
3066807396,Verbindung,Sport,Austria,Ost,Ratengrat Hauptwand,Ratengrat West,UIAA:5,5,UIAA
3066807303,Numerus Clausus,Sport,Austria,Ost,Ratengrat Hauptwand,Ratengrat West,UIAA:8,8,UIAA
3066798540,Grazerband,Sport,Austria,Ost,Ratengrat Hauptwand,Ratengrat West,UIAA:6,6,UIAA
3066798447,Vorspiel,Sport,Austria,Ost,Ratengrat Hauptwand,Ratengrat West,UIAA:6,6,UIAA
9837210609,Risseinstieg,Sport,Austria,Ost,Ratengrat Hauptwand,Ratengrat West,UIAA:6+,6+,UIAA
3066798354,Mixnitzer Kante,Sport,Austria,Ost,Ratengrat Hauptwand,Ratengrat West,UIAA:6,6,UIAA
9837205332,Neue Mixnitzer Kante,Sport,Austria,Ost,Ratengrat Hauptwand,Ratengrat West,UIAA:7+,7+,UIAA
3066798261,Gratkante,Sport,Austria,Ost,Ratengrat Hauptwand,Ratengrat West,UIAA:5+,5+,UIAA
9833766096,Crack Attack,Sport,Austria,Ost,Ratengrat Hauptwand,Ratengrat West,UIAA:7,7,UIAA
3066798168,Normalweg,Sport,Austria,Ost,Ratengrat Hauptwand,Ratengrat West,UIAA:4-,4-,UIAA
3066798075,Wigl-Wogl,Sport,Austria,Ost,Ratengrat Hauptwand,Ratengrat West,UIAA:5-,5-,UIAA
3066797982,Butterfinger,Sport,Austria,Ost,Ratengrat Hauptwand,Ratengrat West,UIAA:8+,8+,UIAA
4944106728,Die Plicht der Ehemänner,Sport,Austria,Ost,Ratengrat Hauptwand,Ratengrat West,UIAA:6-,6-,UIAA
9836835261,Putz di,Sport,Austria,Ost,Ratengrat,Ratengrat Aufbau,UIAA:5+,5+,UIAA
9836835162,Putzteufel,Sport,Austria,Ost,Ratengrat,Ratengrat Aufbau,UIAA:4+,4+,UIAA
9836567238,Wasserrillenweg,Sport,Austria,Ost,Ratengrat,Ratengrat Aufbau,UIAA:6+,6+,UIAA
3066825711,Block Ade,Sport,Austria,Ost,Ratengrat,Ratengrat Aufbau,UIAA:7-,7-,UIAA
6334378302,Rübezahls Wahnsinn,Sport,Austria,Ost,Ratengrat,Ratengrat Aufbau,UIAA:7/7+,7,UIAA
9836507667,Kuckucksei,Sport,Austria,Ost,Ratengrat,Ratengrat Aufbau,UIAA:7-/7,7-,UIAA
2852006577,Invalidenleiter,Sport,Austria,Ost,Röthelstein,Ratengrat,UIAA:6+,6+,UIAA
9833778327,Mephisto,Sport,Austria,Ost,Röthelstein,Gösserwand,UIAA:7/7+,7,UIAA
9833776767,Atlantis,Sport,Austria,Ost,Röthelstein,Gösserwand,UIAA:7-,7-,UIAA
9833766978,Wundermutter,Sport,Austria,Ost,Röthelstein,Gösserwand,UIAA:8,8,UIAA
9833766879,No Pain No Gain,Sport,Austria,Ost,Röthelstein,Gösserwand,UIAA:9-,9-,UIAA
9833766774,Studentenfutter,Sport,Austria,Ost,Röthelstein,Gösserwand,UIAA:8,8,UIAA
9833766675,Nervennahrung,Sport,Austria,Ost,Röthelstein,Gösserwand,UIAA:7+/8-,7+,UIAA
9833766576,Sugarfree,Sport,Austria,Ost,Röthelstein,Gösserwand,UIAA:9+/10-,9+,UIAA
9833766393,Gösserweg,Sport,Austria,Ost,Röthelstein,Gösserwand,UIAA:5+ A2,5+,UIAA
9833766294,Auf Messers Schneide,Sport,Austria,Ost,Röthelstein,Gösserwand,UIAA:9-/9,9-,UIAA
9833766195,Narrenriss,Sport,Austria,Ost,Röthelstein,Gösserwand,UIAA:7,7,UIAA
9833724156,Lorenzonikamin,Mixed trad,Austria,Ost,Röthelstein,Lorenzonikamin,UIAA:6-,6-,UIAA
9833724057,Freigeist,Mixed trad,Austria,Ost,Röthelstein,Lorenzonikamin,UIAA:9,9,UIAA
9833723958,Vogelfrei,Mixed trad,Austria,Ost,Röthelstein,Lorenzonikamin,UIAA:8-/8,8-,UIAA
9833723859,Ärmelschoner,Sport,Austria,Ost,Röthelstein,Lorenzonikamin,UIAA:6+,6+,UIAA
9833394735,Jabberwalky,Sport,Austria,Ost,Röthelstein,Drachenzähne,UIAA:9/9+,9,UIAA
9833394636,Roadrunner,Sport,Austria,Ost,Röthelstein,Drachenzähne,UIAA:8,8,UIAA
9833394537,FuckyouSHima,Sport,Austria,Ost,Röthelstein,Drachenzähne,UIAA:8+/9-,8+,UIAA
9833394432,Elea Lilith,Sport,Austria,Ost,Röthelstein,Drachenzähne,UIAA:9+,9+,UIAA
9833394333,Schwarze Perle,Sport,Austria,Ost,Röthelstein,Drachenzähne,UIAA:7-,7-,UIAA
9833394234,Hallo die Waldfee,Sport,Austria,Ost,Röthelstein,Drachenzähne,UIAA:4-,4-,UIAA
9833394135,Crisu der kleine Drache,Sport,Austria,Ost,Röthelstein,Drachenzähne,UIAA:8,8,UIAA
9833393958,Golden Beach,Sport,Austria,Ost,Röthelstein,Drachenzähne,UIAA:10-,10-,UIAA
9833393853,Gecco,Sport,Austria,Ost,Röthelstein,Drachenzähne,UIAA:9+/10-,9+,UIAA
9833393754,"Alles leuchtet, alles dreht sich",Sport,Austria,Ost,Röthelstein,Drachenzähne,UIAA:9+,9+,UIAA
9833393655,Pfitschipfeil,Sport,Austria,Ost,Röthelstein,Drachenzähne,UIAA:8+/9-,8+,UIAA
9833279487,Foot loose,Sport,Austria,Ost,Röthelstein,Lusthüttlwand,UIAA:8/8+,8,UIAA
9833279370,Halt dich an deiner Liebe fest,Sport,Austria,Ost,Röthelstein,Lusthüttlwand,UIAA:9-,9-,UIAA
9833279271,Kristalle für alle,Sport,Austria,Ost,Röthelstein,Lusthüttlwand,UIAA:9+/10-,9+,UIAA
9833278998,Icetea,Sport,Austria,Ost,Röthelstein,Lusthüttlwand,UIAA:9+,9+,UIAA
9833278899,Strawberry fields,Sport,Austria,Ost,Röthelstein,Lusthüttlwand,UIAA:10,10,UIAA
9833278800,Olga Blosmanova,Sport,Austria,Ost,Röthelstein,Lusthüttlwand,UIAA:8-/8,8-,UIAA
9833278701,Leider geil,Sport,Austria,Ost,Röthelstein,Lusthüttlwand,UIAA:8-/8,8-,UIAA
9833278602,Clematis,Sport,Austria,Ost,Röthelstein,Lusthüttlwand,UIAA:9+,9+,UIAA
9833278503,Carellweg,Sport,Austria,Ost,Röthelstein,Lusthüttlwand,UIAA:8+,8+,UIAA
9833278404,Blauregen,Sport,Austria,Ost,Röthelstein,Lusthüttlwand,UIAA:8+,8+,UIAA
9833278305,Strickliesl,Sport,Austria,Ost,Röthelstein,Lusthüttlwand,UIAA:7+,7+,UIAA
9833278206,Lustmolch,Sport,Austria,Ost,Röthelstein,Lusthüttlwand,UIAA:7-,7-,UIAA
9833278029,Lustiger Lurch,Sport,Austria,Ost,Röthelstein,Lusthüttlwand,UIAA:7-,7-,UIAA
9833277930,Listiger Lurch,Sport,Austria,Ost,Röthelstein,Lusthüttlwand,UIAA:7-,7-,UIAA
6800028396,Kap Horn,Sport,Austria,Ost,Südgürtel,Schatzinsel,UIAA:7-,7-,UIAA
6800028297,Reise nach Takatukaland,Sport,Austria,Ost,Südgürtel,Schatzinsel,UIAA:7+/8-,7+,UIAA
6800028099,Max Kombüs,Sport,Austria,Ost,Südgürtel,Schatzinsel,UIAA:7+,7+,UIAA
6800028000,Meuterei auf der Bounty,Sport,Austria,Ost,Südgürtel,Schatzinsel,UIAA:8,8,UIAA
6800027901,Kap der guten Hoffnung,Sport,Austria,Ost,Südgürtel,Schatzinsel,UIAA:7-/7,7-,UIAA
6800027790,Flying Dutchman,Sport,Austria,Ost,Südgürtel,Schatzinsel,UIAA:7+,7+,UIAA
6800003289,Frühschwimmer,Sport,Austria,Ost,Südgürtel,Schatzinsel,UIAA:5+,5+,UIAA
6800003184,Bermudadreieck,Sport,Austria,Ost,Südgürtel,Schatzinsel,UIAA:7-,7-,UIAA
6800003085,Kalypso,Sport,Austria,Ost,Südgürtel,Schatzinsel,UIAA:8-,8-,UIAA
6800002986,Vollstrecker Long John Silver,Sport,Austria,Ost,Südgürtel,Schatzinsel,UIAA:8-,8-,UIAA
6800002860,"Sindbad, der kleine Seefahrer",Sport,Austria,Ost,Südgürtel,Schatzinsel,UIAA:7+,7+,UIAA
6800028198,Popeye,Sport,Austria,Ost,Südgürtel,Schatzinsel,UIAA:7+/8-,7+,UIAA
6800002707,Käpt'n Iglo,Sport,Austria,Ost,Südgürtel,Schatzinsel,UIAA:5-,5-,UIAA
6800002572,Pippi,Sport,Austria,Ost,Südgürtel,Schatzinsel,UIAA:6-,6-,UIAA
6800002428,Käpt'n Horich,Sport,Austria,Ost,Südgürtel,Schatzinsel,UIAA:7-,7-,UIAA
6800002281,Bergland Piraten,Sport,Austria,Ost,Südgürtel,Schatzinsel,UIAA:7,7,UIAA
6800002146,Freibauter Ibiza Vastic and the baken Boys,Sport,Austria,Ost,Südgürtel,Schatzinsel,UIAA:6/6+,6,UIAA
6800002008,Klabautermann,Sport,Austria,Ost,Südgürtel,Schatzinsel,UIAA:7-,7-,UIAA
6800001873,Peter Pan,Sport,Austria,Ost,Südgürtel,Schatzinsel,UIAA:8,8,UIAA
6800001729,Seebär,Sport,Austria,Ost,Südgürtel,Schatzinsel,UIAA:6+/7-,6+,UIAA
6800001597,Landratte,Sport,Austria,Ost,Südgürtel,Schatzinsel,UIAA:6-,6-,UIAA
6097615962,Schlangengrube,Sport,Austria,Ost,Südgürtel,SO-Sporn,UIAA:5 A0,5,UIAA
751316652,Elfengarten,Sport,Austria,Ost,Südgürtel,SO-Sporn,UIAA:5-,5-,UIAA
3070359357,Das Letzte im Fels,Sport,Austria,Ost,Südgürtel,SO-Sporn,UIAA:5,5,UIAA
3070345527,Ho-Chi-Minh-Pfad,Sport,Austria,Ost,Südgürtel,SO-Sporn,UIAA:3,3,UIAA
3070328301,Postlerweg,Sport,Austria,Ost,Südgürtel,SO-Sporn,UIAA:4+,4+,UIAA
2537278653,Broken Soul,Sport,Austria,Ost,Südgürtel,SO-Sporn,UIAA:6+,6+,UIAA
2746771137,Ufo,Sport,Austria,Ost,Südgürtel,SO-Sporn,UIAA:6+,6+,UIAA
3070313781,Plattentanz,Sport,Austria,Ost,Südgürtel,SO-Sporn,UIAA:7-,7-,UIAA
3070310529,Jägersteig,Sport,Austria,Ost,Südgürtel,SO-Sporn,UIAA:7+,7+,UIAA
3070306809,Kinderfuß,Sport,Austria,Ost,Südgürtel,SO-Sporn,UIAA:8-,8-,UIAA
2344773765,Michelangelo,Sport,Austria,Ost,Südgürtel,SO-Sporn,UIAA:6,6,UIAA
6264054144,Mosaik,Sport,Austria,Ost,Südgürtel,SO-Sporn,UIAA:7-,7-,UIAA
3070301829,Nadelstreif,Sport,Austria,Ost,Südgürtel,SO-Sporn,UIAA:7,7,UIAA
3070301730,Land des Lächelns,Sport,Austria,Ost,Südgürtel,SO-Sporn,UIAA:6+/7-,6+,UIAA
3070301631,Zapp Zerat,Sport,Austria,Ost,Südgürtel,SO-Sporn,UIAA:8-,8-,UIAA
3070293171,Ginfizz,Sport,Austria,Ost,Südgürtel,Breite Wand,UIAA:7/7+,7,UIAA
3070293066,Am Ende meiner Tage ... ist Balance 'ne gute Frage,Sport,Austria,Ost,Südgürtel,Breite Wand,UIAA:8,8,UIAA
3070292967,Gintonic,Sport,Austria,Ost,Südgürtel,Breite Wand,UIAA:7+,7+,UIAA
3070292868,Muffelkante,Sport,Austria,Ost,Südgürtel,Breite Wand,UIAA:6+,6+,UIAA
7661358111,Klondike,Sport,Austria,Ost,Südgürtel,Breite Wand,UIAA:7+,7+,UIAA
3070292769,Jäger und Sammler,Sport,Austria,Ost,Südgürtel,Breite Wand,UIAA:7+,7+,UIAA
3070292670,Sportmuffelweg,Sport,Austria,Ost,Südgürtel,Breite Wand,UIAA:5,5,UIAA
5995474068,Goldmuffel,Sport,Austria,Ost,Südgürtel,Breite Wand,UIAA:6,6,UIAA
3070292571,Projekt,Sport,Austria,Ost,Südgürtel,Breite Wand,UIAA:8+ A0,8+,UIAA
7582584879,Goldader,Sport,Austria,Ost,Südgürtel,Breite Wand,UIAA:7-,7-,UIAA
1488642945,Eldorado,Sport,Austria,Ost,Südgürtel,Breite Wand,UIAA:6+,6+,UIAA
754221690,Alle Neune,Sport,Austria,Ost,Südgürtel,Breite Wand,UIAA:5+,5+,UIAA
754221510,Winnetouweg,Sport,Austria,Ost,Südgürtel,Breite Wand,UIAA:5-,5-,UIAA
754221870,Tigerauge,Sport,Austria,Ost,Südgürtel,Breite Wand,UIAA:6+,6+,UIAA
3070281315,Die glorreichen 7,Sport,Austria,Ost,Südgürtel,Breite Wand,UIAA:7-,7-,UIAA
8664762552,Graser Bergland Express,Sport,Austria,Ost,Südgürtel,Breite Wand,UIAA:6-,6-,UIAA
8664785718,Bummelzug,Sport,Austria,Ost,Südgürtel,Breite Wand,UIAA:7,7,UIAA
8664368187,Tintifax,Sport,Austria,Ost,Südgürtel,Breite Wand,UIAA:7-,7-,UIAA
8664296466,Hotzenplotz,Sport,Austria,Ost,Südgürtel,Breite Wand,UIAA:6+,6+,UIAA
6264092085,Hallo Dienstmann,Sport,Austria,Ost,Südgürtel,Breite Wand,UIAA:7-,7-,UIAA
3070281204,Schwobnblick,Sport,Austria,Ost,Südgürtel,Breite Wand,UIAA:8,8,UIAA
3070281105,Mauerfuchs,Sport,Austria,Ost,Südgürtel,Breite Wand,UIAA:8-,8-,UIAA
3070281012,Waldkamin,Sport,Austria,Ost,Südgürtel,Breite Wand,UIAA:6-,6-,UIAA
3070280919,Ärmelschlucker,Sport,Austria,Ost,Südgürtel,Breite Wand,UIAA:6+,6+,UIAA
8501361702,Fontanesteig,Sport,Austria,Ost,Röthelstein,Südwest und Süd,UIAA:3+,3+,UIAA
7848249930,Roter Drache,Sport,Austria,Ost,Röthelstein,Südwest und Süd,UIAA:6-,6-,UIAA
8664422292,Drachencocktail,Sport,Austria,Ost,Röthelstein,Südwest und Süd,UIAA:7+,7+,UIAA
3066771264,Immer der Nase Nach,Sport,Austria,Ost,Röthelstein,Südwest und Süd,UIAA:10-/10,10-,UIAA
3066771066,Living in Amerika,Sport,Austria,Ost,Röthelstein,Südwest und Süd,UIAA:9/9+,9,UIAA
3066770967,Wunderwelt,Sport,Austria,Ost,Röthelstein,Südwest und Süd,UIAA:6+,6+,UIAA
9718730757,Freudentanz,Sport,Austria,Ost,Röthelstein,Südwest und Süd,UIAA:7-,7-,UIAA
3066762573,Direkte Südwand,Sport,Austria,Ost,Röthelstein,Südwest und Süd,UIAA:8 A2,8,UIAA
3066766362,Julien & Alex,Sport,Austria,Ost,Röthelstein,Südwest und Süd,UIAA:9-,9-,UIAA
9718775988,Big Lebowski,Sport,Austria,Ost,Südwest und Süd,Südwestwand-Basis,UIAA:9-,9-,UIAA
9718775889,Straith line,Sport,Austria,Ost,Südwest und Süd,Südwestwand-Basis,UIAA:9+,9+,UIAA
9718775784,Steirische Eiche,Sport,Austria,Ost,Südwest und Süd,Südwestwand-Basis,UIAA:8,8,UIAA
9718775673,Dude,Sport,Austria,Ost,Südwest und Süd,Südwestwand-Basis,UIAA:8+,8+,UIAA
9718775559,Blumenkraft,Sport,Austria,Ost,Südwest und Süd,Südwestwand-Basis,UIAA:9,9,UIAA
3066762474,Alte SW-Wand,Sport,Austria,Ost,Röthelstein,Südwest und Süd,UIAA:4-,4-,UIAA
9718725645,Drachenpfeiler,Sport,Austria,Ost,Röthelstein,Südwest und Süd,UIAA:7+,7+,UIAA
9718654863,Met at work,Sport,Austria,Ost,Nordseite,Fatamorgana,UIAA:7,7,UIAA
9718654764,Marmeladenriss,Sport,Austria,Ost,Nordseite,Fatamorgana,UIAA:7,7,UIAA
9718654665,Schattengewächs,Sport,Austria,Ost,Nordseite,Fatamorgana,UIAA:7+/8-,7+,UIAA
9718654566,Slippery when wet,Sport,Austria,Ost,Nordseite,Fatamorgana,UIAA:8,8,UIAA
9718654467,Seitengreifer,Sport,Austria,Ost,Nordseite,Fatamorgana,UIAA:9-/9,9-,UIAA
9718654284,Segel im Wind,Sport,Austria,Ost,Nordseite,Fatamorgana,UIAA:8,8,UIAA
9718654179,Fatamorgana,Sport,Austria,Ost,Nordseite,Fatamorgana,UIAA:9,9,UIAA
9718654080,Putzteufel,Sport,Austria,Ost,Nordseite,Fatamorgana,UIAA:6+,6+,UIAA
9718653981,Bambam,Sport,Austria,Ost,Nordseite,Fatamorgana,UIAA:7,7,UIAA
4705674579,Voie Verdon,Sport,Austria,Ost,Röthelstein,Nordseite,FR:7a,7a,FR
9718648350,Bunter Hund,Sport,Austria,Ost,Röthelstein,Nordseite,UIAA:6+,6+,UIAA
9718648257,Ruck-Zuck,Sport,Austria,Ost,Röthelstein,Nordseite,UIAA:7+,7+,UIAA
9718648152,Polsterschlacht,Sport,Austria,Ost,Röthelstein,Nordseite,UIAA:5+,5+,UIAA
9718678437,Mawasi,Sport,Austria,Ost,Röthelstein,Hummelwand,UIAA:7/7+,7,UIAA
9718678344,Tobogan,Sport,Austria,Ost,Röthelstein,Hummelwand,UIAA:8-,8-,UIAA
9718678251,Hummelflug,Sport,Austria,Ost,Röthelstein,Hummelwand,UIAA:9,9,UIAA
9718678158,Windspiel,Sport,Austria,Ost,Röthelstein,Hummelwand,UIAA:8+/9-,8+,UIAA
9718678065,Hampelmann,Sport,Austria,Ost,Röthelstein,Hummelwand,UIAA:7/7+,7,UIAA
9718677972,Hummelkönig,Sport,Austria,Ost,Röthelstein,Hummelwand,UIAA:7-,7-,UIAA
9718677879,Neuanfang,Sport,Austria,Ost,Röthelstein,Hummelwand,UIAA:6-,6-,UIAA
9718677786,Brmbolec,Sport,Austria,Ost,Röthelstein,Hummelwand,UIAA:6+,6+,UIAA
9718685493,Warum nicht,Sport,Austria,Ost,Röthelstein,Parabolwand,UIAA:7/7+,7,UIAA
9718685394,Gorilla im Nebel,Sport,Austria,Ost,Röthelstein,Parabolwand,UIAA:7/7+,7,UIAA
9718685295,"Oh captain, my captain",Sport,Austria,Ost,Röthelstein,Parabolwand,UIAA:9-,9-,UIAA
9718685106,Dideldum,Sport,Austria,Ost,Röthelstein,Parabolwand,UIAA:8,8,UIAA
6222248442,Wassermann,Sport,Austria,Ost,Mixnitz,Brunntal,UIAA:8-,8-,UIAA
3064965228,Pensionistenband,Sport,Austria,Ost,Mixnitz,Brunntal,UIAA:4,4,UIAA
3064965141,Hauptgipfel Südwand,Sport,Austria,Ost,Mixnitz,Brunntal,UIAA:6-,6-,UIAA
6222511653,Brunntalparadies,Sport,Austria,Ost,Mixnitz,Brunntal,UIAA:9- A0,9-,UIAA
3064965048,Potschochta,Sport,Austria,Ost,Mixnitz,Brunntal,UIAA:8-/8 A0,8-,UIAA
6222243132,La vida es sueño,Sport,Austria,Ost,Mixnitz,Brunntal,UIAA:8,8,UIAA
3064964967,Hubertina,Sport,Austria,Ost,Mixnitz,Brunntal,UIAA:6-,6-,UIAA
3064954035,Sanduhrenparadies,Sport,Austria,Ost,Mixnitz,Brunntal,UIAA:6,6,UIAA
3064953945,Reise nach Ixtlan,Mixed trad,Austria,Ost,Mixnitz,Brunntal,UIAA:7,7,UIAA
3064953759,Abstauberweg,Sport,Austria,Ost,Mixnitz,Brunntal,UIAA:7-/7,7-,UIAA
3064953585,Schinderweg,Sport,Austria,Ost,Mixnitz,Brunntal,UIAA:7+,7+,UIAA
3064953426,Aprilpfeiler,Sport,Austria,Ost,Mixnitz,Brunntal,UIAA:6+,6+,UIAA
3064953333,Saxifraga,Sport,Austria,Ost,Mixnitz,Brunntal,UIAA:6+ A0,6+,UIAA
6222517545,Lost and Found,Sport,Austria,Ost,Brunntal,Biwakplatzl,UIAA:9,9,UIAA
6222517296,Lumberjack,Sport,Austria,Ost,Brunntal,Biwakplatzl,UIAA:9,9,UIAA
6222517203,Schwarze Luft,Sport,Austria,Ost,Brunntal,Biwakplatzl,UIAA:8+,8+,UIAA
6222364260,Rafiki,Sport,Austria,Ost,Mixnitz,Brunntal,UIAA:8+,8+,UIAA
850321128,Krabbelstube,Sport,Austria,Ost,Mixnitz,Brunntal,UIAA:5,5,UIAA
3064931412,Südrampe,Sport,Austria,Ost,Mixnitz,Brunntal,UIAA:7+ A0,7+,UIAA
3064937079,Trial and Error,Sport,Austria,Ost,Mixnitz,Brunntal,UIAA:9,9,UIAA
3064925280,Grottenweg,Sport,Austria,Ost,Mixnitz,Brunntal,UIAA:6+,6+,UIAA
3064925193,Brunntalpfeiler,Sport,Austria,Ost,Mixnitz,Brunntal,UIAA:7-,7-,UIAA
5066105127,3.D,Sport,Austria,Ost,Klammgraben,3. Stock,UIAA:6,6,UIAA
5066105040,3.C,Sport,Austria,Ost,Klammgraben,3. Stock,UIAA:7-,7-,UIAA
5066104953,3.B,Sport,Austria,Ost,Klammgraben,3. Stock,UIAA:6,6,UIAA
5066104866,3.A,Sport,Austria,Ost,Klammgraben,3. Stock,UIAA:7,7,UIAA
5066101053,2.G,Sport,Austria,Ost,Klammgraben,2. Stock,UIAA:7,7,UIAA
5066100966,2.F,Sport,Austria,Ost,Klammgraben,2. Stock,UIAA:6+,6+,UIAA
5066100879,2.E,Sport,Austria,Ost,Klammgraben,2. Stock,UIAA:5,5,UIAA
5066100792,var2.E,Sport,Austria,Ost,Klammgraben,2. Stock,UIAA:4+,4+,UIAA
5066100705,2.D,Sport,Austria,Ost,Klammgraben,2. Stock,UIAA:5+,5+,UIAA
5066100618,2.C,Sport,Austria,Ost,Klammgraben,2. Stock,UIAA:5+,5+,UIAA
5066100531,2.B,Sport,Austria,Ost,Klammgraben,2. Stock,UIAA:6,6,UIAA
5066100444,2.A,Sport,Austria,Ost,Klammgraben,2. Stock,UIAA:5+,5+,UIAA
5066094822,1.J,Sport,Austria,Ost,Klammgraben,1. Stock,UIAA:7+,7+,UIAA
5066094735,1.I,Sport,Austria,Ost,Klammgraben,1. Stock,UIAA:5+,5+,UIAA
5066094648,1.H,Sport,Austria,Ost,Klammgraben,1. Stock,UIAA:6,6,UIAA
5066094561,var1.H,Sport,Austria,Ost,Klammgraben,1. Stock,UIAA:6,6,UIAA
5066094474,1.G,Sport,Austria,Ost,Klammgraben,1. Stock,UIAA:7-,7-,UIAA
5066094387,1.F,Sport,Austria,Ost,Klammgraben,1. Stock,UIAA:7,7,UIAA
5066094300,1.E,Sport,Austria,Ost,Klammgraben,1. Stock,UIAA:7,7,UIAA
5066094213,1.D,Sport,Austria,Ost,Klammgraben,1. Stock,UIAA:7-,7-,UIAA
5066094126,1.C,Sport,Austria,Ost,Klammgraben,1. Stock,UIAA:6-,6-,UIAA
5066094039,1.B,Sport,Austria,Ost,Klammgraben,1. Stock,UIAA:6+,6+,UIAA
5066093952,1.A,Sport,Austria,Ost,Klammgraben,1. Stock,UIAA:7,7,UIAA
5066029293,J,Sport,Austria,Ost,Klammgraben,Baseclimbs,UIAA:4+,4+,UIAA
5066029206,varJ,Sport,Austria,Ost,Klammgraben,Baseclimbs,UIAA:5+,5+,UIAA
5066029119,I,Sport,Austria,Ost,Klammgraben,Baseclimbs,UIAA:5,5,UIAA
5066018577,H,Sport,Austria,Ost,Klammgraben,Baseclimbs,UIAA:4+,4+,UIAA
5066018490,G,Sport,Austria,Ost,Klammgraben,Baseclimbs,UIAA:5,5,UIAA
5066018403,varF,Sport,Austria,Ost,Klammgraben,Baseclimbs,UIAA:5-,5-,UIAA
5066018316,F,Sport,Austria,Ost,Klammgraben,Baseclimbs,UIAA:4,4,UIAA
5066018229,varE,Sport,Austria,Ost,Klammgraben,Baseclimbs,UIAA:5+,5+,UIAA
5066018142,E,Sport,Austria,Ost,Klammgraben,Baseclimbs,UIAA:4,4,UIAA
5066018055,D,Sport,Austria,Ost,Klammgraben,Baseclimbs,UIAA:4,4,UIAA
5066017968,C,Sport,Austria,Ost,Klammgraben,Baseclimbs,UIAA:4,4,UIAA
5066017881,B,Sport,Austria,Ost,Klammgraben,Baseclimbs,UIAA:3+,3+,UIAA
5066017794,A,Sport,Austria,Ost,Klammgraben,Baseclimbs,UIAA:3-,3-,UIAA
5066022972,varA,Sport,Austria,Ost,Klammgraben,Baseclimbs,UIAA:6+,6+,UIAA
4661397465,Semi-Boner,Boulder,Austria,Ost,Reinischkogel,Klugbauerwandl,{FB} 6B,6B,FB
4661397372,Schranz die Leistn,Boulder,Austria,Ost,Reinischkogel,Klugbauerwandl,{FB} 6C+/7A,6C+,FB
4661397279,Hoch die Haxn,Boulder,Austria,Ost,Reinischkogel,Klugbauerwandl,{FB} 7A+/B,7A+,FB
4661397186,My super sweet sixteen,Boulder,Austria,Ost,Reinischkogel,Klugbauerwandl,{FB} 6A,6A,FB
4661397093,Bakerman (is beaking bread),Boulder,Austria,Ost,Reinischkogel,Klugbauerwandl,{FB} 6A+,6A+,FB
4661397000,Aus dem Dunkel ins Licht,Boulder,Austria,Ost,Reinischkogel,Klugbauerwandl,{FB} 6B+,6B+,FB
4661396907,Schwänzel und Gretel,Boulder,Austria,Ost,Reinischkogel,Klugbauerwandl,{FB} 6B+,6B+,FB
4661396814,Big Mama,Boulder,Austria,Ost,Reinischkogel,Klugbauerwandl,{FB} 6C+,6C+,FB
4661396721,Tabellenkeller,Boulder,Austria,Ost,Reinischkogel,Klugbauerwandl,{FB} 6C,6C,FB
4661396628,Rissgeschichten Teil 1,Boulder,Austria,Ost,Reinischkogel,Klugbauerwandl,{FB} 6A,6A,FB
4661396535,Budapester Bumsorchester,Boulder,Austria,Ost,Reinischkogel,Klugbauerwandl,{FB} 5C,5C,FB
4661396442,Malcolm hintendrin,Boulder,Austria,Ost,Reinischkogel,Klugbauerwandl,{FB} 6B/B+,6B,FB
4661396349,In between,Boulder,Austria,Ost,Reinischkogel,Klugbauerwandl,{FB} 6B,6B,FB
4661396256,Der kluge Hans,Boulder,Austria,Ost,Reinischkogel,Klugbauerwandl,{FB} 6B,6B,FB
4661396163,Long road to ruin,Boulder,Austria,Ost,Reinischkogel,Klugbauerwandl,{FB} 7C,7C,FB
4661396070,Kampf der Flatulenzen,Boulder,Austria,Ost,Reinischkogel,Klugbauerwandl,{FB} 6C,6C,FB
4661395977,Bienenstich im Lespennest,Boulder,Austria,Ost,Reinischkogel,Klugbauerwandl,{FB} 5B,5B,FB
4661395884,Im Harem sitzen heulend die Eunuchen,Boulder,Austria,Ost,Reinischkogel,Klugbauerwandl,{FB} 6A+,6A+,FB
4661395791,Tower of Pain,Boulder,Austria,Ost,Reinischkogel,Klugbauerwandl,{FB} 6A,6A,FB
3381126402,Track,,Austria,Ost,Klettergarten St. Andrä,Vinson,UIAA:4-,4-,UIAA
3381126315,Trick,,Austria,Ost,Klettergarten St. Andrä,Vinson,UIAA:4,4,UIAA
3381126228,Tik,,Austria,Ost,Klettergarten St. Andrä,Vinson,UIAA:4+,4+,UIAA
3381138402,Makrelenfischer,,Austria,Ost,Klettergarten St. Andrä,Everest,UIAA:7,7,UIAA
3381138315,showgirl,Sport,Austria,Ost,Klettergarten St. Andrä,Everest,UIAA:7-,7-,UIAA
3381138228,Parasol,Sport,Austria,Ost,Klettergarten St. Andrä,Everest,UIAA:6+/7-,6+,UIAA
3381004467,Enspurt,Sport,Austria,Ost,Klettergarten St. Andrä,Aconcagua,UIAA:4,4,UIAA
3381004380,Grüstina,Sport,Austria,Ost,Klettergarten St. Andrä,Aconcagua,UIAA:7-,7-,UIAA
3381004293,Fadenkunst,Sport,Austria,Ost,Klettergarten St. Andrä,Aconcagua,UIAA:7-,7-,UIAA
3381004134,santana,Sport,Austria,Ost,Klettergarten St. Andrä,Aconcagua,UIAA:4,4,UIAA
3380989140,easy cheesy,Sport,Austria,Ost,Klettergarten St. Andrä,Kibo,UIAA:4,4,UIAA
3380989053,Forelle,Sport,Austria,Ost,Klettergarten St. Andrä,Kibo,UIAA:4,4,UIAA
3380988966,Kakadu,Sport,Austria,Ost,Klettergarten St. Andrä,Kibo,UIAA:5-,5-,UIAA
3380988879,Kaktus,Sport,Austria,Ost,Klettergarten St. Andrä,Kibo,UIAA:4-,4-,UIAA
3380988792,Zustieg,Sport,Austria,Ost,Klettergarten St. Andrä,Kibo,UIAA:3,3,UIAA
3380988705,kizz,Sport,Austria,Ost,Klettergarten St. Andrä,Kibo,UIAA:4-,4-,UIAA
3380988618,Variante,Sport,Austria,Ost,Klettergarten St. Andrä,Kibo,UIAA:4+,4+,UIAA
3380988531,Rüsseltier,Sport,Austria,Ost,Klettergarten St. Andrä,Kibo,UIAA:4,4,UIAA
3380984655,Alpi n,Sport,Austria,Ost,Klettergarten St. Andrä,Elbrus,UIAA:6,6,UIAA
3380984568,Aste,Sport,Austria,Ost,Klettergarten St. Andrä,Elbrus,UIAA:6,6,UIAA
3380984481,Voss,Sport,Austria,Ost,Klettergarten St. Andrä,Elbrus,UIAA:6+/7-,6+,UIAA
3380984394,boulder,Sport,Austria,Ost,Klettergarten St. Andrä,Elbrus,UIAA:7-,7-,UIAA
3380984307,Vik,Sport,Austria,Ost,Klettergarten St. Andrä,Elbrus,UIAA:7,7,UIAA
3380984220,Sonnentanz,Sport,Austria,Ost,Klettergarten St. Andrä,Elbrus,UIAA:7+,7+,UIAA
3380984133,Niagara,Sport,Austria,Ost,Klettergarten St. Andrä,Elbrus,UIAA:6,6,UIAA
3380984046,Ohne Moos,Sport,Austria,Ost,Klettergarten St. Andrä,Elbrus,UIAA:6,6,UIAA
3380982015,the wave,Sport,Austria,Ost,Klettergarten St. Andrä,Carstensz,UIAA:7+,7+,UIAA
3380981928,Schupella,Sport,Austria,Ost,Klettergarten St. Andrä,Carstensz,UIAA:8,8,UIAA
3380981841,Pavel,Sport,Austria,Ost,Klettergarten St. Andrä,Carstensz,UIAA:7-,7-,UIAA
3380981754,Yum Yum,Sport,Austria,Ost,Klettergarten St. Andrä,Carstensz,UIAA:4,4,UIAA
3380978256,Rechtseste,Sport,Austria,Ost,Klettergarten St. Andrä,McKinley,UIAA:8,8,UIAA
3380978169,Naseh ing,Sport,Austria,Ost,Klettergarten St. Andrä,McKinley,UIAA:7+/8-,7+,UIAA
3380978082,Schajänn,Sport,Austria,Ost,Klettergarten St. Andrä,McKinley,UIAA:8,8,UIAA
3380977995,Dusch,Sport,Austria,Ost,Klettergarten St. Andrä,McKinley,UIAA:5+,5+,UIAA
3380977908,Lusch,Sport,Austria,Ost,Klettergarten St. Andrä,McKinley,UIAA:5+,5+,UIAA
3380977821,Feenbürschchen,Sport,Austria,Ost,Klettergarten St. Andrä,McKinley,UIAA:5-,5-,UIAA
3380977734,Zwixinger,Sport,Austria,Ost,Klettergarten St. Andrä,McKinley,UIAA:5+,5+,UIAA
3380977647,Linkseste,Sport,Austria,Ost,Klettergarten St. Andrä,McKinley,UIAA:5-,5-,UIAA
4194460626,Ohne Namen 1,Sport,Austria,Ost,Lavanttaler Alpen,Vordere Glein,UIAA:6,6,UIAA
4194458985,Servus,Sport,Austria,Ost,Lavanttaler Alpen,Vordere Glein,UIAA:6+/7-,6+,UIAA
4194454326,Nostalgiii,Sport,Austria,Ost,Lavanttaler Alpen,Vordere Glein,UIAA:6+/7-,6+,UIAA
4194454245,Via Carmen,Sport,Austria,Ost,Lavanttaler Alpen,Vordere Glein,UIAA:6+/7-,6+,UIAA
4194454164,x2+y2=,Sport,Austria,Ost,Lavanttaler Alpen,Vordere Glein,UIAA:6+/7-,6+,UIAA
4194454083,Matura 99,Sport,Austria,Ost,Lavanttaler Alpen,Vordere Glein,UIAA:7+/8-,7+,UIAA
4194454002,Feng Shui,Sport,Austria,Ost,Lavanttaler Alpen,Vordere Glein,UIAA:6+/7-,6+,UIAA
4184527506,Paragraph Pi,Sport,Austria,Ost,Lavanttaler Alpen,Bachrausch,UIAA:8-,8-,UIAA
4184527425,Haizahn,Sport,Austria,Ost,Lavanttaler Alpen,Bachrausch,UIAA:8/8+,8,UIAA
4184527344,Unfreundliches Unkenufer,Sport,Austria,Ost,Lavanttaler Alpen,Bachrausch,UIAA:8-,8-,UIAA
4184527263,Pimperlfisch,Sport,Austria,Ost,Lavanttaler Alpen,Bachrausch,UIAA:7+,7+,UIAA
4184527182,English is a Wordgame,Sport,Austria,Ost,Lavanttaler Alpen,Bachrausch,UIAA:9,9,UIAA
4184527101,Die Deine,Sport,Austria,Ost,Lavanttaler Alpen,Bachrausch,UIAA:8,8,UIAA
4184527020,HMS+-K,Sport,Austria,Ost,Lavanttaler Alpen,Bachrausch,UIAA:7/7+,7,UIAA
4184526939,Keine Ahnung,Sport,Austria,Ost,Lavanttaler Alpen,Bachrausch,UIAA:6-,6-,UIAA
4184526858,Xü,Sport,Austria,Ost,Lavanttaler Alpen,Bachrausch,UIAA:9,9,UIAA
3820618227,Unbekannt 3,Sport,Austria,Ost,Lavanttaler Alpen,Rachau,UIAA:7,7,UIAA
3820618155,Unbekannt 2,Sport,Austria,Ost,Lavanttaler Alpen,Rachau,UIAA:7,7,UIAA
3820618068,Unbekannt 1,Sport,Austria,Ost,Lavanttaler Alpen,Rachau,UIAA:7,7,UIAA
3820625595,Sommerferien,Sport,Austria,Ost,Lavanttaler Alpen,Rachau,UIAA:4+,4+,UIAA
3820617981,Schulschluß,Sport,Austria,Ost,Lavanttaler Alpen,Rachau,UIAA:4-,4-,UIAA
3820617900,Tintenklecks,Sport,Austria,Ost,Lavanttaler Alpen,Rachau,UIAA:3,3,UIAA
3820617819,1x1,Sport,Austria,Ost,Lavanttaler Alpen,Rachau,UIAA:3,3,UIAA
3820617738,Aufsatz,Sport,Austria,Ost,Lavanttaler Alpen,Rachau,UIAA:4,4,UIAA
3820617657,Lehrer Lämpel,Sport,Austria,Ost,Lavanttaler Alpen,Rachau,UIAA:4,4,UIAA
3820617570,Kindergarten,Sport,Austria,Ost,Lavanttaler Alpen,Rachau,UIAA:4-,4-,UIAA
3820617489,Große Pause,Sport,Austria,Ost,Lavanttaler Alpen,Rachau,UIAA:4,4,UIAA
3820595193,Hausaufgabe,Sport,Austria,Ost,Lavanttaler Alpen,Rachau,UIAA:4,4,UIAA
3820595106,Rampe,Sport,Austria,Ost,Lavanttaler Alpen,Rachau,UIAA:4,4,UIAA
3820595004,Diktat,Sport,Austria,Ost,Lavanttaler Alpen,Rachau,UIAA:5,5,UIAA
3820594881,Schulschwänzer,Sport,Austria,Ost,Lavanttaler Alpen,Rachau,UIAA:6+,6+,UIAA
3820594761,Rissverschneidung,Sport,Austria,Ost,Lavanttaler Alpen,Rachau,UIAA:6+,6+,UIAA
3820594671,Radiergummi,Sport,Austria,Ost,Lavanttaler Alpen,Rachau,UIAA:8,8,UIAA
3820594584,Schulwart,Sport,Austria,Ost,Lavanttaler Alpen,Rachau,UIAA:8,8,UIAA
3820594497,Abschlußzeugnis,Sport,Austria,Ost,Lavanttaler Alpen,Rachau,UIAA:7,7,UIAA
3820594416,Langer Schulweg,Sport,Austria,Ost,Lavanttaler Alpen,Rachau,UIAA:5+,5+,UIAA
3820594329,Kurzer Schulweg,Sport,Austria,Ost,Lavanttaler Alpen,Rachau,UIAA:4,4,UIAA
3219651483,Waldgeisterweg,Sport,Austria,Ost,Lavanttaler Alpen,Kumpfkogel,UIAA:6+,6+,UIAA
3381918831,Schleichkonzert,Sport,Austria,Ost,Lavanttaler Alpen,Dreifaltigkeitsfelsen,{FR} 4b - c,4b,FR
3381918750,Betonknacker,Sport,Austria,Ost,Lavanttaler Alpen,Dreifaltigkeitsfelsen,{FR} 4c,4c,FR
3381918669,Riss Passer,Sport,Austria,Ost,Lavanttaler Alpen,Dreifaltigkeitsfelsen,{FR} 5c,5c,FR
3381918588,Piazza,Sport,Austria,Ost,Lavanttaler Alpen,Dreifaltigkeitsfelsen,{FR} 6a,6a,FR
3381918507,Nur für Nichtraucher,Sport,Austria,Ost,Lavanttaler Alpen,Dreifaltigkeitsfelsen,{FR} 5c,5c,FR
3381918426,Lucky loser,Sport,Austria,Ost,Lavanttaler Alpen,Dreifaltigkeitsfelsen,{FR} 5c,5c,FR
3381918345,Wüstentanz,Sport,Austria,Ost,Lavanttaler Alpen,Dreifaltigkeitsfelsen,{FR} 5b,5b,FR
3381918264,Skywalk,Sport,Austria,Ost,Lavanttaler Alpen,Dreifaltigkeitsfelsen,{FR} 5b,5b,FR
3381918183,Heinzelmännchen,Sport,Austria,Ost,Lavanttaler Alpen,Dreifaltigkeitsfelsen,{FR} 4c,4c,FR
3381918102,Falsches Nashorn,,Austria,Ost,Lavanttaler Alpen,Dreifaltigkeitsfelsen,{FR} 4a - b,4a,FR
3381918021,Varimax,,Austria,Ost,Lavanttaler Alpen,Dreifaltigkeitsfelsen,{FR} 4c,4c,FR
3381917940,New wave,,Austria,Ost,Lavanttaler Alpen,Dreifaltigkeitsfelsen,{FR} 4b,4b,FR
3381917859,Von 0 auf 100,,Austria,Ost,Lavanttaler Alpen,Dreifaltigkeitsfelsen,{FR} 5a,5a,FR
3381917778,La linea di massima pendenza,Sport,Austria,Ost,Lavanttaler Alpen,Dreifaltigkeitsfelsen,{FR} 6a,6a,FR
3381917697,Froschkönig,Sport,Austria,Ost,Lavanttaler Alpen,Dreifaltigkeitsfelsen,{FR} 4b - c,4b,FR
3381917616,Ladykiller,Sport,Austria,Ost,Lavanttaler Alpen,Dreifaltigkeitsfelsen,{FR} 4b - c,4b,FR
3382275648,Zug um Zug,Sport,Austria,Ost,Klettergarten Rabenstein,Sektor Bauch,{FR} 6a+,6a+,FR
3382275561,Terminator,Sport,Austria,Ost,Klettergarten Rabenstein,Sektor Bauch,{FR} 7a,7a,FR
3382275474,Rambo,Sport,Austria,Ost,Klettergarten Rabenstein,Sektor Bauch,{FR} 7a,7a,FR
3382275387,Cordula,Sport,Austria,Ost,Klettergarten Rabenstein,Sektor Bauch,{FR} 5c,5c,FR
3382275300,Augentropfen,Sport,Austria,Ost,Klettergarten Rabenstein,Sektor Bauch,{FR} 5a,5a,FR
3382275213,Familienausflug,Sport,Austria,Ost,Klettergarten Rabenstein,Sektor Bauch,{FR} 5a,5a,FR
3382275126,Der Bauch,Sport,Austria,Ost,Klettergarten Rabenstein,Sektor Bauch,{FR} 5c,5c,FR
3382275039,Gatschpartie,Sport,Austria,Ost,Klettergarten Rabenstein,Sektor Bauch,{FR} 6b+,6b+,FR
3382274952,Das Scheissen der Lämmer,Sport,Austria,Ost,Klettergarten Rabenstein,Sektor Bauch,{FR} 6c+,6c+,FR
3382274865,Das Ende,Sport,Austria,Ost,Klettergarten Rabenstein,Sektor Bauch,{FR} 6a,6a,FR
3382274778,Der Anfang vom Ende,Sport,Austria,Ost,Klettergarten Rabenstein,Sektor Bauch,{FR} 6a+,6a+,FR
3382274691,Die Erste,Sport,Austria,Ost,Klettergarten Rabenstein,Sektor Bauch,{FR} 5c,5c,FR
3382274604,Das Letzte,Sport,Austria,Ost,Klettergarten Rabenstein,Sektor Bauch,{FR} 7c,7c,FR
3382274517,Long Way,Sport,Austria,Ost,Klettergarten Rabenstein,Sektor Bauch,{FR} 6b+,6b+,FR
3382274430,Viper,Sport,Austria,Ost,Klettergarten Rabenstein,Sektor Bauch,{FR} 6a+,6a+,FR
3382274343,Taube Nuss,Sport,Austria,Ost,Klettergarten Rabenstein,Sektor Bauch,{FR} 6c,6c,FR
3382274256,Harte Nuss,Sport,Austria,Ost,Klettergarten Rabenstein,Sektor Bauch,{FR} 6b+,6b+,FR
3382274169,Nüßchen,Sport,Austria,Ost,Klettergarten Rabenstein,Sektor Bauch,{FR} 6b+,6b+,FR
3382274082,Mostschädl,Sport,Austria,Ost,Klettergarten Rabenstein,Sektor Bauch,{FR} 5c,5c,FR
3382264791,Nameless Tower,Sport,Austria,Ost,Klettergarten Rabenstein,Hauptsektor,{FR} 7b,7b,FR
3382264704,Das Tapfere Schneiderlein,Sport,Austria,Ost,Klettergarten Rabenstein,Hauptsektor,{FR} 7a+,7a+,FR
3382264617,Moonwalk,Sport,Austria,Ost,Klettergarten Rabenstein,Hauptsektor,{FR} 8a,8a,FR
3382264530,Variante P.,Sport,Austria,Ost,Klettergarten Rabenstein,Hauptsektor,{FR} 6a,6a,FR
3382264443,Eierlikör oder Frucade?,Sport,Austria,Ost,Klettergarten Rabenstein,Hauptsektor,{FR} 6c+,6c+,FR
3382264356,Krahnest,Sport,Austria,Ost,Klettergarten Rabenstein,Hauptsektor,{FR} 7a+,7a+,FR
3382264269,Indian Summer,Sport,Austria,Ost,Klettergarten Rabenstein,Hauptsektor,{FR} 6c+,6c+,FR
3382264182,Rucki Zucki,Sport,Austria,Ost,Klettergarten Rabenstein,Hauptsektor,{FR} 5b,5b,FR
3382264095,Cold Finger Verlängerung,Sport,Austria,Ost,Klettergarten Rabenstein,Hauptsektor,{FR} 7b+,7b+,FR
3382264008,Cold Finger,Sport,Austria,Ost,Klettergarten Rabenstein,Hauptsektor,{FR} 5c,5c,FR
3382263849,Rolling-Verlängerung,Sport,Austria,Ost,Klettergarten Rabenstein,Hauptsektor,{FR} 7b,7b,FR
3382263762,Rolling like a falling stone,Sport,Austria,Ost,Klettergarten Rabenstein,Hauptsektor,{FR} 7a+,7a+,FR
3382263675,Aufzug,Sport,Austria,Ost,Klettergarten Rabenstein,Hauptsektor,{FR} 4c,4c,FR
3382263588,10. Oktober,Sport,Austria,Ost,Klettergarten Rabenstein,Hauptsektor,{FR} 7b+,7b+,FR
3382263501,Gschrapeitl,Sport,Austria,Ost,Klettergarten Rabenstein,Hauptsektor,{FR} 6c+,6c+,FR
3382263414,Rampe,Sport,Austria,Ost,Klettergarten Rabenstein,Hauptsektor,{FR} 4c,4c,FR
3382226649,Traumtänzer,Sport,Austria,Ost,Klettergarten Rabenstein,Hauptsektor,{FR} 6c+,6c+,FR
3382226562,Direkter Traumpfeiler,Sport,Austria,Ost,Klettergarten Rabenstein,Hauptsektor,{FR} 7a+,7a+,FR
3382226475,Traumpfeiler,Sport,Austria,Ost,Klettergarten Rabenstein,Hauptsektor,{FR} 6c+,6c+,FR
3382226388,Schlangenriss,Sport,Austria,Ost,Klettergarten Rabenstein,Hauptsektor,{FR} 5a,5a,FR
3382226301,Güllich,Sport,Austria,Ost,Klettergarten Rabenstein,Hauptsektor,{FR} 8a,8a,FR
3382226214,Moritz,Sport,Austria,Ost,Klettergarten Rabenstein,Hauptsektor,{FR} 6a+,6a+,FR
3382226055,Max,Sport,Austria,Ost,Klettergarten Rabenstein,Hauptsektor,{FR} 6a+,6a+,FR
3382225968,Arthos,Sport,Austria,Ost,Klettergarten Rabenstein,Hauptsektor,{FR} 6a,6a,FR
3382225809,Parthos,Sport,Austria,Ost,Klettergarten Rabenstein,Hauptsektor,{FR} 5c,5c,FR
3382225722,Aramis,Sport,Austria,Ost,Klettergarten Rabenstein,Hauptsektor,{FR} 6a,6a,FR
3382225635,Eulenriss,Sport,Austria,Ost,Klettergarten Rabenstein,Hauptsektor,{FR} 6a+,6a+,FR
3382225548,Stranger in the dark,Sport,Austria,Ost,Klettergarten Rabenstein,Hauptsektor,{FR} 7a,7a,FR
3382225461,Sternenstaub,Sport,Austria,Ost,Klettergarten Rabenstein,Hauptsektor,{FR} 6c,6c,FR
3382225374,Däumling,Sport,Austria,Ost,Klettergarten Rabenstein,Hauptsektor,{FR} 5a,5a,FR
3382225287,Schneewittchen,Sport,Austria,Ost,Klettergarten Rabenstein,Hauptsektor,{FR} 3c,3c,FR
3382225200,Haben fertig,Sport,Austria,Ost,Klettergarten Rabenstein,Hauptsektor,{FR} 7a,7a,FR
3382131414,Dornröschen,Sport,Austria,Ost,Klettergarten Rabenstein,Hauptsektor,{FR} 4c,4c,FR
3382131327,Damenwahl,Sport,Austria,Ost,Klettergarten Rabenstein,Hauptsektor,{FR} 4c,4c,FR
3382131240,Sechsplus mit 50,Sport,Austria,Ost,Klettergarten Rabenstein,Hauptsektor,{FR} 6a+,6a+,FR
3382131153,Schwanzlos,Sport,Austria,Ost,Klettergarten Rabenstein,Hauptsektor,{FR} 6a+,6a+,FR
3382131066,Grapsch,Sport,Austria,Ost,Klettergarten Rabenstein,Hauptsektor,{FR} 7a,7a,FR
3382130979,Cliffhänger,Sport,Austria,Ost,Klettergarten Rabenstein,Hauptsektor,{FR} 7a+,7a+,FR
3382130892,Direkter Cliffhänger,Sport,Austria,Ost,Klettergarten Rabenstein,Hauptsektor,{FR} 7b,7b,FR
3382130805,Untergriff,Sport,Austria,Ost,Klettergarten Rabenstein,Hauptsektor,{FR} 7a+,7a+,FR
3382130718,Isonzo,Sport,Austria,Ost,Klettergarten Rabenstein,Hauptsektor,{FR} 6b,6b,FR
3382130631,Fingerhut,Sport,Austria,Ost,Klettergarten Rabenstein,Hauptsektor,{FR} 7b+,7b+,FR
3382130544,Beißzange,Sport,Austria,Ost,Klettergarten Rabenstein,Hauptsektor,{FR} 7c,7c,FR
3382130457,Sparefroh,Sport,Austria,Ost,Klettergarten Rabenstein,Hauptsektor,{FR} 6c,6c,FR
3382130370,AMS,Sport,Austria,Ost,Klettergarten Rabenstein,Hauptsektor,{FR} 6b+,6b+,FR
3382130211,Pracker,Sport,Austria,Ost,Klettergarten Rabenstein,Hauptsektor,{FR} 5c,5c,FR
3382130124,In da Sunnaseitn,Sport,Austria,Ost,Klettergarten Rabenstein,Hauptsektor,{FR} 5c,5c,FR
3378496527,Seppl,Sport,Austria,Ost,Klettergarten Offner-Felsen,Seppl,UIAA:4+,4+,UIAA
3378496440,Schurke,Sport,Austria,Ost,Klettergarten Offner-Felsen,Seppl,UIAA:5,5,UIAA
3378496353,Kalte Sophie,Sport,Austria,Ost,Klettergarten Offner-Felsen,Seppl,UIAA:4,4,UIAA
3378496266,Rampe,Sport,Austria,Ost,Klettergarten Offner-Felsen,Seppl,UIAA:3-,3-,UIAA
3378496179,Benjamin,Sport,Austria,Ost,Klettergarten Offner-Felsen,Seppl,UIAA:6+,6+,UIAA
3378496092,Mythos,Sport,Austria,Ost,Klettergarten Offner-Felsen,Seppl,UIAA:4+,4+,UIAA
3378496005,Softy,Sport,Austria,Ost,Klettergarten Offner-Felsen,Seppl,UIAA:3,3,UIAA
3378510363,Livi,Sport,Austria,Ost,Klettergarten Offner-Felsen,Rambo,UIAA:4,4,UIAA
3378510276,AV-Pfeiler,Sport,Austria,Ost,Klettergarten Offner-Felsen,Rambo,UIAA:4+,4+,UIAA
3378510189,Zwischendurch,Sport,Austria,Ost,Klettergarten Offner-Felsen,Rambo,UIAA:4+/5-,4+,UIAA
3378510102,St. Pauli,Sport,Austria,Ost,Klettergarten Offner-Felsen,Rambo,UIAA:4-/4,4-,UIAA
3378510015,Via Grappa,Sport,Austria,Ost,Klettergarten Offner-Felsen,Rambo,UIAA:5,5,UIAA
3378509928,Rambo,Sport,Austria,Ost,Klettergarten Offner-Felsen,Rambo,UIAA:8+,8+,UIAA
3378509841,Slick Rock,Sport,Austria,Ost,Klettergarten Offner-Felsen,Rambo,UIAA:7,7,UIAA
3378509754,Elena,Sport,Austria,Ost,Klettergarten Offner-Felsen,Rambo,UIAA:7+,7+,UIAA
3378509667,Via Ginschi,Sport,Austria,Ost,Klettergarten Offner-Felsen,Rambo,UIAA:5,5,UIAA
3378509580,Nonplusultra,Sport,Austria,Ost,Klettergarten Offner-Felsen,Rambo,UIAA:6+,6+,UIAA
3378509493,Condor,Sport,Austria,Ost,Klettergarten Offner-Felsen,Rambo,UIAA:7+,7+,UIAA
3378509406,Radiergummi,Sport,Austria,Ost,Klettergarten Offner-Felsen,Rambo,UIAA:7-,7-,UIAA
3378509319,Alf,Sport,Austria,Ost,Klettergarten Offner-Felsen,Rambo,UIAA:5,5,UIAA
3378509232,Willi,Sport,Austria,Ost,Klettergarten Offner-Felsen,Rambo,UIAA:4+,4+,UIAA
3378521676,Sarah,Sport,Austria,Ost,Klettergarten Offner-Felsen,Luki,UIAA:3+,3+,UIAA
3378521589,Bambini,Sport,Austria,Ost,Klettergarten Offner-Felsen,Luki,UIAA:3,3,UIAA
3378521502,Steiramadl,Sport,Austria,Ost,Klettergarten Offner-Felsen,Luki,UIAA:4+,4+,UIAA
3378521415,Luki,Sport,Austria,Ost,Klettergarten Offner-Felsen,Luki,UIAA:5,5,UIAA
3378521328,Steirabua,Sport,Austria,Ost,Klettergarten Offner-Felsen,Luki,UIAA:4+,4+,UIAA
3378602250,Diretta,Sport,Austria,Ost,Klettergarten Offner-Felsen,Diablo,UIAA:6+,6+,UIAA
3378602163,Silberplatte,,Austria,Ost,Klettergarten Offner-Felsen,Diablo,UIAA:6-,6-,UIAA
3378602076,Gostulna,,Austria,Ost,Klettergarten Offner-Felsen,Diablo,UIAA:5-,5-,UIAA
3378601989,Tom,,Austria,Ost,Klettergarten Offner-Felsen,Diablo,UIAA:5+,5+,UIAA
3378601902,El Diablo,,Austria,Ost,Klettergarten Offner-Felsen,Diablo,UIAA:6+,6+,UIAA
3378601815,Aufizua,Sport,Austria,Ost,Klettergarten Offner-Felsen,Diablo,UIAA:5,5,UIAA
3378601728,Der Riss,Sport,Austria,Ost,Klettergarten Offner-Felsen,Diablo,UIAA:7,7,UIAA
3759295080,Zeltweger Dachl,Sport,Austria,Ost,Eppenstein,Zeltweger Dachl,UIAA:7,7,UIAA
3759296970,Lochführe,Sport,Austria,Ost,Eppenstein,Zeltweger Dachl,UIAA:7+,7+,UIAA
3759293652,Plattentango,Sport,Austria,Ost,Eppenstein,Zeltweger Dachl,UIAA:6+,6+,UIAA
3759291132,LDK,Sport,Austria,Ost,Eppenstein,Zeltweger Dachl,UIAA:5+,5+,UIAA
3759291357,Schlosserplatte,Sport,Austria,Ost,Eppenstein,Zeltweger Dachl,UIAA:5+,5+,UIAA
3759295359,Bataki,Sport,Austria,Ost,Eppenstein,Zeltweger Dachl,UIAA:7,7,UIAA
3825420519,Henkelgalerie,Sport,Austria,Ost,Eppenstein,Zeltweger Dachl,FR:4c+,4c+,FR
3759290232,Putzteufel,Sport,Austria,Ost,Eppenstein,Zeltweger Dachl,UIAA:4+,4+,UIAA
3759294777,Larifari,Sport,Austria,Ost,Eppenstein,Zeltweger Dachl,UIAA:7-,7-,UIAA
3759293070,Ali Baba,Sport,Austria,Ost,Eppenstein,Zeltweger Dachl,UIAA:6+,6+,UIAA
3759297267,Der rosarote Panther,Sport,Austria,Ost,Eppenstein,Zeltweger Dachl,UIAA:7+,7+,UIAA
3759298404,Traumtänzer,Sport,Austria,Ost,Eppenstein,Zeltweger Dachl,UIAA:8,8,UIAA
3759294327,Flilou,Sport,Austria,Ost,Eppenstein,Zeltweger Dachl,UIAA:7-,7-,UIAA
3759298731,Gameboy,Sport,Austria,Ost,Eppenstein,Zeltweger Dachl,UIAA:8+,8+,UIAA
3759298980,Gastspiel,Sport,Austria,Ost,Eppenstein,Zeltweger Dachl,UIAA:8+,8+,UIAA
3759295584,Piazriss,Sport,Austria,Ost,Eppenstein,Zeltweger Dachl,UIAA:7,7,UIAA
3759301203,Samba,Sport,Austria,Ost,Eppenstein,Zeltweger Dachl,UIAA:9-,9-,UIAA
3759297723,Revisor,Sport,Austria,Ost,Eppenstein,Zeltweger Dachl,UIAA:8,8,UIAA
3759300117,Triamisu,Sport,Austria,Ost,Eppenstein,Zeltweger Dachl,UIAA:9-,9-,UIAA
3759296265,Libero,Sport,Austria,Ost,Eppenstein,Zeltweger Dachl,UIAA:7+,7+,UIAA
3759303366,Stromfresser,Sport,Austria,Ost,Eppenstein,Gladiator,UIAA:10-,10-,UIAA
3759303141,Jackpot,Sport,Austria,Ost,Eppenstein,Gladiator,UIAA:9+,9+,UIAA
3759302916,Masochist,Sport,Austria,Ost,Eppenstein,Gladiator,UIAA:9+,9+,UIAA
3759302691,Bohrtum,Sport,Austria,Ost,Eppenstein,Gladiator,UIAA:9+,9+,UIAA
3759302466,Superzumpl,Sport,Austria,Ost,Eppenstein,Gladiator,UIAA:9+,9+,UIAA
3759302235,Fuck the law,Sport,Austria,Ost,Eppenstein,Gladiator,UIAA:9,9,UIAA
3759301884,Kraftbarometer,Sport,Austria,Ost,Eppenstein,Gladiator,UIAA:9,9,UIAA
3759301653,Null Problemo,Sport,Austria,Ost,Eppenstein,Gladiator,UIAA:9,9,UIAA
3759300960,Feierl Franz Seine,Sport,Austria,Ost,Eppenstein,Gladiator,UIAA:9-,9-,UIAA
3759300729,Kraftbarometer Ausstieg,Sport,Austria,Ost,Eppenstein,Gladiator,UIAA:9-,9-,UIAA
3759300459,Bohrturm Einstieg,Sport,Austria,Ost,Eppenstein,Gladiator,{FR} 7b,7b,FR
5991399405,F.E.,Sport,Austria,Ost,Eppenstein,Gladiator,FR:7a+,7a+,FR
3759299430,Phönix,Sport,Austria,Ost,Eppenstein,Gladiator,UIAA:8+,8+,UIAA
3759301428,Choleriker,Sport,Austria,Ost,Eppenstein,Gladiator,UIAA:9-,9-,UIAA
3759299892,Gladiator,Sport,Austria,Ost,Eppenstein,Gladiator,UIAA:8+,8+,UIAA
3759290682,Luftikus,Sport,Austria,Ost,Eppenstein,Gladiator,UIAA:5,5,UIAA
3759288405,13,Sport,Austria,Ost,Eppenstein,Steinbruch,UIAA:4,4,UIAA
3759288174,12,Sport,Austria,Ost,Eppenstein,Steinbruch,UIAA:6-,6-,UIAA
3759287943,11,Sport,Austria,Ost,Eppenstein,Steinbruch,UIAA:4+,4+,UIAA
3759287718,10,Sport,Austria,Ost,Eppenstein,Steinbruch,UIAA:3+,3+,UIAA
3759287493,9,Sport,Austria,Ost,Eppenstein,Steinbruch,UIAA:5+,5+,UIAA
3759287268,8,Sport,Austria,Ost,Eppenstein,Steinbruch,UIAA:6-,6-,UIAA
3759287037,7,Sport,Austria,Ost,Eppenstein,Steinbruch,UIAA:4+,4+,UIAA
3759286806,6,Sport,Austria,Ost,Eppenstein,Steinbruch,UIAA:6-,6-,UIAA
3759286575,5,Sport,Austria,Ost,Eppenstein,Steinbruch,UIAA:5+,5+,UIAA
3759286344,4,Sport,Austria,Ost,Eppenstein,Steinbruch,UIAA:4+,4+,UIAA
3759286119,3,Sport,Austria,Ost,Eppenstein,Steinbruch,UIAA:4+,4+,UIAA
3759285894,2,Sport,Austria,Ost,Eppenstein,Steinbruch,UIAA:4+,4+,UIAA
3759285669,1,Sport,Austria,Ost,Eppenstein,Steinbruch,UIAA:4,4,UIAA
3759299655,Hart aber Herzlich,Sport,Austria,Ost,Eppenstein,Unsortierte Routen,UIAA:8+,8+,UIAA
3759299205,Hotspot,Sport,Austria,Ost,Eppenstein,Unsortierte Routen,UIAA:8+,8+,UIAA
3759298179,Dynamödge,Sport,Austria,Ost,Eppenstein,Unsortierte Routen,UIAA:8,8,UIAA
3759297948,Atlantis direkt,Sport,Austria,Ost,Eppenstein,Unsortierte Routen,UIAA:8,8,UIAA
3759297498,Atlantis,Sport,Austria,Ost,Eppenstein,Unsortierte Routen,UIAA:8-,8-,UIAA
3759296523,Fixtrix,Sport,Austria,Ost,Eppenstein,Unsortierte Routen,UIAA:7+,7+,UIAA
3759296040,Burgriss,Sport,Austria,Ost,Eppenstein,Unsortierte Routen,UIAA:7,7,UIAA
3759295809,Die Rote,Sport,Austria,Ost,Eppenstein,Unsortierte Routen,UIAA:7,7,UIAA
3759294552,Copyright,Sport,Austria,Ost,Eppenstein,Unsortierte Routen,UIAA:7-,7-,UIAA
3759294102,Miniflip,Sport,Austria,Ost,Eppenstein,Unsortierte Routen,UIAA:7-,7-,UIAA
3759293877,Gaudimax,Sport,Austria,Ost,Eppenstein,Unsortierte Routen,UIAA:6+,6+,UIAA
3759293412,Krampenriss,Sport,Austria,Ost,Eppenstein,Unsortierte Routen,UIAA:6+,6+,UIAA
3759292839,Geir Sturzflug,Sport,Austria,Ost,Eppenstein,Unsortierte Routen,UIAA:6+,6+,UIAA
3759292614,Klabautermann,Sport,Austria,Ost,Eppenstein,Unsortierte Routen,UIAA:6+,6+,UIAA
3759292389,Schabernack,Sport,Austria,Ost,Eppenstein,Unsortierte Routen,UIAA:6-,6-,UIAA
3759292158,Zug um Zug,Sport,Austria,Ost,Eppenstein,Unsortierte Routen,UIAA:6-,6-,UIAA
3759291933,Rechtsaußen,Sport,Austria,Ost,Eppenstein,Unsortierte Routen,UIAA:6-,6-,UIAA
3759291681,Ypsilonriss,Sport,Austria,Ost,Eppenstein,Unsortierte Routen,UIAA:5+,5+,UIAA
3759290907,Neue,Sport,Austria,Ost,Eppenstein,Unsortierte Routen,UIAA:5,5,UIAA
3759290457,Gregoritsch,Sport,Austria,Ost,Eppenstein,Unsortierte Routen,UIAA:5,5,UIAA
3759289917,Gamsführe,Sport,Austria,Ost,Eppenstein,Unsortierte Routen,UIAA:4+,4+,UIAA
3759289494,Dradiwabler,Sport,Austria,Ost,Eppenstein,Unsortierte Routen,UIAA:4+,4+,UIAA
3759289269,Heckmeck,Sport,Austria,Ost,Eppenstein,Unsortierte Routen,UIAA:4+,4+,UIAA
3759289044,Hurdiwudri,Sport,Austria,Ost,Eppenstein,Unsortierte Routen,UIAA:3,3,UIAA
3759288819,Krambambuli,Sport,Austria,Ost,Eppenstein,Unsortierte Routen,UIAA:3,3,UIAA
6086435985,Bachlsitzer,Boulder,Austria,Ost,Zirbitzkogel,Unterer Winterleitenblock 2. See,{FB} 6B+,6B+,FB
6086435892,Mooskante,Boulder,Austria,Ost,Zirbitzkogel,Unterer Winterleitenblock 2. See,{FB} 5B,5B,FB
6086435799,Zirberl,Boulder,Austria,Ost,Zirbitzkogel,Unterer Winterleitenblock 2. See,{FB} 6A,6A,FB
6086408871,Erlenstreifer,Boulder,Austria,Ost,Zirbitzkogel,Oberer Winterleitenblock 2. See,{FB} 6A,6A,FB
6086408748,Bandlreißer,Boulder,Austria,Ost,Zirbitzkogel,Oberer Winterleitenblock 2. See,{FB} 6A+,6A+,FB
6086408649,EPI var.,Boulder,Austria,Ost,Zirbitzkogel,Oberer Winterleitenblock 2. See,{FB} 5C,5C,FB
6086408550,EPI,Boulder,Austria,Ost,Zirbitzkogel,Oberer Winterleitenblock 2. See,{FB} 6A,6A,FB
6086408442,Leistenschleicher,Boulder,Austria,Ost,Zirbitzkogel,Oberer Winterleitenblock 2. See,{FB} 5A,5A,FB
6086408346,Gwiax,Boulder,Austria,Ost,Zirbitzkogel,Oberer Winterleitenblock 2. See,{FB} 5A,5A,FB
6086408253,Shorty,Boulder,Austria,Ost,Zirbitzkogel,Oberer Winterleitenblock 2. See,{FB} 5C,5C,FB
6086408160,Die Kante,Boulder,Austria,Ost,Zirbitzkogel,Oberer Winterleitenblock 2. See,{FB} 5C,5C,FB
4180849869,Kleiner Finger,Sport,Austria,Ost,Lavanttaler Alpen,Hinterlobming - Höllwandschläge,UIAA:6+,6+,UIAA
4180849788,Ringfinger,Sport,Austria,Ost,Lavanttaler Alpen,Hinterlobming - Höllwandschläge,UIAA:8+,8+,UIAA
4180849641,Zeigefinger,Sport,Austria,Ost,Lavanttaler Alpen,Hinterlobming - Höllwandschläge,UIAA:7+,7+,UIAA
4180849560,Daumen,Sport,Austria,Ost,Lavanttaler Alpen,Hinterlobming - Höllwandschläge,UIAA:7,7,UIAA
4180845048,Blinddarm,Sport,Austria,Ost,Lavanttaler Alpen,Hinterlobming - Höllwandschläge,UIAA:7-,7-,UIAA
4180844967,Dünndarm,Sport,Austria,Ost,Lavanttaler Alpen,Hinterlobming - Höllwandschläge,UIAA:4,4,UIAA
4180844886,Dickdarm,Sport,Austria,Ost,Lavanttaler Alpen,Hinterlobming - Höllwandschläge,UIAA:7-,7-,UIAA
4180844805,Lepra,Sport,Austria,Ost,Lavanttaler Alpen,Hinterlobming - Höllwandschläge,UIAA:8-,8-,UIAA
4180844724,Höllwandweg,Sport,Austria,Ost,Lavanttaler Alpen,Hinterlobming - Höllwandschläge,UIAA:4,4,UIAA
4180844643,Rechts oder links,,Austria,Ost,Lavanttaler Alpen,Hinterlobming - Höllwandschläge,UIAA:7,7,UIAA
4184480181,Route 3,,Austria,Ost,Lavanttaler Alpen,Kriegerdenkmal,UIAA:3,3,UIAA
4184479314,Route 2,,Austria,Ost,Lavanttaler Alpen,Kriegerdenkmal,UIAA:3,3,UIAA
4184478273,Route 1,,Austria,Ost,Lavanttaler Alpen,Kriegerdenkmal,UIAA:3,3,UIAA
926457324,Obere Querung,Sport,Austria,Ost,Lavanttaler Alpen,Häuselberg Leoben,UIAA:3,3,UIAA
926457237,Für die Mädis,Sport,Austria,Ost,Lavanttaler Alpen,Häuselberg Leoben,UIAA:7,7,UIAA
926457150,Eroscenter rechts,Sport,Austria,Ost,Lavanttaler Alpen,Häuselberg Leoben,UIAA:6,6,UIAA
926457063,Eroscenter mitte,Sport,Austria,Ost,Lavanttaler Alpen,Häuselberg Leoben,UIAA:5,5,UIAA
926456976,Eroscenter links,Sport,Austria,Ost,Lavanttaler Alpen,Häuselberg Leoben,UIAA:5,5,UIAA
926456889,Zebra,Sport,Austria,Ost,Lavanttaler Alpen,Häuselberg Leoben,UIAA:7,7,UIAA
926456802,Unbekannt 7,Sport,Austria,Ost,Lavanttaler Alpen,Häuselberg Leoben,UIAA:6,6,UIAA
926456715,Unbekannt 6,Sport,Austria,Ost,Lavanttaler Alpen,Häuselberg Leoben,UIAA:7-,7-,UIAA
926456628,Obere Rampe,Sport,Austria,Ost,Lavanttaler Alpen,Häuselberg Leoben,UIAA:4,4,UIAA
926452728,Eichenbaumweg,Sport,Austria,Ost,Lavanttaler Alpen,Häuselberg Leoben,UIAA:5,5,UIAA
926452641,Sahib und Simba,Sport,Austria,Ost,Lavanttaler Alpen,Häuselberg Leoben,UIAA:7+,7+,UIAA
926452554,Verlängerung,Sport,Austria,Ost,Lavanttaler Alpen,Häuselberg Leoben,UIAA:5+,5+,UIAA
926452467,Unbekannt 5,Sport,Austria,Ost,Lavanttaler Alpen,Häuselberg Leoben,UIAA:7+,7+,UIAA
926452380,Plattenspieler,Sport,Austria,Ost,Lavanttaler Alpen,Häuselberg Leoben,UIAA:7,7,UIAA
926452293,Unbekannt 4,Sport,Austria,Ost,Lavanttaler Alpen,Häuselberg Leoben,UIAA:7,7,UIAA
926452206,Unbekannt 3,Sport,Austria,Ost,Lavanttaler Alpen,Häuselberg Leoben,UIAA:3 - 4,3,UIAA
926452119,Unbekannt 2,Sport,Austria,Ost,Lavanttaler Alpen,Häuselberg Leoben,UIAA:4,4,UIAA
926452032,Verschneidung,Sport,Austria,Ost,Lavanttaler Alpen,Häuselberg Leoben,UIAA:7-,7-,UIAA
926451945,Nightmare,Sport,Austria,Ost,Lavanttaler Alpen,Häuselberg Leoben,UIAA:8-,8-,UIAA
926443857,Proleberweg,Sport,Austria,Ost,Lavanttaler Alpen,Häuselberg Leoben,UIAA:7,7,UIAA
926451198,Unbekannt 1,Sport,Austria,Ost,Lavanttaler Alpen,Häuselberg Leoben,UIAA:6,6,UIAA
926443770,3 Meter Riss,Sport,Austria,Ost,Lavanttaler Alpen,Häuselberg Leoben,UIAA:6,6,UIAA
926443683,2 hard 2 die,Sport,Austria,Ost,Lavanttaler Alpen,Häuselberg Leoben,UIAA:7+,7+,UIAA
926443596,Drachentöter Kante,Sport,Austria,Ost,Lavanttaler Alpen,Häuselberg Leoben,UIAA:7-,7-,UIAA
926443509,Schliaf Kamin,Sport,Austria,Ost,Lavanttaler Alpen,Häuselberg Leoben,UIAA:3,3,UIAA
926443422,Trofaiacher Pfeiler,Sport,Austria,Ost,Lavanttaler Alpen,Häuselberg Leoben,UIAA:7,7,UIAA
926443335,Sehnsucht,Sport,Austria,Ost,Lavanttaler Alpen,Häuselberg Leoben,UIAA:6,6,UIAA
926443248,VIP,Sport,Austria,Ost,Lavanttaler Alpen,Häuselberg Leoben,UIAA:6-,6-,UIAA
926443161,Höhlenweg,Sport,Austria,Ost,Lavanttaler Alpen,Häuselberg Leoben,UIAA:4,4,UIAA
926443074,Und nun?,Sport,Austria,Ost,Lavanttaler Alpen,Häuselberg Leoben,UIAA:5+,5+,UIAA
926442987,Na und?,Sport,Austria,Ost,Lavanttaler Alpen,Häuselberg Leoben,UIAA:4,4,UIAA
926442900,Schmalz brutal,Sport,Austria,Ost,Lavanttaler Alpen,Häuselberg Leoben,UIAA:7+,7+,UIAA
926442813,Schmalzbrot,Sport,Austria,Ost,Lavanttaler Alpen,Häuselberg Leoben,UIAA:7,7,UIAA
926442726,Schmalzriss,Sport,Austria,Ost,Lavanttaler Alpen,Häuselberg Leoben,UIAA:6+,6+,UIAA
926442519,Mozartriss,Sport,Austria,Ost,Lavanttaler Alpen,Häuselberg Leoben,UIAA:6,6,UIAA
926442432,Gösser Spezial,Sport,Austria,Ost,Lavanttaler Alpen,Häuselberg Leoben,UIAA:7+,7+,UIAA
926442345,Schreibmaschin',Sport,Austria,Ost,Lavanttaler Alpen,Häuselberg Leoben,UIAA:7,7,UIAA
926442258,Hinterbergerweg,Sport,Austria,Ost,Lavanttaler Alpen,Häuselberg Leoben,UIAA:6,6,UIAA
926435730,Sauschneider,Sport,Austria,Ost,Lavanttaler Alpen,Häuselberg Leoben,UIAA:7,7,UIAA
926435643,Weg der Freunde,Sport,Austria,Ost,Lavanttaler Alpen,Häuselberg Leoben,UIAA:7,7,UIAA
3692359599,The Stupidity of a Summerdream Revolution,Sport,Austria,Ost,Lavanttaler Alpen,Häuselberg Leoben,UIAA:7,7,UIAA
926435556,Kamin,Sport,Austria,Ost,Lavanttaler Alpen,Häuselberg Leoben,UIAA:3,3,UIAA
926435469,Albatross,Sport,Austria,Ost,Lavanttaler Alpen,Häuselberg Leoben,UIAA:9,9,UIAA
926435292,Bärenbrüder,Sport,Austria,Ost,Lavanttaler Alpen,Häuselberg Leoben,UIAA:9,9,UIAA
926435379,Zentralfriedhof,Sport,Austria,Ost,Lavanttaler Alpen,Häuselberg Leoben,UIAA:9-,9-,UIAA
7009587162,Zentralgeist,Sport,Austria,Ost,Lavanttaler Alpen,Häuselberg Leoben,UIAA:9-,9-,UIAA
926435205,Poltergeist,Sport,Austria,Ost,Lavanttaler Alpen,Häuselberg Leoben,UIAA:9,9,UIAA
926435118,Gedenktafelweg rechts,Sport,Austria,Ost,Lavanttaler Alpen,Häuselberg Leoben,UIAA:4,4,UIAA
926435031,Gedenktafelweg mitte,Sport,Austria,Ost,Lavanttaler Alpen,Häuselberg Leoben,UIAA:5,5,UIAA
926434944,Gedenktafelweg links,Sport,Austria,Ost,Lavanttaler Alpen,Häuselberg Leoben,UIAA:5,5,UIAA
4194414234,Urin stinkt,Sport,Austria,Ost,Pampichler Warte,Links,UIAA:9,9,UIAA
4194414147,Jackass,Sport,Austria,Ost,Pampichler Warte,Links,UIAA:8-,8-,UIAA
4194414060,Matrix,Sport,Austria,Ost,Pampichler Warte,Links,UIAA:8-,8-,UIAA
4194435414,Route 2,Sport,Austria,Ost,Pampichler Warte,Links,UIAA:6+,6+,UIAA
4194434256,Route 1,Sport,Austria,Ost,Pampichler Warte,Links,UIAA:5,5,UIAA
4194441393,Hegü,Sport,Austria,Ost,Pampichler Warte,Links,UIAA:7+,7+,UIAA
4194406056,Kücken,Sport,Austria,Ost,Pampichler Warte,Links,UIAA:8,8,UIAA
4194405969,Schaumrücken,Sport,Austria,Ost,Pampichler Warte,Links,UIAA:7+,7+,UIAA
4184455725,Route 8,Sport,Austria,Ost,Pampichler Warte,Rechts,UIAA:4+,4+,UIAA
4184455644,Route 7,Sport,Austria,Ost,Pampichler Warte,Rechts,UIAA:6,6,UIAA
4184455563,Route 6,Sport,Austria,Ost,Pampichler Warte,Rechts,UIAA:7-,7-,UIAA
4184455482,Route 5,Sport,Austria,Ost,Pampichler Warte,Rechts,UIAA:7-,7-,UIAA
4184455401,Route 4,Sport,Austria,Ost,Pampichler Warte,Rechts,UIAA:7,7,UIAA
4184455320,Route 3,Sport,Austria,Ost,Pampichler Warte,Rechts,UIAA:7,7,UIAA
4184455239,Route 2,Sport,Austria,Ost,Pampichler Warte,Rechts,UIAA:7+/8-,7+,UIAA
4184455152,Zorz de la Zangerl,Sport,Austria,Ost,Pampichler Warte,Rechts,UIAA:8-,8-,UIAA
958175310,Pack verträgt sich,Top rope,Austria,Ost,Ofenfelsen Edelschrott,Gerhardfelsen,UIAA:4+,4+,UIAA
958175175,Pack schlägt sich,Top rope,Austria,Ost,Ofenfelsen Edelschrott,Gerhardfelsen,UIAA:5-,5-,UIAA
958175058,Mit Sack und Pack,Top rope,Austria,Ost,Ofenfelsen Edelschrott,Gerhardfelsen,UIAA:4-,4-,UIAA
958174923,Der Frosch,Top rope,Austria,Ost,Ofenfelsen Edelschrott,Gerhardfelsen,UIAA:5-,5-,UIAA
4658764860,Die glorreichen Sieben,Boulder,Austria,Ost,Ligist,Block 7,{FB} 6B+,6B+,FB
4658764767,Das dreckige Dutzend,Boulder,Austria,Ost,Ligist,Block 7,{FB} 6A,6A,FB
4658761320,"Blonde, Bad and Beautiful",Boulder,Austria,Ost,Ligist,Block 6,{FB} 6A+,6A+,FB
4658761227,Fleisch ist mein Gemüse,Boulder,Austria,Ost,Ligist,Block 6,{FB} 6C,6C,FB
4658761134,Knöchelbrecher,Boulder,Austria,Ost,Ligist,Block 6,{FB} 6B+,6B+,FB
4658761041,Happy Tree Friends,Boulder,Austria,Ost,Ligist,Block 6,{FB} 7A,7A,FB
4658756004,Vorsprung durch Technik,Boulder,Austria,Ost,Ligist,Block 5,{FB} 6A,6A,FB
4658755911,Rice on,Boulder,Austria,Ost,Ligist,Block 5,{FB} 6A,6A,FB
4658750853,Shitty Panzz,Boulder,Austria,Ost,Ligist,Block 4,{FB} 6A,6A,FB
4658750760,Die Schweine der Verzweiflung,Boulder,Austria,Ost,Ligist,Block 4,{FB} 6C+,6C+,FB
4658750667,Easy Living,Boulder,Austria,Ost,Ligist,Block 4,{FB} 5C,5C,FB
4658742114,Die Rückkehr der Jedi Ritter - sissy exit,Boulder,Austria,Ost,Ligist,Block 2,{FB} 6C,6C,FB
4658742021,Die Rückkehr der Jedi Ritter,Boulder,Austria,Ost,Ligist,Block 2,{FB} 7A,7A,FB
4658741928,Das Imperium schlägt zurück,Boulder,Austria,Ost,Ligist,Block 2,{FB} 6B,6B,FB
4658741835,Todessternkante,Boulder,Austria,Ost,Ligist,Block 2,{FB} 6A,6A,FB
4658739939,Blaubeerlicht,Boulder,Austria,Ost,Ligist,Block 1,{FB} 5A,5A,FB
4658739846,Spacekrapfn,Boulder,Austria,Ost,Ligist,Block 1,{FB} 5C,5C,FB
4658738745,Cyberstrudel,Boulder,Austria,Ost,Ligist,Block 1,{FB} 5A,5A,FB
4658737725,Auch ein blindes Huhn findet mal ein Korn,Boulder,Austria,Ost,Ligist,Block 0,{FB} FB_ALT:4,FB,FB
3317444331,Etagenweg,Sport,Austria,Ost,Ligist,Pfützentrip,UIAA:4-,4-,UIAA
3317444244,0 + 0 - Riss,Sport,Austria,Ost,Ligist,Pfützentrip,UIAA:6-,6-,UIAA
3317444151,Rampe-DG,Sport,Austria,Ost,Ligist,Pfützentrip,UIAA:4,4,UIAA
3317444064,Pfützentrip,Sport,Austria,Ost,Ligist,Pfützentrip,UIAA:5+/6-,5+,UIAA
4691139582,Rampe,Sport,Austria,Ost,Ligist,Pfützentrip,UIAA:2,2,UIAA
3317453658,S-Kante,Sport,Austria,Ost,Ligist,Gripmaster,UIAA:5-,5-,UIAA
3317453571,Der Platz an der Sonne,Sport,Austria,Ost,Ligist,Gripmaster,UIAA:6-,6-,UIAA
3317453484,Rampe,,Austria,Ost,Ligist,Gripmaster,UIAA:2+,2+,UIAA
3317453397,Gripmaster,,Austria,Ost,Ligist,Gripmaster,UIAA:8-,8-,UIAA
3317453310,Gripmaste shrunken head Joe‘s entry,,Austria,Ost,Ligist,Gripmaster,UIAA:8,8,UIAA
3317453223,Tigerauge,,Austria,Ost,Ligist,Gripmaster,UIAA:7-,7-,UIAA
3317468952,Ottilie,Trad,Austria,Ost,Ligist,Heaven's Gate,UIAA:6+,6+,UIAA
3317468865,Goldene Dächer,Trad,Austria,Ost,Ligist,Heaven's Gate,UIAA:7-,7-,UIAA
3317468778,Betwixt,Sport,Austria,Ost,Ligist,Heaven's Gate,UIAA:5+,5+,UIAA
3317468691,Lärcherl,Sport,Austria,Ost,Ligist,Heaven's Gate,UIAA:6,6,UIAA
3317468604,Fingerriss,Sport,Austria,Ost,Ligist,Heaven's Gate,UIAA:6+,6+,UIAA
3317468517,Heavens Gate,Sport,Austria,Ost,Ligist,Heaven's Gate,UIAA:6,6,UIAA
3317481165,Normalweg,Trad,Austria,Ost,Ligist,Moosland,UIAA:3+,3+,UIAA
3317481078,Normalweg direkt,Sport,Austria,Ost,Ligist,Moosland,UIAA:4+/5-,4+,UIAA
3317480991,Süd-West,Sport,Austria,Ost,Ligist,Moosland,UIAA:4+/5-,4+,UIAA
3317480904,Familia,Sport,Austria,Ost,Ligist,Moosland,UIAA:4+,4+,UIAA
3317480739,Feuchter Riss,Sport,Austria,Ost,Ligist,Moosland,UIAA:4+,4+,UIAA
3317480652,Spagatkante,Sport,Austria,Ost,Ligist,Moosland,UIAA:8-,8-,UIAA
3317480565,Neumond,Sport,Austria,Ost,Ligist,Moosland,UIAA:7+,7+,UIAA
3317480478,Moosland,Sport,Austria,Ost,Ligist,Moosland,UIAA:6+,6+,UIAA
3317480391,Via Andrea,Sport,Austria,Ost,Ligist,Moosland,UIAA:5+,5+,UIAA
3317480304,Sophia,Sport,Austria,Ost,Ligist,Moosland,UIAA:5+,5+,UIAA
3317480211,Gstauda-Riss,Trad,Austria,Ost,Ligist,Moosland,UIAA:5,5,UIAA
4534077657,Liebe und Tod,Sport,Austria,Ost,Lavanttaler Alpen,Langmannsperre,UIAA:6+,6+,UIAA
4534077570,Sober,Sport,Austria,Ost,Lavanttaler Alpen,Langmannsperre,UIAA:7,7,UIAA
4534077489,Margitaria,Sport,Austria,Ost,Lavanttaler Alpen,Langmannsperre,UIAA:8-,8-,UIAA
4534077408,Boys do cry!,Sport,Austria,Ost,Lavanttaler Alpen,Langmannsperre,UIAA:8-/8,8-,UIAA
4534077327,Grösstenteils Harmlos,Sport,Austria,Ost,Lavanttaler Alpen,Langmannsperre,UIAA:7+,7+,UIAA
4534077246,Bild und Gleichnis,Sport,Austria,Ost,Lavanttaler Alpen,Langmannsperre,UIAA:7/7+,7,UIAA
4534077165,Hypericum,Sport,Austria,Ost,Lavanttaler Alpen,Langmannsperre,UIAA:8-,8-,UIAA
4534077084,No rain no rainbows,Sport,Austria,Ost,Lavanttaler Alpen,Langmannsperre,UIAA:8-/8,8-,UIAA
4534077003,Alcamandha,Sport,Austria,Ost,Lavanttaler Alpen,Langmannsperre,UIAA:8-,8-,UIAA
4534076922,Who is hot and who is not,Sport,Austria,Ost,Lavanttaler Alpen,Langmannsperre,UIAA:8+,8+,UIAA
4534076841,Herr der Leisten,Sport,Austria,Ost,Lavanttaler Alpen,Langmannsperre,UIAA:7-,7-,UIAA
4534076760,Sennenko,Sport,Austria,Ost,Lavanttaler Alpen,Langmannsperre,UIAA:8-/8,8-,UIAA
4534076679,Parabamisu,Sport,Austria,Ost,Lavanttaler Alpen,Langmannsperre,UIAA:8-,8-,UIAA
4534076598,Hogetsu,Sport,Austria,Ost,Lavanttaler Alpen,Langmannsperre,UIAA:6+/7-,6+,UIAA
4534076517,Miyai,Sport,Austria,Ost,Lavanttaler Alpen,Langmannsperre,UIAA:7,7,UIAA
4534076436,Rangetsu,Sport,Austria,Ost,Lavanttaler Alpen,Langmannsperre,UIAA:8-/8,8-,UIAA
4534076355,Jinkoh,Sport,Austria,Ost,Lavanttaler Alpen,Langmannsperre,UIAA:6,6,UIAA
958210056,Rechts außen,Sport,Austria,Ost,Lavanttaler Alpen,Klettergarten Hirzmannsperre,UIAA:4-,4-,UIAA
958195899,Platte 3,Sport,Austria,Ost,Lavanttaler Alpen,Klettergarten Hirzmannsperre,UIAA:4+,4+,UIAA
958195758,Platte 2,Sport,Austria,Ost,Lavanttaler Alpen,Klettergarten Hirzmannsperre,UIAA:5-,5-,UIAA
958195626,Platte 1,Sport,Austria,Ost,Lavanttaler Alpen,Klettergarten Hirzmannsperre,UIAA:4,4,UIAA
958195488,Rechter Einstieg,Sport,Austria,Ost,Lavanttaler Alpen,Klettergarten Hirzmannsperre,UIAA:4,4,UIAA
958195359,Verschneidung 2,Sport,Austria,Ost,Lavanttaler Alpen,Klettergarten Hirzmannsperre,UIAA:4,4,UIAA
958195263,Rechts von Kuckucksnest,Sport,Austria,Ost,Lavanttaler Alpen,Klettergarten Hirzmannsperre,UIAA:7,7,UIAA
958195170,Kuckucksnest,Sport,Austria,Ost,Lavanttaler Alpen,Klettergarten Hirzmannsperre,UIAA:6+/7-,6+,UIAA
958195077,Rechter Überhang,Sport,Austria,Ost,Lavanttaler Alpen,Klettergarten Hirzmannsperre,UIAA:6,6,UIAA
958194984,Direkte Wand rechts,Sport,Austria,Ost,Lavanttaler Alpen,Klettergarten Hirzmannsperre,UIAA:7-,7-,UIAA
958194891,Direkte Wand,Sport,Austria,Ost,Lavanttaler Alpen,Klettergarten Hirzmannsperre,UIAA:6+,6+,UIAA
958194798,Riss rechts vom Dach,Sport,Austria,Ost,Lavanttaler Alpen,Klettergarten Hirzmannsperre,UIAA:6,6,UIAA
958194705,Überhang,Sport,Austria,Ost,Lavanttaler Alpen,Klettergarten Hirzmannsperre,UIAA:4+,4+,UIAA
958194612,Kante 2,Sport,Austria,Ost,Lavanttaler Alpen,Klettergarten Hirzmannsperre,UIAA:4-,4-,UIAA
958194519,Rissplatte,Sport,Austria,Ost,Lavanttaler Alpen,Klettergarten Hirzmannsperre,UIAA:3,3,UIAA
958194426,Großer Überhang,Sport,Austria,Ost,Lavanttaler Alpen,Klettergarten Hirzmannsperre,UIAA:8-/8,8-,UIAA
958194333,Platte (ohne Riss),Sport,Austria,Ost,Lavanttaler Alpen,Klettergarten Hirzmannsperre,UIAA:6-,6-,UIAA
958194240,Verschneidung 1,Sport,Austria,Ost,Lavanttaler Alpen,Klettergarten Hirzmannsperre,UIAA:4,4,UIAA
958194147,Variante zur Vernunft,Sport,Austria,Ost,Lavanttaler Alpen,Klettergarten Hirzmannsperre,UIAA:7,7,UIAA
958194054,Linker Überhang,Sport,Austria,Ost,Lavanttaler Alpen,Klettergarten Hirzmannsperre,UIAA:8-,8-,UIAA
958193883,Reise in die Vernunft,Sport,Austria,Ost,Lavanttaler Alpen,Klettergarten Hirzmannsperre,UIAA:7-,7-,UIAA
958193790,Riss,Sport,Austria,Ost,Lavanttaler Alpen,Klettergarten Hirzmannsperre,UIAA:7,7,UIAA
958193697,Keine Zeit zum Atmen,Sport,Austria,Ost,Lavanttaler Alpen,Klettergarten Hirzmannsperre,UIAA:7+,7+,UIAA
958193604,Dornröschen,Sport,Austria,Ost,Lavanttaler Alpen,Klettergarten Hirzmannsperre,UIAA:6,6,UIAA
958193511,Einstiegsvariante Dornröschen,Sport,Austria,Ost,Lavanttaler Alpen,Klettergarten Hirzmannsperre,UIAA:6,6,UIAA
958193418,Namenlos,Sport,Austria,Ost,Lavanttaler Alpen,Klettergarten Hirzmannsperre,UIAA:7,7,UIAA
958193325,Das Messer,Sport,Austria,Ost,Lavanttaler Alpen,Klettergarten Hirzmannsperre,UIAA:6+,6+,UIAA
958193232,Kante 1,Sport,Austria,Ost,Lavanttaler Alpen,Klettergarten Hirzmannsperre,UIAA:4,4,UIAA
958193139,Links von Kante,Sport,Austria,Ost,Lavanttaler Alpen,Klettergarten Hirzmannsperre,UIAA:4-,4-,UIAA
4989911697,Unbekannt,Sport,Austria,Ost,Klettergarten Handalm,B,UIAA:4+,4+,UIAA
3382100751,Unbekannt 11,Sport,Austria,Ost,Klettergarten Handalm,A,UIAA:5,5,UIAA
3382100664,Unbekannt 10,Sport,Austria,Ost,Klettergarten Handalm,A,UIAA:5,5,UIAA
3382100577,Unbekannt 9,Sport,Austria,Ost,Klettergarten Handalm,A,UIAA:6-,6-,UIAA
3382100490,Unbekannt 8,Sport,Austria,Ost,Klettergarten Handalm,A,UIAA:6,6,UIAA
3382100403,Unbekannt 7,Sport,Austria,Ost,Klettergarten Handalm,A,UIAA:5+,5+,UIAA
3382100316,Unbekannt 6,Sport,Austria,Ost,Klettergarten Handalm,A,UIAA:3+,3+,UIAA
3382100229,Unbekannt 5,Sport,Austria,Ost,Klettergarten Handalm,A,UIAA:3,3,UIAA
3382100142,Unbekannt 4,Sport,Austria,Ost,Klettergarten Handalm,A,UIAA:5,5,UIAA
3382100055,Unbekannt 3,Sport,Austria,Ost,Klettergarten Handalm,A,UIAA:5+,5+,UIAA
3382099968,Unbekannt 2,Sport,Austria,Ost,Klettergarten Handalm,A,UIAA:4-,4-,UIAA
3382099881,Unbekannt 1,Sport,Austria,Ost,Klettergarten Handalm,A,UIAA:4,4,UIAA
3382094325,Unbekannt c,Boulder,Austria,Ost,Klettergarten Handalm,Boulderarea,FB_ALT:7,7,FB_ALT
3382094166,Unbekannt a,Boulder,Austria,Ost,Klettergarten Handalm,Boulderarea,FB_ALT:5+,5+,FB_ALT
3242252133,7. Himmel Original,Sport,Austria,Ost,Lavanttaler Alpen,Klettergarten Bad Gams,UIAA:6+/7-,6+,UIAA
3242252052,7. Himmel Variante,Sport,Austria,Ost,Lavanttaler Alpen,Klettergarten Bad Gams,UIAA:6+,6+,UIAA
3242251971,Gully,Sport,Austria,Ost,Lavanttaler Alpen,Klettergarten Bad Gams,UIAA:4-,4-,UIAA
3242251890,Flick Flack,Sport,Austria,Ost,Lavanttaler Alpen,Klettergarten Bad Gams,UIAA:6,6,UIAA
3242251809,Wespenriss,Sport,Austria,Ost,Lavanttaler Alpen,Klettergarten Bad Gams,UIAA:4+,4+,UIAA
3242251728,Schwarzer Mann direkt,Sport,Austria,Ost,Lavanttaler Alpen,Klettergarten Bad Gams,UIAA:6+,6+,UIAA
3242251647,Schwarzer Mann,Sport,Austria,Ost,Lavanttaler Alpen,Klettergarten Bad Gams,UIAA:6-,6-,UIAA
3242251566,Nachtigall,Sport,Austria,Ost,Lavanttaler Alpen,Klettergarten Bad Gams,UIAA:5,5,UIAA
3242251485,Stehgeggerl,Sport,Austria,Ost,Lavanttaler Alpen,Klettergarten Bad Gams,UIAA:6,6,UIAA
3242251404,Bolero,Sport,Austria,Ost,Lavanttaler Alpen,Klettergarten Bad Gams,UIAA:5-,5-,UIAA
3242251323,Stainzer Platte,Sport,Austria,Ost,Lavanttaler Alpen,Klettergarten Bad Gams,UIAA:5+,5+,UIAA
3242251242,Naturfreundesteig,Sport,Austria,Ost,Lavanttaler Alpen,Klettergarten Bad Gams,UIAA:6-,6-,UIAA
3242251161,Pegasus,Sport,Austria,Ost,Lavanttaler Alpen,Klettergarten Bad Gams,UIAA:7-,7-,UIAA
3242251080,Plutonium,Sport,Austria,Ost,Lavanttaler Alpen,Klettergarten Bad Gams,UIAA:6+,6+,UIAA
3242250999,Schwanbergweg,Sport,Austria,Ost,Lavanttaler Alpen,Klettergarten Bad Gams,UIAA:6-,6-,UIAA
3242250918,Greimbauerweg,Sport,Austria,Ost,Lavanttaler Alpen,Klettergarten Bad Gams,UIAA:6,6,UIAA
3242250837,Fingermörder,Sport,Austria,Ost,Lavanttaler Alpen,Klettergarten Bad Gams,UIAA:6+,6+,UIAA
3382061016,B2,Boulder,Austria,Ost,Lavanttaler Alpen,Klettergarten Bad Gams,FB_ALT:7+,7+,FB_ALT
3242250756,Easy Way To Charly,Sport,Austria,Ost,Lavanttaler Alpen,Klettergarten Bad Gams,UIAA:7,7,UIAA
3242250675,Direkte,,Austria,Ost,Lavanttaler Alpen,Klettergarten Bad Gams,UIAA:6,6,UIAA
3242250594,Hiasi kam zu spät,,Austria,Ost,Lavanttaler Alpen,Klettergarten Bad Gams,UIAA:7-,7-,UIAA
3242250513,Karussell,,Austria,Ost,Lavanttaler Alpen,Klettergarten Bad Gams,UIAA:8-,8-,UIAA
3242268552,Max Sei Tour,,Austria,Ost,Lavanttaler Alpen,Klettergarten Bad Gams,UIAA:8+/9-,8+,UIAA
3242250432,Fly Away,Sport,Austria,Ost,Lavanttaler Alpen,Klettergarten Bad Gams,UIAA:7,7,UIAA
3242250366,Panoramaweg,Sport,Austria,Ost,Lavanttaler Alpen,Klettergarten Bad Gams,UIAA:5-,5-,UIAA
3242250285,Panoramaweg Var.,Sport,Austria,Ost,Lavanttaler Alpen,Klettergarten Bad Gams,UIAA:5,5,UIAA
3382060935,Food hook,Boulder,Austria,Ost,Lavanttaler Alpen,Klettergarten Bad Gams,FB_ALT:6,6,FB_ALT
3382060854,Zyancali,Boulder,Austria,Ost,Lavanttaler Alpen,Klettergarten Bad Gams,FB_ALT:6+,6+,FB_ALT
3242250204,Sonnenplatten Mittelriss,Sport,Austria,Ost,Lavanttaler Alpen,Klettergarten Bad Gams,UIAA:4,4,UIAA
3242250123,Fliegendach,Sport,Austria,Ost,Lavanttaler Alpen,Klettergarten Bad Gams,UIAA:8,8,UIAA
3242262207,Bordsteinkante,Sport,Austria,Ost,Lavanttaler Alpen,Klettergarten Bad Gams,UIAA:6+/7-,6+,UIAA
3382041771,Micky Mouse Felsen,Sport,Austria,Ost,Lavanttaler Alpen,Klettergarten Bad Gams,UIAA:3 - 4,3,UIAA
3820538733,Hoppala,Sport,Austria,Ost,Seckauer Alpen,Pölser Nadel,UIAA:7+,7+,UIAA
3820538646,Schiefer Traum,Sport,Austria,Ost,Seckauer Alpen,Pölser Nadel,UIAA:6+,6+,UIAA
3820538565,Kante,Sport,Austria,Ost,Seckauer Alpen,Pölser Nadel,UIAA:6,6,UIAA
3820533093,Hansi & Hansi,Sport,Austria,Ost,Seckauer Alpen,Pölser Nadel,UIAA:5+,5+,UIAA
3820533012,Oldie,Sport,Austria,Ost,Seckauer Alpen,Pölser Nadel,UIAA:4,4,UIAA
3820532925,Stiegenvariante,Sport,Austria,Ost,Seckauer Alpen,Pölser Nadel,UIAA:4,4,UIAA
3820532838,Quarzi,Sport,Austria,Ost,Seckauer Alpen,Pölser Nadel,UIAA:5+,5+,UIAA
3820540998,Fly Down 3,Sport,Austria,Ost,Seckauer Alpen,Pölser Nadel,UIAA:8,8,UIAA
3820532751,Antihydral,Sport,Austria,Ost,Seckauer Alpen,Pölser Nadel,UIAA:9-,9-,UIAA
3820532664,Per Aspera,Sport,Austria,Ost,Seckauer Alpen,Pölser Nadel,UIAA:7-,7-,UIAA
3820532583,Fly Down 2,Sport,Austria,Ost,Seckauer Alpen,Pölser Nadel,UIAA:8,8,UIAA
3820532496,Fly Down 1,Sport,Austria,Ost,Seckauer Alpen,Pölser Nadel,UIAA:6,6,UIAA
3820532415,No Panic,Sport,Austria,Ost,Seckauer Alpen,Pölser Nadel,UIAA:6+,6+,UIAA
3820532334,Pipsi,Sport,Austria,Ost,Seckauer Alpen,Pölser Nadel,UIAA:7,7,UIAA
3820508148,Müsli,Sport,Austria,Ost,Seckauer Alpen,Pölser Nadel,UIAA:4,4,UIAA
3820508067,Rülpsi,Sport,Austria,Ost,Seckauer Alpen,Pölser Nadel,UIAA:4,4,UIAA
3820507980,Kleines ABC Variante,Sport,Austria,Ost,Seckauer Alpen,Pölser Nadel,UIAA:4,4,UIAA
3820507893,Kleines ABC,Sport,Austria,Ost,Seckauer Alpen,Pölser Nadel,UIAA:4,4,UIAA
3820507809,Sanostol,Sport,Austria,Ost,Seckauer Alpen,Pölser Nadel,UIAA:4+,4+,UIAA
3820507683,Gichti's,Sport,Austria,Ost,Seckauer Alpen,Pölser Nadel,UIAA:4,4,UIAA
4183044330,Fritz,Sport,Austria,Ost,Seckauer Alpen,Preg,UIAA:5,5,UIAA
4183044249,Anna Tant,Sport,Austria,Ost,Seckauer Alpen,Preg,UIAA:7-,7-,UIAA
4183044168,Route 8,Sport,Austria,Ost,Seckauer Alpen,Preg,UIAA:7,7,UIAA
4183044087,Rosi Tant,Sport,Austria,Ost,Seckauer Alpen,Preg,UIAA:7+,7+,UIAA
4183044006,Murtalerin,Sport,Austria,Ost,Seckauer Alpen,Preg,UIAA:7,7,UIAA
4183043919,Quergang,Sport,Austria,Ost,Seckauer Alpen,Preg,UIAA:5-,5-,UIAA
4183043832,Route 4,Sport,Austria,Ost,Seckauer Alpen,Preg,UIAA:7,7,UIAA
4183043751,Route 3,Sport,Austria,Ost,Seckauer Alpen,Preg,UIAA:5+,5+,UIAA
4183043664,Murtaler,Sport,Austria,Ost,Seckauer Alpen,Preg,UIAA:8+,8+,UIAA
4183043583,Pregerweg,Sport,Austria,Ost,Seckauer Alpen,Preg,UIAA:7,7,UIAA
4180814385,Route 13,Sport,Austria,Ost,Ennstaler Alpen,Mautern Fels,UIAA:5+,5+,UIAA
4180814304,Route 12,Sport,Austria,Ost,Ennstaler Alpen,Mautern Fels,UIAA:7+,7+,UIAA
4180803051,Route 11,Top rope,Austria,Ost,Ennstaler Alpen,Mautern Fels,UIAA:9-,9-,UIAA
4180802970,Route 10,Top rope,Austria,Ost,Ennstaler Alpen,Mautern Fels,UIAA:5,5,UIAA
4180802889,Route 9,Top rope,Austria,Ost,Ennstaler Alpen,Mautern Fels,UIAA:6+,6+,UIAA
4180802808,Route 8,Top rope,Austria,Ost,Ennstaler Alpen,Mautern Fels,UIAA:7,7,UIAA
4180802727,Route 7,Top rope,Austria,Ost,Ennstaler Alpen,Mautern Fels,UIAA:7,7,UIAA
4180802646,Route 6,Top rope,Austria,Ost,Ennstaler Alpen,Mautern Fels,UIAA:7,7,UIAA
4180792074,Route 5,Sport,Austria,Ost,Ennstaler Alpen,Mautern Fels,UIAA:3+,3+,UIAA
4180791993,Route 4,Sport,Austria,Ost,Ennstaler Alpen,Mautern Fels,UIAA:4,4,UIAA
4180791912,Route 3,Sport,Austria,Ost,Ennstaler Alpen,Mautern Fels,UIAA:4+,4+,UIAA
4180791831,Route 2,Sport,Austria,Ost,Ennstaler Alpen,Mautern Fels,UIAA:3,3,UIAA
4180791750,Route 1,Sport,Austria,Ost,Ennstaler Alpen,Mautern Fels,UIAA:3,3,UIAA
10013510163,Höllentanz der Finger,Sport,Austria,Ost,Waldfräuleins Wagniss Wasserfall Links,Avanti,{FR} 7c+,7c+,FR
10013508111,Avanti Pupolo,Sport,Austria,Ost,Waldfräuleins Wagniss Wasserfall Links,Avanti,{FR} 7c,7c,FR
10013475261,EL Loco,Sport,Austria,Ost,Waldfräuleins Wagniss Wasserfall Links,Avanti,FR:7c+,7c+,FR
10013482107,Diagonal durch 10,Sport,Austria,Ost,Waldfräuleins Wagniss Wasserfall Links,Avanti,FR:7a+,7a+,FR
10013296326,No Schleier No cry,Sport,Austria,Ost,Wolfbauern Wasserfall,Waldfräuleins Wagniss Wasserfall Links,FR:8a+,8a+,FR
10013256924,Tschitschi,Sport,Austria,Ost,Wolfbauern Wasserfall,Waldfräuleins Wagniss Wasserfall Links,FR:6c,6c,FR
10013211465,Nix für olte Weiber,Sport,Austria,Ost,Wolfbauern Wasserfall,Waldfräuleins Wagniss Wasserfall Links,FR:7b,7b,FR
10013204550,Grenzgänger,Sport,Austria,Ost,Wolfbauern Wasserfall,Waldfräuleins Wagniss Wasserfall Links,FR:7c,7c,FR
10013182992,Dinge die ewig uns umkreisen,Sport,Austria,Ost,Wolfbauern Wasserfall,Waldfräuleins Wagniss Wasserfall Links,FR:7b+,7b+,FR
10013164800,Waldfräuleis Wagniss,Sport,Austria,Ost,Wolfbauern Wasserfall,Waldfräuleins Wagniss Wasserfall Links,FR:7a+,7a+,FR
10013161371,Double Line,Sport,Austria,Ost,Wolfbauern Wasserfall,Waldfräuleins Wagniss Wasserfall Links,FR:7b,7b,FR
10013129745,Sanduhren Flip,Sport,Austria,Ost,Wolfbauern Wasserfall,Waldfräuleins Wagniss Wasserfall Links,FR:7b,7b,FR
10013123517,Betty Blue,Sport,Austria,Ost,Wolfbauern Wasserfall,Waldfräuleins Wagniss Wasserfall Links,FR:7c,7c,FR
10013120085,Reck dich Streck dich,Sport,Austria,Ost,Wolfbauern Wasserfall,Waldfräuleins Wagniss Wasserfall Links,FR:6b+,6b+,FR
10013217033,Schreger Riss,Sport,Austria,Ost,Wolfbauern Wasserfall,Waldfräuleins Wagniss Wasserfall Links,FR:6a+,6a+,FR
10013098152,Diagonal durch 10,Sport,Austria,Ost,Wolfbauern Wasserfall,Waldfräuleins Wagniss Wasserfall Links,{FR} 7a+,7a+,FR
8364970455,Hagelschlag,Sport,Austria,Ost,Johnsbach,Johnsbachtunnel,UIAA:8,8,UIAA
348801966,Zoit si aus,Sport,Austria,Ost,Johnsbach,Johnsbachtunnel,UIAA:7,7,UIAA
348801873,Arme kleine Schweine,Sport,Austria,Ost,Johnsbach,Johnsbachtunnel,UIAA:8-,8-,UIAA
348801780,Putzteuferl,Sport,Austria,Ost,Johnsbach,Johnsbachtunnel,UIAA:6,6,UIAA
348801687,Flug des Adlers,Sport,Austria,Ost,Johnsbach,Johnsbachtunnel,UIAA:8,8,UIAA
348801594,Schräger Riss,Sport,Austria,Ost,Johnsbach,Johnsbachtunnel,UIAA:6+,6+,UIAA
348801501,Sandmann,Sport,Austria,Ost,Johnsbach,Johnsbachtunnel,UIAA:7+,7+,UIAA
348801408,Mariandl,Sport,Austria,Ost,Johnsbach,Johnsbachtunnel,UIAA:5+,5+,UIAA
348801315,Tote Fische singen nicht,Sport,Austria,Ost,Johnsbach,Johnsbachtunnel,UIAA:7+,7+,UIAA
348801222,Platsch,Sport,Austria,Ost,Johnsbach,Johnsbachtunnel,UIAA:6,6,UIAA
348801123,Johnsbacher Zirkus,Sport,Austria,Ost,Johnsbach,Johnsbachtunnel,UIAA:7,7,UIAA
348801030,Damokles,Sport,Austria,Ost,Johnsbach,Johnsbachtunnel,UIAA:8-,8-,UIAA
348800937,Baustelle,Sport,Austria,Ost,Johnsbach,Johnsbachtunnel,UIAA:7+,7+,UIAA
3872220534,Klimakterium,Sport,Austria,Ost,Johnsbach,Gsengstein,UIAA:8,8,UIAA
3872220447,Midlife Crisis,Sport,Austria,Ost,Johnsbach,Gsengstein,UIAA:9-,9-,UIAA
3872220360,Späte Ernte,Sport,Austria,Ost,Johnsbach,Gsengstein,UIAA:7,7,UIAA
3872220273,Irgendwie,Sport,Austria,Ost,Johnsbach,Gsengstein,UIAA:7+,7+,UIAA
3872220186,Via Aporta,Sport,Austria,Ost,Johnsbach,Gsengstein,UIAA:7+,7+,UIAA
3872220099,Krieg und Liebe,Sport,Austria,Ost,Johnsbach,Gsengstein,UIAA:8+/9-,8+,UIAA
3872220012,Je nach dem,Sport,Austria,Ost,Johnsbach,Gsengstein,UIAA:9,9,UIAA
3872219925,Open Air,Sport,Austria,Ost,Johnsbach,Gsengstein,UIAA:8+,8+,UIAA
3872219838,Pfiffikus,Sport,Austria,Ost,Johnsbach,Gsengstein,UIAA:7+,7+,UIAA
3872219751,Freitag der 13.,Sport,Austria,Ost,Johnsbach,Gsengstein,UIAA:7+,7+,UIAA
3872219664,Weberknecht,Sport,Austria,Ost,Johnsbach,Gsengstein,UIAA:7-,7-,UIAA
3872219577,Flohzirkus,Sport,Austria,Ost,Johnsbach,Gsengstein,UIAA:4+,4+,UIAA
3872219490,Adlerauge,Sport,Austria,Ost,Johnsbach,Gsengstein,UIAA:6+,6+,UIAA
3872219403,Gamsbock,Sport,Austria,Ost,Johnsbach,Gsengstein,UIAA:5,5,UIAA
3872219316,Blümchen,Sport,Austria,Ost,Johnsbach,Gsengstein,UIAA:5,5,UIAA
3872219229,Mimikri,,Austria,Ost,Johnsbach,Gsengstein,UIAA:5-,5-,UIAA
3872217405,Klettermax,,Austria,Ost,Johnsbach,Gsengstein,UIAA:3-,3-,UIAA
3872277309,Blutdiamant,,Austria,Ost,Johnsbach,Gsengplatte,UIAA:7+,7+,UIAA
3872277222,Weißes Gold,,Austria,Ost,Johnsbach,Gsengplatte,UIAA:6,6,UIAA
3872277135,Schwarze Perle,Sport,Austria,Ost,Johnsbach,Gsengplatte,UIAA:6+,6+,UIAA
6323918406,Auerpouer,Sport,Austria,Ost,Johnsbach,Helllichter Stein,UIAA:7-,7-,UIAA
6323910897,Summer time,Sport,Austria,Ost,Johnsbach,Helllichter Stein,UIAA:9+,9+,UIAA
6323907828,Zuwipickt neman Riß,Sport,Austria,Ost,Johnsbach,Helllichter Stein,UIAA:8,8,UIAA
6323892510,Scheb/ Schmied,Sport,Austria,Ost,Johnsbach,Helllichter Stein,UIAA:8+,8+,UIAA
6323875698,Helllichter Wahnsinn,Sport,Austria,Ost,Johnsbach,Helllichter Stein,UIAA:7,7,UIAA
6323869047,Team Schicht,Sport,Austria,Ost,Johnsbach,Helllichter Stein,UIAA:8-,8-,UIAA
6323866515,Neben Zubie,Sport,Austria,Ost,Johnsbach,Helllichter Stein,UIAA:9-,9-,UIAA
6323864553,No man's land,Sport,Austria,Ost,Johnsbach,Helllichter Stein,UIAA:8,8,UIAA
6323857260,Var. Via Kröll,Sport,Austria,Ost,Johnsbach,Helllichter Stein,UIAA:8-,8-,UIAA
6323854401,Via Kröll/ Großmann,Sport,Austria,Ost,Johnsbach,Helllichter Stein,UIAA:7+,7+,UIAA
6323849784,Änna Banäna,Sport,Austria,Ost,Johnsbach,Helllichter Stein,UIAA:8-,8-,UIAA
6323846112,Lifestyle,Sport,Austria,Ost,Johnsbach,Helllichter Stein,UIAA:7+/8-,7+,UIAA
6323843079,Schlog a Wöln,Sport,Austria,Ost,Johnsbach,Helllichter Stein,UIAA:7-,7-,UIAA
6323829975,Hupf in Gatsch,Sport,Austria,Ost,Johnsbach,Helllichter Stein,UIAA:6+,6+,UIAA
6323828550,O.N.,Sport,Austria,Ost,Johnsbach,Helllichter Stein,UIAA:5+,5+,UIAA
6323771424,Via Isy,Sport,Austria,Ost,Johnsbach,Helllichter Stein,UIAA:7,7,UIAA
5939501382,Rechts aussen,Sport,Austria,Ost,Johnsbach,Zentral,UIAA:6+,6+,UIAA
5939501289,England grüsst Frankreich,Sport,Austria,Ost,Johnsbach,Zentral,UIAA:6+,6+,UIAA
5939501196,Obkürzung,Sport,Austria,Ost,Johnsbach,Zentral,UIAA:7,7,UIAA
5939501103,Johnsbacher Feuchtfut,Sport,Austria,Ost,Johnsbach,Zentral,UIAA:9+/10-,9+,UIAA
5939501025,Phoenix,Sport,Austria,Ost,Johnsbach,Zentral,UIAA:7+,7+,UIAA
5939500932,Bruder Baum,Sport,Austria,Ost,Johnsbach,Zentral,UIAA:7,7,UIAA
5939478804,Spätes Glück,Sport,Austria,Ost,Johnsbach,Zentral,UIAA:6,6,UIAA
5939478726,Quellschtzgebiet,Sport,Austria,Ost,Johnsbach,Zentral,UIAA:8+,8+,UIAA
5939478633,Arschlöcher,Sport,Austria,Ost,Johnsbach,Zentral,UIAA:6+,6+,UIAA
5939478462,Lauf Hasi Lauf - extension,Sport,Austria,Ost,Johnsbach,Zentral,UIAA:7+,7+,UIAA
5939478369,Lauf Hasi Lauf,Sport,Austria,Ost,Johnsbach,Zentral,UIAA:6,6,UIAA
5939478276,Katze frisst Hase - extension,Sport,Austria,Ost,Johnsbach,Zentral,UIAA:8,8,UIAA
5939478183,Katze frisst Hase,Sport,Austria,Ost,Johnsbach,Zentral,UIAA:8-,8-,UIAA
5939478090,Osterüberraschung,Sport,Austria,Ost,Johnsbach,Zentral,UIAA:7+/8-,7+,UIAA
5939477919,Weg durchs Schlüsselloch,Sport,Austria,Ost,Johnsbach,Zentral,UIAA:6+,6+,UIAA
5939477826,Nikorette,Sport,Austria,Ost,Johnsbach,Zentral,UIAA:6+,6+,UIAA
5939477733,Faustriss,Sport,Austria,Ost,Johnsbach,Zentral,UIAA:6+,6+,UIAA
5939477640,Supernova,Sport,Austria,Ost,Johnsbach,Zentral,UIAA:9+/10-,9+,UIAA
5939477547,Bruxdelyx,Sport,Austria,Ost,Johnsbach,Zentral,UIAA:9,9,UIAA
5939477454,Jockey,Sport,Austria,Ost,Johnsbach,Zentral,UIAA:7+,7+,UIAA
5939477361,Hangelriss,Sport,Austria,Ost,Johnsbach,Zentral,UIAA:7-,7-,UIAA
5939477268,Loch,Sport,Austria,Ost,Johnsbach,Zentral,UIAA:6+,6+,UIAA
5939477175,Henkelgalerie,Sport,Austria,Ost,Johnsbach,Zentral,UIAA:7-,7-,UIAA
5939477055,Gut Ding braucht Weile,Sport,Austria,Ost,Johnsbach,Zentral,UIAA:8+/9-,8+,UIAA
5939476920,Jägerlein fick dich,Sport,Austria,Ost,Johnsbach,Zentral,UIAA:10-,10-,UIAA
5939476788,Cocaine,Sport,Austria,Ost,Johnsbach,Zentral,UIAA:8+/9-,8+,UIAA
5939476644,Entre nous,Sport,Austria,Ost,Johnsbach,Zentral,UIAA:8+,8+,UIAA
5939476518,Anaconda,Sport,Austria,Ost,Johnsbach,Zentral,UIAA:8,8,UIAA
5939476404,Royal Feuerwerk,Sport,Austria,Ost,Johnsbach,Zentral,UIAA:9+,9+,UIAA
5939476299,Aeroplane,Sport,Austria,Ost,Johnsbach,Zentral,UIAA:9-,9-,UIAA
5939476206,Schach Matt,Sport,Austria,Ost,Johnsbach,Zentral,UIAA:8,8,UIAA
9255468288,MAster Ausstieg rechts,Sport,Austria,Ost,Johnsbach,Zentral,UIAA:6+,6+,UIAA
5939476113,MAster,Sport,Austria,Ost,Johnsbach,Zentral,UIAA:6,6,UIAA
5939476020,In Hannes seine,Sport,Austria,Ost,Johnsbach,Zentral,UIAA:4+,4+,UIAA
3064767642,Nordgrat,Mixed trad,Austria,Ost,Haller Mauern,Mitterberg,UIAA:3+,3+,UIAA
11363076045,Göttin der Jagd,Sport,Austria,Ost,Haller Mauern,Scheiblingstein,UIAA:6-,6-,UIAA
3064806681,Weg der Freundschaft,Mixed trad,Austria,Ost,Haller Mauern,Großer Pyhrgas,UIAA:4+/5-,4+,UIAA
6087342468,Dumpfbacke,Sport,Austria,Ost,Hesshütte Klettergärten,Hüttenklettergarten,UIAA:6+,6+,UIAA
6087342375,Al Bundy,Sport,Austria,Ost,Hesshütte Klettergärten,Hüttenklettergarten,UIAA:7,7,UIAA
6087333345,o.b. normal,Sport,Austria,Ost,Hesshütte Klettergärten,Hüttenklettergarten,UIAA:7-,7-,UIAA
6087333252,Schaut super aus,Sport,Austria,Ost,Hesshütte Klettergärten,Hüttenklettergarten,UIAA:6,6,UIAA
6087333159,Kaffe & Kuchen,Sport,Austria,Ost,Hesshütte Klettergärten,Hüttenklettergarten,UIAA:6,6,UIAA
6087333066,Heißhunger,Sport,Austria,Ost,Hesshütte Klettergärten,Hüttenklettergarten,UIAA:5+,5+,UIAA
6087332973,Kamin,Sport,Austria,Ost,Hesshütte Klettergärten,Hüttenklettergarten,UIAA:3+,3+,UIAA
6087332880,Kante,Sport,Austria,Ost,Hesshütte Klettergärten,Hüttenklettergarten,UIAA:3+,3+,UIAA
6087332787,Sprit,Sport,Austria,Ost,Hesshütte Klettergärten,Hüttenklettergarten,UIAA:7,7,UIAA
6087332694,Mikofei,Sport,Austria,Ost,Hesshütte Klettergärten,Hüttenklettergarten,UIAA:7+,7+,UIAA
6087332601,Schlafmütze,Sport,Austria,Ost,Hesshütte Klettergärten,Hüttenklettergarten,UIAA:6,6,UIAA
6087332508,Nix leicht,Sport,Austria,Ost,Hesshütte Klettergärten,Hüttenklettergarten,UIAA:8-,8-,UIAA
6087332415,Hüttenruh,Sport,Austria,Ost,Hesshütte Klettergärten,Hüttenklettergarten,UIAA:6,6,UIAA
6087332322,Mary Lou,Sport,Austria,Ost,Hesshütte Klettergärten,Hüttenklettergarten,UIAA:4+,4+,UIAA
6087332229,Hubi,Sport,Austria,Ost,Hesshütte Klettergärten,Hüttenklettergarten,UIAA:6,6,UIAA
6087332136,Reini,Sport,Austria,Ost,Hesshütte Klettergärten,Hüttenklettergarten,UIAA:5-,5-,UIAA
6087332043,Gummibär,Sport,Austria,Ost,Hesshütte Klettergärten,Hüttenklettergarten,UIAA:4+,4+,UIAA
6087331950,Ying Yang,Sport,Austria,Ost,Hesshütte Klettergärten,Hüttenklettergarten,UIAA:4,4,UIAA
6087331764,Slowly,Sport,Austria,Ost,Hesshütte Klettergärten,Hüttenklettergarten,UIAA:3,3,UIAA
6087331671,Birelli,Sport,Austria,Ost,Hesshütte Klettergärten,Hüttenklettergarten,UIAA:5+,5+,UIAA
6087331578,Kurze,Sport,Austria,Ost,Hesshütte Klettergärten,Hüttenklettergarten,UIAA:4,4,UIAA
6087344643,Latschenwipferl,Sport,Austria,Ost,Hesshütte Klettergärten,Klettergarten Hauslwand,UIAA:4,4,UIAA
6087344550,Zirberl,Sport,Austria,Ost,Hesshütte Klettergärten,Klettergarten Hauslwand,UIAA:4,4,UIAA
6087344457,Lärcherl,Sport,Austria,Ost,Hesshütte Klettergärten,Klettergarten Hauslwand,UIAA:4,4,UIAA
6087344364,Stromspoan,Sport,Austria,Ost,Hesshütte Klettergärten,Klettergarten Hauslwand,UIAA:4+,4+,UIAA
6087344271,Bärwurz,Sport,Austria,Ost,Hesshütte Klettergärten,Klettergarten Hauslwand,UIAA:4,4,UIAA
6253326285,Reichenfelser Felsenreich,Sport,Austria,Ost,Hesshütte Klettergärten,Klettergarten Guglpfeiler,UIAA:7/7+,7,UIAA
6253326186,Schnapsrausch,Sport,Austria,Ost,Hesshütte Klettergärten,Klettergarten Guglpfeiler,UIAA:7+,7+,UIAA
6253326093,Glück Gehabt,Sport,Austria,Ost,Hesshütte Klettergärten,Klettergarten Guglpfeiler,UIAA:7,7,UIAA
6253326000,Good Bye Akku,Sport,Austria,Ost,Hesshütte Klettergärten,Klettergarten Guglpfeiler,UIAA:6+,6+,UIAA
6256850934,Weg durchs Gegenlicht,Mixed trad,Austria,Ost,Gesäuse,Planspitze,UIAA:7-,7-,UIAA
6256852974,Blitz und Donner,Mixed trad,Austria,Ost,Gesäuse,Planspitze,UIAA:7-,7-,UIAA
6256838460,Konkurs,Mixed trad,Austria,Ost,Gesäuse,Planspitze,UIAA:6+,6+,UIAA
6256838355,Direkte Nordwestwand,Mixed trad,Austria,Ost,Gesäuse,Planspitze,UIAA:6-,6-,UIAA
6256838250,Nordwestwand,Trad,Austria,Ost,Gesäuse,Planspitze,UIAA:4+,4+,UIAA
6256838133,Zenit,Mixed trad,Austria,Ost,Gesäuse,Planspitze,UIAA:8 A0,8,UIAA
6256838022,Optima,Mixed trad,Austria,Ost,Gesäuse,Planspitze,UIAA:7,7,UIAA
8162897487,Plattensprint - direkt,Trad,Austria,Ost,Gesäuse,Planspitze,UIAA:7,7,UIAA
8162897376,Plattensprint,Trad,Austria,Ost,Gesäuse,Planspitze,UIAA:6+,6+,UIAA
6256837905,Weg der Freude,Mixed trad,Austria,Ost,Gesäuse,Planspitze,UIAA:6-,6-,UIAA
6256837785,Großraminger Kirtag,Trad,Austria,Ost,Gesäuse,Planspitze,UIAA:7-,7-,UIAA
3886340925,Pichlweg,Mixed trad,Austria,Ost,Gesäuse,Planspitze,UIAA:3-,3-,UIAA
8580528144,Atacama,Mixed trad,Austria,Ost,Gesäuse,Peternschartenkopf,UIAA:8-,8-,UIAA
8580508455,Schwarzer Peter,Mixed trad,Austria,Ost,Gesäuse,Peternschartenkopf,UIAA:9+/10-,9+,UIAA
6256765119,Nordostwand,Mixed trad,Austria,Ost,Gesäuse,Peternschartenkopf,UIAA:4+/5-,4+,UIAA
6256765002,Nordwand,Mixed trad,Austria,Ost,Gesäuse,Peternschartenkopf,UIAA:5+ A0,5+,UIAA
6256764885,Plattenzauber,Trad,Austria,Ost,Gesäuse,Peternschartenkopf,UIAA:7-,7-,UIAA
6256764774,Via Hella,Mixed trad,Austria,Ost,Gesäuse,Peternschartenkopf,UIAA:7,7,UIAA
6256764657,Land in Sicht,Trad,Austria,Ost,Gesäuse,Peternschartenkopf,UIAA:7- A1,7-,UIAA
6256764540,Lindner/Wagner,Trad,Austria,Ost,Gesäuse,Peternschartenkopf,UIAA:6+ A0,6+,UIAA
8580559806,Superwix,Trad,Austria,Ost,Gesäuse,Rosskuppe,UIAA:9+,9+,UIAA
8580558084,Amor und Psyche,Trad,Austria,Ost,Gesäuse,Rosskuppe,UIAA:9,9,UIAA
8580556572,Die fabelhafte Welt der Amnesie,Trad,Austria,Ost,Gesäuse,Rosskuppe,UIAA:8-/8,8-,UIAA
8580555291,Supermix,Trad,Austria,Ost,Gesäuse,Rosskuppe,UIAA:7+,7+,UIAA
8580550743,Kaspressknödel,Trad,Austria,Ost,Gesäuse,Rosskuppe,UIAA:9-,9-,UIAA
8580538884,Schiefe Parallele,Trad,Austria,Ost,Gesäuse,Rosskuppe,UIAA:6+,6+,UIAA
6256664379,Dir. Nordverschneidung,Trad,Austria,Ost,Gesäuse,Rosskuppe,UIAA:6 A0,6,UIAA
6256664262,Dir. Nordwand,Mixed trad,Austria,Ost,Gesäuse,Rosskuppe,UIAA:7/7+ A0,7,UIAA
6256664151,Endverschneidung,Trad,Austria,Ost,Gesäuse,Rosskuppe,UIAA:5+/6-,5+,UIAA
6256664040,Nordwand,Mixed trad,Austria,Ost,Gesäuse,Rosskuppe,UIAA:5+,5+,UIAA
6256663935,Schindluder,Trad,Austria,Ost,Gesäuse,Rosskuppe,UIAA:8-,8-,UIAA
8259545370,60+,Trad,Austria,Ost,Gesäuse,Rosskuppe,UIAA:6+ A0,6+,UIAA
429686925,Rosskuppenkante,Mixed trad,Austria,Ost,Gesäuse,Rosskuppe,UIAA:6+,6+,UIAA
7720918749,Der Weg durch Hedis Kaiserschmarren,Trad,Austria,Ost,Gesäuse,Dachl,FR:8c,8c,FR
6253816881,Anima Mundi,Mixed trad,Austria,Ost,Gesäuse,Dachl,UIAA:9/9+,9,UIAA
6253816764,Diagonale,Mixed trad,Austria,Ost,Gesäuse,Dachl,UIAA:7+ A1,7+,UIAA
6253816653,Vater Morgana,Mixed trad,Austria,Ost,Gesäuse,Dachl,UIAA:9- A1,9-,UIAA
6253816536,Nordwand,Mixed trad,Austria,Ost,Gesäuse,Dachl,UIAA:6+ A0,6+,UIAA
6253816425,Die Große Pleite,Mixed trad,Austria,Ost,Gesäuse,Dachl,UIAA:8-,8-,UIAA
6253816320,Südwind,Mixed trad,Austria,Ost,Gesäuse,Dachl,UIAA:7+,7+,UIAA
6253816203,Nordwestwand,Trad,Austria,Ost,Gesäuse,Dachl,UIAA:7 A1,7,UIAA
6253816092,Dachlkante,Mixed trad,Austria,Ost,Gesäuse,Dachl,UIAA:6,6,UIAA
5705331003,Dachinierer,Mixed trad,Austria,Ost,Gesäuse,Dachl,FR:9a,9a,FR
1785530133,Gesäuseperle,,Austria,Ost,Gesäuse,Dachl,UIAA:9+,9+,UIAA
1785529167,Komplizierte,Mixed trad,Austria,Ost,Gesäuse,Dachl,UIAA:7 A0,7,UIAA
959564517,Dachlgrat,,Austria,Ost,Gesäuse,Dachl,UIAA:2+,2+,UIAA
6253718220,Jahn/Zimmer,Mixed trad,Austria,Ost,Gesäuse,Hochtor,UIAA:3+,3+,UIAA
3304116846,Roßschweif,Trad,Austria,Ost,Gesäuse,Hochtor,UIAA:3,3,UIAA
6253638561,Elektra,Mixed trad,Austria,Ost,Gesäuse,Schneekarturm,UIAA:8+,8+,UIAA
6253638438,Dir. Südostpfeiler,Trad,Austria,Ost,Gesäuse,Schneekarturm,UIAA:7,7,UIAA
6253638315,Südostpfeiler,Trad,Austria,Ost,Gesäuse,Schneekarturm,UIAA:6 A0,6,UIAA
6253638204,Samurai,Mixed trad,Austria,Ost,Gesäuse,Schneekarturm,UIAA:7,7,UIAA
6253573560,Papi in Sight,Trad,Austria,Ost,Gesäuse,Festkogel,UIAA:7- A1,7-,UIAA
6253573449,Spit a Hoi,Mixed trad,Austria,Ost,Gesäuse,Festkogel,UIAA:8-,8-,UIAA
6253573338,Schizofrania,Mixed trad,Austria,Ost,Gesäuse,Festkogel,UIAA:7-,7-,UIAA
8434418931,Gaudiwipferl,Sport,Austria,Ost,Festkogel,Vorbau,UIAA:4,4,UIAA
5950816065,Zachalweg,Trad,Austria,Ost,Festkogel,Vorbau,UIAA:5,5,UIAA
5950815960,ER,Mixed trad,Austria,Ost,Festkogel,Vorbau,UIAA:5+,5+,UIAA
5950815855,Skiny,Mixed trad,Austria,Ost,Festkogel,Vorbau,UIAA:5,5,UIAA
5950815750,Kleehummel,Mixed trad,Austria,Ost,Festkogel,Vorbau,UIAA:5,5,UIAA
5950815645,Klassische,Mixed trad,Austria,Ost,Festkogel,Vorbau,UIAA:5,5,UIAA
6104048187,Gully,Mixed trad,Austria,Ost,Festkogel,Vorbau,UIAA:7,7,UIAA
6104048076,Schneewind,Mixed trad,Austria,Ost,Festkogel,Vorbau,UIAA:7-,7-,UIAA
6162957276,Anfängerglück,Mixed trad,Austria,Ost,Festkogel,Vorbau,UIAA:3,3,UIAA
10505929548,Nebelflucht,Trad,Austria,Ost,Gesäuse,Festkogel,UIAA:6-,6-,UIAA
6253573227,Dreierradl,Mixed trad,Austria,Ost,Gesäuse,Festkogel,UIAA:7,7,UIAA
6253573122,Congratulations,Mixed trad,Austria,Ost,Gesäuse,Festkogel,UIAA:7+,7+,UIAA
6253573011,Licht und Schatten,Trad,Austria,Ost,Gesäuse,Festkogel,UIAA:8-,8-,UIAA
6253572906,Peterkaführe,Mixed trad,Austria,Ost,Gesäuse,Festkogel,UIAA:4+/5-,4+,UIAA
10505929449,Letzte Ölung,Trad,Austria,Ost,Gesäuse,Festkogel,UIAA:7,7,UIAA
5365958070,Superlux,Mixed trad,Austria,Ost,Gesäuse,Festkogel,UIAA:6+,6+,UIAA
5365963944,Wienerführe,Mixed trad,Austria,Ost,Gesäuse,Festkogel,UIAA:6-,6-,UIAA
6253572801,Steyrerweg,Mixed trad,Austria,Ost,Gesäuse,Festkogel,UIAA:4+,4+,UIAA
8484952503,Von Teufels Hand,,Austria,Ost,Gesäuse,Festkogel,UIAA:6,6,UIAA
10505929332,Wasserwerk,Sport,Austria,Ost,Gesäuse,Festkogel,UIAA:7-,7-,UIAA
5950761921,Waschrumpel,Mixed trad,Austria,Ost,Gesäuse,Festkogel,UIAA:6,6,UIAA
6253671330,The Beauty and the Beast,Mixed trad,Austria,Ost,Gesäuse,Großer Ödstein,UIAA:7+,7+,UIAA
6253671225,Ödsteinkante,Mixed trad,Austria,Ost,Gesäuse,Großer Ödstein,UIAA:5,5,UIAA
1784835012,Direkte Südostwand,,Austria,Ost,Gesäuse,Großer Ödstein,UIAA:7+,7+,UIAA
1784831199,Direkter Gummikiller,Trad,Austria,Ost,Gesäuse,Kleiner Ödstein,UIAA:7-,7-,UIAA
1784831100,Gummikiller,Mixed trad,Austria,Ost,Gesäuse,Kleiner Ödstein,UIAA:7-,7-,UIAA
1784831001,Waidhofnerweg,Trad,Austria,Ost,Gesäuse,Kleiner Ödstein,UIAA:5,5,UIAA
1784830902,Südostschulter,Mixed trad,Austria,Ost,Gesäuse,Kleiner Ödstein,UIAA:5,5,UIAA
1784830803,Flora,Mixed trad,Austria,Ost,Gesäuse,Kleiner Ödstein,UIAA:6+,6+,UIAA
1784830704,Sendero Luminoso,Mixed trad,Austria,Ost,Gesäuse,Kleiner Ödstein,UIAA:7+/8-,7+,UIAA
1785524400,Route2,Boulder,Austria,Ost,Haindlkar,Haindlkar-Übungsblock,FB_ALT:6,6,FB_ALT
6323753979,Warm up Kante,Sport,Austria,Ost,Gesäuse,Haindlturm,{FR} 6c,6c,FR
8261488335,Der LüsterneÖder,Sport,Austria,Ost,Gesäuse,Haindlturm,{FR} 5c,5c,FR
11726464464,Der Fromme Lü,Sport,Austria,Ost,Gesäuse,Haindlturm,{FR} 6c,6c,FR
6323751339,Lockdown,Sport,Austria,Ost,Gesäuse,Haindlturm,{FR} 7a,7a,FR
6323726865,Chalking Heads,Sport,Austria,Ost,Gesäuse,Haindlturm,{FR} 7c+,7c+,FR
6323721987,Cherokee,Sport,Austria,Ost,Gesäuse,Haindlturm,{FR} 8a,8a,FR
6323720088,Hasta la Vista,Sport,Austria,Ost,Gesäuse,Haindlturm,{FR} 7c+,7c+,FR
6323709123,Big Time,Sport,Austria,Ost,Gesäuse,Haindlturm,{FR} 8a+,8a+,FR
6323707803,Hoib so wüd,Sport,Austria,Ost,Gesäuse,Haindlturm,{FR} 8a+,8a+,FR
6323704347,Kühlschrank,Sport,Austria,Ost,Gesäuse,Haindlturm,{FR} 6b,6b,FR
5766695649,No reaction,Sport,Austria,Ost,Gesäuse,Haindlturm,{FR} 8a+,8a+,FR
5766685173,Männer am Rande des Nervenzusammenbruchs,Sport,Austria,Ost,Gesäuse,Haindlturm,{FR} 7c/c+,7c,FR
5766645060,Fett Boys,Sport,Austria,Ost,Gesäuse,Haindlturm,{FR} 7c,7c,FR
5766084252,Fidel Fiasko,Sport,Austria,Ost,Gesäuse,Haindlturm,{FR} 7a,7a,FR
5766630399,Traffic news,Sport,Austria,Ost,Gesäuse,Haindlturm,{FR} 8a,8a,FR
7987065303,Tsunamis,Sport,Austria,Ost,Gesäuse,Haindlturm,{FR} 7b,7b,FR
7987037931,Hurrikan,Sport,Austria,Ost,Gesäuse,Haindlturm,{FR} 7a,7a,FR
5766641373,Tornado,Sport,Austria,Ost,Gesäuse,Haindlturm,{FR} 7b+,7b+,FR
6323698056,Light Wings,Sport,Austria,Ost,Gesäuse,Haindlturm,{FR} 7c,7c,FR
5766656580,Black Rain,Sport,Austria,Ost,Gesäuse,Haindlturm,{FR} 7c+,7c+,FR
7987136949,Dirty sanchez,Sport,Austria,Ost,Gesäuse,Haindlturm,{FR} 8a,8a,FR
6323700948,A Brux,Sport,Austria,Ost,Gesäuse,Haindlturm,{FR} 6b+,6b+,FR
6323660103,Ein letztes,Sport,Austria,Ost,Gesäuse,Haindlhof,{FR} 6a+,6a+,FR
6323651622,Café Time,Sport,Austria,Ost,Gesäuse,Haindlhof,{FR} 7c,7c,FR
6323625693,Gangerl,Sport,Austria,Ost,Gesäuse,Haindlhof,{FR} 6b,6b,FR
6323623188,Strizi,Sport,Austria,Ost,Gesäuse,Haindlhof,{FR} 6b+,6b+,FR
6323618802,Miss Lou,Sport,Austria,Ost,Gesäuse,Haindlhof,{FR} 7c,7c,FR
6323612520,Frierende Lady,Sport,Austria,Ost,Gesäuse,Haindlhof,{FR} 6c+,6c+,FR
6323603673,Einfach zum Nachdenken,Sport,Austria,Ost,Gesäuse,Haindlhof,{FR} 8a,8a,FR
6323596881,Wunderbare Welt der Schwerkraft,Sport,Austria,Ost,Gesäuse,Haindlhof,{FR} 8b/b+,8b,FR
6323583471,O.N,Sport,Austria,Ost,Gesäuse,Haindlhof,{FR} 6b,6b,FR
6323580489,Abenddämmerung,Sport,Austria,Ost,Gesäuse,Haindlhof,{FR} 6a+,6a+,FR
6323563827,Klemmkeilexpress,Sport,Austria,Ost,Gesäuse,Haindlhof,UIAA:5+/6-,5+,UIAA
5766726060,Sexus Intruptus,Sport,Austria,Ost,Gesäuse,Haindlhof,{FR} 8a+,8a+,FR
6323534739,Action Direkt,Sport,Austria,Ost,Gesäuse,Haindlhof,{FR} 7b+,7b+,FR
6323517525,Sonne bringt Wonne,Sport,Austria,Ost,Gesäuse,Haindlhof,{FR} 7a+,7a+,FR
6323504202,Regen bringt Segen,Sport,Austria,Ost,Gesäuse,Haindlhof,{FR} 6a+,6a+,FR
6323494287,Smart,Sport,Austria,Ost,Gesäuse,Haindlhof,{FR} 6b+,6b+,FR
6323487165,And,Sport,Austria,Ost,Gesäuse,Haindlhof,{FR} 6c,6c,FR
6323485707,Clever,Sport,Austria,Ost,Gesäuse,Haindlhof,{FR} 7a,7a,FR
6323425431,Plattfuß,Sport,Austria,Ost,Gesäuse,Haindlhof,{FR} 6b+,6b+,FR
6323414889,Nicht aller Anfang ist Schwer!,Sport,Austria,Ost,Gesäuse,Haindlhof,UIAA:5+,5+,UIAA
6323295894,Var Nicht aller Anfang,Sport,Austria,Ost,Gesäuse,Haindlhof,UIAA:6-,6-,UIAA
6323193387,Var. Nicht aller Anfang,Sport,Austria,Ost,Gesäuse,Haindlhof,UIAA:6-,6-,UIAA
6323096124,Bergführer Weg,Sport,Austria,Ost,Gesäuse,Haindlhof,UIAA:4,4,UIAA
6323065635,Division Bell,Sport,Austria,Ost,Gesäuse,Haindlhof,{FR} 8a+,8a+,FR
6323097438,O.N.,,Austria,Ost,Gesäuse,Haindlhof,{FR} 6b,6b,FR
6323062005,Boulvard of broken dreams,Sport,Austria,Ost,Gesäuse,Haindlhof,{FR} 7a,7a,FR
6095391225,No woman no cry,Sport,Austria,Ost,Gesäuse,Haindlhof,{FR} 7c,7c,FR
6322909368,No Women no cry,Sport,Austria,Ost,Gesäuse,Haindlhof,{FR} 7c,7c,FR
5766716382,Via Alpinismus,Sport,Austria,Ost,Gesäuse,Haindlhof,UIAA:8-,8-,UIAA
6095391138,Sensenmann,,Austria,Ost,Gesäuse,Haindlhof,{FR} 7b,7b,FR
6322959765,Kleiner Abmurxer,Sport,Austria,Ost,Gesäuse,Haindlhof,{FR} 7c,7c,FR
6322946070,Abmurxer,Sport,Austria,Ost,Gesäuse,Haindlhof,UIAA:9,9,UIAA
6334901409,Superwix,,Austria,Ost,Gesäuse,Haindlhof,{FR} 7b,7b,FR
6322926108,Hammerwerk,Sport,Austria,Ost,Gesäuse,Haindlhof,UIAA:7+,7+,UIAA
6322976601,Koa Spaß nit,Sport,Austria,Ost,Gesäuse,Haindlhof,{FR} 7b+,7b+,FR
6323005269,Liebe oder Tod,Sport,Austria,Ost,Gesäuse,Haindlhof,{FR} 7a,7a,FR
6323011710,Jürgens Chaotischer Traum,Sport,Austria,Ost,Gesäuse,Haindlhof,{FR} 6c+,6c+,FR
6323024253,Eine Nelke für die Elke,Sport,Austria,Ost,Gesäuse,Haindlhof,{FR} 7a+,7a+,FR
6323040030,Nicht ganz Besenrein,Sport,Austria,Ost,Gesäuse,Haindlhof,{FR} 6c+,6c+,FR
6235622796,Schrägriss,,Austria,Ost,Admonter Kalbling,Übungswandl,UIAA:5+,5+,UIAA
689384559,Gamspfeiler,Sport,Austria,Ost,Gesäuse,Admonter Kalbling,UIAA:6+,6+,UIAA
6267167856,Gamskitz,Sport,Austria,Ost,Gesäuse,Admonter Kalbling,UIAA:8/8+,8,UIAA
6267143553,Waidhofnerweg,Sport,Austria,Ost,Gesäuse,Admonter Kalbling,UIAA:5,5,UIAA
6267247587,Linke Südwand,Sport,Austria,Ost,Gesäuse,Admonter Kalbling,UIAA:7+,7+,UIAA
6267247494,Südverschneidung,Sport,Austria,Ost,Gesäuse,Admonter Kalbling,UIAA:6+,6+,UIAA
689384367,Südgrat,Mixed trad,Austria,Ost,Gesäuse,Admonter Kalbling,UIAA:6-,6-,UIAA
5950758228,Südwestpfeiler,Sport,Austria,Ost,Gesäuse,Admonter Kalbling,UIAA:6,6,UIAA
6267247407,Blue Light,Sport,Austria,Ost,Gesäuse,Admonter Kalbling,UIAA:7,7,UIAA
6267247314,Blue Night,Sport,Austria,Ost,Gesäuse,Admonter Kalbling,UIAA:9-,9-,UIAA
6267134382,Denggführe,Sport,Austria,Ost,Gesäuse,Admonter Kalbling,UIAA:6+/7-,6+,UIAA
6267124953,Herbst/Scholz,Sport,Austria,Ost,Gesäuse,Admonter Kalbling,UIAA:4+,4+,UIAA
1931048874,Pelikan-Riebe,Mixed trad,Austria,Ost,Gesäuse,Admonter Kalbling,UIAA:4-,4-,UIAA
6267111900,Dir. Westwand,Sport,Austria,Ost,Gesäuse,Admonter Kalbling,UIAA:6+ A0,6+,UIAA
6267234552,Scheiblehnerriss,Sport,Austria,Ost,Gesäuse,Admonter Kalbling,UIAA:7+,7+,UIAA
6267106725,Westwandpfeiler,Sport,Austria,Ost,Gesäuse,Admonter Kalbling,UIAA:7+ A0,7+,UIAA
6267101430,Schweizertraum,Sport,Austria,Ost,Gesäuse,Admonter Kalbling,UIAA:8,8,UIAA
6267092883,Gesäuse Joint,Sport,Austria,Ost,Gesäuse,Admonter Kalbling,UIAA:9- A1,9-,UIAA
689384466,Nordwestgrat,Sport,Austria,Ost,Gesäuse,Admonter Kalbling,UIAA:3,3,UIAA
6267231726,Schluchtpfeiler,Sport,Austria,Ost,Gesäuse,Admonter Kalbling,UIAA:6,6,UIAA
1931047956,Schritte zum Gipfel,Trad,Austria,Ost,Gesäuse,Admonter Kalbling,UIAA:5+,5+,UIAA
6235437363,Gämsenweg,Mixed trad,Austria,Ost,Gesäuse,Admonter Kalbling,UIAA:4,4,UIAA
6206668986,340er Steig,Mixed trad,Austria,Ost,Gesäuse,Admonter Kalbling,UIAA:4+,4+,UIAA
348852624,Schmankerl,Sport,Austria,Ost,Wandau,Spiegel,UIAA:9+,9+,UIAA
348852525,Spiegel,Sport,Austria,Ost,Wandau,Spiegel,UIAA:6+,6+,UIAA
348852426,Rasputin,Sport,Austria,Ost,Wandau,Spiegel,UIAA:8-,8-,UIAA
348852327,Boulder,Boulder,Austria,Ost,Wandau,Spiegel,UIAA:7,7,UIAA
348852228,Andreas Hofer Spezial,Boulder,Austria,Ost,Wandau,Spiegel,UIAA:8+,8+,UIAA
348852129,Ekstase,Sport,Austria,Ost,Wandau,Spiegel,UIAA:8+,8+,UIAA
348852030,Eis am Stiel,Sport,Austria,Ost,Wandau,Spiegel,UIAA:6,6,UIAA
348847419,Magelan,Sport,Austria,Ost,Wandau,Gullivers Reisen,UIAA:8-,8-,UIAA
348847314,Marco Polo,Sport,Austria,Ost,Wandau,Gullivers Reisen,UIAA:8-,8-,UIAA
348847215,Fuckmachine,Sport,Austria,Ost,Wandau,Gullivers Reisen,UIAA:8+,8+,UIAA
348847116,Requiem,Sport,Austria,Ost,Wandau,Gullivers Reisen,UIAA:9-,9-,UIAA
348847017,Babylon,Sport,Austria,Ost,Wandau,Gullivers Reisen,UIAA:9-,9-,UIAA
348846918,Weli,Sport,Austria,Ost,Wandau,Gullivers Reisen,UIAA:8,8,UIAA
348846813,Gullivers Reisen,Sport,Austria,Ost,Wandau,Gullivers Reisen,UIAA:8,8,UIAA
348846714,Krümelmonster,Sport,Austria,Ost,Wandau,Gullivers Reisen,UIAA:8,8,UIAA
348846615,Ali Baba,Sport,Austria,Ost,Wandau,Gullivers Reisen,UIAA:7+,7+,UIAA
348844242,Calimero,Sport,Austria,Ost,Wandau,Big Foot,UIAA:8,8,UIAA
348844143,Big Foot,Sport,Austria,Ost,Wandau,Big Foot,UIAA:9-,9-,UIAA
348840954,Just cos you have got the power,Sport,Austria,Ost,Wandau,Die Kunst,UIAA:10-,10-,UIAA
348840855,It´s not so easy,Sport,Austria,Ost,Wandau,Die Kunst,UIAA:10-,10-,UIAA
348840756,It´s so easy,Sport,Austria,Ost,Wandau,Die Kunst,UIAA:9+,9+,UIAA
348840657,Schuppensprung,Sport,Austria,Ost,Wandau,Die Kunst,UIAA:8,8,UIAA
348840558,Nußknacker,Sport,Austria,Ost,Wandau,Die Kunst,UIAA:8,8,UIAA
348840459,Selcted Power Game,Sport,Austria,Ost,Wandau,Die Kunst,UIAA:9,9,UIAA
348840360,Selected Game,Sport,Austria,Ost,Wandau,Die Kunst,UIAA:9,9,UIAA
348840261,Facelifting,Sport,Austria,Ost,Wandau,Die Kunst,UIAA:8+,8+,UIAA
348840162,Fuck the monkey,Sport,Austria,Ost,Wandau,Die Kunst,UIAA:9+,9+,UIAA
348812559,Nasenriß,Sport,Austria,Ost,Wandau,Standart,UIAA:7,7,UIAA
348812460,Piazriß,Sport,Austria,Ost,Wandau,Standart,UIAA:6-,6-,UIAA
348812361,Kassandra,Sport,Austria,Ost,Wandau,Standart,UIAA:7+,7+,UIAA
348812262,Kompaktverschneidung,Sport,Austria,Ost,Wandau,Standart,UIAA:7+,7+,UIAA
348812163,Duell,Sport,Austria,Ost,Wandau,Standart,UIAA:8,8,UIAA
348812064,Obersteirische Analyse,Sport,Austria,Ost,Wandau,Standart,UIAA:8+,8+,UIAA
348811965,Don Camillo,Sport,Austria,Ost,Wandau,Standart,UIAA:7+,7+,UIAA
348811866,Don Camillo Variante,Sport,Austria,Ost,Wandau,Standart,UIAA:7-,7-,UIAA
348811767,Werner Beinhart,Sport,Austria,Ost,Wandau,Standart,UIAA:9-,9-,UIAA
348811668,Karambolage,Sport,Austria,Ost,Wandau,Standart,UIAA:7-,7-,UIAA
348811569,Mumie,Sport,Austria,Ost,Wandau,Standart,UIAA:7+,7+,UIAA
348811470,Rampe,Sport,Austria,Ost,Wandau,Standart,UIAA:4,4,UIAA
348811371,Standard,Sport,Austria,Ost,Wandau,Standart,UIAA:6+,6+,UIAA
348811272,Expansion,Sport,Austria,Ost,Wandau,Standart,UIAA:7+,7+,UIAA
348811173,Max Headroom,Sport,Austria,Ost,Wandau,Standart,UIAA:10-,10-,UIAA
348822291,Nighttrain,Sport,Austria,Ost,Wandau,Skandal,UIAA:9-,9-,UIAA
348822192,Skanddalkante,Sport,Austria,Ost,Wandau,Skandal,UIAA:8-,8-,UIAA
348822093,Hydrant,Sport,Austria,Ost,Wandau,Skandal,UIAA:8+,8+,UIAA
348821973,Allegro,Sport,Austria,Ost,Wandau,Skandal,UIAA:10-,10-,UIAA
348821799,Bastard,Sport,Austria,Ost,Wandau,Skandal,UIAA:9,9,UIAA
348821700,R.I.P,Sport,Austria,Ost,Wandau,Skandal,UIAA:10-,10-,UIAA
348821601,Randezvous,Sport,Austria,Ost,Wandau,Skandal,UIAA:9+,9+,UIAA
348821502,Dommauer,Sport,Austria,Ost,Wandau,Skandal,UIAA:9-,9-,UIAA
348821403,Radikal Ramika,Sport,Austria,Ost,Wandau,Skandal,UIAA:8+,8+,UIAA
348821304,Senkrechtstarter,Sport,Austria,Ost,Wandau,Skandal,UIAA:8-,8-,UIAA
348821205,Gefahr,Sport,Austria,Ost,Wandau,Skandal,UIAA:8+,8+,UIAA
348821106,Koalition,Sport,Austria,Ost,Wandau,Skandal,UIAA:7+,7+,UIAA
348820971,Nasenbär,Sport,Austria,Ost,Wandau,Skandal,UIAA:7+,7+,UIAA
348820860,Kleine Platte,Sport,Austria,Ost,Wandau,Skandal,UIAA:7,7,UIAA
348820692,Kurzprogramm,Sport,Austria,Ost,Wandau,Skandal,UIAA:7,7,UIAA
1784820375,Südwestwand,Mixed trad,Austria,Ost,Gesäuse,Tieflimauer,UIAA:6- A1,6-,UIAA
1784820276,Westwand,Mixed trad,Austria,Ost,Gesäuse,Tieflimauer,UIAA:4,4,UIAA
1784820177,Westkante,Mixed trad,Austria,Ost,Gesäuse,Tieflimauer,UIAA:4+,4+,UIAA
1784815437,Südwestgrat,Trad,Austria,Ost,Gesäuse,Kleiner Buchstein,UIAA:3-,3-,UIAA
1784815338,Normalweg,Trad,Austria,Ost,Gesäuse,Kleiner Buchstein,UIAA:2,2,UIAA
9873365952,Paradies in Scherben,Sport,Austria,Ost,Gesäuse,Großer Buchstein,UIAA:6+,6+,UIAA
1784822937,Südgrat,Mixed trad,Austria,Ost,Gesäuse,Großer Buchstein,UIAA:3+,3+,UIAA
1784822865,Lindnblia,Sport,Austria,Ost,Gesäuse,Großer Buchstein,UIAA:6-,6-,UIAA
1784822793,König Löwenherz,Sport,Austria,Ost,Gesäuse,Großer Buchstein,UIAA:6+,6+,UIAA
1784822721,Frostbeule,Sport,Austria,Ost,Gesäuse,Großer Buchstein,UIAA:8-,8-,UIAA
1784822649,Spaltenzone,Sport,Austria,Ost,Gesäuse,Großer Buchstein,UIAA:7/7+,7,UIAA
1784822577,Feuerland,Mixed trad,Austria,Ost,Gesäuse,Großer Buchstein,UIAA:8+/9-,8+,UIAA
1784822505,Dornröschen,Mixed trad,Austria,Ost,Gesäuse,Großer Buchstein,UIAA:6,6,UIAA
1784822433,Via Appia,Mixed trad,Austria,Ost,Gesäuse,Großer Buchstein,UIAA:7+,7+,UIAA
1784822361,Steinschnuppe,Mixed trad,Austria,Ost,Gesäuse,Großer Buchstein,UIAA:7+,7+,UIAA
11339105532,Spritztour,Sport,Austria,Ost,Gesäuse,Großer Buchstein,UIAA:7-,7-,UIAA
11339082888,Bandlwurm,Sport,Austria,Ost,Gesäuse,Großer Buchstein,UIAA:7+,7+,UIAA
1784822289,Südpfeiler,Mixed trad,Austria,Ost,Gesäuse,Großer Buchstein,UIAA:5 - 6+ A1,5,UIAA
11339037888,Suche nach Glück,Sport,Austria,Ost,Gesäuse,Großer Buchstein,UIAA:7+,7+,UIAA
1784822217,Westgrat,Mixed trad,Austria,Ost,Gesäuse,Großer Buchstein,UIAA:3-,3-,UIAA
8525000241,"Papa, can you hear me?",Sport,Austria,Ost,Hochschwabgruppe,Kletterpark Spielmäuer,UIAA:7,7,UIAA
4537104096,Der Pfad des friedvollen Kriegers,Sport,Austria,Ost,Kletterpark Spielmäuer,Kleine Höhle,UIAA:6+,6+,UIAA
4537103925,Gott würfelt nicht,Sport,Austria,Ost,Kletterpark Spielmäuer,Kleine Höhle,UIAA:7,7,UIAA
4537099257,Das Wilde in mir,Sport,Austria,Ost,Kletterpark Spielmäuer,Jausenplatzl,UIAA:8,8,UIAA
4537099164,Steirischer Halunke,Sport,Austria,Ost,Kletterpark Spielmäuer,Jausenplatzl,UIAA:7-,7-,UIAA
4537092510,Seebergblick,Sport,Austria,Ost,Kletterpark Spielmäuer,Große Platte,UIAA:7+/8-,7+,UIAA
4537092417,Hilti vs. Bosch,Sport,Austria,Ost,Kletterpark Spielmäuer,Große Platte,UIAA:8-,8-,UIAA
4537092324,Traumfänger,Sport,Austria,Ost,Kletterpark Spielmäuer,Große Platte,UIAA:7/7+,7,UIAA
4537092153,Federleicht,Sport,Austria,Ost,Kletterpark Spielmäuer,Große Platte,UIAA:8-,8-,UIAA
4537092060,Kernöl Spezial,Sport,Austria,Ost,Kletterpark Spielmäuer,Große Platte,{FR} 7b,7b,FR
4537085187,A,Sport,Austria,Ost,Kletterpark Spielmäuer,Große Platte,UIAA:8+/9-,8+,UIAA
4537085094,ANI,Sport,Austria,Ost,Kletterpark Spielmäuer,Große Platte,UIAA:7+/8-,7+,UIAA
4537085001,MAGU,Sport,Austria,Ost,Kletterpark Spielmäuer,Große Platte,UIAA:7+/8-,7+,UIAA
4537084836,Im Blick des Adlers,Sport,Austria,Ost,Kletterpark Spielmäuer,Große Platte,UIAA:7+,7+,UIAA
4537084743,Sturzflug des Falken,Sport,Austria,Ost,Kletterpark Spielmäuer,Große Platte,UIAA:6+,6+,UIAA
8524970832,Mentopolis,Sport,Austria,Ost,Hochschwabgruppe,Pfaffenstein,UIAA:8-,8-,UIAA
8524965603,Südwandplatten,Sport,Austria,Ost,Hochschwabgruppe,Pfaffenstein,UIAA:4+,4+,UIAA
8400404142,Südwestkante,Sport,Austria,Ost,Hochschwabgruppe,Pfaffenstein,UIAA:5,5,UIAA
8400400959,Südwestkanten-Sockel,Sport,Austria,Ost,Hochschwabgruppe,Pfaffenstein,UIAA:7-,7-,UIAA
8633703120,Höfiexpress,Sport,Austria,Ost,Hochschwabgruppe,Klettergarten Stockerwand,UIAA:7,7,UIAA
8633695428,Lechner Wastl Gedächtnisweg,Sport,Austria,Ost,Hochschwabgruppe,Klettergarten Stockerwand,UIAA:7,7,UIAA
8633613891,Schuppenluder,,Austria,Ost,Hochschwabgruppe,Klettergarten Stockerwand,UIAA:6,6,UIAA
8633613810,Streckdich,,Austria,Ost,Hochschwabgruppe,Klettergarten Stockerwand,UIAA:7,7,UIAA
8633613729,Finale,,Austria,Ost,Hochschwabgruppe,Klettergarten Stockerwand,UIAA:9,9,UIAA
8633613648,Ballerina,,Austria,Ost,Hochschwabgruppe,Klettergarten Stockerwand,UIAA:7+,7+,UIAA
8633613501,Hupf auf,Sport,Austria,Ost,Hochschwabgruppe,Klettergarten Stockerwand,UIAA:6+,6+,UIAA
8633613420,Nadelfinger,Sport,Austria,Ost,Hochschwabgruppe,Klettergarten Stockerwand,UIAA:6+,6+,UIAA
8633613333,Götterquerung,Sport,Austria,Ost,Hochschwabgruppe,Klettergarten Stockerwand,UIAA:6-,6-,UIAA
8633613252,Zieh durch,Sport,Austria,Ost,Hochschwabgruppe,Klettergarten Stockerwand,UIAA:7-,7-,UIAA
8633613165,Variante,Sport,Austria,Ost,Hochschwabgruppe,Klettergarten Stockerwand,UIAA:8-,8-,UIAA
8633613069,Dagmar,Sport,Austria,Ost,Hochschwabgruppe,Klettergarten Stockerwand,UIAA:7/7+,7,UIAA
8633612964,Endspurt,Sport,Austria,Ost,Hochschwabgruppe,Klettergarten Stockerwand,UIAA:8,8,UIAA
8633612883,Ikarus,Sport,Austria,Ost,Hochschwabgruppe,Klettergarten Stockerwand,UIAA:8,8,UIAA
8633612787,Schwester Claudia,Sport,Austria,Ost,Hochschwabgruppe,Klettergarten Stockerwand,UIAA:9,9,UIAA
8633612706,Seifenkistl,Sport,Austria,Ost,Hochschwabgruppe,Klettergarten Stockerwand,UIAA:9,9,UIAA
8633612592,Bärnthaler Gedächtnisweg,Sport,Austria,Ost,Hochschwabgruppe,Klettergarten Stockerwand,UIAA:9+,9+,UIAA
8633612511,Steinbockverschneidung,Sport,Austria,Ost,Hochschwabgruppe,Klettergarten Stockerwand,UIAA:7+,7+,UIAA
8633612430,Treablitza,Sport,Austria,Ost,Hochschwabgruppe,Klettergarten Stockerwand,UIAA:8+,8+,UIAA
8633612328,Mirakulix,Sport,Austria,Ost,Hochschwabgruppe,Klettergarten Stockerwand,UIAA:7,7,UIAA
8633612217,Star War,Sport,Austria,Ost,Hochschwabgruppe,Klettergarten Stockerwand,UIAA:7-,7-,UIAA
8641866924,Hufeisenkante,Sport,Austria,Ost,Hochschwabgruppe,Hochturm,UIAA:5+,5+,UIAA
3810818559,Blumenkinder,Sport,Austria,Ost,Hochschwabgruppe,Hochturm,UIAA:5+,5+,UIAA
11643240966,Rückkehr der Hiltiritter,Sport,Austria,Ost,Hochschwabgruppe,Hochturm,UIAA:7,7,UIAA
3760139313,Rabenhorst,Mixed trad,Austria,Ost,Vordernberger Griesmauer,Ostwand,UIAA:6+,6+,UIAA
3760125018,Ikarus,Sport,Austria,Ost,Vordernberger Griesmauer,Nordwestwand,UIAA:7+,7+,UIAA
3760124925,Hoch das Bein,Sport,Austria,Ost,Vordernberger Griesmauer,Nordwestwand,UIAA:6+,6+,UIAA
3760120449,Keppelzahn Normalanstieg,Sport,Austria,Ost,Vordernberger Griesmauer,Nordwestwand,UIAA:2 - 3,2,UIAA
3760120218,Häntschlriss,Sport,Austria,Ost,Vordernberger Griesmauer,Nordwestwand,UIAA:6,6,UIAA
3760120131,Bluadhund,Sport,Austria,Ost,Vordernberger Griesmauer,Nordwestwand,UIAA:6+,6+,UIAA
3760120038,Elfiweg,Sport,Austria,Ost,Vordernberger Griesmauer,Nordwestwand,UIAA:5-,5-,UIAA
3760119951,Danke Karin,Sport,Austria,Ost,Vordernberger Griesmauer,Nordwestwand,UIAA:6,6,UIAA
3760119858,Hurra ich lebe noch,Sport,Austria,Ost,Vordernberger Griesmauer,Nordwestwand,UIAA:7-,7-,UIAA
3760119771,Grillplatte,Sport,Austria,Ost,Vordernberger Griesmauer,Nordwestwand,UIAA:7,7,UIAA
3760119684,Kristall,Sport,Austria,Ost,Vordernberger Griesmauer,Nordwestwand,UIAA:6,6,UIAA
3760109895,Flieg Adler flieg,Sport,Austria,Ost,Vordernberger Griesmauer,Nordwestwand,UIAA:5,5,UIAA
3760109802,Der mit dem Stein tanzt,Sport,Austria,Ost,Vordernberger Griesmauer,Nordwestwand,UIAA:7,7,UIAA
3760109709,Weberknecht,Sport,Austria,Ost,Vordernberger Griesmauer,Nordwestwand,UIAA:6-,6-,UIAA
3760109616,Zwischenhoch,Sport,Austria,Ost,Vordernberger Griesmauer,Nordwestwand,UIAA:4+,4+,UIAA
3760109529,Schmutzfink,Sport,Austria,Ost,Vordernberger Griesmauer,Nordwestwand,UIAA:5+,5+,UIAA
3760109442,Reifeprüfung,Sport,Austria,Ost,Vordernberger Griesmauer,Nordwestwand,UIAA:7+,7+,UIAA
3760109349,Pfiffikus,Sport,Austria,Ost,Vordernberger Griesmauer,Nordwestwand,UIAA:7,7,UIAA
3760109262,Capricornus,Sport,Austria,Ost,Vordernberger Griesmauer,Nordwestwand,UIAA:6,6,UIAA
3760109097,Abendspaziergang,Sport,Austria,Ost,Vordernberger Griesmauer,Nordwestwand,UIAA:5+,5+,UIAA
3760030284,Hochzeitsreise,Sport,Austria,Ost,Vordernberger Griesmauer,Südostwand,UIAA:8,8,UIAA
3760030197,S-Riss direkt,Sport,Austria,Ost,Vordernberger Griesmauer,Südostwand,UIAA:7+,7+,UIAA
3760025703,S-Riss,Mixed trad,Austria,Ost,Vordernberger Griesmauer,Südostwand,UIAA:7-,7-,UIAA
3760025610,Blitz und Donner,Mixed trad,Austria,Ost,Vordernberger Griesmauer,Südostwand,UIAA:7-,7-,UIAA
3760025532,Kuhl,Sport,Austria,Ost,Vordernberger Griesmauer,Südostwand,UIAA:4+,4+,UIAA
3760025445,Aprilscherz,,Austria,Ost,Vordernberger Griesmauer,Südostwand,UIAA:7-,7-,UIAA
3760025358,Klein aber fein,,Austria,Ost,Vordernberger Griesmauer,Südostwand,UIAA:6+,6+,UIAA
3760025265,Erz und Eisen,Sport,Austria,Ost,Vordernberger Griesmauer,Südostwand,UIAA:6-,6-,UIAA
3760025178,Hochdruck,,Austria,Ost,Vordernberger Griesmauer,Südostwand,UIAA:6,6,UIAA
3760025085,Rumble Fish,Sport,Austria,Ost,Vordernberger Griesmauer,Südostwand,UIAA:7-,7-,UIAA
3760024992,Streck Dich,Sport,Austria,Ost,Vordernberger Griesmauer,Südostwand,UIAA:6,6,UIAA
3760024905,Piazriss,,Austria,Ost,Vordernberger Griesmauer,Südostwand,UIAA:4+,4+,UIAA
1009748979,Fledermausgrat,Sport,Austria,Ost,Hochschwabgruppe,Vordernberger Griesmauer,UIAA:4,4,UIAA
10567287987,Markus Faiman Gedächtnisweg,Trad,Austria,Ost,Hochschwabgruppe,Ringkamp,UIAA:7+,7+,UIAA
8514611808,Happy Birthday,Sport,Austria,Ost,Hochschwabgruppe,Höllmauer,UIAA:7,7,UIAA
8528859558,Wintasunnawend,Sport,Austria,Ost,Höllmauer,Südwand Basis,UIAA:7,7,UIAA
8528856795,Mensch ärgere dich nicht,Sport,Austria,Ost,Höllmauer,Südwand Basis,UIAA:6,6,UIAA
8528851452,Teufelsspaziergang,Sport,Austria,Ost,Höllmauer,Südwand Basis,UIAA:7,7,UIAA
8528849523,Geduld ist eine Tugend,Sport,Austria,Ost,Höllmauer,Südwand Basis,UIAA:7,7,UIAA
8400284841,Hauseggerpfeiler,Sport,Austria,Ost,Höllmauer,Südwand,UIAA:6+,6+,UIAA
8514565218,Glockenspiel,Sport,Austria,Ost,Höllmauer,Südwand,UIAA:7,7,UIAA
8514553353,Windspiel,Sport,Austria,Ost,Höllmauer,Südwand,UIAA:6+,6+,UIAA
8445635508,Kasparekpfeiler,Sport,Austria,Ost,Höllmauer,Südwand,UIAA:6-,6-,UIAA
349843248,12,Sport,Austria,Ost,Hochschwabgruppe,Klettergarten Seeblick,UIAA:4+,4+,UIAA
349843155,11,Sport,Austria,Ost,Hochschwabgruppe,Klettergarten Seeblick,UIAA:4-,4-,UIAA
349843062,10,Sport,Austria,Ost,Hochschwabgruppe,Klettergarten Seeblick,UIAA:4-,4-,UIAA
349842969,9,Sport,Austria,Ost,Hochschwabgruppe,Klettergarten Seeblick,UIAA:4+,4+,UIAA
349842876,8,Sport,Austria,Ost,Hochschwabgruppe,Klettergarten Seeblick,UIAA:7+,7+,UIAA
349842783,7,Sport,Austria,Ost,Hochschwabgruppe,Klettergarten Seeblick,UIAA:6,6,UIAA
349842690,6,Sport,Austria,Ost,Hochschwabgruppe,Klettergarten Seeblick,UIAA:6-,6-,UIAA
349842597,5,Sport,Austria,Ost,Hochschwabgruppe,Klettergarten Seeblick,UIAA:4+,4+,UIAA
349842504,4,Sport,Austria,Ost,Hochschwabgruppe,Klettergarten Seeblick,UIAA:5-,5-,UIAA
349842411,3,Sport,Austria,Ost,Hochschwabgruppe,Klettergarten Seeblick,UIAA:4,4,UIAA
349842318,2,Sport,Austria,Ost,Hochschwabgruppe,Klettergarten Seeblick,UIAA:4+,4+,UIAA
349842225,1,Sport,Austria,Ost,Hochschwabgruppe,Klettergarten Seeblick,UIAA:3+,3+,UIAA
8542078332,Nordwand,Trad,Austria,Ost,Mitteralm,Schartenspitze,UIAA:6+,6+,UIAA
8542005492,Bohrnografie,Trad,Austria,Ost,Mitteralm,Schartenspitze,UIAA:8-,8-,UIAA
8541959244,Eine kleine Reise zum Mond,Sport,Austria,Ost,Mitteralm,Schartenspitze,UIAA:9-,9-,UIAA
8541940851,Tortour,Trad,Austria,Ost,Mitteralm,Schartenspitze,{FR} 8c,8c,FR
8541555309,Dornenvögel,Sport,Austria,Ost,Mitteralm,Schartenspitze,UIAA:8+/9-,8+,UIAA
8541543315,Pinocchio,Sport,Austria,Ost,Mitteralm,Schartenspitze,UIAA:7+,7+,UIAA
8541528954,Direkte Westkante,Sport,Austria,Ost,Mitteralm,Schartenspitze,UIAA:7,7,UIAA
8249863599,Schartenspitze Südgrat,Trad,Austria,Ost,Mitteralm,Schartenspitze,UIAA:3+,3+,UIAA
634684371,Schattenwitz,Trad,Austria,Ost,Mitteralm,Schartenspitze,UIAA:9,9,UIAA
3259931253,Aussenseiter,Sport,Austria,Ost,Klettergarten ÖBRD Wildalpen,Sektor A,UIAA:4+,4+,UIAA
3259931166,Reines Wasserl,Sport,Austria,Ost,Klettergarten ÖBRD Wildalpen,Sektor A,UIAA:4+/5-,4+,UIAA
3259931079,Hopp auf Willi,Sport,Austria,Ost,Klettergarten ÖBRD Wildalpen,Sektor A,UIAA:4+,4+,UIAA
3259930992,Salzatal Blues,Sport,Austria,Ost,Klettergarten ÖBRD Wildalpen,Sektor A,UIAA:4+,4+,UIAA
3259930905,Wigl-Wogl,Sport,Austria,Ost,Klettergarten ÖBRD Wildalpen,Sektor A,UIAA:4-,4-,UIAA
3259930818,Krabbelstube,Sport,Austria,Ost,Klettergarten ÖBRD Wildalpen,Sektor A,UIAA:3-,3-,UIAA
3259930731,Mein Gott Walter,Sport,Austria,Ost,Klettergarten ÖBRD Wildalpen,Sektor A,UIAA:4-,4-,UIAA
3259930641,Friedl’s Traum,Sport,Austria,Ost,Klettergarten ÖBRD Wildalpen,Sektor A,UIAA:6-/6,6-,UIAA
3259930569,Jörgl Variante,Sport,Austria,Ost,Klettergarten ÖBRD Wildalpen,Sektor A,UIAA:6-,6-,UIAA
3259930467,Jörgl Grat,Sport,Austria,Ost,Klettergarten ÖBRD Wildalpen,Sektor A,UIAA:5+,5+,UIAA
3259930380,Via Mala,Sport,Austria,Ost,Klettergarten ÖBRD Wildalpen,Sektor A,UIAA:6+/7-,6+,UIAA
3259930290,Via Mala Grat,Sport,Austria,Ost,Klettergarten ÖBRD Wildalpen,Sektor A,UIAA:6+,6+,UIAA
3259930182,Säusenbach Gasse,Sport,Austria,Ost,Klettergarten ÖBRD Wildalpen,Sektor A,UIAA:4/4+,4,UIAA
3259930095,Nervensäge,Sport,Austria,Ost,Klettergarten ÖBRD Wildalpen,Sektor A,UIAA:6+/7-,6+,UIAA
3259930017,Nicky Way,Sport,Austria,Ost,Klettergarten ÖBRD Wildalpen,Sektor A,UIAA:4/4+,4,UIAA
3259929930,Wasserplatte,Sport,Austria,Ost,Klettergarten ÖBRD Wildalpen,Sektor A,UIAA:6+/7-,6+,UIAA
3306521901,A Zug geht noch,Sport,Austria,Ost,Klettergarten ÖBRD Wildalpen,Sektor C,UIAA:6+ - 7,6+,UIAA
3306521814,Siddhartha,Sport,Austria,Ost,Klettergarten ÖBRD Wildalpen,Sektor C,UIAA:6+ - 7,6+,UIAA
3306521727,Phönix,Sport,Austria,Ost,Klettergarten ÖBRD Wildalpen,Sektor C,UIAA:6+/7-,6+,UIAA
3306521640,Plattenschleicher,Sport,Austria,Ost,Klettergarten ÖBRD Wildalpen,Sektor C,UIAA:9-/9,9-,UIAA
3306521553,Rittersporn,Sport,Austria,Ost,Klettergarten ÖBRD Wildalpen,Sektor C,UIAA:6+,6+,UIAA
3306521466,Willi End Gedächnisweg,Sport,Austria,Ost,Klettergarten ÖBRD Wildalpen,Sektor C,UIAA:5+/6-,5+,UIAA
3259978431,I mog di,Sport,Austria,Ost,Klettergarten ÖBRD Wildalpen,Sektor B,UIAA:6-,6-,UIAA
3259978359,Maiwipferl,Sport,Austria,Ost,Klettergarten ÖBRD Wildalpen,Sektor B,UIAA:6,6,UIAA
3259978200,Alpinburrer,Sport,Austria,Ost,Klettergarten ÖBRD Wildalpen,Sektor B,UIAA:5+,5+,UIAA
3259978113,Hühnerauge,Sport,Austria,Ost,Klettergarten ÖBRD Wildalpen,Sektor B,UIAA:7+,7+,UIAA
3259977954,Stolperstein,Sport,Austria,Ost,Klettergarten ÖBRD Wildalpen,Sektor B,UIAA:7+,7+,UIAA
3259977795,Max und Moritz,Sport,Austria,Ost,Klettergarten ÖBRD Wildalpen,Sektor B,UIAA:6,6,UIAA
3259977708,Kletterbrüderpfad,Sport,Austria,Ost,Klettergarten ÖBRD Wildalpen,Sektor B,UIAA:7-,7-,UIAA
3259977549,Siebenschläfer,Sport,Austria,Ost,Klettergarten ÖBRD Wildalpen,Sektor B,UIAA:5,5,UIAA
3259977462,Alexis Zorbas,Sport,Austria,Ost,Klettergarten ÖBRD Wildalpen,Sektor B,UIAA:8-,8-,UIAA
3259977342,Oliver Twist,Sport,Austria,Ost,Klettergarten ÖBRD Wildalpen,Sektor B,UIAA:5- - 6+,5-,UIAA
3259977255,Rudi‘s First,Sport,Austria,Ost,Klettergarten ÖBRD Wildalpen,Sektor B,UIAA:5-,5-,UIAA
3259977168,Fladi Riss,Sport,Austria,Ost,Klettergarten ÖBRD Wildalpen,Sektor B,UIAA:6+,6+,UIAA
3259964625,Graszweigerl,Sport,Austria,Ost,Klettergarten ÖBRD Wildalpen,Sektor B,UIAA:5+,5+,UIAA
3259964538,Klein und fein,Sport,Austria,Ost,Klettergarten ÖBRD Wildalpen,Sektor B,UIAA:5-,5-,UIAA
3259964451,Würmchen,Sport,Austria,Ost,Klettergarten ÖBRD Wildalpen,Sektor B,UIAA:4+,4+,UIAA
6309244350,Revolution,Sport,Austria,Ost,Hochschwabgruppe,Jassingau,UIAA:8,8,UIAA
6309244269,Woodstock,Sport,Austria,Ost,Hochschwabgruppe,Jassingau,UIAA:7,7,UIAA
941888034,Unbekannt,Sport,Austria,Ost,Hochschwabgruppe,Jassingau,UIAA:6 - 7,6,UIAA
941887941,Seiltänzer,Sport,Austria,Ost,Hochschwabgruppe,Jassingau,UIAA:7-/7,7-,UIAA
941887848,Erz und Eisen,Sport,Austria,Ost,Hochschwabgruppe,Jassingau,UIAA:7+,7+,UIAA
941887689,Bouillon mit,Sport,Austria,Ost,Hochschwabgruppe,Jassingau,UIAA:6+,6+,UIAA
941882241,Rechte Kante,Sport,Austria,Ost,Hochschwabgruppe,Jassingau,UIAA:7+,7+,UIAA
941882148,Standard,Sport,Austria,Ost,Hochschwabgruppe,Jassingau,UIAA:7-,7-,UIAA
941881923,Impuls,Sport,Austria,Ost,Hochschwabgruppe,Jassingau,UIAA:8-/8,8-,UIAA
941882049,Fantomas,Sport,Austria,Ost,Hochschwabgruppe,Jassingau,UIAA:8+,8+,UIAA
941881782,Kante,Sport,Austria,Ost,Hochschwabgruppe,Jassingau,UIAA:7+,7+,UIAA
941881650,Erzgeist,Sport,Austria,Ost,Hochschwabgruppe,Jassingau,UIAA:8,8,UIAA
941881560,Garfield,Sport,Austria,Ost,Hochschwabgruppe,Jassingau,UIAA:7,7,UIAA
941881356,Gewusst wie,Sport,Austria,Ost,Hochschwabgruppe,Jassingau,UIAA:6,6,UIAA
941881257,Schlagobers,Sport,Austria,Ost,Hochschwabgruppe,Jassingau,UIAA:7+,7+,UIAA
8400353313,Gordis Magic Line,Sport,Austria,Ost,Hochschwabgruppe,Nördlicher Hochschwab,UIAA:6/6+,6,UIAA
8481270282,Edler Boden,Sport,Austria,Ost,Nördlicher Hochschwab,Tremmleck,UIAA:6,6,UIAA
8481215634,Gerade Ostwand,Sport,Austria,Ost,Nördlicher Hochschwab,Tremmleck,UIAA:5-,5-,UIAA
8445449994,Glückspilz,Sport,Austria,Ost,Nördlicher Hochschwab,Schönberg,UIAA:7-/7,7-,UIAA
8529661464,Sam Hawkens,Sport,Austria,Ost,Zentraler Hochschwab,Winnetouwandl,UIAA:4,4,UIAA
8529661377,Adlerfeder,Sport,Austria,Ost,Zentraler Hochschwab,Winnetouwandl,UIAA:5-,5-,UIAA
8529661290,Traumfänger,Sport,Austria,Ost,Zentraler Hochschwab,Winnetouwandl,UIAA:5+,5+,UIAA
8529661203,Geronimo,Sport,Austria,Ost,Zentraler Hochschwab,Winnetouwandl,UIAA:6/6+,6,UIAA
8529661116,Malo Biokovo,Sport,Austria,Ost,Zentraler Hochschwab,Winnetouwandl,UIAA:7+,7+,UIAA
8529661029,Crazy Horse,Sport,Austria,Ost,Zentraler Hochschwab,Winnetouwandl,UIAA:7-/7,7-,UIAA
8529660942,Pelinkovac Boys,Sport,Austria,Ost,Zentraler Hochschwab,Winnetouwandl,UIAA:7-,7-,UIAA
8529660855,Der Schatz im Bogenkar,Sport,Austria,Ost,Zentraler Hochschwab,Winnetouwandl,UIAA:5+/6-,5+,UIAA
8529660768,Apanatischi,Sport,Austria,Ost,Zentraler Hochschwab,Winnetouwandl,UIAA:5-,5-,UIAA
8529758865,Halbblut,Sport,Austria,Ost,Zentraler Hochschwab,Wetzsteinmugel,UIAA:6+,6+,UIAA
8529758778,Herzblut,Sport,Austria,Ost,Zentraler Hochschwab,Wetzsteinmugel,UIAA:7,7,UIAA
8529758685,Kosatour,Sport,Austria,Ost,Zentraler Hochschwab,Wetzsteinmugel,UIAA:7,7,UIAA
8529758598,Prima Ballerina,Sport,Austria,Ost,Zentraler Hochschwab,Wetzsteinmugel,UIAA:7,7,UIAA
8562785517,Plüschkückenparade,Sport,Austria,Ost,Zentraler Hochschwab,G'hackstein,UIAA:6+,6+,UIAA
8564113557,Catwalk,Sport,Austria,Ost,Zentraler Hochschwab,G'hackstein,UIAA:7-,7-,UIAA
8529971955,Glückskind,Sport,Austria,Ost,Zentraler Hochschwab,G'hackstein,UIAA:6 A0,6,UIAA
8562402903,Zagelruns'n,Sport,Austria,Ost,Zentraler Hochschwab,G'hackstein,UIAA:5+,5+,UIAA
8530094892,Die Liebe zum Detail,Sport,Austria,Ost,Zentraler Hochschwab,Wetzsteinkogel,UIAA:7+,7+,UIAA
5192986371,Internationale,Sport,Austria,Ost,Zentraler Hochschwab,Wetzsteinkogel,UIAA:5,5,UIAA
8445657090,Land of our Fathers,Sport,Austria,Ost,Zentraler Hochschwab,Wetzsteinkogel,UIAA:7-,7-,UIAA
8564936325,Borderline (rechts),Sport,Austria,Ost,Zentraler Hochschwab,Wetzsteinkogel,UIAA:7-,7-,UIAA
8564790108,Borderline (links),Sport,Austria,Ost,Zentraler Hochschwab,Wetzsteinkogel,UIAA:5+,5+,UIAA
8400255351,Huibuh,Sport,Austria,Ost,Zentraler Hochschwab,Wetzsteinkogel,UIAA:7-,7-,UIAA
8349981057,Wetzsteinplatte,Sport,Austria,Ost,Zentraler Hochschwab,Wetzsteinkogel,UIAA:6-,6-,UIAA
7776110154,Via Renata,Sport,Austria,Ost,Zentraler Hochschwab,Wetzsteinkogel,UIAA:6,6,UIAA
8564543046,Wadi,Sport,Austria,Ost,Zentraler Hochschwab,Wetzsteinkogel,UIAA:8-,8-,UIAA
8564451168,Supermaus,Sport,Austria,Ost,Zentraler Hochschwab,Wetzsteinkogel,UIAA:7-,7-,UIAA
7776074082,Nirak,Sport,Austria,Ost,Zentraler Hochschwab,Wetzsteinkogel,UIAA:5,5,UIAA
8565192600,Sommer in Island,Sport,Austria,Ost,Wetzsteinkogel,Wetzsteinkogel SO-Wand,UIAA:6+,6+,UIAA
8565192507,Land ohne Heimat,Sport,Austria,Ost,Wetzsteinkogel,Wetzsteinkogel SO-Wand,UIAA:7-,7-,UIAA
8565192396,Direkter Wasserwunderweg,Sport,Austria,Ost,Wetzsteinkogel,Wetzsteinkogel SO-Wand,UIAA:7,7,UIAA
8565192297,Europa nostra,Sport,Austria,Ost,Wetzsteinkogel,Wetzsteinkogel SO-Wand,UIAA:6,6,UIAA
8565192168,Schleimbeutl,Sport,Austria,Ost,Wetzsteinkogel,Wetzsteinkogel SO-Wand,UIAA:5-,5-,UIAA
8565192063,Falscher Hund,Sport,Austria,Ost,Wetzsteinkogel,Wetzsteinkogel SO-Wand,UIAA:5,5,UIAA
8565191961,Lufjäger,Sport,Austria,Ost,Wetzsteinkogel,Wetzsteinkogel SO-Wand,UIAA:6+,6+,UIAA
8565191868,Wasserwunderweg,Sport,Austria,Ost,Wetzsteinkogel,Wetzsteinkogel SO-Wand,UIAA:6+,6+,UIAA
5217677571,Der Troll aus dem Runenland,Sport,Austria,Ost,Wetzsteinkogel,Wetzsteinkogel SO-Wand,UIAA:5+,5+,UIAA
8530105428,Feinspitz,Sport,Austria,Ost,Wetzsteinkogel,Feinspitzplatte,UIAA:7+/8-,7+,UIAA
3412589877,Genussknecht,Sport,Austria,Ost,Wetzsteinkogel,Feinspitzplatte,UIAA:6+,6+,UIAA
3500520807,Gamskrainer,Sport,Austria,Ost,Wetzsteinkogel,Feinspitzplatte,UIAA:5-,5-,UIAA
3412582491,s'Schmankerl,Sport,Austria,Ost,Wetzsteinkogel,Feinspitzplatte,UIAA:5-,5-,UIAA
3412577355,Schlemmerplatte,Sport,Austria,Ost,Wetzsteinkogel,Feinspitzplatte,UIAA:5-,5-,UIAA
6084007371,Bauernhochzeit,Trad,Austria,Ost,Zentraler Hochschwab,Stangenwand,UIAA:5-,5-,UIAA
6084001539,Renaissance,Trad,Austria,Ost,Zentraler Hochschwab,Stangenwand,UIAA:7+,7+,UIAA
6083985075,Stadtkinder,Mixed trad,Austria,Ost,Zentraler Hochschwab,Stangenwand,UIAA:6+,6+,UIAA
2897482692,Südostwand,Mixed trad,Austria,Ost,Zentraler Hochschwab,Stangenwand,UIAA:6+,6+,UIAA
8474762472,Ostkante,Sport,Austria,Ost,Beilstein,Ostwand,UIAA:4+,4+,UIAA
6083719755,Nimmerland,Sport,Austria,Ost,Beilstein,Ostwand,UIAA:7,7,UIAA
6083711745,Ali-Baba,Sport,Austria,Ost,Beilstein,Ostwand,UIAA:7+,7+,UIAA
3802567719,Sitz der Götter,Sport,Austria,Ost,Zentraler Hochschwab,Zinkenbasis,UIAA:7+/8-,7+,UIAA
3802609638,Shanti Guesthouse,Sport,Austria,Ost,Zentraler Hochschwab,Zinkenbasis,UIAA:7+,7+,UIAA
3802579926,Morcheeba,Sport,Austria,Ost,Zentraler Hochschwab,Zinkenbasis,UIAA:6+,6+,UIAA
3802575522,Big Calm,Sport,Austria,Ost,Zentraler Hochschwab,Zinkenbasis,UIAA:6,6,UIAA
3802567620,Die Ruhe vor dem Sturm,Sport,Austria,Ost,Zentraler Hochschwab,Zinkenbasis,UIAA:7+,7+,UIAA
3802712874,Schräger Vogel,Sport,Austria,Ost,Zentraler Hochschwab,Zinkenbasis,UIAA:7+/8-,7+,UIAA
3802711485,Quecksilber,Sport,Austria,Ost,Zentraler Hochschwab,Zinkenbasis,UIAA:7,7,UIAA
3802710486,Mata Hari,Sport,Austria,Ost,Zentraler Hochschwab,Zinkenbasis,UIAA:7+/8-,7+,UIAA
3802708578,Zinkenblut,Sport,Austria,Ost,Zentraler Hochschwab,Zinkenbasis,UIAA:8,8,UIAA
3802707597,Am seidenen Faden,Sport,Austria,Ost,Zentraler Hochschwab,Zinkenbasis,UIAA:8-,8-,UIAA
3802706013,Perfetto,Sport,Austria,Ost,Zentraler Hochschwab,Zinkenbasis,UIAA:8-,8-,UIAA
3802704720,Hydra,Sport,Austria,Ost,Zentraler Hochschwab,Zinkenbasis,UIAA:7-,7-,UIAA
3801984519,Stein der Weisen,Sport,Austria,Ost,Zentraler Hochschwab,Zinkenbasis,UIAA:7,7,UIAA
3801992445,Langes Elend L1,Sport,Austria,Ost,Zentraler Hochschwab,Zinkenbasis,UIAA:7,7,UIAA
3801984426,Langes Elend,Sport,Austria,Ost,Zentraler Hochschwab,Zinkenbasis,UIAA:7+/8-,7+,UIAA
3801984339,Prinz Niro,Sport,Austria,Ost,Zentraler Hochschwab,Zinkenbasis,UIAA:7,7,UIAA
3801984246,Dornröschen,Sport,Austria,Ost,Zentraler Hochschwab,Zinkenbasis,UIAA:7+,7+,UIAA
3801984153,Kneifer,Sport,Austria,Ost,Zentraler Hochschwab,Zinkenbasis,UIAA:7+,7+,UIAA
3801984066,Eisenhut,Sport,Austria,Ost,Zentraler Hochschwab,Zinkenbasis,UIAA:7+,7+,UIAA
3801995355,Zahnluckn Variante,Sport,Austria,Ost,Zentraler Hochschwab,Zinkenbasis,UIAA:7/7+,7,UIAA
3801983973,Zahnluckn,Sport,Austria,Ost,Zentraler Hochschwab,Zinkenbasis,UIAA:8-,8-,UIAA
3801983886,Wurzelbehandlung,Sport,Austria,Ost,Zentraler Hochschwab,Zinkenbasis,UIAA:6+,6+,UIAA
3801983799,Hand am Fels,Sport,Austria,Ost,Zentraler Hochschwab,Zinkenbasis,UIAA:6,6,UIAA
3801922827,Jupiters Nähe,Sport,Austria,Ost,Zentraler Hochschwab,Zinkenbasis,UIAA:7+,7+,UIAA
3801922734,Verlängerte,Sport,Austria,Ost,Zentraler Hochschwab,Zinkenbasis,UIAA:7,7,UIAA
3801922641,Gebranntes Kind,Sport,Austria,Ost,Zentraler Hochschwab,Zinkenbasis,UIAA:7-,7-,UIAA
3801922548,Merkurio,Sport,Austria,Ost,Zentraler Hochschwab,Zinkenbasis,UIAA:7+,7+,UIAA
3801922461,Schöne Alte,Sport,Austria,Ost,Zentraler Hochschwab,Zinkenbasis,UIAA:7-,7-,UIAA
3801922374,Langtour,Sport,Austria,Ost,Zentraler Hochschwab,Zinkenbasis,UIAA:7-,7-,UIAA
3801922287,Leerlauf,Sport,Austria,Ost,Zentraler Hochschwab,Zinkenbasis,UIAA:6+,6+,UIAA
3801922200,Linkslauf,Sport,Austria,Ost,Zentraler Hochschwab,Zinkenbasis,UIAA:6+,6+,UIAA
3801922113,Piccolo,Sport,Austria,Ost,Zentraler Hochschwab,Zinkenbasis,UIAA:6,6,UIAA
3801922026,Petergstamm,Sport,Austria,Ost,Zentraler Hochschwab,Zinkenbasis,UIAA:5-,5-,UIAA
3801912666,Du lieber Augustin,Sport,Austria,Ost,Zentraler Hochschwab,Zinkenbasis,UIAA:7+,7+,UIAA
8387060274,Sigitour,Sport,Austria,Ost,Zentraler Hochschwab,Zinken,UIAA:6-,6-,UIAA
8532146190,Terra Incognita,Sport,Austria,Ost,Zentraler Hochschwab,Schwabenkar,UIAA:6,6,UIAA
8532143775,Im Krähwinkel,Sport,Austria,Ost,Zentraler Hochschwab,Schwabenkar,UIAA:5+,5+,UIAA
8438957130,90plus,Sport,Austria,Ost,Zentraler Hochschwab,Schwabenkar,UIAA:6,6,UIAA
8532180879,Männer von Flake,Sport,Austria,Ost,Zentraler Hochschwab,Schwabenkar,UIAA:8,8,UIAA
8532195120,Blutmond,Sport,Austria,Ost,Zentraler Hochschwab,Schwabenkar,UIAA:7+/8-,7+,UIAA
8532221454,Hugin & Munnin,Sport,Austria,Ost,Zentraler Hochschwab,Schwabenkar,UIAA:7,7,UIAA
8532136146,Alpenglut,Sport,Austria,Ost,Zentraler Hochschwab,Schwabenkar,UIAA:5-,5-,UIAA
8532133089,Nautilus,Sport,Austria,Ost,Zentraler Hochschwab,Schwabenkar,UIAA:7,7,UIAA
8532129846,Heimatleuchen,Sport,Austria,Ost,Zentraler Hochschwab,Schwabenkar,UIAA:6+,6+,UIAA
8532126663,Lärchenpracht,Sport,Austria,Ost,Zentraler Hochschwab,Schwabenkar,UIAA:5,5,UIAA
5931842286,St. Ilgnerweg,Mixed trad,Austria,Ost,Zentraler Hochschwab,Hochschwab Südwand,UIAA:5+,5+,UIAA
5931842193,Domeniggweg,Trad,Austria,Ost,Zentraler Hochschwab,Hochschwab Südwand,UIAA:3-,3-,UIAA
5931842100,Gütherweg,Mixed trad,Austria,Ost,Zentraler Hochschwab,Hochschwab Südwand,UIAA:5,5,UIAA
2765413053,Himmelsleiter,Mixed trad,Austria,Ost,Zentraler Hochschwab,Hochschwab Südwand,UIAA:5-,5-,UIAA
5931842001,Lufthammer,Mixed trad,Austria,Ost,Zentraler Hochschwab,Hochschwab Südwand,UIAA:6-,6-,UIAA
5931830661,Hyperbohrea,Mixed trad,Austria,Ost,Zentraler Hochschwab,Hochschwab Südwand,UIAA:7+/8-,7+,UIAA
3298561428,Baumgartnerweg,Trad,Austria,Ost,Zentraler Hochschwab,Hochschwab Südwand,UIAA:3,3,UIAA
5931830562,Knablweg,Mixed trad,Austria,Ost,Zentraler Hochschwab,Hochschwab Südwand,UIAA:5+,5+,UIAA
5931830463,Plattenspieler,Mixed trad,Austria,Ost,Zentraler Hochschwab,Hochschwab Südwand,UIAA:6+,6+,UIAA
5931830379,Rambos Dornröschen,Mixed trad,Austria,Ost,Zentraler Hochschwab,Hochschwab Südwand,UIAA:6-,6-,UIAA
5931830280,Himmelblau,Mixed trad,Austria,Ost,Zentraler Hochschwab,Hochschwab Südwand,UIAA:6,6,UIAA
5931830181,Reif für die Insel,Mixed trad,Austria,Ost,Zentraler Hochschwab,Hochschwab Südwand,UIAA:6,6,UIAA
5931830082,Traumfenster,Mixed trad,Austria,Ost,Zentraler Hochschwab,Hochschwab Südwand,UIAA:6-/6,6-,UIAA
5931829983,Zauberlehrling,Mixed trad,Austria,Ost,Zentraler Hochschwab,Hochschwab Südwand,UIAA:6+,6+,UIAA
5931829884,Hexenmeister,Mixed trad,Austria,Ost,Zentraler Hochschwab,Hochschwab Südwand,UIAA:6-,6-,UIAA
5931829785,Trompetenkäferweg,Mixed trad,Austria,Ost,Zentraler Hochschwab,Hochschwab Südwand,UIAA:6/6+,6,UIAA
8529899337,Der geheime Schwob,Sport,Austria,Ost,Ausweichkogel,Ausweichkogel S-Wand,UIAA:6,6,UIAA
8529795711,Rehkitz On the Rock,Sport,Austria,Ost,Ausweichkogel,Ausweichkogel West-Wand,UIAA:6-,6-,UIAA
2834373537,Alpensalamander,Sport,Austria,Ost,Ausweichkogel,Ausweichkogel West-Wand,UIAA:5+/6-,5+,UIAA
8529795540,Wunder-Wuzzi-Wasser-Weg,Sport,Austria,Ost,Ausweichkogel,Ausweichkogel West-Wand,UIAA:5-,5-,UIAA
8529795447,RosenKnecht,Sport,Austria,Ost,Ausweichkogel,Ausweichkogel West-Wand,UIAA:5+,5+,UIAA
2834373420,Pensionsvorsorge,Sport,Austria,Ost,Ausweichkogel,Ausweichkogel West-Wand,UIAA:5+,5+,UIAA
2834373279,Goldene Mitte,Sport,Austria,Ost,Ausweichkogel,Ausweichkogel West-Wand,UIAA:5+,5+,UIAA
2834373129,Der Luchs im Gamspelz,Sport,Austria,Ost,Ausweichkogel,Ausweichkogel West-Wand,UIAA:6+,6+,UIAA
2834372967,Houston Hörnchen has landed!,Sport,Austria,Ost,Ausweichkogel,Ausweichkogel West-Wand,UIAA:6,6,UIAA
2834372763,"Yippie-Ya-Yeah, Schweinebacke!",Sport,Austria,Ost,Ausweichkogel,Ausweichkogel West-Wand,UIAA:7,7,UIAA
2957687538,Die Daltons,Sport,Austria,Ost,Zentraler Hochschwab,Rauchtalplatte,UIAA:5-,5-,UIAA
2957695143,Rantanplan,Sport,Austria,Ost,Zentraler Hochschwab,Rauchtalplatte,UIAA:4,4,UIAA
2957692812,Jolly Jumper,Sport,Austria,Ost,Zentraler Hochschwab,Rauchtalplatte,UIAA:4,4,UIAA
9559254351,Mauerläufer,Sport,Austria,Ost,Hundswand,Östliche Hundswand,UIAA:7,7,UIAA
9559254429,On the road,Sport,Austria,Ost,Hundswand,Östliche Hundswand,UIAA:7,7,UIAA
9559254273,Armageddon,Sport,Austria,Ost,Hundswand,Östliche Hundswand,UIAA:7-,7-,UIAA
9559254195,Highway,Sport,Austria,Ost,Hundswand,Östliche Hundswand,UIAA:7,7,UIAA
9559265157,Adlerriss,Sport,Austria,Ost,Hundswand,Östliche Hundswand,UIAA:5+ A2,5+,UIAA
9559265235,Rabenvieh,Sport,Austria,Ost,Hundswand,Mittlere Hundswand,UIAA:8-,8-,UIAA
9559239264,Bodenbauerweg,Sport,Austria,Ost,Hundswand,Mittlere Hundswand,UIAA:8,8,UIAA
9559275870,Schmalzlos,Sport,Austria,Ost,Hundswand,Westliche Hundswand,UIAA:7+,7+,UIAA
9904505277,Mondscheingasse,Sport,Austria,Ost,Hundswand,Westliche Hundswand,UIAA:8-,8-,UIAA
9556920978,Horichweg,Sport,Austria,Ost,Hundswand,Westliche Hundswand,UIAA:8,8,UIAA
8446880463,Oblivion,,Austria,Ost,Hochschwabgruppe,Festlbeilstein,UIAA:5+,5+,UIAA
8446878270,Mühlkarlturm Westgrat,,Austria,Ost,Hochschwabgruppe,Festlbeilstein,UIAA:5-,5-,UIAA
8446875708,Ostgrat,,Austria,Ost,Hochschwabgruppe,Festlbeilstein,UIAA:2+,2+,UIAA
921522768,Festlbeilstein Westkanten - Überschreitung,Sport,Austria,Ost,Hochschwabgruppe,Festlbeilstein,UIAA:5,5,UIAA
8664725691,Donnerwand Direttissima,Mixed trad,Austria,Ost,Mürzsteger Alpen,Donnerwand,UIAA:6,6,UIAA
5215225416,Route 11,Sport,Austria,Ost,Mürzsteger Alpen,Seebergalm,UIAA:3,3,UIAA
5215225335,Route 10,,Austria,Ost,Mürzsteger Alpen,Seebergalm,UIAA:4-,4-,UIAA
5215225245,Route 9,Sport,Austria,Ost,Mürzsteger Alpen,Seebergalm,UIAA:4-,4-,UIAA
5215225161,Route 8,Sport,Austria,Ost,Mürzsteger Alpen,Seebergalm,UIAA:5-,5-,UIAA
5215225080,Route 7,Sport,Austria,Ost,Mürzsteger Alpen,Seebergalm,UIAA:3-,3-,UIAA
5215224999,Route 6,Sport,Austria,Ost,Mürzsteger Alpen,Seebergalm,UIAA:4+,4+,UIAA
5215224918,Route 5,Sport,Austria,Ost,Mürzsteger Alpen,Seebergalm,UIAA:2,2,UIAA
5215224837,Route 4,Sport,Austria,Ost,Mürzsteger Alpen,Seebergalm,UIAA:7,7,UIAA
5215224756,Route 3,Sport,Austria,Ost,Mürzsteger Alpen,Seebergalm,UIAA:4+,4+,UIAA
5215224660,Route 2,Sport,Austria,Ost,Mürzsteger Alpen,Seebergalm,UIAA:3+,3+,UIAA
5215224576,Route 1,Sport,Austria,Ost,Mürzsteger Alpen,Seebergalm,UIAA:4,4,UIAA
8664616833,Panoramapfeiler,Sport,Austria,Ost,Mürzsteger Alpen,Hohe Veitsch,UIAA:7+,7+,UIAA
8664674283,Veitschblut,Sport,Austria,Ost,Hohe Veitsch,Thürnerwand,UIAA:7+,7+,UIAA
8664661557,Edelweißsteig,Sport,Austria,Ost,Hohe Veitsch,Thürnerwand,UIAA:9,9,UIAA
7787805459,Schneewittchen sucht den Edelweiß,Sport,Austria,Ost,Hohe Veitsch,Thürnerwand,UIAA:7,7,UIAA
1730752206,Tropfsteinweg,Sport,Austria,Ost,Kapfenberg,Fischerwand,UIAA:8-,8-,UIAA
1730748120,Kleines Dachl,Sport,Austria,Ost,Kapfenberg,Fischerwand,UIAA:8-,8-,UIAA
1730748021,Antichrist,Sport,Austria,Ost,Kapfenberg,Fischerwand,UIAA:10-,10-,UIAA
1730747850,AIDS,Sport,Austria,Ost,Kapfenberg,Fischerwand,UIAA:9+,9+,UIAA
1730747751,Tagträumer,Sport,Austria,Ost,Kapfenberg,Fischerwand,UIAA:9,9,UIAA
1730747652,Missing link,Sport,Austria,Ost,Kapfenberg,Fischerwand,UIAA:9,9,UIAA
1730747553,Dom,Sport,Austria,Ost,Kapfenberg,Fischerwand,UIAA:7-,7-,UIAA
1730747454,Direkter Dom,Sport,Austria,Ost,Kapfenberg,Fischerwand,UIAA:8+/9-,8+,UIAA
1730747355,Ringkante,Sport,Austria,Ost,Kapfenberg,Fischerwand,UIAA:9-,9-,UIAA
1730747256,Keep sweet,Sport,Austria,Ost,Kapfenberg,Fischerwand,UIAA:9-/9,9-,UIAA
1730739135,Schneideweg,Sport,Austria,Ost,Kapfenberg,Fischerwand,UIAA:8,8,UIAA
1730739036,NW-Verschneidung,Sport,Austria,Ost,Kapfenberg,Fischerwand,UIAA:5,5,UIAA
1730738937,Direkte Südwand,Sport,Austria,Ost,Kapfenberg,Fischerwand,UIAA:7-/7,7-,UIAA
1730738838,Südwand,Sport,Austria,Ost,Kapfenberg,Fischerwand,UIAA:4+,4+,UIAA
1730738739,Jo-Jo-Weg,Sport,Austria,Ost,Kapfenberg,Fischerwand,UIAA:6,6,UIAA
1730738640,Schwarze Platte,Top rope,Austria,Ost,Kapfenberg,Fischerwand,UIAA:7,7,UIAA
1730738541,Normalweg,Sport,Austria,Ost,Kapfenberg,Fischerwand,UIAA:5+,5+,UIAA
1730738442,Von Menschen und Mäusen,Sport,Austria,Ost,Kapfenberg,Fischerwand,UIAA:5,5,UIAA
1730738343,Piazriss,Sport,Austria,Ost,Kapfenberg,Fischerwand,UIAA:6,6,UIAA
1730738244,Gelbe Wand,Sport,Austria,Ost,Kapfenberg,Fischerwand,UIAA:7+/8-,7+,UIAA
1730738145,Quergang,Sport,Austria,Ost,Kapfenberg,Fischerwand,UIAA:7,7,UIAA
1730738046,Bruchstück,Sport,Austria,Ost,Kapfenberg,Fischerwand,UIAA:8-,8-,UIAA
1730737947,Höhlenweg,Sport,Austria,Ost,Kapfenberg,Fischerwand,UIAA:7+,7+,UIAA
1730737848,Auf der Piste,Sport,Austria,Ost,Kapfenberg,Fischerwand,UIAA:7/7+,7,UIAA
1730737749,Dünner Riss,Sport,Austria,Ost,Kapfenberg,Fischerwand,UIAA:8,8,UIAA
1730737650,Rechter Schächter,Top rope,Austria,Ost,Kapfenberg,Fischerwand,UIAA:7+,7+,UIAA
1730737551,Gelbe Verschneidung,Sport,Austria,Ost,Kapfenberg,Fischerwand,UIAA:6+,6+,UIAA
1730737452,Magic mushrooms,Sport,Austria,Ost,Kapfenberg,Fischerwand,UIAA:7,7,UIAA
1730737353,Super magic mushrooms,Sport,Austria,Ost,Kapfenberg,Fischerwand,UIAA:7+,7+,UIAA
1730737254,"Wer suchet, der findet",Sport,Austria,Ost,Kapfenberg,Fischerwand,UIAA:7,7,UIAA
1730723916,Natürlicher Riss,Sport,Austria,Ost,Kapfenberg,Fischerwand,UIAA:5+,5+,UIAA
1730723817,Bei Nacht und Nebel,Sport,Austria,Ost,Kapfenberg,Fischerwand,UIAA:7-,7-,UIAA
1730723718,Calanque,Sport,Austria,Ost,Kapfenberg,Fischerwand,UIAA:7-,7-,UIAA
1730723613,Hyper Calanque,Sport,Austria,Ost,Kapfenberg,Fischerwand,UIAA:7+,7+,UIAA
1730723514,Gelber Riss,Sport,Austria,Ost,Kapfenberg,Fischerwand,UIAA:6+,6+,UIAA
1730723415,Viel Staub um nichts,Top rope,Austria,Ost,Kapfenberg,Fischerwand,UIAA:7+/8-,7+,UIAA
1730723310,Einberufung,Top rope,Austria,Ost,Kapfenberg,Fischerwand,UIAA:7+/8-,7+,UIAA
1730723211,Direkte West,Sport,Austria,Ost,Kapfenberg,Fischerwand,UIAA:8-/8,8-,UIAA
1730723112,Alte West,Sport,Austria,Ost,Kapfenberg,Fischerwand,UIAA:7,7,UIAA
1730723013,Hoffnung,Sport,Austria,Ost,Kapfenberg,Fischerwand,UIAA:8,8,UIAA
1730722914,"Danke, liebe Hausfrau",Sport,Austria,Ost,Kapfenberg,Fischerwand,UIAA:7,7,UIAA
1730722809,Steyrerweg,Sport,Austria,Ost,Kapfenberg,Fischerwand,UIAA:6+/7-,6+,UIAA
1730722710,Links außen,Sport,Austria,Ost,Kapfenberg,Fischerwand,UIAA:6+/7-,6+,UIAA
5692016478,Tabula rasa,Sport,Austria,Ost,Kapfenberg,Rettenwand,UIAA:6+/7-,6+,UIAA
5692009473,Bitterschoklad,Sport,Austria,Ost,Kapfenberg,Rettenwand,UIAA:8-,8-,UIAA
5691996699,Wilde Nummer,Sport,Austria,Ost,Kapfenberg,Rettenwand,UIAA:7+,7+,UIAA
5691974367,Murkspfeiler,Sport,Austria,Ost,Rettenwand,Primatenwandl,UIAA:6+,6+,UIAA
5691974268,Sumatra,Sport,Austria,Ost,Rettenwand,Primatenwandl,UIAA:6,6,UIAA
5691974169,Borneo,Sport,Austria,Ost,Rettenwand,Primatenwandl,UIAA:6-,6-,UIAA
5691974070,Primatenwandl,Sport,Austria,Ost,Rettenwand,Primatenwandl,UIAA:7+,7+,UIAA
5691973971,Kleiner Orang,Sport,Austria,Ost,Rettenwand,Primatenwandl,UIAA:7,7,UIAA
5691973872,Umadum,Sport,Austria,Ost,Rettenwand,Primatenwandl,UIAA:5+,5+,UIAA
5691973773,Drumherum,Sport,Austria,Ost,Rettenwand,Primatenwandl,UIAA:5+,5+,UIAA
5691973674,Silberrücken,Sport,Austria,Ost,Rettenwand,Primatenwandl,UIAA:6+,6+,UIAA
5691973575,Hot Spot,Sport,Austria,Ost,Rettenwand,Primatenwandl,UIAA:6+,6+,UIAA
5691957780,Seismo,Sport,Austria,Ost,Rettenwand,Hauptwand,UIAA:7-,7-,UIAA
5691957681,Richterskala,Sport,Austria,Ost,Rettenwand,Hauptwand,UIAA:6+/7-,6+,UIAA
5691957582,Rettencocktail,Sport,Austria,Ost,Rettenwand,Hauptwand,UIAA:7,7,UIAA
5691957483,Heiliger Bimbam,Sport,Austria,Ost,Rettenwand,Hauptwand,UIAA:7,7,UIAA
5691957384,Mausohr,Sport,Austria,Ost,Rettenwand,Hauptwand,UIAA:7+,7+,UIAA
5691957285,Dio,Sport,Austria,Ost,Rettenwand,Hauptwand,UIAA:7+,7+,UIAA
5691957186,Leicht wie Laub,Sport,Austria,Ost,Rettenwand,Hauptwand,UIAA:8/8+,8,UIAA
5691957087,"Bitte sehr, danke sehr",Sport,Austria,Ost,Rettenwand,Hauptwand,UIAA:5/5+,5,UIAA
5691956988,Mauer von Jericho,Sport,Austria,Ost,Rettenwand,Hauptwand,UIAA:8-/8,8-,UIAA
5691956889,Geheimnummer,Sport,Austria,Ost,Rettenwand,Hauptwand,UIAA:8-/8,8-,UIAA
5691956790,Eulenspiegel,Sport,Austria,Ost,Rettenwand,Hauptwand,UIAA:7+/8-,7+,UIAA
5691956691,Wendehals,Sport,Austria,Ost,Rettenwand,Hauptwand,UIAA:8,8,UIAA
5691928281,Querulant,Sport,Austria,Ost,Rettenwand,Dodlwand,UIAA:7-,7-,UIAA
5691928182,Stadtaff,Sport,Austria,Ost,Rettenwand,Dodlwand,UIAA:5+,5+,UIAA
5691928083,Tria,Sport,Austria,Ost,Rettenwand,Dodlwand,UIAA:7+,7+,UIAA
5691927984,Rettenfloh,Sport,Austria,Ost,Rettenwand,Dodlwand,UIAA:7,7,UIAA
5691927885,Unter Strom,Sport,Austria,Ost,Rettenwand,Dodlwand,UIAA:8-/8,8-,UIAA
5691927780,Twentyfivetwentyfive,Sport,Austria,Ost,Rettenwand,Dodlwand,UIAA:7,7,UIAA
5691927681,Massaker,Sport,Austria,Ost,Rettenwand,Dodlwand,UIAA:7/7+,7,UIAA
5691927582,Wolf im Schafpelz,Sport,Austria,Ost,Rettenwand,Dodlwand,UIAA:7+,7+,UIAA
5691906831,Ein Kinderspiel,Sport,Austria,Ost,Rettenwand,Dodlwand,UIAA:6+/7-,6+,UIAA
5691906732,Ena,Sport,Austria,Ost,Rettenwand,Dodlwand,UIAA:7+,7+,UIAA
5691906633,Endstation,Sport,Austria,Ost,Rettenwand,Dodlwand,UIAA:8+,8+,UIAA
5691906534,I.T. Kombi,Sport,Austria,Ost,Rettenwand,Dodlwand,UIAA:8-,8-,UIAA
5691906435,Irrwisch,Sport,Austria,Ost,Rettenwand,Dodlwand,UIAA:8-,8-,UIAA
5691906336,Highlight,Sport,Austria,Ost,Rettenwand,Dodlwand,UIAA:8-,8-,UIAA
5691906237,Nabucco,Sport,Austria,Ost,Rettenwand,Dodlwand,UIAA:8-/8,8-,UIAA
5691906138,Transbeton,Sport,Austria,Ost,Rettenwand,Dodlwand,UIAA:9-,9-,UIAA
5691906039,Bolero,Sport,Austria,Ost,Rettenwand,Dodlwand,UIAA:7+,7+,UIAA
5691905940,Die Schöne,Sport,Austria,Ost,Rettenwand,Dodlwand,UIAA:7+/8-,7+,UIAA
5691718923,Chaot,Sport,Austria,Ost,Rettenwand,Dodlwand,UIAA:8-,8-,UIAA
5691718824,Pedant,Sport,Austria,Ost,Rettenwand,Dodlwand,UIAA:7-/7,7-,UIAA
5691718725,Schizo links,Sport,Austria,Ost,Rettenwand,Dodlwand,UIAA:8-,8-,UIAA
5691718626,Grabndodl,Sport,Austria,Ost,Rettenwand,Dodlwand,UIAA:6+,6+,UIAA
5691718527,Schizo rechts,Sport,Austria,Ost,Rettenwand,Dodlwand,UIAA:7-,7-,UIAA
5691718428,Handy,Sport,Austria,Ost,Rettenwand,Dodlwand,UIAA:7,7,UIAA
5691718329,Mannomann,Sport,Austria,Ost,Rettenwand,Dodlwand,UIAA:7,7,UIAA
5691718230,Mano,Sport,Austria,Ost,Rettenwand,Dodlwand,UIAA:7,7,UIAA
5691718131,Neuro,Sport,Austria,Ost,Rettenwand,Dodlwand,UIAA:7,7,UIAA
5691718032,Klaustro,Sport,Austria,Ost,Rettenwand,Dodlwand,UIAA:8-,8-,UIAA
11131801917,Vaterfreudchen,Sport,Austria,Ost,Tiefenbach,Eremit,UIAA:7-,7-,UIAA
10578493809,Vaterfreuden,Sport,Austria,Ost,Tiefenbach,Eremit,UIAA:8+,8+,UIAA
347275656,Tarzankante,Trad,Austria,Ost,Tiefenbach,Tarzankante,UIAA:7-,7-,UIAA
347274336,Jimi Hendrix Gedächtnisboulder,Sport,Austria,Ost,Tiefenbach,Saurierfriedhof,UIAA:7,7,UIAA
347274243,Brontosaurus,Sport,Austria,Ost,Tiefenbach,Saurierfriedhof,UIAA:8-,8-,UIAA
347271897,Don Juan,Trad,Austria,Ost,Tiefenbach,Castanedafelsen,UIAA:6,6,UIAA
347271804,Reise nach Ixtalan,Sport,Austria,Ost,Tiefenbach,Castanedafelsen,UIAA:7-,7-,UIAA
347271711,Zweiter Ring der Kraft,Sport,Austria,Ost,Tiefenbach,Castanedafelsen,UIAA:7+,7+,UIAA
347271618,Castaneder,Trad,Austria,Ost,Tiefenbach,Castanedafelsen,UIAA:5,5,UIAA
347271552,Erster Ring der Kraft,Sport,Austria,Ost,Tiefenbach,Castanedafelsen,UIAA:7-,7-,UIAA
347270916,Panta Rei,Trad,Austria,Ost,Tiefenbach,Panta Rhei,UIAA:6,6,UIAA
347286441,Kinder und Narren,Sport,Austria,Ost,Tiefenbach,Kolosseum,UIAA:7-,7-,UIAA
347286348,La Sportiva,Trad,Austria,Ost,Tiefenbach,Kolosseum,UIAA:5+,5+,UIAA
347279787,Donnerwetter,Sport,Austria,Ost,Tiefenbach,Kolosseum,UIAA:7+,7+,UIAA
347279694,Umleitung,Sport,Austria,Ost,Tiefenbach,Kolosseum,UIAA:5-,5-,UIAA
347279601,Nachtschwärmer,Sport,Austria,Ost,Tiefenbach,Kolosseum,UIAA:6-,6-,UIAA
347279508,Scotch on the Rocks,Sport,Austria,Ost,Tiefenbach,Kolosseum,UIAA:7+,7+,UIAA
347279415,Whiskey Verschneidung,Sport,Austria,Ost,Tiefenbach,Kolosseum,UIAA:5+,5+,UIAA
347279322,Burbon Street,Sport,Austria,Ost,Tiefenbach,Kolosseum,UIAA:6-,6-,UIAA
347279229,Wampenschleuderer,Sport,Austria,Ost,Tiefenbach,Kolosseum,UIAA:5+,5+,UIAA
347279136,Ich versteh´sie nicht,Sport,Austria,Ost,Tiefenbach,Kolosseum,UIAA:6,6,UIAA
347279043,Nur eines ist schöner,Sport,Austria,Ost,Tiefenbach,Kolosseum,UIAA:7-,7-,UIAA
347278950,Die kleine Nose,Sport,Austria,Ost,Tiefenbach,Kolosseum,UIAA:9+/10-,9+,UIAA
347278857,Traumtänzerei,Sport,Austria,Ost,Tiefenbach,Kolosseum,UIAA:6-,6-,UIAA
347278764,Tiefenbachblues,Sport,Austria,Ost,Tiefenbach,Kolosseum,UIAA:7,7,UIAA
347278671,Kapp der guten Hoffnung,Sport,Austria,Ost,Tiefenbach,Kolosseum,UIAA:7+,7+,UIAA
347278578,Sonnenwende,Sport,Austria,Ost,Tiefenbach,Kolosseum,UIAA:5-,5-,UIAA
347278485,Cengalo,Sport,Austria,Ost,Tiefenbach,Kolosseum,UIAA:6+,6+,UIAA
347278392,Tagträumer,Sport,Austria,Ost,Tiefenbach,Kolosseum,UIAA:7,7,UIAA
347278299,Gesäuseblick,Sport,Austria,Ost,Tiefenbach,Kolosseum,UIAA:8,8,UIAA
347278206,Peternpfad,Sport,Austria,Ost,Tiefenbach,Kolosseum,UIAA:5+,5+,UIAA
347278113,Silikon Valley,Sport,Austria,Ost,Tiefenbach,Kolosseum,UIAA:6-,6-,UIAA
347278020,For Ballerinas only,Sport,Austria,Ost,Tiefenbach,Kolosseum,UIAA:6,6,UIAA
10578474756,Raubkopie,Sport,Austria,Ost,Tiefenbach,Uhu Nord,UIAA:7-,7-,UIAA
10578474669,Waldmeister,Sport,Austria,Ost,Tiefenbach,Uhu Nord,UIAA:7,7,UIAA
10578474582,Osterhasi,Sport,Austria,Ost,Tiefenbach,Uhu Nord,UIAA:6-,6-,UIAA
10578474495,Jägermeister light,Sport,Austria,Ost,Tiefenbach,Uhu Nord,UIAA:6-,6-,UIAA
10578474408,Jägermeister,Sport,Austria,Ost,Tiefenbach,Uhu Nord,UIAA:7+/8-,7+,UIAA
10578474321,Schubertstraße 19,Sport,Austria,Ost,Tiefenbach,Uhu Nord,UIAA:6+,6+,UIAA
10578474234,Schattenseiten,Sport,Austria,Ost,Tiefenbach,Uhu Nord,UIAA:6+,6+,UIAA
10578474147,Uhu Nordverschneidung,Sport,Austria,Ost,Tiefenbach,Uhu Nord,UIAA:4,4,UIAA
10578474060,Uhu Nordwand,Sport,Austria,Ost,Tiefenbach,Uhu Nord,UIAA:6-,6-,UIAA
10578473937,Uhu NO-Kante,Sport,Austria,Ost,Tiefenbach,Uhu Nord,UIAA:5,5,UIAA
347249940,? Route übers Dach,Sport,Austria,Ost,Tiefenbach,Präparatorfelsen,UIAA:6+,6+,UIAA
347249847,Via Andrea,Sport,Austria,Ost,Tiefenbach,Präparatorfelsen,UIAA:3+,3+,UIAA
347249754,Reibeisen,Sport,Austria,Ost,Tiefenbach,Präparatorfelsen,UIAA:5-,5-,UIAA
347249661,Wildes Ding,Trad,Austria,Ost,Tiefenbach,Präparatorfelsen,UIAA:5+,5+,UIAA
347249568,Steiger,Sport,Austria,Ost,Tiefenbach,Präparatorfelsen,UIAA:6+,6+,UIAA
347249475,Coitus Interruptus,Sport,Austria,Ost,Tiefenbach,Präparatorfelsen,UIAA:6,6,UIAA
347249382,Abalone,Sport,Austria,Ost,Tiefenbach,Präparatorfelsen,UIAA:7,7,UIAA
347249289,in der Kürze liegt die Würze,Sport,Austria,Ost,Tiefenbach,Präparatorfelsen,UIAA:7-,7-,UIAA
347269710,Bananenriss,Trad,Austria,Ost,Tiefenbach,Schwammerlfelsen,UIAA:6+,6+,UIAA
347269617,Schwammerl Riss,Sport,Austria,Ost,Tiefenbach,Schwammerlfelsen,UIAA:7+,7+,UIAA
347269524,Nix für Definierer,Sport,Austria,Ost,Tiefenbach,Schwammerlfelsen,UIAA:6+,6+,UIAA
347268015,Schnapsidee,Trad,Austria,Ost,Tiefenbach,Little Yosemite,UIAA:7,7,UIAA
347267922,Happy Birthday Christoph,Trad,Austria,Ost,Tiefenbach,Little Yosemite,UIAA:7,7,UIAA
347267829,Adrenalin,Trad,Austria,Ost,Tiefenbach,Little Yosemite,UIAA:7,7,UIAA
347267736,Herr Holle,Sport,Austria,Ost,Tiefenbach,Little Yosemite,UIAA:7+,7+,UIAA
347264190,Reif fürs Gebirge,Trad,Austria,Ost,Tiefenbach,Efeuturm und Umgebung,UIAA:5-,5-,UIAA
347264097,Chrisi´s Idee,Trad,Austria,Ost,Tiefenbach,Efeuturm und Umgebung,UIAA:5+,5+,UIAA
347264004,Let´s Go,Sport,Austria,Ost,Tiefenbach,Efeuturm und Umgebung,UIAA:7,7,UIAA
347263911,Stammtisch,Trad,Austria,Ost,Tiefenbach,Efeuturm und Umgebung,UIAA:6-,6-,UIAA
347263818,Oaschkantn,Trad,Austria,Ost,Tiefenbach,Efeuturm und Umgebung,UIAA:9-,9-,UIAA
347263725,Normalweg,Trad,Austria,Ost,Tiefenbach,Efeuturm und Umgebung,UIAA:3,3,UIAA
347263632,Erschrick nicht!,Trad,Austria,Ost,Tiefenbach,Efeuturm und Umgebung,UIAA:6,6,UIAA
347263539,Fallobst,Sport,Austria,Ost,Tiefenbach,Efeuturm und Umgebung,UIAA:7,7,UIAA
347263446,Keksi,Sport,Austria,Ost,Tiefenbach,Efeuturm und Umgebung,UIAA:7-,7-,UIAA
347263353,Efeu,Sport,Austria,Ost,Tiefenbach,Efeuturm und Umgebung,UIAA:6,6,UIAA
347263260,Efeu Spezial,Sport,Austria,Ost,Tiefenbach,Efeuturm und Umgebung,UIAA:8-,8-,UIAA
10578522657,Peace extension,Sport,Austria,Ost,Tiefenbach,Ostarrichifelsen,UIAA:9+,9+,UIAA
10578508503,Peace,Sport,Austria,Ost,Tiefenbach,Ostarrichifelsen,UIAA:7-,7-,UIAA
4893963888,Lausbuam,Sport,Austria,Ost,Tiefenbach,Ostarrichifelsen,UIAA:5-,5-,UIAA
4887813249,Prüfungsstress,Sport,Austria,Ost,Tiefenbach,Ostarrichifelsen,UIAA:7+,7+,UIAA
4786680363,HHGS-Weg,Sport,Austria,Ost,Tiefenbach,Ostarrichifelsen,UIAA:6+,6+,UIAA
347262333,Rolling Stone,Sport,Austria,Ost,Tiefenbach,Quetzalcoatl,UIAA:6+,6+,UIAA
347262240,Quetzalcoatl,Sport,Austria,Ost,Tiefenbach,Quetzalcoatl,UIAA:7+,7+,UIAA
8122894596,Soul,Sport,Austria,Ost,Tiefenbach,Drylands,UIAA:6+,6+,UIAA
8122998432,Hugo,Sport,Austria,Ost,Tiefenbach,Drylands,UIAA:6-,6-,UIAA
4946500368,Cobra,Sport,Austria,Ost,Tiefenbach,Drylands,UIAA:6,6,UIAA
4180876416,Quark,Sport,Austria,Ost,Tiefenbach,Drylands,UIAA:7,7,UIAA
4180876317,Anaconda,Sport,Austria,Ost,Tiefenbach,Drylands,UIAA:7+/8-,7+,UIAA
4180876212,Monster,Sport,Austria,Ost,Tiefenbach,Drylands,UIAA:8+,8+,UIAA
4180876113,X-Dream + Extension,Sport,Austria,Ost,Tiefenbach,Drylands,UIAA:8,8,UIAA
8037537270,PsyCov 20,Sport,Austria,Ost,Tiefenbach,Drylands,UIAA:5,5,UIAA
4946499387,Shutdown,Sport,Austria,Ost,Tiefenbach,Drylands,UIAA:8-,8-,UIAA
4946492952,Pandemie,Sport,Austria,Ost,Tiefenbach,Drylands,UIAA:7-,7-,UIAA
4946495673,SARS-CoV-2,Sport,Austria,Ost,Tiefenbach,Drylands,UIAA:6+,6+,UIAA
4946494713,Covid-19,Sport,Austria,Ost,Tiefenbach,Drylands,UIAA:6+,6+,UIAA
347259261,Die alte Pfiffinger,Sport,Austria,Ost,Tiefenbach,Ameise und Umgebung,UIAA:7-,7-,UIAA
923661453,Heidelbeeren,Sport,Austria,Ost,Tiefenbach,Ameise und Umgebung,UIAA:6+,6+,UIAA
347259168,Für alle Klettermädels,Sport,Austria,Ost,Tiefenbach,Ameise und Umgebung,UIAA:6-,6-,UIAA
347259075,Alte Verschneidung,Sport,Austria,Ost,Tiefenbach,Ameise und Umgebung,UIAA:5-,5-,UIAA
347258889,Die Kraft,Sport,Austria,Ost,Tiefenbach,Ameise und Umgebung,UIAA:7+,7+,UIAA
347258982,Die Herrlichkeit,Sport,Austria,Ost,Tiefenbach,Ameise und Umgebung,UIAA:7,7,UIAA
1832347413,Spatzenspitzler,Sport,Austria,Ost,Tiefenbach,Ameise und Umgebung,UIAA:6,6,UIAA
1832346714,Albert Einstein,Sport,Austria,Ost,Tiefenbach,Ameise und Umgebung,UIAA:6-,6-,UIAA
1832345934,Supermausi,Sport,Austria,Ost,Tiefenbach,Ameise und Umgebung,UIAA:9,9,UIAA
1832345163,Supernörglerin,Sport,Austria,Ost,Tiefenbach,Ameise und Umgebung,UIAA:7,7,UIAA
347258796,für einen Nörgler,Sport,Austria,Ost,Tiefenbach,Ameise und Umgebung,UIAA:7-,7-,UIAA
347258604,Superameise,Sport,Austria,Ost,Tiefenbach,Ameise und Umgebung,UIAA:6/6+,6,UIAA
2359695072,Waldameise,Sport,Austria,Ost,Tiefenbach,Ameise und Umgebung,UIAA:6,6,UIAA
347258697,Zwitterameise,Sport,Austria,Ost,Tiefenbach,Ameise und Umgebung,UIAA:5+,5+,UIAA
347258511,Via Ameise,Sport,Austria,Ost,Tiefenbach,Ameise und Umgebung,UIAA:5,5,UIAA
1832340192,Augenbohne,Sport,Austria,Ost,Tiefenbach,Ameise und Umgebung,UIAA:6,6,UIAA
347255034,die Vergessene,Sport,Austria,Ost,Tiefenbach,Die Platte,UIAA:5,5,UIAA
347254941,Dreikäsehoch,Sport,Austria,Ost,Tiefenbach,Die Platte,UIAA:7,7,UIAA
347254848,Kitzler,Sport,Austria,Ost,Tiefenbach,Die Platte,UIAA:6,6,UIAA
347254755,Plattenverschneidung,Trad,Austria,Ost,Tiefenbach,Die Platte,UIAA:5+,5+,UIAA
347254662,Mulatschag,Sport,Austria,Ost,Tiefenbach,Die Platte,UIAA:8,8,UIAA
347254569,Kante,Sport,Austria,Ost,Tiefenbach,Die Platte,UIAA:6,6,UIAA
347254476,Mittlere,Sport,Austria,Ost,Tiefenbach,Die Platte,UIAA:6+,6+,UIAA
347254383,Linke,Sport,Austria,Ost,Tiefenbach,Die Platte,UIAA:6-,6-,UIAA
347254290,Gruß vom Bavellapaß,Sport,Austria,Ost,Tiefenbach,Die Platte,UIAA:7+,7+,UIAA
347242899,neue Route li. der Verschneidung,Sport,Austria,Ost,Tiefenbach,Uhufelsen,UIAA:7,7,UIAA
347242806,Schmidchen Schleicher,Sport,Austria,Ost,Tiefenbach,Uhufelsen,UIAA:7-,7-,UIAA
347242713,Neue Variante Via Toni,Sport,Austria,Ost,Tiefenbach,Uhufelsen,UIAA:5+,5+,UIAA
347242620,Einstiegsverschneidung,Sport,Austria,Ost,Tiefenbach,Uhufelsen,UIAA:4+,4+,UIAA
347242527,Via Toni,Sport,Austria,Ost,Tiefenbach,Uhufelsen,UIAA:5,5,UIAA
347242434,Übern Ast,Sport,Austria,Ost,Tiefenbach,Uhufelsen,UIAA:5,5,UIAA
347242341,Via Uhu,Sport,Austria,Ost,Tiefenbach,Uhufelsen,UIAA:7-,7-,UIAA
347242248,Nur nicht die Wut verlieren,Sport,Austria,Ost,Tiefenbach,Uhufelsen,UIAA:7+,7+,UIAA
347242155,Der Traum des Hans Sch.,Sport,Austria,Ost,Tiefenbach,Uhufelsen,UIAA:7,7,UIAA
347242062,Herbstgold,Sport,Austria,Ost,Tiefenbach,Uhufelsen,UIAA:6+,6+,UIAA
347241969,Magic Duplo,Sport,Austria,Ost,Tiefenbach,Uhufelsen,UIAA:8-,8-,UIAA
2513999430,Rentnerkamin,Sport,Austria,Ost,Tiefenbach,Uhufelsen,UIAA:6-,6-,UIAA
347241876,Woody Woodpecker,Sport,Austria,Ost,Tiefenbach,Uhufelsen,UIAA:7,7,UIAA
347241783,Geile Helene,Sport,Austria,Ost,Tiefenbach,Uhufelsen,UIAA:7-,7-,UIAA
347241717,Regenbogen,Sport,Austria,Ost,Tiefenbach,Uhufelsen,UIAA:7-,7-,UIAA
347241624,Via Greinerix,Sport,Austria,Ost,Tiefenbach,Uhufelsen,UIAA:6,6,UIAA
347241531,Pimpelchen,Sport,Austria,Ost,Tiefenbach,Uhufelsen,UIAA:8,8,UIAA
347241438,Himpelchen,Sport,Austria,Ost,Tiefenbach,Uhufelsen,UIAA:6+,6+,UIAA
347237901,Hell´s Bells,Sport,Austria,Ost,Tiefenbach,Brutalisfelsen,UIAA:9-,9-,UIAA
347237808,Supercrack of Tiefenbach,Sport,Austria,Ost,Tiefenbach,Brutalisfelsen,UIAA:8,8,UIAA
347237715,Freitag der 13.,Sport,Austria,Ost,Tiefenbach,Brutalisfelsen,UIAA:8-,8-,UIAA
347237622,ABO Brutalis,Sport,Austria,Ost,Tiefenbach,Brutalisfelsen,UIAA:8,8,UIAA
347237529,Ultra Brutalis,Sport,Austria,Ost,Tiefenbach,Brutalisfelsen,UIAA:8,8,UIAA
347237436,Via Brutalis,Sport,Austria,Ost,Tiefenbach,Brutalisfelsen,UIAA:8-,8-,UIAA
347237343,Via Montenegro,Sport,Austria,Ost,Tiefenbach,Brutalisfelsen,UIAA:8,8,UIAA
347237244,4-Beiniger Hund,Sport,Austria,Ost,Tiefenbach,Brutalisfelsen,UIAA:7,7,UIAA
346975341,Hackenlos,Trad,Austria,Ost,Tiefenbach,Wegfelsen,UIAA:5,5,UIAA
346975620,Lucky Strike,Sport,Austria,Ost,Tiefenbach,Wegfelsen,UIAA:8,8,UIAA
346975527,Buschwixer,Sport,Austria,Ost,Tiefenbach,Wegfelsen,UIAA:6,6,UIAA
346975434,Namenlos,Sport,Austria,Ost,Tiefenbach,Wegfelsen,UIAA:6+,6+,UIAA
346975974,Hello Gitti,Sport,Austria,Ost,Tiefenbach,Wegfelsen,UIAA:9-,9-,UIAA
346975248,Messerscharf,Trad,Austria,Ost,Tiefenbach,Wegfelsen,UIAA:6-,6-,UIAA
11738714943,Via Habanero,Sport,Austria,Ost,Tiefenbach,Wegfelsen,UIAA:7+/8-,7+,UIAA
346975788,Blockade,Sport,Austria,Ost,Tiefenbach,Wegfelsen,UIAA:7+,7+,UIAA
346975155,Piazkante,Sport,Austria,Ost,Tiefenbach,Wegfelsen,UIAA:6-,6-,UIAA
346975686,D-Man,Sport,Austria,Ost,Tiefenbach,Wegfelsen,UIAA:7,7,UIAA
346975062,Hosn obi,Sport,Austria,Ost,Tiefenbach,Wegfelsen,UIAA:8-,8-,UIAA
346975881,Zwergnase,Sport,Austria,Ost,Tiefenbach,Wegfelsen,UIAA:9-,9-,UIAA
346974969,Normalweg,Sport,Austria,Ost,Tiefenbach,Wegfelsen,UIAA:5-,5-,UIAA
346974876,Nicht von schlechten Eltern,Sport,Austria,Ost,Tiefenbach,Wegfelsen,UIAA:6+,6+,UIAA
1832331855,Priscilla,Sport,Austria,Ost,Tiefenbach,Wegfelsen,UIAA:6+,6+,UIAA
346974783,Kalimero,Sport,Austria,Ost,Tiefenbach,Wegfelsen,UIAA:6,6,UIAA
1832325408,Via Peperoncino,Sport,Austria,Ost,Tiefenbach,Wegfelsen,UIAA:6+,6+,UIAA
346974690,Via Don Stefano,Sport,Austria,Ost,Tiefenbach,Wegfelsen,UIAA:5+,5+,UIAA
385150386,Nordpfeiler,,Austria,Ost,Gutensteiner Alpen (MV),Teufelskanzel,UIAA:7-,7-,UIAA
385150293,der akzeptierte Busch,Sport,Austria,Ost,Gutensteiner Alpen (MV),Teufelskanzel,UIAA:7+,7+,UIAA
385150200,Pontifex,Sport,Austria,Ost,Gutensteiner Alpen (MV),Teufelskanzel,UIAA:8-,8-,UIAA
385150107,Scherzkisterl,Sport,Austria,Ost,Gutensteiner Alpen (MV),Teufelskanzel,UIAA:7+,7+,UIAA
385150014,Scherzweg,,Austria,Ost,Gutensteiner Alpen (MV),Teufelskanzel,UIAA:7-,7-,UIAA
385149921,Nordwand-Überhang,,Austria,Ost,Gutensteiner Alpen (MV),Teufelskanzel,UIAA:8,8,UIAA
385149828,Ringweg,,Austria,Ost,Gutensteiner Alpen (MV),Teufelskanzel,UIAA:7+,7+,UIAA
385149735,Ost-Einstieg,Sport,Austria,Ost,Gutensteiner Alpen (MV),Teufelskanzel,UIAA:4,4,UIAA
385149642,Herzschrittmacher,Sport,Austria,Ost,Gutensteiner Alpen (MV),Teufelskanzel,UIAA:9-,9-,UIAA
385149549,Nordwandtraversierung,Sport,Austria,Ost,Gutensteiner Alpen (MV),Teufelskanzel,UIAA:7-,7-,UIAA
385149456,Holzkeilriss,Sport,Austria,Ost,Gutensteiner Alpen (MV),Teufelskanzel,UIAA:7,7,UIAA
385149297,Codename Julia,Sport,Austria,Ost,Gutensteiner Alpen (MV),Teufelskanzel,UIAA:8,8,UIAA
385146261,Calimero,Sport,Austria,Ost,Gutensteiner Alpen (MV),Teufelskanzel,UIAA:7,7,UIAA
385146168,kleiner Südostpfeiler,Sport,Austria,Ost,Gutensteiner Alpen (MV),Teufelskanzel,UIAA:3-,3-,UIAA
385146075,kleine Nordwestkante,Sport,Austria,Ost,Gutensteiner Alpen (MV),Teufelskanzel,UIAA:4,4,UIAA
385145982,Gaudiweg,Sport,Austria,Ost,Gutensteiner Alpen (MV),Teufelskanzel,UIAA:3,3,UIAA
385145889,Himi Variante,Sport,Austria,Ost,Gutensteiner Alpen (MV),Teufelskanzel,UIAA:7,7,UIAA
385145796,Südost Pfeiler,Sport,Austria,Ost,Gutensteiner Alpen (MV),Teufelskanzel,UIAA:7,7,UIAA
385145703,kurze Sieben,Sport,Austria,Ost,Gutensteiner Alpen (MV),Teufelskanzel,UIAA:7,7,UIAA
385145610,Nostalgie,Sport,Austria,Ost,Gutensteiner Alpen (MV),Teufelskanzel,UIAA:7,7,UIAA
385145517,Energiefingerschwinger,Sport,Austria,Ost,Gutensteiner Alpen (MV),Teufelskanzel,UIAA:8+,8+,UIAA
385145424,Doppel-Nuller,Sport,Austria,Ost,Gutensteiner Alpen (MV),Teufelskanzel,UIAA:6-,6-,UIAA
385145331,Lokus,Sport,Austria,Ost,Gutensteiner Alpen (MV),Teufelskanzel,UIAA:6,6,UIAA
385141167,Bandriss,Sport,Austria,Ost,Gutensteiner Alpen (MV),Teufelskanzel,UIAA:7,7,UIAA
385141074,Breites Band,Sport,Austria,Ost,Gutensteiner Alpen (MV),Teufelskanzel,UIAA:4+,4+,UIAA
385140981,St. Pöltner Riss,Sport,Austria,Ost,Gutensteiner Alpen (MV),Teufelskanzel,UIAA:8-,8-,UIAA
385140795,Weg der verlorenen Fingerkräfte,Sport,Austria,Ost,Gutensteiner Alpen (MV),Teufelskanzel,UIAA:8+,8+,UIAA
385140702,Heimsuchung,Sport,Austria,Ost,Gutensteiner Alpen (MV),Teufelskanzel,UIAA:9+,9+,UIAA
385140609,dir.- Südwandausstieg,Sport,Austria,Ost,Gutensteiner Alpen (MV),Teufelskanzel,UIAA:5-,5-,UIAA
385140516,Alte Südwand,Sport,Austria,Ost,Gutensteiner Alpen (MV),Teufelskanzel,UIAA:8-,8-,UIAA
385140423,Till Eulenspiegel,Sport,Austria,Ost,Gutensteiner Alpen (MV),Teufelskanzel,UIAA:7,7,UIAA
385140330,Linker Südwandriss,Sport,Austria,Ost,Gutensteiner Alpen (MV),Teufelskanzel,UIAA:6,6,UIAA
385140144,Donnerrinne,Sport,Austria,Ost,Gutensteiner Alpen (MV),Teufelskanzel,UIAA:6+,6+,UIAA
385140051,Blitz,Sport,Austria,Ost,Gutensteiner Alpen (MV),Teufelskanzel,UIAA:8-,8-,UIAA
385139958,Schokoladenüberhang,Sport,Austria,Ost,Gutensteiner Alpen (MV),Teufelskanzel,UIAA:8,8,UIAA
385139865,Dully-Nase,Sport,Austria,Ost,Gutensteiner Alpen (MV),Teufelskanzel,UIAA:7,7,UIAA
385137327,Dünnes Ende,Sport,Austria,Ost,Gutensteiner Alpen (MV),Teufelskanzel,UIAA:8,8,UIAA
385137234,Westpfeiler,Sport,Austria,Ost,Gutensteiner Alpen (MV),Teufelskanzel,UIAA:8,8,UIAA
385137141,dir. Nordwest-Kante,Sport,Austria,Ost,Gutensteiner Alpen (MV),Teufelskanzel,UIAA:5+,5+,UIAA
385137048,Eintritt frei,Sport,Austria,Ost,Gutensteiner Alpen (MV),Teufelskanzel,UIAA:7+,7+,UIAA
385136955,Nordwest-Kante,Sport,Austria,Ost,Gutensteiner Alpen (MV),Teufelskanzel,UIAA:7+,7+,UIAA
385136862,Niemandsland,Sport,Austria,Ost,Gutensteiner Alpen (MV),Teufelskanzel,UIAA:6,6,UIAA
385136769,Nordwest-Wand,Sport,Austria,Ost,Gutensteiner Alpen (MV),Teufelskanzel,UIAA:7-,7-,UIAA
385136610,Höhlenweg,Sport,Austria,Ost,Gutensteiner Alpen (MV),Teufelskanzel,UIAA:3,3,UIAA
385133691,Nordwest-Verschneidung,Sport,Austria,Ost,Gutensteiner Alpen (MV),Teufelskanzel,UIAA:7-,7-,UIAA
385133598,Nord-Pfeiler,Sport,Austria,Ost,Gutensteiner Alpen (MV),Teufelskanzel,UIAA:7-,7-,UIAA
385133505,Alte Nordwand,Sport,Austria,Ost,Gutensteiner Alpen (MV),Teufelskanzel,UIAA:6,6,UIAA
3625558746,Traumreise,Sport,Austria,Ost,Gutensteiner Alpen (MV),Gaisberg,UIAA:6,6,UIAA
6489913755,Workshop 98,Sport,Austria,Ost,Falkensteinmauer,Jugendfrei,{FR} 4b+,4b+,FR
6489908775,Jugendfrei,Sport,Austria,Ost,Falkensteinmauer,Jugendfrei,{FR} 4a+,4a+,FR
513058215,Lauretanische Litanei,Sport,Austria,Ost,Falkensteinmauer,Kleiner Kessel,{FR} 6a+,6a+,FR
513053628,Pfingströschen,Sport,Austria,Ost,Falkensteinmauer,Kleiner Kessel,{FR} 5b,5b,FR
513053115,Schwerter zu Bolts,Sport,Austria,Ost,Falkensteinmauer,Kleiner Kessel,{FR} 5a,5a,FR
513052611,Blechhefa,Sport,Austria,Ost,Falkensteinmauer,Kleiner Kessel,{FR} 5a,5a,FR
513052101,Frohe Ostern,Sport,Austria,Ost,Falkensteinmauer,Kleiner Kessel,{FR} 5a+,5a+,FR
453599199,Workoholiker,Sport,Austria,Ost,Falkensteinmauer,Sonnige Platte,FR:6b+,6b+,FR
1010494557,Birnbambeidla,Sport,Austria,Ost,Falkensteinmauer,Sonnige Platte,{FR} 6b+,6b+,FR
1010494440,Mostbluza,Sport,Austria,Ost,Falkensteinmauer,Sonnige Platte,{FR} 7a+,7a+,FR
1010494323,Glatt & Verkehrt,Sport,Austria,Ost,Falkensteinmauer,Sonnige Platte,{FR} 6c+/7a,6c+,FR
1010494206,Melancholiker,Sport,Austria,Ost,Falkensteinmauer,Sonnige Platte,{FR} 6a/a+,6a,FR
1010494089,Choleriker,Sport,Austria,Ost,Falkensteinmauer,Sonnige Platte,{FR} 6c+,6c+,FR
1010493972,Sanguiniker,Sport,Austria,Ost,Falkensteinmauer,Sonnige Platte,{FR} 6c+/7a,6c+,FR
453598665,Phlegmatiker,Sport,Austria,Ost,Falkensteinmauer,Sonnige Platte,FR:5c,5c,FR
6548155119,Strenge Kammer,Sport,Austria,Ost,Falkensteinmauer,Guter Hirt,{FR} 7b+,7b+,FR
1299783237,Schwarzer Sonntag,Sport,Austria,Ost,Falkensteinmauer,Guter Hirt,{FR} 6a,6a,FR
1299781551,Para Todo,Sport,Austria,Ost,Falkensteinmauer,Guter Hirt,{FR} 6a+,6a+,FR
453408942,Geologen Schmäh,Sport,Austria,Ost,Falkensteinmauer,Guter Hirt,FR:6a,6a,FR
1299778434,Guter Hirt 1.SL,Sport,Austria,Ost,Falkensteinmauer,Guter Hirt,{FR} 5a,5a,FR
453438537,Dornröschen,Sport,Austria,Ost,Falkensteinmauer,Guter Hirt,FR:6a,6a,FR
1299771561,Octopus 1.SL,Sport,Austria,Ost,Falkensteinmauer,Guter Hirt,{FR} 5c,5c,FR
3311749305,Mairegen,Sport,Austria,Ost,Falkensteinmauer,Guter Hirt,{FR} 6b,6b,FR
6547918443,OCB Express,Sport,Austria,Ost,Falkensteinmauer,Große Mauer,{FR} 7b+,7b+,FR
7900702251,Schonzeit,Sport,Austria,Ost,Falkensteinmauer,Große Mauer,{FR} 5a,5a,FR
7900699068,Almrausch,Sport,Austria,Ost,Falkensteinmauer,Große Mauer,{FR} 5a+,5a+,FR
513082929,Der Schrei,Sport,Austria,Ost,Falkensteinmauer,Pfeiler,{FR} 4c+,4c+,FR
513082413,Sunshine Reggae,Sport,Austria,Ost,Falkensteinmauer,Pfeiler,{FR} 6b+,6b+,FR
1010521515,Der Herr der Winde,Sport,Austria,Ost,Falkensteinmauer,Kessel,{FR} 7a,7a,FR
1010521398,Männersport,Sport,Austria,Ost,Falkensteinmauer,Kessel,{FR} 7a/a+,7a,FR
1010521281,Dampfkessel,Sport,Austria,Ost,Falkensteinmauer,Kessel,{FR} 7b/b+,7b,FR
1010521107,A weng södsaum,Sport,Austria,Ost,Falkensteinmauer,Kessel,{FR} 7a/a+,7a,FR
1010520972,Wer vü Sudat...,Sport,Austria,Ost,Falkensteinmauer,Kessel,{FR} 7b+,7b+,FR
1010520855,Traumfänger,Sport,Austria,Ost,Falkensteinmauer,Kessel,{FR} 7c,7c,FR
1010520738,Der Alchemist,Sport,Austria,Ost,Falkensteinmauer,Kessel,{FR} 7a+,7a+,FR
1010520621,Der rote Planet,Sport,Austria,Ost,Falkensteinmauer,Kessel,{FR} 7b,7b,FR
1010520504,Tegetthoff,Sport,Austria,Ost,Falkensteinmauer,Kessel,{FR} 7b+/c,7b+,FR
1010520360,Call Me,Sport,Austria,Ost,Falkensteinmauer,Kessel,{FR} 6b+,6b+,FR
1010520198,Zahn der Zeit,Sport,Austria,Ost,Falkensteinmauer,Kessel,{FR} 6b+,6b+,FR
1009623567,Maktub,Sport,Austria,Ost,Falkensteinmauer,Kessel,{FR} 7a,7a,FR
6547762836,Der Flug des Archaeopteryx,Sport,Austria,Ost,Falkensteinmauer,Kleine Mauer,{FR} 7b+/c,7b+,FR
3734729994,Thor,Sport,Austria,Ost,Falkensteinmauer,Kleine Mauer,{FR} 4c,4c,FR
3734723991,Der Weg nach Moria,Sport,Austria,Ost,Falkensteinmauer,Kleine Mauer,{FR} 5a,5a,FR
3734737716,Balin,Sport,Austria,Ost,Falkensteinmauer,Kleine Mauer,{FR} 5a,5a,FR
7842264003,Mim,Sport,Austria,Ost,Schrambach,Doriath,UIAA:3+,3+,UIAA
7842263859,Luthien,Sport,Austria,Ost,Schrambach,Doriath,UIAA:4,4,UIAA
7842263760,Doriath,Sport,Austria,Ost,Schrambach,Doriath,UIAA:4+,4+,UIAA
7873215693,Daeron,Sport,Austria,Ost,Schrambach,Doriath,UIAA:6-,6-,UIAA
7873215792,Neldoreth,Sport,Austria,Ost,Schrambach,Doriath,UIAA:4+ - 6,4+,UIAA
7873240824,Melian,Sport,Austria,Ost,Schrambach,Doriath,UIAA:8-,8-,UIAA
7873240731,Thingol,,Austria,Ost,Schrambach,Doriath,UIAA:8-,8-,UIAA
7873240632,Esgalduin,Sport,Austria,Ost,Schrambach,Doriath,UIAA:5+,5+,UIAA
7873240533,Dimbar,Sport,Austria,Ost,Schrambach,Doriath,UIAA:6+,6+,UIAA
7873303461,Gulp,Sport,Austria,Ost,Schrambach,Alter Teil,UIAA:4,4,UIAA
7873303362,ET,Sport,Austria,Ost,Schrambach,Alter Teil,UIAA:5,5,UIAA
7873303263,Null Problemo,Sport,Austria,Ost,Schrambach,Alter Teil,UIAA:7,7,UIAA
7873303164,Shrek,Sport,Austria,Ost,Schrambach,Alter Teil,UIAA:7+,7+,UIAA
7873303065,Melmak,Sport,Austria,Ost,Schrambach,Alter Teil,UIAA:5+,5+,UIAA
7873302966,Marsmännchen,Sport,Austria,Ost,Schrambach,Alter Teil,UIAA:7-,7-,UIAA
7873302867,Alf,Sport,Austria,Ost,Schrambach,Alter Teil,UIAA:7-,7-,UIAA
7873269285,Biene Maya,,Austria,Ost,Schrambach,Gondolin,UIAA:6-,6-,UIAA
7873269168,Gondolin,Sport,Austria,Ost,Schrambach,Gondolin,UIAA:6,6,UIAA
7873269066,Turgon,Sport,Austria,Ost,Schrambach,Gondolin,UIAA:7-,7-,UIAA
350231217,Easy living,,Austria,Ost,Frankenfels,Gillus,UIAA:6-,6-,UIAA
350231124,Free'n'easy,,Austria,Ost,Frankenfels,Gillus,UIAA:6+,6+,UIAA
350231031,Rockarama,Sport,Austria,Ost,Frankenfels,Gillus,UIAA:7,7,UIAA
350230938,Look at yourself,Sport,Austria,Ost,Frankenfels,Gillus,UIAA:8-,8-,UIAA
350230845,Firefly,Sport,Austria,Ost,Frankenfels,Gillus,UIAA:8,8,UIAA
350230752,Rocketride,Sport,Austria,Ost,Frankenfels,Gillus,UIAA:8+,8+,UIAA
350230659,Supertramp,Sport,Austria,Ost,Frankenfels,Gillus,UIAA:8-,8-,UIAA
350230566,Trumpf,Sport,Austria,Ost,Frankenfels,Gillus,UIAA:7-,7-,UIAA
350230473,It's raining again,Sport,Austria,Ost,Frankenfels,Gillus,UIAA:7+,7+,UIAA
350229585,From now on,Sport,Austria,Ost,Frankenfels,Gillus,UIAA:7,7,UIAA
385504623,Ostkante,Trad,Austria,Ost,Türnitzer Alpen,Hohenberger Nadel,UIAA:3-,3-,UIAA
385506465,Linke Nordwand,Sport,Austria,Ost,Türnitzer Alpen,Hohenberger Nadel,UIAA:7+,7+,UIAA
385504170,Nordwandriss,Sport,Austria,Ost,Türnitzer Alpen,Hohenberger Nadel,UIAA:7+,7+,UIAA
385503267,Westkante,Sport,Austria,Ost,Türnitzer Alpen,Hohenberger Nadel,UIAA:3,3,UIAA
10607967657,Rampe,Sport,Austria,Ost,Sandgraben,Bärenmauer,UIAA:4,4,UIAA
10607967543,Herbstroas,Sport,Austria,Ost,Sandgraben,Bärenmauer,UIAA:7-,7-,UIAA
10607967435,Bärig,Sport,Austria,Ost,Sandgraben,Bärenmauer,UIAA:5+,5+,UIAA
10607967342,Maikäfer,Sport,Austria,Ost,Sandgraben,Bärenmauer,UIAA:6,6,UIAA
10607967246,Zwetschken Tatschgerl,Sport,Austria,Ost,Sandgraben,Bärenmauer,UIAA:6-,6-,UIAA
10607967153,Salamander,Sport,Austria,Ost,Sandgraben,Bärenmauer,UIAA:6-,6-,UIAA
10607936184,Sky Walk,Sport,Austria,Ost,Sandgraben,Lange Wand,UIAA:5+,5+,UIAA
10607936091,Tschau Bode,Sport,Austria,Ost,Sandgraben,Lange Wand,UIAA:7+,7+,UIAA
10607935998,Lets Dance,Sport,Austria,Ost,Sandgraben,Lange Wand,UIAA:6+,6+,UIAA
10607935905,Bruno,Sport,Austria,Ost,Sandgraben,Lange Wand,UIAA:6+,6+,UIAA
10607935812,Überhang,Sport,Austria,Ost,Sandgraben,Lange Wand,UIAA:5+,5+,UIAA
10607935719,Sonnseite,Sport,Austria,Ost,Sandgraben,Lange Wand,UIAA:5-,5-,UIAA
10586098671,Fingerriss,Sport,Austria,Ost,Sandgraben,Lange Wand,UIAA:6-,6-,UIAA
10586095485,Quergang,Sport,Austria,Ost,Sandgraben,Lange Wand,UIAA:6-,6-,UIAA
10586083383,Bolero,Sport,Austria,Ost,Sandgraben,Lange Wand,UIAA:5+,5+,UIAA
10586083290,S'geht no,Sport,Austria,Ost,Sandgraben,Lange Wand,UIAA:6,6,UIAA
10586083197,Lochaufsteher,Sport,Austria,Ost,Sandgraben,Lange Wand,UIAA:6-,6-,UIAA
10586083092,Guat Drauf,Sport,Austria,Ost,Sandgraben,Lange Wand,UIAA:6+,6+,UIAA
10586082996,Diagonale,Sport,Austria,Ost,Sandgraben,Lange Wand,UIAA:5,5,UIAA
10586082903,H. Koarl,Sport,Austria,Ost,Sandgraben,Lange Wand,UIAA:5,5,UIAA
10586082810,Babyface - direkte Variante,Sport,Austria,Ost,Sandgraben,Lange Wand,UIAA:4+,4+,UIAA
10586082717,Babyface,Sport,Austria,Ost,Sandgraben,Lange Wand,UIAA:5-,5-,UIAA
10586082624,Rotwild,Sport,Austria,Ost,Sandgraben,Lange Wand,UIAA:6-,6-,UIAA
10586082531,Geh Zuwa,Sport,Austria,Ost,Sandgraben,Lange Wand,UIAA:6,6,UIAA
10586058435,"Haberfellner-Dachl, direkte Variante",Sport,Austria,Ost,Sandgraben,Lange Wand,UIAA:6,6,UIAA
10586058336,Haberfellner-Dachl,Sport,Austria,Ost,Sandgraben,Lange Wand,UIAA:5-,5-,UIAA
10586058237,Abzweiger,Sport,Austria,Ost,Sandgraben,Lange Wand,UIAA:6+,6+,UIAA
10586058138,Direkte,Sport,Austria,Ost,Sandgraben,Lange Wand,UIAA:6-,6-,UIAA
10586058039,Tantum Verde,Sport,Austria,Ost,Sandgraben,Lange Wand,UIAA:5+,5+,UIAA
10586057946,Kuni,Sport,Austria,Ost,Sandgraben,Lange Wand,UIAA:6-,6-,UIAA
10586057853,Chok-Chok,Sport,Austria,Ost,Sandgraben,Lange Wand,UIAA:5+,5+,UIAA
10586057760,Staubfrei,Sport,Austria,Ost,Sandgraben,Lange Wand,UIAA:4-,4-,UIAA
10586057667,Loopy,Sport,Austria,Ost,Sandgraben,Lange Wand,UIAA:6,6,UIAA
10586057574,Schlangenpfad,Sport,Austria,Ost,Sandgraben,Lange Wand,UIAA:5,5,UIAA
9930193236,Ötscher Nordwand,Mixed trad,Austria,Ost,Ybbstaler Alpen,Ötscher,UIAA:4+,4+,UIAA
8545875456,Grausiger Schluchtenhaxler,Sport,Austria,Ost,Ybbstaler Alpen,Grasberg,UIAA:3+,3+,UIAA
8545874133,Ekliger Klettermaxler,Sport,Austria,Ost,Ybbstaler Alpen,Grasberg,UIAA:3+,3+,UIAA
8545872669,Buchecker,Sport,Austria,Ost,Ybbstaler Alpen,Grasberg,UIAA:7-,7-,UIAA
8545870896,Nussknacker,Sport,Austria,Ost,Ybbstaler Alpen,Grasberg,UIAA:9-,9-,UIAA
8545865553,Peternpfad 2.0,Sport,Austria,Ost,Ybbstaler Alpen,Grasberg,UIAA:7+,7+,UIAA
8545865466,Weber und Spinner,Sport,Austria,Ost,Ybbstaler Alpen,Grasberg,UIAA:7,7,UIAA
8545865379,Schnittloch,Sport,Austria,Ost,Ybbstaler Alpen,Grasberg,UIAA:6+,6+,UIAA
8545865286,Zwoa Hoiwe,Sport,Austria,Ost,Ybbstaler Alpen,Grasberg,UIAA:4+,4+,UIAA
8545865196,Lange Fredl,Sport,Austria,Ost,Ybbstaler Alpen,Grasberg,UIAA:7,7,UIAA
8545865109,Kantenflitzer,Sport,Austria,Ost,Ybbstaler Alpen,Grasberg,UIAA:5-,5-,UIAA
8545865010,Grüss di oide Hüttn,Sport,Austria,Ost,Ybbstaler Alpen,Grasberg,UIAA:6+,6+,UIAA
8545864923,Warmer Apfelstrudel,Sport,Austria,Ost,Ybbstaler Alpen,Grasberg,UIAA:6+,6+,UIAA
8545864824,Blind Snake,Sport,Austria,Ost,Ybbstaler Alpen,Grasberg,UIAA:6-,6-,UIAA
8545864728,Neudorf 79,Sport,Austria,Ost,Ybbstaler Alpen,Grasberg,UIAA:5+,5+,UIAA
8545857642,Hops vergessen,Sport,Austria,Ost,Ybbstaler Alpen,Grasberg,UIAA:5-,5-,UIAA
8545829718,FF Wirts,Sport,Austria,Ost,Ybbstaler Alpen,Grasberg,UIAA:4,4,UIAA
10506065679,Hexensabbath,Sport,Austria,Ost,Ybbstaler Alpen,Fischerlehen,UIAA:8+/9-,8+,UIAA
10506065586,Schmiernippel,Sport,Austria,Ost,Ybbstaler Alpen,Fischerlehen,UIAA:6,6,UIAA
10506065493,1979,Sport,Austria,Ost,Ybbstaler Alpen,Fischerlehen,UIAA:8-,8-,UIAA
10506065400,Immerhin,Sport,Austria,Ost,Ybbstaler Alpen,Fischerlehen,UIAA:8,8,UIAA
10506065301,Nervus Radialis,Sport,Austria,Ost,Ybbstaler Alpen,Fischerlehen,UIAA:10-,10-,UIAA
10506065202,Onkel Sepp,Sport,Austria,Ost,Ybbstaler Alpen,Fischerlehen,UIAA:7+,7+,UIAA
10506065109,Tschakobello,Sport,Austria,Ost,Ybbstaler Alpen,Fischerlehen,UIAA:7-,7-,UIAA
10506065016,Tschakobello linker Einstieg,Sport,Austria,Ost,Ybbstaler Alpen,Fischerlehen,UIAA:7,7,UIAA
10506064923,Duroplast,Sport,Austria,Ost,Ybbstaler Alpen,Fischerlehen,UIAA:6+,6+,UIAA
10505936985,Rechts außen,Sport,Austria,Ost,Ybbstaler Alpen,Fischerlehen,UIAA:6+,6+,UIAA
10505935323,Zweite von rechts,Sport,Austria,Ost,Ybbstaler Alpen,Fischerlehen,UIAA:6+,6+,UIAA
348162687,Neustifter Traverse,Sport,Austria,Ost,Ybbstaler Alpen,Lueggraben,UIAA:4-,4-,UIAA
348162627,Drüberstrara,Sport,Austria,Ost,Ybbstaler Alpen,Lueggraben,UIAA:4-,4-,UIAA
348162561,Mondfahrt,Sport,Austria,Ost,Ybbstaler Alpen,Lueggraben,UIAA:6-,6-,UIAA
348162501,Gfinklt,Sport,Austria,Ost,Ybbstaler Alpen,Lueggraben,UIAA:6+,6+,UIAA
348162441,Luegweg,Sport,Austria,Ost,Ybbstaler Alpen,Lueggraben,UIAA:7+,7+,UIAA
348162381,Eisenstrasse,Sport,Austria,Ost,Ybbstaler Alpen,Lueggraben,UIAA:4+,4+,UIAA
348162321,1000 ÖTK'ler,Sport,Austria,Ost,Ybbstaler Alpen,Lueggraben,UIAA:4,4,UIAA
348162234,D' Ginselhecha,Sport,Austria,Ost,Ybbstaler Alpen,Lueggraben,UIAA:4,4,UIAA
348162147,Ois' in Buta,Sport,Austria,Ost,Ybbstaler Alpen,Lueggraben,UIAA:5-,5-,UIAA
348162060,Würth-zig,Sport,Austria,Ost,Ybbstaler Alpen,Lueggraben,UIAA:7,7,UIAA
348161973,Enterisch,Sport,Austria,Ost,Ybbstaler Alpen,Lueggraben,UIAA:6-,6-,UIAA
348161886,Mostviertler,Sport,Austria,Ost,Ybbstaler Alpen,Lueggraben,UIAA:6,6,UIAA
348161739,Akkordplartie,Sport,Austria,Ost,Ybbstaler Alpen,Lueggraben,UIAA:6-,6-,UIAA
348161652,Maximundus,Sport,Austria,Ost,Ybbstaler Alpen,Lueggraben,UIAA:5-,5-,UIAA
348161565,Perneggkante,Sport,Austria,Ost,Ybbstaler Alpen,Lueggraben,UIAA:5-,5-,UIAA
348161472,Parabolika,Sport,Austria,Ost,Ybbstaler Alpen,Lueggraben,UIAA:4,4,UIAA
348161385,Präsident,Sport,Austria,Ost,Ybbstaler Alpen,Lueggraben,UIAA:3+,3+,UIAA
348161298,Pensionsschock,Sport,Austria,Ost,Ybbstaler Alpen,Lueggraben,UIAA:3-,3-,UIAA
348161211,D'Woad,Sport,Austria,Ost,Ybbstaler Alpen,Lueggraben,UIAA:2+,2+,UIAA
348231594,Spigolino,,Austria,Ost,Falkenmauer,Schlitzohr,UIAA:4,4,UIAA
348231501,Schlitzohr,,Austria,Ost,Falkenmauer,Schlitzohr,UIAA:3+,3+,UIAA
348233088,... non licet Bovi,,Austria,Ost,Falkenmauer,Iran Air,UIAA:7,7,UIAA
348232995,Quod licet Jovi,,Austria,Ost,Falkenmauer,Iran Air,UIAA:5+,5+,UIAA
348232902,Schildkrötenfurz,Sport,Austria,Ost,Falkenmauer,Iran Air,UIAA:4-,4-,UIAA
348232809,Nasenbär,Sport,Austria,Ost,Falkenmauer,Iran Air,UIAA:5+,5+,UIAA
348232710,Iran Air,Sport,Austria,Ost,Falkenmauer,Iran Air,UIAA:6+,6+,UIAA
348232611,Osama´s letzter Tango,Sport,Austria,Ost,Falkenmauer,Iran Air,UIAA:7/7+,7,UIAA
348237498,Minidiagonale,Sport,Austria,Ost,Falkenmauer,Zauberschaukel,UIAA:5+,5+,UIAA
348237405,Zauberschaukel,Sport,Austria,Ost,Falkenmauer,Zauberschaukel,UIAA:6,6,UIAA
348237312,Schatzplanet,Sport,Austria,Ost,Falkenmauer,Zauberschaukel,UIAA:7,7,UIAA
348237219,Fix,Sport,Austria,Ost,Falkenmauer,Zauberschaukel,UIAA:4+,4+,UIAA
348237126,Fix direkt,Sport,Austria,Ost,Falkenmauer,Zauberschaukel,UIAA:5-,5-,UIAA
348237033,Fox,Sport,Austria,Ost,Falkenmauer,Zauberschaukel,UIAA:6,6,UIAA
348236940,Tick direkt,Sport,Austria,Ost,Falkenmauer,Zauberschaukel,UIAA:6+,6+,UIAA
348236847,Tick,Sport,Austria,Ost,Falkenmauer,Zauberschaukel,UIAA:5,5,UIAA
348236754,Trick,Sport,Austria,Ost,Falkenmauer,Zauberschaukel,UIAA:4+,4+,UIAA
348236661,Track,Sport,Austria,Ost,Falkenmauer,Zauberschaukel,UIAA:4,4,UIAA
348235410,Schabernack,Sport,Austria,Ost,Falkenmauer,Schabernack,UIAA:5+,5+,UIAA
348235317,Spigolino mit direktem Einstieg,Sport,Austria,Ost,Falkenmauer,Schabernack,UIAA:6,6,UIAA
348235224,Spigolone,Sport,Austria,Ost,Falkenmauer,Schabernack,UIAA:3,3,UIAA
348243186,Scheißerhose,Sport,Austria,Ost,Falkenmauer,Leichtmatrose,UIAA:7-,7-,UIAA
348243093,Leichtmatrose,Sport,Austria,Ost,Falkenmauer,Leichtmatrose,UIAA:6-,6-,UIAA
348243000,Bröseler,Sport,Austria,Ost,Falkenmauer,Leichtmatrose,UIAA:4+,4+,UIAA
348242907,Möseler,Sport,Austria,Ost,Falkenmauer,Leichtmatrose,UIAA:4+,4+,UIAA
348241332,Baja California,Sport,Austria,Ost,Falkenmauer,Baja California,UIAA:6,6,UIAA
348241239,Guerrero Negro,Sport,Austria,Ost,Falkenmauer,Baja California,UIAA:5-,5-,UIAA
348241146,Cochimi,Sport,Austria,Ost,Falkenmauer,Baja California,UIAA:4-,4-,UIAA
348241053,Konradsheimer Wanderweg,Sport,Austria,Ost,Falkenmauer,Baja California,UIAA:3+,3+,UIAA
348223926,Schluchtentanz,Sport,Austria,Ost,Schluchtenwanderweg,Trollstein,UIAA:7,7,UIAA
348223833,Fanta 4,Sport,Austria,Ost,Schluchtenwanderweg,Trollstein,UIAA:5+,5+,UIAA
348223740,Elfenbein,Sport,Austria,Ost,Schluchtenwanderweg,Trollstein,UIAA:5+,5+,UIAA
348223647,Mistguggerl,Sport,Austria,Ost,Schluchtenwanderweg,Trollstein,UIAA:5,5,UIAA
348223554,Witschi Watschi Wu,Sport,Austria,Ost,Schluchtenwanderweg,Trollstein,UIAA:4+,4+,UIAA
348223461,Kagasterz,Sport,Austria,Ost,Schluchtenwanderweg,Trollstein,UIAA:6,6,UIAA
348223368,Herbstzeitlose,Sport,Austria,Ost,Schluchtenwanderweg,Trollstein,UIAA:4-,4-,UIAA
348223275,Mineralnovoda,Sport,Austria,Ost,Schluchtenwanderweg,Trollstein,UIAA:4+,4+,UIAA
348223182,Elefantito,Sport,Austria,Ost,Schluchtenwanderweg,Trollstein,UIAA:5,5,UIAA
348211725,Groamatwind,Sport,Austria,Ost,Schluchtenwanderweg,Hexennase,UIAA:7+,7+,UIAA
348211632,Glück Auf,Sport,Austria,Ost,Schluchtenwanderweg,Hexennase,UIAA:7+,7+,UIAA
348211539,Feuer Frei,Sport,Austria,Ost,Schluchtenwanderweg,Hexennase,UIAA:7+,7+,UIAA
348198531,Kante,Sport,Austria,Ost,Schluchtenwanderweg,Weihkesselmauer Sektor West,UIAA:7,7,UIAA
348198429,Stoarumpler,Sport,Austria,Ost,Schluchtenwanderweg,Weihkesselmauer Sektor West,UIAA:7-,7-,UIAA
348198336,Karlovacko,Sport,Austria,Ost,Schluchtenwanderweg,Weihkesselmauer Sektor West,UIAA:8-,8-,UIAA
348198243,Bloody Fingers,Sport,Austria,Ost,Schluchtenwanderweg,Weihkesselmauer Sektor West,UIAA:7-,7-,UIAA
348198150,Jägermeister,Sport,Austria,Ost,Schluchtenwanderweg,Weihkesselmauer Sektor West,UIAA:7,7,UIAA
348198057,Jägerblut,Sport,Austria,Ost,Schluchtenwanderweg,Weihkesselmauer Sektor West,UIAA:7,7,UIAA
348197964,Fussispreitzer,Sport,Austria,Ost,Schluchtenwanderweg,Weihkesselmauer Sektor West,UIAA:7,7,UIAA
348197871,Trennkost,Sport,Austria,Ost,Schluchtenwanderweg,Weihkesselmauer Sektor West,UIAA:6+,6+,UIAA
348197778,Mostkost,Sport,Austria,Ost,Schluchtenwanderweg,Weihkesselmauer Sektor West,UIAA:6+,6+,UIAA
348197637,Bradl,Sport,Austria,Ost,Schluchtenwanderweg,Weihkesselmauer Sektor West,UIAA:7,7,UIAA
348197499,Fett’n,Sport,Austria,Ost,Schluchtenwanderweg,Weihkesselmauer Sektor West,UIAA:6-,6-,UIAA
348197352,Brot,Sport,Austria,Ost,Schluchtenwanderweg,Weihkesselmauer Sektor West,UIAA:5,5,UIAA
348192480,Turmblick,Sport,Austria,Ost,Schluchtenwanderweg,Weihkesselmauer Sektor Ost,UIAA:5+,5+,UIAA
348192387,NO Pfeiler,Sport,Austria,Ost,Schluchtenwanderweg,Weihkesselmauer Sektor Ost,UIAA:5,5,UIAA
348192279,Powerranger,Sport,Austria,Ost,Schluchtenwanderweg,Weihkesselmauer Sektor Ost,UIAA:5+,5+,UIAA
5115071046,s'Bäckerschupfal,Trad,Austria,Ost,Schluchtenwanderweg,Weihkesselmauer Sektor Ost,UIAA:6-/6,6-,UIAA
5115107454,Der Dorn im Schuh,Trad,Austria,Ost,Schluchtenwanderweg,Weihkesselmauer Sektor Ost,UIAA:6/6+,6,UIAA
348192180,Prost mit Most,Sport,Austria,Ost,Schluchtenwanderweg,Weihkesselmauer Sektor Ost,UIAA:4+,4+,UIAA
348192084,Zwergenweg,Sport,Austria,Ost,Schluchtenwanderweg,Weihkesselmauer Sektor Ost,UIAA:3,3,UIAA
348191976,Little Foot,Sport,Austria,Ost,Schluchtenwanderweg,Weihkesselmauer Sektor Ost,UIAA:2-,2-,UIAA
348183990,Almrausch,Sport,Austria,Ost,Schluchtenwanderweg,Weihkesselturm,UIAA:7+,7+,UIAA
348183861,Paul Akkula,Sport,Austria,Ost,Schluchtenwanderweg,Weihkesselturm,UIAA:8-,8-,UIAA
348183726,Firnschnee,Sport,Austria,Ost,Schluchtenwanderweg,Weihkesselturm,UIAA:7+,7+,UIAA
348183495,Frei Wild,Sport,Austria,Ost,Schluchtenwanderweg,Weihkesselturm,UIAA:5+,5+,UIAA
9250234050,Balance of power,Sport,Austria,Ost,Hirschwände,Shadow Wall,UIAA:8+/9-,8+,UIAA
9250233963,Schattendasein,Sport,Austria,Ost,Hirschwände,Shadow Wall,UIAA:7+,7+,UIAA
9250233876,Shadow on the wall,Sport,Austria,Ost,Hirschwände,Shadow Wall,UIAA:9,9,UIAA
9250233789,Schattenspiele,Sport,Austria,Ost,Hirschwände,Shadow Wall,UIAA:7+,7+,UIAA
9250233702,Schattenspender,Sport,Austria,Ost,Hirschwände,Shadow Wall,UIAA:7-,7-,UIAA
9250233615,Nachtschattengewächs,Sport,Austria,Ost,Hirschwände,Shadow Wall,UIAA:7/7+,7,UIAA
9250233528,Waldquelle,Sport,Austria,Ost,Hirschwände,Shadow Wall,UIAA:6+/7-,6+,UIAA
9250169229,Geile Sau,Boulder,Austria,Ost,Hirschwände,Kraftwandl,FB:6B,6B,FB
9250169118,Armarock,Sport,Austria,Ost,Hirschwände,Kraftwandl,UIAA:8-,8-,UIAA
9250169031,Helmi,Sport,Austria,Ost,Hirschwände,Kraftwandl,UIAA:8,8,UIAA
9250161936,No pain no game,Sport,Austria,Ost,Hirschwände,Kraftwandl,UIAA:8/8+,8,UIAA
9250161849,Pe Jing Express,Sport,Austria,Ost,Hirschwände,Kraftwandl,UIAA:9+,9+,UIAA
9250161756,Ach wie gut dass niemand weiß,Sport,Austria,Ost,Hirschwände,Kraftwandl,UIAA:9-,9-,UIAA
9250161669,Proteinminister,Sport,Austria,Ost,Hirschwände,Kraftwandl,UIAA:7+/8-,7+,UIAA
9250161582,Meerschweine,Sport,Austria,Ost,Hirschwände,Kraftwandl,UIAA:7+,7+,UIAA
9250161495,A Riss der kana is,Sport,Austria,Ost,Hirschwände,Kraftwandl,UIAA:9-/9,9-,UIAA
9250161408,Power control,Sport,Austria,Ost,Hirschwände,Kraftwandl,UIAA:8-,8-,UIAA
9250161321,Muggendance,Sport,Austria,Ost,Hirschwände,Kraftwandl,UIAA:7,7,UIAA
9250161234,Nicht verzagen,Sport,Austria,Ost,Hirschwände,Kraftwandl,UIAA:6+,6+,UIAA
9250161147,Nicht warum fragen,Sport,Austria,Ost,Hirschwände,Kraftwandl,UIAA:7-,7-,UIAA
9250132749,Nötsch,Sport,Austria,Ost,Hirschwände,Kalkofenwand,UIAA:9,9,UIAA
9250125315,Ausweiche,Sport,Austria,Ost,Hirschwände,Kalkofenwand,UIAA:6+,6+,UIAA
9250125222,Nichts für Kinder,Sport,Austria,Ost,Hirschwände,Kalkofenwand,UIAA:7,7,UIAA
9250125135,Kamin-Einschulung,Sport,Austria,Ost,Hirschwände,Kalkofenwand,UIAA:4-,4-,UIAA
9250125048,Übungskante,Sport,Austria,Ost,Hirschwände,Kalkofenwand,UIAA:4,4,UIAA
9250124955,Detailschulung,Sport,Austria,Ost,Hirschwände,Kalkofenwand,UIAA:5,5,UIAA
9250124868,Erstes Training,,Austria,Ost,Hirschwände,Kalkofenwand,UIAA:5,5,UIAA
9250124781,Verbale Benotung,,Austria,Ost,Hirschwände,Kalkofenwand,UIAA:3-,3-,UIAA
9250124694,Schulreif,,Austria,Ost,Hirschwände,Kalkofenwand,UIAA:3-,3-,UIAA
9250124607,Volksschule,,Austria,Ost,Hirschwände,Kalkofenwand,UIAA:3+,3+,UIAA
9250096821,Kindergarten,Sport,Austria,Ost,Hirschwände,Kalkofenwand,UIAA:2+,2+,UIAA
9250096734,Früh übt sich,Sport,Austria,Ost,Hirschwände,Kalkofenwand,UIAA:2+,2+,UIAA
9250096647,Frühförderung,Sport,Austria,Ost,Hirschwände,Kalkofenwand,UIAA:2,2,UIAA
9250096560,Gehschule,Sport,Austria,Ost,Hirschwände,Kalkofenwand,UIAA:2,2,UIAA
9250096473,Krabbelstube,Sport,Austria,Ost,Hirschwände,Kalkofenwand,UIAA:1+,1+,UIAA
9250096386,Erste Schritte,Sport,Austria,Ost,Hirschwände,Kalkofenwand,UIAA:1+,1+,UIAA
9250125402,Schattengrat,Sport,Austria,Ost,Hirschwände,Kalkofenwand,UIAA:2+,2+,UIAA
9250096299,Leider geil,Sport,Austria,Ost,Hirschwände,Kalkofenwand,UIAA:8,8,UIAA
9250096212,Schweinernes mit Krenn,Sport,Austria,Ost,Hirschwände,Kalkofenwand,UIAA:8+,8+,UIAA
9250096125,Morizi,Sport,Austria,Ost,Hirschwände,Kalkofenwand,UIAA:8,8,UIAA
9250096026,Maxi,Sport,Austria,Ost,Hirschwände,Kalkofenwand,UIAA:5,5,UIAA
9250095939,Kalkbrand,Sport,Austria,Ost,Hirschwände,Kalkofenwand,UIAA:9-,9-,UIAA
9250095852,Riss mit Biss,Sport,Austria,Ost,Hirschwände,Kalkofenwand,UIAA:6,6,UIAA
9250095765,Ofenkante,Sport,Austria,Ost,Hirschwände,Kalkofenwand,UIAA:7-,7-,UIAA
9250095678,Ofenverschneidung,Sport,Austria,Ost,Hirschwände,Kalkofenwand,UIAA:6,6,UIAA
9250095591,Sintali,Sport,Austria,Ost,Hirschwände,Kalkofenwand,UIAA:8-,8-,UIAA
9250095504,Bluff,Sport,Austria,Ost,Hirschwände,Kalkofenwand,UIAA:7,7,UIAA
9250095417,Chalking heads,Sport,Austria,Ost,Hirschwände,Kalkofenwand,UIAA:7,7,UIAA
9250095330,Todesverschneidung,Sport,Austria,Ost,Hirschwände,Kalkofenwand,UIAA:5,5,UIAA
9250095243,Schinifix,Sport,Austria,Ost,Hirschwände,Kalkofenwand,UIAA:7,7,UIAA
9250095156,Krabblplatte,Sport,Austria,Ost,Hirschwände,Kalkofenwand,UIAA:5-,5-,UIAA
9186257568,Schleifspur,Boulder,Austria,Ost,Bereich Rechtsaussen,Wandfuß Rechtsaussen,FB:7A+,7A+,FB
9186257469,Namenlos 2,Boulder,Austria,Ost,Bereich Rechtsaussen,Wandfuß Rechtsaussen,FB:6A,6A,FB
9186257370,Mittendrin statt nur dabei,Boulder,Austria,Ost,Bereich Rechtsaussen,Wandfuß Rechtsaussen,FB:6C,6C,FB
9186257271,Namenlos 1,Boulder,Austria,Ost,Bereich Rechtsaussen,Wandfuß Rechtsaussen,FB:6A,6A,FB
9186249339,Flatline,Boulder,Austria,Ost,Bereich Rechtsaussen,Wandfuß Rechtsaussen,FB:7B,7B,FB
9186249240,Fixe Anstellung,Boulder,Austria,Ost,Bereich Rechtsaussen,Wandfuß Rechtsaussen,FB:7C+,7C+,FB
9186249141,Vegetarian occupation,Boulder,Austria,Ost,Bereich Rechtsaussen,Wandfuß Rechtsaussen,FB:7B+,7B+,FB
9186249042,Vego Knackwurst,Boulder,Austria,Ost,Bereich Rechtsaussen,Wandfuß Rechtsaussen,FB:7B+,7B+,FB
9186248943,Helvete,Boulder,Austria,Ost,Bereich Rechtsaussen,Wandfuß Rechtsaussen,FB:7A,7A,FB
9186248844,Mortician,Boulder,Austria,Ost,Bereich Rechtsaussen,Wandfuß Rechtsaussen,FB:6B,6B,FB
9186248745,Barbaresco,Boulder,Austria,Ost,Bereich Rechtsaussen,Wandfuß Rechtsaussen,FB:7A+,7A+,FB
9186248646,Lambrusco,Boulder,Austria,Ost,Bereich Rechtsaussen,Wandfuß Rechtsaussen,FB:7A,7A,FB
9186248547,Psychedelische Frauengeschichten,Boulder,Austria,Ost,Bereich Rechtsaussen,Wandfuß Rechtsaussen,FB:7A+,7A+,FB
9186248448,Nudelpumpenmechanismus,Boulder,Austria,Ost,Bereich Rechtsaussen,Wandfuß Rechtsaussen,FB:7A+,7A+,FB
9186218721,Inquanok,Boulder,Austria,Ost,Bereich Rechtsaussen,Block 7,FB:6A+,6A+,FB
9186216690,Hupf in Gatsch,Boulder,Austria,Ost,Bereich Rechtsaussen,Block 6,FB:6B,6B,FB
9186216591,Grindkretznhike,Boulder,Austria,Ost,Bereich Rechtsaussen,Block 6,FB:7C,7C,FB
9186216492,El Humo,Boulder,Austria,Ost,Bereich Rechtsaussen,Block 6,FB:7A+,7A+,FB
9186216393,Oano bet no,Boulder,Austria,Ost,Bereich Rechtsaussen,Block 6,FB:6A+,6A+,FB
9186209325,Namenlos 2,Boulder,Austria,Ost,Bereich Rechtsaussen,Block 5,FB:6C,6C,FB
9186209226,Namenlos 1,Boulder,Austria,Ost,Bereich Rechtsaussen,Block 5,FB:5C,5C,FB
9186209127,Tuningqueens,Boulder,Austria,Ost,Bereich Rechtsaussen,Block 5,FB:6B,6B,FB
9186209028,Club der geilen Stiefel,Boulder,Austria,Ost,Bereich Rechtsaussen,Block 5,FB:6B+,6B+,FB
9186208929,Klein mal Fein,Boulder,Austria,Ost,Bereich Rechtsaussen,Block 5,FB:6A+,6A+,FB
9186208830,Kleine Kante,Boulder,Austria,Ost,Bereich Rechtsaussen,Block 5,FB:4A,4A,FB
9186150447,EAV,Boulder,Austria,Ost,Bereich Rechtsaussen,Block 4,FB:5B,5B,FB
9186150348,Märchenprinz,Boulder,Austria,Ost,Bereich Rechtsaussen,Block 4,FB:6A,6A,FB
9186146226,Feicht,Boulder,Austria,Ost,Bereich Rechtsaussen,Block 3,FB:6A+,6A+,FB
9186141399,Namenlos 3,Boulder,Austria,Ost,Bereich Rechtsaussen,Block 2,FB:5A,5A,FB
9186141300,Römische Essstellung,Boulder,Austria,Ost,Bereich Rechtsaussen,Block 2,FB:6C+,6C+,FB
9186141201,Naja,Boulder,Austria,Ost,Bereich Rechtsaussen,Block 2,FB:6A,6A,FB
9186136314,WTF am I doing here,Boulder,Austria,Ost,Bereich Rechtsaussen,Block 2,FB:6B,6B,FB
9186136215,Puschtra Metl,Boulder,Austria,Ost,Bereich Rechtsaussen,Block 2,FB:7C,7C,FB
9186136116,Good bye Jelzin,Boulder,Austria,Ost,Bereich Rechtsaussen,Block 2,FB:7B+,7B+,FB
9186136017,Verschneidung,Boulder,Austria,Ost,Bereich Rechtsaussen,Block 2,FB:6A,6A,FB
9186135918,Metl,Boulder,Austria,Ost,Bereich Rechtsaussen,Block 2,FB:6B+,6B+,FB
9186135819,Blood Brothers,Boulder,Austria,Ost,Bereich Rechtsaussen,Block 2,FB:6A+,6A+,FB
9186135720,Grünspan,Boulder,Austria,Ost,Bereich Rechtsaussen,Block 2,FB:6B+,6B+,FB
9186135621,Namenlos 2,Boulder,Austria,Ost,Bereich Rechtsaussen,Block 2,FB:5B,5B,FB
9186135522,Namenlos 1,Boulder,Austria,Ost,Bereich Rechtsaussen,Block 2,FB:5B,5B,FB
9186135423,Die,Boulder,Austria,Ost,Bereich Rechtsaussen,Block 2,FB:6B+,6B+,FB
9186117753,Namenlos 3,Boulder,Austria,Ost,Bereich Rechtsaussen,Block 1,FB:5B,5B,FB
9186117654,Namenlos 2,Boulder,Austria,Ost,Bereich Rechtsaussen,Block 1,FB:6A+,6A+,FB
9186117555,Nur für spanische Bären,Boulder,Austria,Ost,Bereich Rechtsaussen,Block 1,FB:6A+,6A+,FB
9186117456,Namenlos 1,Boulder,Austria,Ost,Bereich Rechtsaussen,Block 1,FB:6A,6A,FB
9186117357,Kratzlust,Boulder,Austria,Ost,Bereich Rechtsaussen,Block 1,FB:6A,6A,FB
9186117258,Gräulich,Boulder,Austria,Ost,Bereich Rechtsaussen,Block 1,FB:6B+,6B+,FB
7583480484,Direkter Ostgrat,Sport,Austria,Ost,Hirschwände,Rechts Aussen,UIAA:6-,6-,UIAA
7055771763,In Acht und Bann,Sport,Austria,Ost,Hirschwände,Rechts Aussen,UIAA:6+,6+,UIAA
7059202689,Paradies,Sport,Austria,Ost,Hirschwände,Zentrum,UIAA:5-,5-,UIAA
7059202602,Bis zum bitteren Ende,Sport,Austria,Ost,Hirschwände,Zentrum,UIAA:6+,6+,UIAA
7583462196,Ut Aliquid Fieri Videatur,Sport,Austria,Ost,Hirschwände,Kulisse,UIAA:7-,7-,UIAA
7583462283,Liebstling,Sport,Austria,Ost,Hirschwände,Kulisse,UIAA:6+,6+,UIAA
7583462370,Holde Täuschung,Sport,Austria,Ost,Hirschwände,Kulisse,UIAA:7,7,UIAA
745615809,Schräges Gelände,Sport,Austria,Ost,Hirschwände,Kulisse,UIAA:8,8,UIAA
1009368201,Chaosgasse 92,Sport,Austria,Ost,Hirschwände,Kulisse,UIAA:9,9,UIAA
1009369863,Arnachoprak,Sport,Austria,Ost,Hirschwände,Kulisse,UIAA:9+/10-,9+,UIAA
833484567,Cierne Dni,Sport,Austria,Ost,Hirschwände,Kulisse,UIAA:9+,9+,UIAA
11674373271,Joyfight,Sport,Austria,Ost,Hirschwände,Kulisse,UIAA:8,8,UIAA
11674383990,Unbekannt - Kamin,Sport,Austria,Ost,Hirschwände,Kulisse,UIAA:5,5,UIAA
9186062598,Der Hüpfer,Boulder,Austria,Ost,Bereich Gamshöhle,Kleine Gamshöhle,FB:7A,7A,FB
9186048240,Namenlos,Boulder,Austria,Ost,Bereich Gamshöhle,Block 4,FB:5B,5B,FB
9186045900,Namenlos,Boulder,Austria,Ost,Bereich Gamshöhle,Block 3,FB:6B+,6B+,FB
9186045801,Bigger is better,Boulder,Austria,Ost,Bereich Gamshöhle,Block 3,FB:6B,6B,FB
9186045702,Kante,Boulder,Austria,Ost,Bereich Gamshöhle,Block 3,FB:6A,6A,FB
9186040236,Scalina,Boulder,Austria,Ost,Bereich Gamshöhle,Block 2,FB:6A,6A,FB
9186040137,Namenlos 2,Boulder,Austria,Ost,Bereich Gamshöhle,Block 2,FB:6A+,6A+,FB
9186040038,Hupfa,Boulder,Austria,Ost,Bereich Gamshöhle,Block 2,FB:6A+,6A+,FB
9186039939,Namenlos 1,Boulder,Austria,Ost,Bereich Gamshöhle,Block 2,FB:5B,5B,FB
9186028701,Almdudla,Boulder,Austria,Ost,Bereich Gamshöhle,Block 1,FB:6B,6B,FB
9186028554,Amputator,Boulder,Austria,Ost,Bereich Gamshöhle,Block 1,FB:7B+,7B+,FB
9186028404,Die Krocha - Bam Oida,Boulder,Austria,Ost,Bereich Gamshöhle,Block 1,FB:7C,7C,FB
9186028293,Blacksideddesaster,Boulder,Austria,Ost,Bereich Gamshöhle,Block 1,FB:7C,7C,FB
9186028194,Sitzen heisst Stehen,Boulder,Austria,Ost,Bereich Gamshöhle,Block 1,FB:7B,7B,FB
9186028095,Achtung Kroga,Boulder,Austria,Ost,Bereich Gamshöhle,Block 1,FB:6A+,6A+,FB
9186028002,Ohne Zehenspitzen,,Austria,Ost,Bereich Gamshöhle,Block 1,FB:6A,6A,FB
6156061713,Bat Bitch,,Austria,Ost,Hirschwände,Gamshöhlenwand,UIAA:7,7,UIAA
6156061614,Exit,,Austria,Ost,Hirschwände,Gamshöhlenwand,UIAA:5,5,UIAA
6156061515,Rap the Rock,,Austria,Ost,Hirschwände,Gamshöhlenwand,UIAA:6+,6+,UIAA
6156061416,Masterpiece,Sport,Austria,Ost,Hirschwände,Gamshöhlenwand,UIAA:7,7,UIAA
6156056136,Dopingtest,Sport,Austria,Ost,Hirschwände,Gamshöhlenwand,UIAA:7-,7-,UIAA
6156047205,Centerfold,Sport,Austria,Ost,Hirschwände,Messer,UIAA:7,7,UIAA
6156047106,Etwas Stumpf,Sport,Austria,Ost,Hirschwände,Messer,UIAA:7+,7+,UIAA
6156047001,Leatherman Tool,Sport,Austria,Ost,Hirschwände,Messer,UIAA:7+,7+,UIAA
6156046902,Namenlos,Sport,Austria,Ost,Hirschwände,Messer,UIAA:7,7,UIAA
6156046803,Namenlos,Sport,Austria,Ost,Hirschwände,Messer,UIAA:8,8,UIAA
6156046704,Herr der Ringe,Sport,Austria,Ost,Hirschwände,Messer,UIAA:6+,6+,UIAA
6156046605,Hour of Power,Sport,Austria,Ost,Hirschwände,Messer,UIAA:7,7,UIAA
6156046500,Friss oder Stirb,Sport,Austria,Ost,Hirschwände,Messer,UIAA:7,7,UIAA
6156002628,Soweto,Sport,Austria,Ost,Hirschwände,Calimero,UIAA:6+,6+,UIAA
6156002529,Drakenstour,Sport,Austria,Ost,Hirschwände,Calimero,UIAA:7,7,UIAA
6156002430,Draken Direkt,Sport,Austria,Ost,Hirschwände,Calimero,UIAA:8-,8-,UIAA
6156002331,Transkei,Sport,Austria,Ost,Hirschwände,Calimero,UIAA:7+,7+,UIAA
6156002232,Bushsnake,Sport,Austria,Ost,Hirschwände,Calimero,UIAA:7+,7+,UIAA
6156002127,Trommelfell,Sport,Austria,Ost,Hirschwände,Calimero,UIAA:6+,6+,UIAA
6156002022,Stotina Godine,Sport,Austria,Ost,Hirschwände,Calimero,UIAA:5+,5+,UIAA
6156001917,Aussteiger,Sport,Austria,Ost,Hirschwände,Calimero,UIAA:8-,8-,UIAA
6156001824,Hirschhänd,Sport,Austria,Ost,Hirschwände,Calimero,UIAA:8+/9-,8+,UIAA
6156001719,Geisterbahn,Sport,Austria,Ost,Hirschwände,Calimero,UIAA:7+/8-,7+,UIAA
6156001614,Das schwarze Reh,Sport,Austria,Ost,Hirschwände,Calimero,UIAA:6+/7-,6+,UIAA
6156001509,Steirische Weinstrasse,Sport,Austria,Ost,Hirschwände,Calimero,UIAA:7+/8-,7+,UIAA
6156001404,Phobiker der Schwerkraft,Sport,Austria,Ost,Hirschwände,Calimero,UIAA:9-,9-,UIAA
6156001299,Baba Rodellar,Sport,Austria,Ost,Hirschwände,Calimero,UIAA:8+/9-,8+,UIAA
6156001221,Projekt,Sport,Austria,Ost,Hirschwände,Calimero,UIAA:7,7,UIAA
6156001116,Hochzeitsnacht,Sport,Austria,Ost,Hirschwände,Calimero,UIAA:8-,8-,UIAA
6156001011,Ein Pfund Rauch,Sport,Austria,Ost,Hirschwände,Calimero,UIAA:8,8,UIAA
6156000906,Hirschen und Pirschen,Sport,Austria,Ost,Hirschwände,Calimero,UIAA:8+,8+,UIAA
6156000801,Calimero,Sport,Austria,Ost,Hirschwände,Calimero,UIAA:8+,8+,UIAA
6156000696,Geistesblitz,Sport,Austria,Ost,Hirschwände,Calimero,UIAA:7+,7+,UIAA
6156000597,Immer auf die Kleinen,Sport,Austria,Ost,Hirschwände,Calimero,UIAA:7-,7-,UIAA
6156000498,Die Welt ist so ungerecht,Sport,Austria,Ost,Hirschwände,Calimero,UIAA:5+,5+,UIAA
6187521162,Reisefrosch,Sport,Austria,Ost,Hintenburg,Heanakraeuln,UIAA:5-,5-,UIAA
6187521075,Direkter Hansisteig,Sport,Austria,Ost,Hintenburg,Heanakraeuln,UIAA:5+,5+,UIAA
6187520988,Blut Aus Nord,Sport,Austria,Ost,Hintenburg,Heanakraeuln,UIAA:7-,7-,UIAA
6187520901,Wilbur,Sport,Austria,Ost,Hintenburg,Heanakraeuln,UIAA:8,8,UIAA
6187520814,Einherjer,Sport,Austria,Ost,Hintenburg,Heanakraeuln,UIAA:8-,8-,UIAA
6187520727,Macheiner,Sport,Austria,Ost,Hintenburg,Heanakraeuln,UIAA:7+,7+,UIAA
6187520640,Silberschlüssel,Sport,Austria,Ost,Hintenburg,Heanakraeuln,UIAA:8,8,UIAA
6187520553,Die Suche Nach dem Silberschlüssel,Sport,Austria,Ost,Hintenburg,Heanakraeuln,UIAA:9-/9,9-,UIAA
6187520466,Berge Ohne Namen,Sport,Austria,Ost,Hintenburg,Heanakraeuln,UIAA:7+,7+,UIAA
6187520379,Zakarion,Sport,Austria,Ost,Hintenburg,Heanakraeuln,UIAA:7-,7-,UIAA
6187517643,Oaschkräuln,Sport,Austria,Ost,Hintenburg,Heanakraeuln,UIAA:6,6,UIAA
9450353886,Heilige Kuh,Sport,Austria,Ost,Hintenburg,Überhang,UIAA:9-,9-,UIAA
9450353727,Yeti,Sport,Austria,Ost,Hintenburg,Überhang,UIAA:9+/10-,9+,UIAA
9450353640,Ausn letztn Loch,Sport,Austria,Ost,Hintenburg,Überhang,UIAA:9+/10-,9+,UIAA
9450353553,Boeing 474,Sport,Austria,Ost,Hintenburg,Überhang,UIAA:10-/10,10-,UIAA
9450353466,Vibrator,Sport,Austria,Ost,Hintenburg,Überhang,UIAA:8-,8-,UIAA
9450353379,Federloser Sturzpilot,Sport,Austria,Ost,Hintenburg,Überhang,UIAA:9-/9,9-,UIAA
9450353292,Ideallinie,Sport,Austria,Ost,Hintenburg,Überhang,UIAA:8-,8-,UIAA
9450353205,Tomasio,Sport,Austria,Ost,Hintenburg,Überhang,UIAA:7+,7+,UIAA
9450353118,Sticky,Sport,Austria,Ost,Hintenburg,Überhang,UIAA:8/8+,8,UIAA
9450353031,Peilschwein,Sport,Austria,Ost,Hintenburg,Überhang,UIAA:7-,7-,UIAA
9450352944,Sintersäule,Sport,Austria,Ost,Hintenburg,Überhang,UIAA:6-,6-,UIAA
9450352857,Mantle zur Wuchtl,Sport,Austria,Ost,Hintenburg,Überhang,UIAA:7+,7+,UIAA
447735909,Komm Schnell,Sport,Austria,Ost,Hintenburg,Platte,UIAA:7-,7-,UIAA
447735810,"Dein Kaffee, Mein Bier",Sport,Austria,Ost,Hintenburg,Platte,UIAA:6+,6+,UIAA
447735711,Summer blues,Sport,Austria,Ost,Hintenburg,Platte,UIAA:6+,6+,UIAA
447735612,Toyota,Sport,Austria,Ost,Hintenburg,Platte,UIAA:6+,6+,UIAA
447735513,Knackig,Sport,Austria,Ost,Hintenburg,Platte,UIAA:8+,8+,UIAA
447735408,Partisan,Sport,Austria,Ost,Hintenburg,Platte,UIAA:7+,7+,UIAA
447735303,Supermodell,Sport,Austria,Ost,Hintenburg,Platte,UIAA:8-,8-,UIAA
447735198,Rebell,Sport,Austria,Ost,Hintenburg,Platte,UIAA:7,7,UIAA
447735093,Casanova Hansis Flucht ins Flachland,Sport,Austria,Ost,Hintenburg,Platte,UIAA:7,7,UIAA
447734988,Klassiker,Sport,Austria,Ost,Hintenburg,Platte,UIAA:6,6,UIAA
761374560,Rupitous crack (kurz),Sport,Austria,Ost,Klettergarten Mannersdorf,Crackwall,UIAA:7+/8-,7+,UIAA
761374455,Rupitous crack,Sport,Austria,Ost,Klettergarten Mannersdorf,Crackwall,UIAA:7+/8-,7+,UIAA
761374344,Fingerkiller (kurz),Sport,Austria,Ost,Klettergarten Mannersdorf,Crackwall,UIAA:8/8+,8,UIAA
761374239,Fingerkiller,Sport,Austria,Ost,Klettergarten Mannersdorf,Crackwall,UIAA:8/8+,8,UIAA
761374134,Marion piazd,Sport,Austria,Ost,Klettergarten Mannersdorf,Crackwall,UIAA:6,6,UIAA
761371509,Aller Anfang...,Sport,Austria,Ost,Klettergarten Mannersdorf,Plattenwand,UIAA:7-,7-,UIAA
761371404,Ostafrika,Sport,Austria,Ost,Klettergarten Mannersdorf,Plattenwand,UIAA:6,6,UIAA
761371299,Westafrika,Sport,Austria,Ost,Klettergarten Mannersdorf,Plattenwand,UIAA:6,6,UIAA
761371194,Mühsam,Sport,Austria,Ost,Klettergarten Mannersdorf,Plattenwand,UIAA:7/7+,7,UIAA
761371089,Hello Kitty,Sport,Austria,Ost,Klettergarten Mannersdorf,Plattenwand,UIAA:6+,6+,UIAA
761369289,Pfötchenspur,Sport,Austria,Ost,Klettergarten Mannersdorf,Kinderwand,UIAA:4-,4-,UIAA
761369184,Nina hat's geschafft,Sport,Austria,Ost,Klettergarten Mannersdorf,Kinderwand,UIAA:4-,4-,UIAA
761369079,Die Mutprobe,Sport,Austria,Ost,Klettergarten Mannersdorf,Kinderwand,UIAA:4-,4-,UIAA
761361219,Cindy,Sport,Austria,Ost,Klettergarten Mannersdorf,Bandlwand,UIAA:6/6+,6,UIAA
761361114,Lofoten,Sport,Austria,Ost,Klettergarten Mannersdorf,Bandlwand,UIAA:5+,5+,UIAA
761361009,Die Zweite,Sport,Austria,Ost,Klettergarten Mannersdorf,Bandlwand,UIAA:5,5,UIAA
761360880,Die Erste,Sport,Austria,Ost,Klettergarten Mannersdorf,Bandlwand,UIAA:5+,5+,UIAA
761377206,Giovanni Piaz,Sport,Austria,Ost,Klettergarten Mannersdorf,Südwand,UIAA:6,6,UIAA
761377101,Die Moralische,Sport,Austria,Ost,Klettergarten Mannersdorf,Südwand,UIAA:7-,7-,UIAA
8746433412,Schwarze Madonna,Sport,Austria,Ost,Kulmriegel,Kulm VI,UIAA:8+,8+,UIAA
8746433295,Irreschwein,Sport,Austria,Ost,Kulmriegel,Kulm VI,UIAA:8+,8+,UIAA
8746433139,Surreal,Sport,Austria,Ost,Kulmriegel,Kulm VI,UIAA:8,8,UIAA
8746433019,Christengrottendiagonale,Sport,Austria,Ost,Kulmriegel,Kulm VI,UIAA:9,9,UIAA
8746418715,Kulmkinder,Sport,Austria,Ost,Kulmriegel,Kulm V,UIAA:4,4,UIAA
8746416645,1349,Sport,Austria,Ost,Kulmriegel,Kulm V,UIAA:5,5,UIAA
8746402683,Mut zum Lückenschlag,Sport,Austria,Ost,Kulmriegel,Kulm V,UIAA:6,6,UIAA
8746402572,Leichte,Sport,Austria,Ost,Kulmriegel,Kulm V,UIAA:4,4,UIAA
8746402455,MGLA,Sport,Austria,Ost,Kulmriegel,Kulm V,UIAA:7,7,UIAA
8746402350,Reitschule,Sport,Austria,Ost,Kulmriegel,Kulm V,UIAA:7-,7-,UIAA
8746402233,Exercises in Futility,Sport,Austria,Ost,Kulmriegel,Kulm V,UIAA:6+,6+,UIAA
8746402122,Internal Winter,Sport,Austria,Ost,Kulmriegel,Kulm V,UIAA:8-,8-,UIAA
8746402005,The Blade,Sport,Austria,Ost,Kulmriegel,Kulm V,UIAA:8-,8-,UIAA
8746401876,Singer of strange songs,Sport,Austria,Ost,Kulmriegel,Kulm V,UIAA:6+,6+,UIAA
8746401771,Milchzahn,Sport,Austria,Ost,Kulmriegel,Kulm V,UIAA:3-,3-,UIAA
8746401666,Zahnstein,Sport,Austria,Ost,Kulmriegel,Kulm V,UIAA:5,5,UIAA
8746374954,Kulmzahn,Sport,Austria,Ost,Kulmriegel,Kulm V,UIAA:6+,6+,UIAA
8742515907,Unsere Gier,Sport,Austria,Ost,Kulmriegel,Kulm IV,UIAA:7-,7-,UIAA
8742515808,Skadi,Sport,Austria,Ost,Kulmriegel,Kulm IV,UIAA:8-,8-,UIAA
8742515709,Volva,Sport,Austria,Ost,Kulmriegel,Kulm IV,UIAA:7+,7+,UIAA
8742515610,Sturmwuth,Sport,Austria,Ost,Kulmriegel,Kulm IV,UIAA:7-,7-,UIAA
8742497673,Große Übung,Sport,Austria,Ost,Kulmriegel,Kulm III,UIAA:3,3,UIAA
8742497574,Kleine Übung,Sport,Austria,Ost,Kulmriegel,Kulm III,UIAA:3,3,UIAA
8742497475,Wolfssturm,Sport,Austria,Ost,Kulmriegel,Kulm III,UIAA:5-,5-,UIAA
8742497376,Tanz in den Wahnsinn,Sport,Austria,Ost,Kulmriegel,Kulm III,UIAA:5+,5+,UIAA
8742497277,Stählerne Tore,Sport,Austria,Ost,Kulmriegel,Kulm III,UIAA:7+,7+,UIAA
8742497178,Entweg,Sport,Austria,Ost,Kulmriegel,Kulm III,UIAA:6+,6+,UIAA
8742497079,Hordes of Nebulah,Sport,Austria,Ost,Kulmriegel,Kulm III,UIAA:7,7,UIAA
8742478431,Sodomist,Sport,Austria,Ost,Kulmriegel,Kulm III,UIAA:7-,7-,UIAA
8742478317,Holy Moses,Sport,Austria,Ost,Kulmriegel,Kulm III,UIAA:7+,7+,UIAA
8742478215,Schrei der Wölfe,Sport,Austria,Ost,Kulmriegel,Kulm III,UIAA:6-,6-,UIAA
8742437970,Heldenschwund,Sport,Austria,Ost,Kulmriegel,Kulm II,UIAA:5+,5+,UIAA
8742437859,Vagabund,Sport,Austria,Ost,Kulmriegel,Kulm II,UIAA:5+,5+,UIAA
8742437754,Buckelfluch,Sport,Austria,Ost,Kulmriegel,Kulm II,UIAA:5-,5-,UIAA
8742437649,Streuner,Sport,Austria,Ost,Kulmriegel,Kulm II,UIAA:6,6,UIAA
8742437544,Hüfthoch,,Austria,Ost,Kulmriegel,Kulm II,UIAA:6+,6+,UIAA
8739702213,Perished in Pain,Sport,Austria,Ost,Kulmriegel,Kulm II,UIAA:7-,7-,UIAA
8739702096,Chasing Dragons,Sport,Austria,Ost,Kulmriegel,Kulm II,UIAA:7,7,UIAA
8739701979,Schurl II,Sport,Austria,Ost,Kulmriegel,Kulm II,UIAA:9+,9+,UIAA
8739701874,Seidelriss,Sport,Austria,Ost,Kulmriegel,Kulm II,UIAA:7+,7+,UIAA
8739701763,Dramadach,Sport,Austria,Ost,Kulmriegel,Kulm II,UIAA:9+/10-,9+,UIAA
8739701640,Flachdach,Sport,Austria,Ost,Kulmriegel,Kulm II,UIAA:8+,8+,UIAA
8739701523,Nekronatalenheten,Sport,Austria,Ost,Kulmriegel,Kulm II,UIAA:7,7,UIAA
8739701406,Beyond the Apocalypse,Sport,Austria,Ost,Kulmriegel,Kulm II,UIAA:7+,7+,UIAA
8739701199,"Uuups, das ist neu",Sport,Austria,Ost,Kulmriegel,Kulm II,UIAA:7+,7+,UIAA
8736256452,Weinheber,Sport,Austria,Ost,Kulmriegel,Kulm I,UIAA:6,6,UIAA
8736256353,Widerporst,Sport,Austria,Ost,Kulmriegel,Kulm I,UIAA:5,5,UIAA
8736256254,Widerlicher Widerstand,Sport,Austria,Ost,Kulmriegel,Kulm I,UIAA:6+,6+,UIAA
8736256155,In the Woods,Sport,Austria,Ost,Kulmriegel,Kulm I,UIAA:7-,7-,UIAA
8736256044,Woods of Belial,Sport,Austria,Ost,Kulmriegel,Kulm I,UIAA:6,6,UIAA
8736255945,Yellow Fear,Sport,Austria,Ost,Kulmriegel,Kulm I,UIAA:7/7+,7,UIAA
8729302767,Keine Schuld,Sport,Austria,Ost,Bucklige Welt,Raststation Hütten,UIAA:4,4,UIAA
8729302590,Autobahn,Sport,Austria,Ost,Bucklige Welt,Raststation Hütten,UIAA:6-,6-,UIAA
8729302488,Babylon,Sport,Austria,Ost,Bucklige Welt,Raststation Hütten,UIAA:5+,5+,UIAA
8729302377,Schloßallee,Sport,Austria,Ost,Bucklige Welt,Raststation Hütten,UIAA:4+,4+,UIAA
8729302275,Anfängertour,Sport,Austria,Ost,Bucklige Welt,Raststation Hütten,UIAA:3,3,UIAA
8728996092,Außenseiter*in,Sport,Austria,Ost,Bucklige Welt,Raststation Hütten,UIAA:6,6,UIAA
8728995993,Cold spring,Sport,Austria,Ost,Bucklige Welt,Raststation Hütten,UIAA:7,7,UIAA
8728995894,Weiße Rose,Sport,Austria,Ost,Bucklige Welt,Raststation Hütten,UIAA:7-,7-,UIAA
8728995801,Hans Milch,Sport,Austria,Ost,Bucklige Welt,Raststation Hütten,UIAA:6-,6-,UIAA
8728995708,Tiefland,Sport,Austria,Ost,Bucklige Welt,Raststation Hütten,UIAA:4+,4+,UIAA
8729359716,Deppenausweisung,Sport,Austria,Ost,Petersbaumgarten,Wachturm,UIAA:4,4,UIAA
8729359617,Die gute Schuppe,Sport,Austria,Ost,Petersbaumgarten,Wachturm,UIAA:5-,5-,UIAA
8729359518,Buckelpatriot,Sport,Austria,Ost,Petersbaumgarten,Wachturm,UIAA:7-,7-,UIAA
8729359419,Ethnomasochist,Sport,Austria,Ost,Petersbaumgarten,Wachturm,UIAA:7,7,UIAA
8729359308,Ute blockt,Sport,Austria,Ost,Petersbaumgarten,Wachturm,UIAA:6+,6+,UIAA
8729359209,Kein Bock auf Bouldern,Sport,Austria,Ost,Petersbaumgarten,Wachturm,UIAA:6,6,UIAA
8729359110,Kohlensack,Sport,Austria,Ost,Petersbaumgarten,Wachturm,UIAA:4-,4-,UIAA
8182082979,Licht am Ende des Tunnels,Sport,Austria,Ost,Petersbaumgarten,Windhöhe West,UIAA:5+,5+,UIAA
8182083981,Genial,Sport,Austria,Ost,Petersbaumgarten,Windhöhe West,UIAA:7-/7,7-,UIAA
8182083882,Greenslime,Sport,Austria,Ost,Petersbaumgarten,Windhöhe West,UIAA:6+/7-,6+,UIAA
8182083777,Haberlkante,Sport,Austria,Ost,Petersbaumgarten,Windhöhe West,UIAA:8-/8,8-,UIAA
8182083684,Grenzgenial,Sport,Austria,Ost,Petersbaumgarten,Windhöhe West,UIAA:7/7+,7,UIAA
8182083591,Unbekannt,Sport,Austria,Ost,Petersbaumgarten,Windhöhe West,UIAA:7+/8-,7+,UIAA
8182083486,Welkes Blatt,Sport,Austria,Ost,Petersbaumgarten,Windhöhe West,UIAA:7+,7+,UIAA
8182083375,Alt im Spalt,Sport,Austria,Ost,Petersbaumgarten,Windhöhe West,UIAA:7+/8-,7+,UIAA
8182083276,All und Äther,Sport,Austria,Ost,Petersbaumgarten,Windhöhe West,UIAA:7+,7+,UIAA
8182083189,Verschneidung,Sport,Austria,Ost,Petersbaumgarten,Windhöhe West,UIAA:6-,6-,UIAA
8182083084,Geradlinig,Sport,Austria,Ost,Petersbaumgarten,Windhöhe West,UIAA:5-,5-,UIAA
8182082880,Wand,Sport,Austria,Ost,Petersbaumgarten,Windhöhe West,UIAA:6,6,UIAA
8182082781,Piazverschneidung,Sport,Austria,Ost,Petersbaumgarten,Windhöhe West,UIAA:6-,6-,UIAA
9061390350,Definierte Kante,Sport,Austria,Ost,Petersbaumgarten,Windhöhe West,UIAA:7,7,UIAA
8182082676,Zahnlückenfee,Sport,Austria,Ost,Petersbaumgarten,Windhöhe West,UIAA:6+,6+,UIAA
8182082589,schmale Wand,Sport,Austria,Ost,Petersbaumgarten,Windhöhe West,UIAA:6,6,UIAA
9061382322,Linker Auslauf,Sport,Austria,Ost,Petersbaumgarten,Windhöhe West,UIAA:6,6,UIAA
8182082223,Windhöhrampe,Sport,Austria,Ost,Petersbaumgarten,Windhöhe West,UIAA:4,4,UIAA
8182082490,No Name,Sport,Austria,Ost,Petersbaumgarten,Windhöhe West,UIAA:6,6,UIAA
8182082397,Gleichschaltung,Sport,Austria,Ost,Petersbaumgarten,Windhöhe West,UIAA:8,8,UIAA
8182082310,NN,Sport,Austria,Ost,Petersbaumgarten,Windhöhe West,UIAA:8,8,UIAA
8182082136,Namenlos 1,Sport,Austria,Ost,Petersbaumgarten,Windhöhe West,UIAA:9-,9-,UIAA
8181760434,Rechte Perle,Sport,Austria,Ost,Petersbaumgarten,Windhöhe West,UIAA:6+,6+,UIAA
8181760329,Windhöhperle,Sport,Austria,Ost,Petersbaumgarten,Windhöhe West,UIAA:7-,7-,UIAA
8181760224,Welcome Perle,Sport,Austria,Ost,Petersbaumgarten,Windhöhe West,UIAA:7-,7-,UIAA
8181760146,Traumhaftes Ende,Sport,Austria,Ost,Petersbaumgarten,Windhöhe West,UIAA:7-,7-,UIAA
8181738654,Lebe die Träume,Sport,Austria,Ost,Petersbaumgarten,Windhöhe West,UIAA:6+/7-,6+,UIAA
8181760047,Ausgeträumt,Sport,Austria,Ost,Petersbaumgarten,Windhöhe West,UIAA:7,7,UIAA
8181739092,Heimat deine Sterne,Sport,Austria,Ost,Petersbaumgarten,Windhöhe West,UIAA:6+,6+,UIAA
8181739005,Panzerschokolade,Sport,Austria,Ost,Petersbaumgarten,Windhöhe West,UIAA:7+,7+,UIAA
8181738912,Noname Nojoy,Sport,Austria,Ost,Petersbaumgarten,Windhöhe West,UIAA:8-/8,8-,UIAA
8181738819,Noname Nojoy,Sport,Austria,Ost,Petersbaumgarten,Windhöhe West,UIAA:7,7,UIAA
8181738732,Marschmusik,Sport,Austria,Ost,Petersbaumgarten,Windhöhe West,UIAA:7-,7-,UIAA
8243905644,A schwere Partie,Sport,Austria,Ost,Petersbaumgarten,Windhöhe West,UIAA:5+,5+,UIAA
8181738567,Plötzlich da,Sport,Austria,Ost,Petersbaumgarten,Windhöhe West,UIAA:5+,5+,UIAA
8243905458,Schlüssig,Sport,Austria,Ost,Petersbaumgarten,Windhöhe West,UIAA:4,4,UIAA
8181738474,Unschlüssig,Sport,Austria,Ost,Petersbaumgarten,Windhöhe West,UIAA:4+,4+,UIAA
8181738387,Fischauer Beitrag,Sport,Austria,Ost,Petersbaumgarten,Windhöhe West,UIAA:5-,5-,UIAA
8243905551,Freie Wegwahl,Sport,Austria,Ost,Petersbaumgarten,Windhöhe West,UIAA:5+,5+,UIAA
8181738300,Gepfählt und aufgespießt,Sport,Austria,Ost,Petersbaumgarten,Windhöhe West,UIAA:6+,6+,UIAA
8181738207,Angst im Rücken,Sport,Austria,Ost,Petersbaumgarten,Windhöhe West,UIAA:7-,7-,UIAA
9059109516,Renja Räubertochter,Sport,Austria,Ost,Petersbaumgarten,Windhöhe West,UIAA:3+,3+,UIAA
8181738108,Homosapiens,Sport,Austria,Ost,Petersbaumgarten,Windhöhe West,UIAA:4,4,UIAA
8181738015,Höhlenforscher,Sport,Austria,Ost,Petersbaumgarten,Windhöhe West,UIAA:4,4,UIAA
8181737922,König der letzten Tage,Sport,Austria,Ost,Petersbaumgarten,Windhöhe West,UIAA:7,7,UIAA
8181737736,Herr Folterknecht,Sport,Austria,Ost,Petersbaumgarten,Windhöhe West,UIAA:6,6,UIAA
8181737637,Für Georg,Sport,Austria,Ost,Petersbaumgarten,Windhöhe West,UIAA:9-,9-,UIAA
8181737532,Ich Tarzan du Jane,Sport,Austria,Ost,Petersbaumgarten,Windhöhe West,UIAA:7+,7+,UIAA
8181737433,Buckeltarzan,Sport,Austria,Ost,Petersbaumgarten,Windhöhe West,UIAA:6+,6+,UIAA
8181737334,Klang der Ketten,Sport,Austria,Ost,Petersbaumgarten,Windhöhe West,UIAA:5,5,UIAA
7934990769,Borknagar,Sport,Austria,Ost,Petersbaumgarten,Finsterburg,UIAA:4+,4+,UIAA
3444667458,Taakeferd,Sport,Austria,Ost,Petersbaumgarten,Finsterburg,UIAA:6-,6-,UIAA
7934986119,Wasser für Wotan,Sport,Austria,Ost,Petersbaumgarten,Finsterburg,UIAA:8+/9-,8+,UIAA
7934981010,End of Time,Sport,Austria,Ost,Petersbaumgarten,Finsterburg,UIAA:8-,8-,UIAA
7934974887,Sinister,Sport,Austria,Ost,Petersbaumgarten,Finsterburg,UIAA:8,8,UIAA
7934971593,Namenlos,Sport,Austria,Ost,Petersbaumgarten,Finsterburg,UIAA:7+,7+,UIAA
7934966514,Hans Siste Vinter,Sport,Austria,Ost,Petersbaumgarten,Finsterburg,UIAA:7+/8-,7+,UIAA
3444986487,Bayhem,Sport,Austria,Ost,Petersbaumgarten,Finsterburg,UIAA:7-,7-,UIAA
3739946943,Wotans Dach,Sport,Austria,Ost,Petersbaumgarten,Finsterburg,UIAA:7+/8-,7+,UIAA
3734403360,Coming of Asatru,Sport,Austria,Ost,Petersbaumgarten,Finsterburg,UIAA:7-,7-,UIAA
3444989373,Destroyer 666,Sport,Austria,Ost,Petersbaumgarten,Finsterburg,UIAA:7/7+,7,UIAA
3444668868,Erik may you rape the angels?,Sport,Austria,Ost,Petersbaumgarten,Finsterburg,UIAA:8-,8-,UIAA
3193403658,BWI,Sport,Austria,Ost,Bucklige Welt,Gsolberg,UIAA:5,5,UIAA
3193403523,Die Endstation,Sport,Austria,Ost,Bucklige Welt,Gsolberg,UIAA:6,6,UIAA
3193403394,Zertanz die Toleranz,Sport,Austria,Ost,Bucklige Welt,Gsolberg,UIAA:6+,6+,UIAA
3193403262,Eisern Thor,Sport,Austria,Ost,Bucklige Welt,Gsolberg,UIAA:6+,6+,UIAA
3193403136,Schwarzmond,Sport,Austria,Ost,Bucklige Welt,Gsolberg,UIAA:7-,7-,UIAA
3193403040,Puchberger Sozialhilfe,Sport,Austria,Ost,Bucklige Welt,Gsolberg,UIAA:6-,6-,UIAA
3193402920,Bergführerriß,Sport,Austria,Ost,Bucklige Welt,Gsolberg,UIAA:5,5,UIAA
3193402785,Revolte gegen die moderne Welt,Sport,Austria,Ost,Bucklige Welt,Gsolberg,UIAA:5,5,UIAA
3193402656,Wilder Tiger,Sport,Austria,Ost,Bucklige Welt,Gsolberg,UIAA:6+,6+,UIAA
3193402539,Den Tiger reiten,Sport,Austria,Ost,Bucklige Welt,Gsolberg,UIAA:5+,5+,UIAA
3193402452,Isiskacke,Sport,Austria,Ost,Bucklige Welt,Gsolberg,UIAA:6-,6-,UIAA
3193402365,Afra Schick,Sport,Austria,Ost,Bucklige Welt,Gsolberg,UIAA:6+,6+,UIAA
8735150679,Kauen und Schmatzen,Sport,Austria,Ost,Scheiblingkirchen,Bärenwand,UIAA:6-,6-,UIAA
8735150580,Letzte Wehr,Sport,Austria,Ost,Scheiblingkirchen,Bärenwand,UIAA:6+,6+,UIAA
8735150481,Der schwarze Mann,Sport,Austria,Ost,Scheiblingkirchen,Bärenwand,UIAA:7-/7,7-,UIAA
8735150382,Der Befehl,Sport,Austria,Ost,Scheiblingkirchen,Bärenwand,UIAA:7-,7-,UIAA
8735150283,Bärengang,Sport,Austria,Ost,Scheiblingkirchen,Bärenwand,UIAA:4+,4+,UIAA
8735150184,Kriegerkante,Sport,Austria,Ost,Scheiblingkirchen,Bärenwand,UIAA:5,5,UIAA
8735150085,Erfreut euch der Säge,Sport,Austria,Ost,Scheiblingkirchen,Bärenwand,UIAA:6+,6+,UIAA
8735149986,Unter den Knien,Sport,Austria,Ost,Scheiblingkirchen,Bärenwand,UIAA:7+/8-,7+,UIAA
8735149881,Ali Hubertus Extension,Sport,Austria,Ost,Scheiblingkirchen,Bärenwand,UIAA:9,9,UIAA
8735149776,Kleiner Poser,Sport,Austria,Ost,Scheiblingkirchen,Bärenwand,UIAA:9-,9-,UIAA
8735472768,Zucht und Ordnung,Sport,Austria,Ost,Scheiblingkirchen,Zeughaus,UIAA:6+,6+,UIAA
8735472669,Hammergott,Sport,Austria,Ost,Scheiblingkirchen,Zeughaus,UIAA:7,7,UIAA
8735472564,Servus TV,Sport,Austria,Ost,Scheiblingkirchen,Zeughaus,UIAA:8+,8+,UIAA
8735472459,Todfunk,Sport,Austria,Ost,Scheiblingkirchen,Zeughaus,UIAA:7,7,UIAA
8735472354,Galgenbaum,Sport,Austria,Ost,Scheiblingkirchen,Zeughaus,UIAA:5+,5+,UIAA
8735456403,Vita Activa,Sport,Austria,Ost,Scheiblingkirchen,Zeughaus,UIAA:7-,7-,UIAA
8735456286,Helena und Dordula,Sport,Austria,Ost,Scheiblingkirchen,Zeughaus,UIAA:7-,7-,UIAA
8735456157,Geboren aus Feuer,Sport,Austria,Ost,Scheiblingkirchen,Zeughaus,UIAA:7/7+,7,UIAA
8735456031,Mein liebes Mädl,Sport,Austria,Ost,Scheiblingkirchen,Zeughaus,UIAA:6-,6-,UIAA
8735455923,Zieh die Klinge,Sport,Austria,Ost,Scheiblingkirchen,Zeughaus,UIAA:6+,6+,UIAA
8735455809,Feld und Hof,Sport,Austria,Ost,Scheiblingkirchen,Zeughaus,UIAA:6,6,UIAA
8735455710,Der Teufel kommt,Sport,Austria,Ost,Scheiblingkirchen,Zeughaus,UIAA:6+,6+,UIAA
8735455605,Der heiße Stuhl,Sport,Austria,Ost,Scheiblingkirchen,Zeughaus,UIAA:6+,6+,UIAA
8735455506,Buckeln macht frei,Sport,Austria,Ost,Scheiblingkirchen,Zeughaus,UIAA:6+,6+,UIAA
8735455407,Die Wächter,Sport,Austria,Ost,Scheiblingkirchen,Zeughaus,UIAA:6+,6+,UIAA
8725204374,Fuxbau-Traverse,Boulder,Austria,Ost,Scheiblingkirchen,Fuxbau,FB_ALT:4,4,FB_ALT
8725182609,Killarabela,Sport,Austria,Ost,Scheiblingkirchen,Fuxbau,UIAA:5+,5+,UIAA
8725182510,Irmingot,Sport,Austria,Ost,Scheiblingkirchen,Fuxbau,UIAA:6,6,UIAA
8725182411,"Keine Blumen, keine Strapse",Sport,Austria,Ost,Scheiblingkirchen,Fuxbau,UIAA:6-,6-,UIAA
8725182312,Amarok,Sport,Austria,Ost,Scheiblingkirchen,Fuxbau,UIAA:5,5,UIAA
8725182207,Fuxbauriss,Trad,Austria,Ost,Scheiblingkirchen,Fuxbau,UIAA:4+,4+,UIAA
8725182108,Buckelsud,Sport,Austria,Ost,Scheiblingkirchen,Fuxbau,UIAA:6+,6+,UIAA
8725182009,Terror in Amerika,Sport,Austria,Ost,Scheiblingkirchen,Fuxbau,UIAA:7+/8-,7+,UIAA
8725181910,"Bleed, Suffer, Die",Sport,Austria,Ost,Scheiblingkirchen,Fuxbau,UIAA:7+/8-,7+,UIAA
8725181811,Finale Ligure,Sport,Austria,Ost,Scheiblingkirchen,Fuxbau,UIAA:6+,6+,UIAA
8725181712,Bux,Sport,Austria,Ost,Scheiblingkirchen,Fuxbau,UIAA:5+,5+,UIAA
8411342619,Auskneifer,Sport,Austria,Ost,Scheiblingkirchen,Wabenwand,UIAA:7/7+,7,UIAA
8411342520,Blutschwur,Sport,Austria,Ost,Scheiblingkirchen,Wabenwand,UIAA:8-,8-,UIAA
8411342421,Mondgedanken,Sport,Austria,Ost,Scheiblingkirchen,Wabenwand,UIAA:7-,7-,UIAA
8411342322,Die letzte Schlacht,Sport,Austria,Ost,Scheiblingkirchen,Wabenwand,UIAA:5+,5+,UIAA
8411342223,Durch die Lüfte rauscht ein Mahnen,Sport,Austria,Ost,Scheiblingkirchen,Wabenwand,UIAA:5+,5+,UIAA
8411342124,Mafia oder Gulag,Sport,Austria,Ost,Scheiblingkirchen,Wabenwand,UIAA:6-,6-,UIAA
8411342025,Wohlfühlzone,Sport,Austria,Ost,Scheiblingkirchen,Wabenwand,UIAA:5,5,UIAA
8411341926,Zickzackriss,Trad,Austria,Ost,Scheiblingkirchen,Wabenwand,UIAA:4+,4+,UIAA
3194969277,Wasilak,Sport,Austria,Ost,Scheiblingkirchen,Zyklamwandl,UIAA:6+,6+,UIAA
3194969184,Feigmann,Sport,Austria,Ost,Scheiblingkirchen,Zyklamwandl,UIAA:6+,6+,UIAA
3194969091,Carnarium,Sport,Austria,Ost,Scheiblingkirchen,Zyklamwandl,UIAA:5-,5-,UIAA
3194968998,Menschen in Ruinen,Sport,Austria,Ost,Scheiblingkirchen,Zyklamwandl,UIAA:5+,5+,UIAA
3194968905,Zorntrommeln,Sport,Austria,Ost,Scheiblingkirchen,Zyklamwandl,UIAA:5+,5+,UIAA
3194968812,Auf der Jagd,Sport,Austria,Ost,Scheiblingkirchen,Zyklamwandl,UIAA:6,6,UIAA
3194968719,Reich in Schwarz,Sport,Austria,Ost,Scheiblingkirchen,Zyklamwandl,UIAA:6+,6+,UIAA
3194968626,Ei der Daus,Sport,Austria,Ost,Scheiblingkirchen,Zyklamwandl,UIAA:6+,6+,UIAA
3194968533,Asotthalom,Sport,Austria,Ost,Scheiblingkirchen,Zyklamwandl,UIAA:8-,8-,UIAA
3194968395,Gebt mir ein Messer,Sport,Austria,Ost,Scheiblingkirchen,Zyklamwandl,UIAA:7+,7+,UIAA
3194968251,Waldgänger,Sport,Austria,Ost,Scheiblingkirchen,Zyklamwandl,UIAA:7+/8-,7+,UIAA
3194968110,Sieg des Lichtes,Sport,Austria,Ost,Scheiblingkirchen,Zyklamwandl,UIAA:7-,7-,UIAA
3194967969,Sagentöter,Sport,Austria,Ost,Scheiblingkirchen,Zyklamwandl,UIAA:7-,7-,UIAA
3194967846,Molto Onore,Sport,Austria,Ost,Scheiblingkirchen,Zyklamwandl,UIAA:6-,6-,UIAA
3194967753,Molti Nemici,Sport,Austria,Ost,Scheiblingkirchen,Zyklamwandl,UIAA:5,5,UIAA
3194967660,Kernstock,Sport,Austria,Ost,Scheiblingkirchen,Zyklamwandl,UIAA:6-,6-,UIAA
3194950689,Wellen der Zeit,Sport,Austria,Ost,Scheiblingkirchen,Zyklamwandl,UIAA:6+,6+,UIAA
8717447814,Zwergenfall(e),Boulder,Austria,Ost,Scheiblingkirchen,Innerklapf,FB_ALT:7,7,FB_ALT
8717236878,Zufall,Sport,Austria,Ost,Scheiblingkirchen,Innerklapf,UIAA:6-,6-,UIAA
8717236773,Verfall,Sport,Austria,Ost,Scheiblingkirchen,Innerklapf,UIAA:7,7,UIAA
8717236662,Anfall,Sport,Austria,Ost,Scheiblingkirchen,Innerklapf,UIAA:5+,5+,UIAA
8717236509,Unfall,Sport,Austria,Ost,Scheiblingkirchen,Innerklapf,UIAA:6-,6-,UIAA
8717236368,Gratwanderung,Sport,Austria,Ost,Scheiblingkirchen,Innerklapf,UIAA:3-,3-,UIAA
8717216568,Vorfall,Sport,Austria,Ost,Scheiblingkirchen,Innerklapf,UIAA:4-,4-,UIAA
8717216463,Notfall,Sport,Austria,Ost,Scheiblingkirchen,Innerklapf,UIAA:3+,3+,UIAA
8717216364,Ernstfall,Sport,Austria,Ost,Scheiblingkirchen,Innerklapf,UIAA:4-,4-,UIAA
8717216259,Übungsriss,Sport,Austria,Ost,Scheiblingkirchen,Innerklapf,UIAA:3+,3+,UIAA
8717216160,Buckel's Waldgang,Sport,Austria,Ost,Scheiblingkirchen,Innerklapf,UIAA:4+,4+,UIAA
8717216061,In Stahlgewittern,Sport,Austria,Ost,Scheiblingkirchen,Innerklapf,UIAA:5+,5+,UIAA
8717215962,Waldmeister,Sport,Austria,Ost,Scheiblingkirchen,Innerklapf,UIAA:5,5,UIAA
8717215863,Herr Ochs,Sport,Austria,Ost,Scheiblingkirchen,Innerklapf,UIAA:5-,5-,UIAA
8717215758,Block-Riss,Sport,Austria,Ost,Scheiblingkirchen,Innerklapf,UIAA:5,5,UIAA
8717215653,Sitz-Riss,Sport,Austria,Ost,Scheiblingkirchen,Innerklapf,UIAA:6,6,UIAA
8725780203,Gute Erinnerung,Sport,Austria,Ost,Scheiblingkirchen,Urliwand,UIAA:4,4,UIAA
8725780104,Wenn alle weichen,Sport,Austria,Ost,Scheiblingkirchen,Urliwand,UIAA:7-,7-,UIAA
8725780005,Fluch des Ostens,Sport,Austria,Ost,Scheiblingkirchen,Urliwand,UIAA:7,7,UIAA
8725779906,Teufelsmühl,Sport,Austria,Ost,Scheiblingkirchen,Urliwand,UIAA:7/7+,7,UIAA
8725779807,Koal Onkel,Sport,Austria,Ost,Scheiblingkirchen,Urliwand,UIAA:6+,6+,UIAA
8725779708,Binder Luis,Sport,Austria,Ost,Scheiblingkirchen,Urliwand,UIAA:6+/7-,6+,UIAA
8725779609,Ahnenkette,Sport,Austria,Ost,Scheiblingkirchen,Urliwand,UIAA:7+,7+,UIAA
8725779510,Für Maria Binder,Sport,Austria,Ost,Scheiblingkirchen,Urliwand,UIAA:5,5,UIAA
7964127213,Mutter Erde,Boulder,Austria,Ost,Ofenberg,Block 20,FB:5C,5C,FB
7964127108,Infinite Regression,Boulder,Austria,Ost,Ofenberg,Block 20,FB:6B,6B,FB
7964126991,Dope Control,Boulder,Austria,Ost,Ofenberg,Block 20,FB:5C,5C,FB
7964126883,Schnapsnase,Boulder,Austria,Ost,Ofenberg,Block 20,FB:4B,4B,FB
7964126784,Riss,,Austria,Ost,Ofenberg,Block 20,FB_ALT:2+,2+,FB_ALT
7964123037,Schwarze Perle,Boulder,Austria,Ost,Ofenberg,Block 19,FB:6A+,6A+,FB
7964122932,Kanwulf,Boulder,Austria,Ost,Ofenberg,Block 19,FB:5B,5B,FB
7964122827,Alraune,Boulder,Austria,Ost,Ofenberg,Block 19,FB:5A,5A,FB
7964118843,Schas,Boulder,Austria,Ost,Ofenberg,Block 18,FB:4B,4B,FB
7964118738,Trollnase,,Austria,Ost,Ofenberg,Block 18,FB:4C,4C,FB
7964118639,Elfenhaar,,Austria,Ost,Ofenberg,Block 18,FB:5B,5B,FB
7964118540,Rauhbein,,Austria,Ost,Ofenberg,Block 18,FB:4A,4A,FB
7964118435,Soria Moria,Boulder,Austria,Ost,Ofenberg,Block 18,FB:4B,4B,FB
7964115258,Golderner Herbst,Boulder,Austria,Ost,Ofenberg,Block 17,FB:5C,5C,FB
7964115153,Onyx,Boulder,Austria,Ost,Ofenberg,Block 17,FB:4A,4A,FB
7964115048,Nordstern,Boulder,Austria,Ost,Ofenberg,Block 17,FB:6A,6A,FB
7964114943,Sternenjagd,Boulder,Austria,Ost,Ofenberg,Block 17,FB:6A+,6A+,FB
7964114838,Jagdheim,Boulder,Austria,Ost,Ofenberg,Block 17,FB:5C,5C,FB
7964106426,Dampfschiff,Boulder,Austria,Ost,Ofenberg,Block 16,FB:7A+,7A+,FB
7964106321,Roter Schlepper,Boulder,Austria,Ost,Ofenberg,Block 16,FB:7A+,7A+,FB
7964106216,Nurmenuk,Boulder,Austria,Ost,Ofenberg,Block 16,FB:5B,5B,FB
7964106111,Frostfluch,Boulder,Austria,Ost,Ofenberg,Block 16,FB:6A,6A,FB
7964106006,Es lebe der Untergrund,Boulder,Austria,Ost,Ofenberg,Block 16,FB:6A+,6A+,FB
7964095317,Död,Boulder,Austria,Ost,Ofenberg,Block 15,FB:6A,6A,FB
7964087826,Katatonia,Boulder,Austria,Ost,Ofenberg,Block 15,FB:6B,6B,FB
7964087721,Bärenhölle,Boulder,Austria,Ost,Ofenberg,Block 15,FB:6C+,6C+,FB
7964087616,Nazgul,Boulder,Austria,Ost,Ofenberg,Block 15,FB:5C,5C,FB
7964087511,Bärenstark,Boulder,Austria,Ost,Ofenberg,Block 15,FB:6B,6B,FB
7964087406,Grimmensteiner,Boulder,Austria,Ost,Ofenberg,Block 15,FB:5C,5C,FB
7964087301,Blaubär,Boulder,Austria,Ost,Ofenberg,Block 15,FB:5B,5B,FB
7964087160,Drama Queen,Boulder,Austria,Ost,Ofenberg,Block 15,FB:6B,6B,FB
7964087049,Höhlendrama,Boulder,Austria,Ost,Ofenberg,Block 15,FB:5C,5C,FB
7964086944,Dark Zone,Boulder,Austria,Ost,Ofenberg,Block 15,FB:5C,5C,FB
7964086839,Cave Swing,Boulder,Austria,Ost,Ofenberg,Block 15,FB:5C,5C,FB
7964061006,Bissi Glatt,Boulder,Austria,Ost,Ofenberg,Block 14,FB:7A,7A,FB
7964060883,Bissi Oasch,Boulder,Austria,Ost,Ofenberg,Block 14,FB:5C,5C,FB
7964060757,Kosmischer Staub,Boulder,Austria,Ost,Ofenberg,Block 14,FB:5B,5B,FB
7964047389,Menhir,Boulder,Austria,Ost,Ofenberg,Block 13,FB:6C+,6C+,FB
7964047284,Allerseelen,Boulder,Austria,Ost,Ofenberg,Block 13,FB:6B,6B,FB
7964047179,Teufelskralle,Boulder,Austria,Ost,Ofenberg,Block 13,FB:7A,7A,FB
7964047074,Jagdkralle,Boulder,Austria,Ost,Ofenberg,Block 13,FB:6A+,6A+,FB
7964046969,Waldmeister,Boulder,Austria,Ost,Ofenberg,Block 13,FB_ALT:3,3,FB_ALT
7964046864,Unfug,Boulder,Austria,Ost,Ofenberg,Block 13,FB:5A,5A,FB
7964046759,XYZ,Boulder,Austria,Ost,Ofenberg,Block 13,FB:4C,4C,FB
7964033901,Scheiss aufs www,Boulder,Austria,Ost,Ofenberg,Block 12,FB:6B+,6B+,FB
7964033796,Löchriges Loch,Boulder,Austria,Ost,Ofenberg,Block 12,FB:4C,4C,FB
7964033697,Holler,Boulder,Austria,Ost,Ofenberg,Block 12,FB:4A,4A,FB
7964033592,Biberbonus,Boulder,Austria,Ost,Ofenberg,Block 12,FB:5C,5C,FB
7964018979,Fenriz,Boulder,Austria,Ost,Ofenberg,Block 11: Keltenkeule,FB:5A,5A,FB
7964018874,Loki,Boulder,Austria,Ost,Ofenberg,Block 11: Keltenkeule,FB:6A,6A,FB
7964018769,Hel,Boulder,Austria,Ost,Ofenberg,Block 11: Keltenkeule,FB:6C,6C,FB
7964018664,Odin,Boulder,Austria,Ost,Ofenberg,Block 11: Keltenkeule,FB:6A,6A,FB
7964018559,Njörd,Boulder,Austria,Ost,Ofenberg,Block 11: Keltenkeule,FB:6A+,6A+,FB
7964018454,Thor,Boulder,Austria,Ost,Ofenberg,Block 11: Keltenkeule,FB:4A,4A,FB
7964018349,Keltenkeule,Boulder,Austria,Ost,Ofenberg,Block 11: Keltenkeule,FB:6C,6C,FB
7964005512,Lugburz,Boulder,Austria,Ost,Ofenberg,Block 10,FB:6A+,6A+,FB
7964005407,Sploosh,Boulder,Austria,Ost,Ofenberg,Block 10,FB:5C,5C,FB
7964005302,Alino UK,Boulder,Austria,Ost,Ofenberg,Block 10,FB:6A+,6A+,FB
7964005197,Kuala UK,Boulder,Austria,Ost,Ofenberg,Block 10,FB:6A,6A,FB
7964005098,Wucki,Boulder,Austria,Ost,Ofenberg,Block 10,FB:4C,4C,FB
7964004993,Reisswolf,Boulder,Austria,Ost,Ofenberg,Block 10,FB:6A,6A,FB
7963997127,Obszöner Pilz,Boulder,Austria,Ost,Ofenberg,Block 9,FB:5C+,5C+,FB
7963997022,Wildwatz,Boulder,Austria,Ost,Ofenberg,Block 9,FB:6A+,6A+,FB
7963996917,Stormlord,Boulder,Austria,Ost,Ofenberg,Block 9,FB:6C+,6C+,FB
7963990584,Orgie,Boulder,Austria,Ost,Ofenberg,Block 8,FB:4A,4A,FB
7963988970,Gruba,Boulder,Austria,Ost,Ofenberg,Block 7,FB:4C,4C,FB
7963988865,Forestglade,Boulder,Austria,Ost,Ofenberg,Block 7,FB:5C,5C,FB
7963986327,Sternenrotz,Boulder,Austria,Ost,Ofenberg,Block 6,FB:6A,6A,FB
7963986228,Galaktischer Schleim,Boulder,Austria,Ost,Ofenberg,Block 6,FB:6A+,6A+,FB
7963983540,Waldgrab,Boulder,Austria,Ost,Ofenberg,Block 5,FB:4C,4C,FB
7963982169,Zwei Gesichter,Boulder,Austria,Ost,Ofenberg,Block 4,FB:5A,5A,FB
7963979805,Bucklige Welt,Boulder,Austria,Ost,Ofenberg,Block 3,FB:4A,4A,FB
7963979706,Wandl,Boulder,Austria,Ost,Ofenberg,Block 3,FB_ALT:3,3,FB_ALT
7963979607,Kante,Boulder,Austria,Ost,Ofenberg,Block 3,FB_ALT:2,2,FB_ALT
7963976412,Hohler Hund,Boulder,Austria,Ost,Ofenberg,Block 2,FB:5B,5B,FB
7963976313,Unnötiges Wesen,Boulder,Austria,Ost,Ofenberg,Block 2,FB:5A,5A,FB
7963973307,Prack,Boulder,Austria,Ost,Ofenberg,Block 1,FB:4B,4B,FB
7963973208,Linea,Boulder,Austria,Ost,Ofenberg,Block 1,FB:4B,4B,FB
7963973103,Anarch,Boulder,Austria,Ost,Ofenberg,Block 1,FB:5C,5C,FB
3102353817,Bauchweh,Sport,Austria,Ost,Scheiblingkirchen,Gretlwandl,UIAA:5+,5+,UIAA
1286148018,Eine rote Schlaufe,Sport,Austria,Ost,Scheiblingkirchen,Gretlwandl,UIAA:7+,7+,UIAA
7593246684,Horst-Schlaufe,Sport,Austria,Ost,Scheiblingkirchen,Gretlwandl,UIAA:7,7,UIAA
1286147235,Herbsthorst,Sport,Austria,Ost,Scheiblingkirchen,Gretlwandl,UIAA:7-,7-,UIAA
1286146467,Rasluka,Sport,Austria,Ost,Scheiblingkirchen,Gretlwandl,UIAA:6+,6+,UIAA
1286145696,Runenzauber,Sport,Austria,Ost,Scheiblingkirchen,Gretlwandl,UIAA:7-,7-,UIAA
1286144925,So wie Freunde sind,Sport,Austria,Ost,Scheiblingkirchen,Gretlwandl,UIAA:7,7,UIAA
1286144154,Gretchencrack,Sport,Austria,Ost,Scheiblingkirchen,Gretlwandl,UIAA:5+,5+,UIAA
5202755598,Gretchen,Sport,Austria,Ost,Scheiblingkirchen,Gretlwandl,UIAA:6+,6+,UIAA
5202748251,Alt & Jung,Sport,Austria,Ost,Scheiblingkirchen,Gretlwandl,UIAA:6+,6+,UIAA
3273821109,Altriß,Sport,Austria,Ost,Scheiblingkirchen,Gretlwandl,UIAA:4,4,UIAA
1286143374,Frisch saftig steirisch,Sport,Austria,Ost,Scheiblingkirchen,Gretlwandl,UIAA:7,7,UIAA
1286142594,Jungle rot,Sport,Austria,Ost,Scheiblingkirchen,Gretlwandl,UIAA:7-,7-,UIAA
1286141763,Triaskalk,Sport,Austria,Ost,Scheiblingkirchen,Gretlwandl,UIAA:7,7,UIAA
1286140491,Opyros,Sport,Austria,Ost,Scheiblingkirchen,Gretlwandl,UIAA:7+,7+,UIAA
1286139717,Orlok,Sport,Austria,Ost,Scheiblingkirchen,Gretlwandl,UIAA:7+,7+,UIAA
6736541583,Wildes Gretl,Sport,Austria,Ost,Scheiblingkirchen,Gretlwandl,UIAA:6,6,UIAA
1286138337,Dämon,,Austria,Ost,Scheiblingkirchen,Gretlwandl,UIAA:6+,6+,UIAA
1286136132,Svart,Sport,Austria,Ost,Scheiblingkirchen,Gretlwandl,UIAA:7,7,UIAA
1286135352,Död,Sport,Austria,Ost,Scheiblingkirchen,Gretlwandl,UIAA:7+,7+,UIAA
1286134353,Bräunungsdesaster,Sport,Austria,Ost,Scheiblingkirchen,Gretlwandl,UIAA:5+,5+,UIAA
1286133144,Restmülldeponie,Sport,Austria,Ost,Scheiblingkirchen,Gretlwandl,UIAA:5+,5+,UIAA
3273829776,Bauernopfer,Sport,Austria,Ost,Scheiblingkirchen,Gretlwandl,UIAA:6,6,UIAA
1286129859,Handler sei Dank,Sport,Austria,Ost,Scheiblingkirchen,Gretlwandl,UIAA:6-,6-,UIAA
1286127537,Altlast,Sport,Austria,Ost,Scheiblingkirchen,Gretlwandl,UIAA:7-,7-,UIAA
1286126589,Wilderer,Sport,Austria,Ost,Scheiblingkirchen,Gretlwandl,UIAA:7-,7-,UIAA
8728761222,Zahmer Hänsel,Sport,Austria,Ost,Scheiblingkirchen,Gretlwandl,UIAA:3-,3-,UIAA
1286125152,Hogau,,Austria,Ost,Scheiblingkirchen,Gretlwandl,UIAA:5-,5-,UIAA
8728756680,Mut zum Lückenschluss,Sport,Austria,Ost,Scheiblingkirchen,Gretlwandl,UIAA:4,4,UIAA
1286123982,Die leichte Beute,Sport,Austria,Ost,Scheiblingkirchen,Gretlwandl,UIAA:5+,5+,UIAA
1286122776,Die schwere Beute,Sport,Austria,Ost,Scheiblingkirchen,Gretlwandl,UIAA:6-,6-,UIAA
1286121363,Napalm in the Morning,Sport,Austria,Ost,Scheiblingkirchen,Gretlwandl,UIAA:7-,7-,UIAA
1286119890,Weirdcong,Sport,Austria,Ost,Scheiblingkirchen,Gretlwandl,UIAA:7,7,UIAA
1286117595,M16,Sport,Austria,Ost,Scheiblingkirchen,Gretlwandl,UIAA:6+,6+,UIAA
1286116512,Rabid,Sport,Austria,Ost,Scheiblingkirchen,Gretlwandl,UIAA:6+,6+,UIAA
1286114583,Rats,Sport,Austria,Ost,Scheiblingkirchen,Gretlwandl,UIAA:7,7,UIAA
5202745122,Altbär,Sport,Austria,Ost,Scheiblingkirchen,Gretlwandl,UIAA:7/7+,7,UIAA
3273803967,Eisbär,Sport,Austria,Ost,Scheiblingkirchen,Gretlwandl,UIAA:5+,5+,UIAA
3273802434,Braunbär,Sport,Austria,Ost,Scheiblingkirchen,Gretlwandl,UIAA:6,6,UIAA
3273800586,Brummbär,Sport,Austria,Ost,Scheiblingkirchen,Gretlwandl,UIAA:5+,5+,UIAA
3403855491,Krautesel,Sport,Austria,Ost,Scheiblingkirchen,Grimmwand,UIAA:6-,6-,UIAA
3403855398,Dreschflegel,Sport,Austria,Ost,Scheiblingkirchen,Grimmwand,UIAA:5-,5-,UIAA
3403855305,Lumpengesindel,Sport,Austria,Ost,Scheiblingkirchen,Grimmwand,UIAA:6-,6-,UIAA
3403855212,Kristallkugel,Sport,Austria,Ost,Scheiblingkirchen,Grimmwand,UIAA:6+,6+,UIAA
3403855119,Prinzessin Mäusehaut,Sport,Austria,Ost,Scheiblingkirchen,Grimmwand,UIAA:6,6,UIAA
3403855026,Der Hase und der Igel,Sport,Austria,Ost,Scheiblingkirchen,Grimmwand,UIAA:6,6,UIAA
3403854933,Eisenhans,Sport,Austria,Ost,Scheiblingkirchen,Grimmwand,UIAA:6,6,UIAA
3403854840,Eisenofen,Sport,Austria,Ost,Scheiblingkirchen,Grimmwand,UIAA:6+,6+,UIAA
3403854747,Boten des Todes,Sport,Austria,Ost,Scheiblingkirchen,Grimmwand,UIAA:7-,7-,UIAA
3403854654,Gevatter Tod,Sport,Austria,Ost,Scheiblingkirchen,Grimmwand,UIAA:6-,6-,UIAA
3403850139,Die 7 Raben,Sport,Austria,Ost,Scheiblingkirchen,Grimmwand,UIAA:4,4,UIAA
3403845396,Die 12 Brüder,Sport,Austria,Ost,Scheiblingkirchen,Grimmwand,UIAA:5+,5+,UIAA
3403845303,Die Alte im Wald,Sport,Austria,Ost,Scheiblingkirchen,Grimmwand,UIAA:4-,4-,UIAA
3403845210,Hans im Glück,Sport,Austria,Ost,Scheiblingkirchen,Grimmwand,UIAA:4,4,UIAA
3403845117,Das kluge Gretl,Sport,Austria,Ost,Scheiblingkirchen,Grimmwand,UIAA:4-,4-,UIAA
3403845024,Der alte Sultan,Sport,Austria,Ost,Scheiblingkirchen,Grimmwand,UIAA:4+,4+,UIAA
3403844931,Die weiße Schlange,Sport,Austria,Ost,Scheiblingkirchen,Grimmwand,UIAA:5+,5+,UIAA
3403844838,Wichtlmänner,Sport,Austria,Ost,Scheiblingkirchen,Grimmwand,UIAA:6-,6-,UIAA
3403844745,Goldesel,Sport,Austria,Ost,Scheiblingkirchen,Grimmwand,UIAA:7,7,UIAA
3403844652,Goldesel direkt,Sport,Austria,Ost,Scheiblingkirchen,Grimmwand,UIAA:7+,7+,UIAA
3403844559,Knüppel aus dem Sack,Sport,Austria,Ost,Scheiblingkirchen,Grimmwand,UIAA:6+,6+,UIAA
3403835316,Der singende Knochen,Sport,Austria,Ost,Scheiblingkirchen,Grimmwand,UIAA:4+,4+,UIAA
3403835223,Piaz-Einstieg,Sport,Austria,Ost,Scheiblingkirchen,Grimmwand,UIAA:5-,5-,UIAA
3403835130,Fluchtweg,Sport,Austria,Ost,Scheiblingkirchen,Grimmwand,UIAA:1+,1+,UIAA
3403835037,Treuer Johannes,Sport,Austria,Ost,Scheiblingkirchen,Grimmwand,UIAA:6+,6+,UIAA
3403834944,Eiserner Heinrich,Sport,Austria,Ost,Scheiblingkirchen,Grimmwand,UIAA:5+,5+,UIAA
5062224705,Haudimax,Sport,Austria,Ost,Scheiblingkirchen,Paraplui Wandl,UIAA:5-,5-,UIAA
5062224606,Gaudi Max,Sport,Austria,Ost,Scheiblingkirchen,Paraplui Wandl,UIAA:5+,5+,UIAA
5062224507,Blutschütter,Sport,Austria,Ost,Scheiblingkirchen,Paraplui Wandl,UIAA:8,8,UIAA
5062224330,Weichling,Sport,Austria,Ost,Scheiblingkirchen,Paraplui Wandl,UIAA:7,7,UIAA
5062224231,Härtetest,Sport,Austria,Ost,Scheiblingkirchen,Paraplui Wandl,UIAA:7,7,UIAA
5062224132,Gebirgsrevolte,Sport,Austria,Ost,Scheiblingkirchen,Paraplui Wandl,UIAA:6,6,UIAA
5062224033,Totenschiff,Sport,Austria,Ost,Scheiblingkirchen,Paraplui Wandl,UIAA:7,7,UIAA
5062223934,Dir. Ausstieg,Trad,Austria,Ost,Scheiblingkirchen,Paraplui Wandl,UIAA:3+,3+,UIAA
5062223841,Rampe,Trad,Austria,Ost,Scheiblingkirchen,Paraplui Wandl,UIAA:3,3,UIAA
5062223742,Amnesty National,Sport,Austria,Ost,Scheiblingkirchen,Paraplui Wandl,UIAA:4+,4+,UIAA
8716806900,Zupfgeigenhansl,Sport,Austria,Ost,Scheiblingkirchen,Buckeljura,UIAA:7-,7-,UIAA
8716805094,Buckel-Opa,Sport,Austria,Ost,Scheiblingkirchen,Buckeljura,UIAA:7/7+,7,UIAA
8716784808,Verschneidung rechter Ausstieg,Sport,Austria,Ost,Scheiblingkirchen,Buckeljura,UIAA:6+,6+,UIAA
8716784709,Verschneidung linker Ausstieg,Sport,Austria,Ost,Scheiblingkirchen,Buckeljura,UIAA:7-,7-,UIAA
8716784604,Bauer Jörg,Sport,Austria,Ost,Scheiblingkirchen,Buckeljura,UIAA:7-,7-,UIAA
8716784493,Briwaldo,Sport,Austria,Ost,Scheiblingkirchen,Buckeljura,UIAA:4-,4-,UIAA
8716784367,Waldobri,Sport,Austria,Ost,Scheiblingkirchen,Buckeljura,UIAA:4+,4+,UIAA
8716784256,Dobriwal,Sport,Austria,Ost,Scheiblingkirchen,Buckeljura,UIAA:4+,4+,UIAA
8716784151,Jurastudium,Sport,Austria,Ost,Scheiblingkirchen,Buckeljura,UIAA:5/5+,5,UIAA
8716784046,Hepi Bepi,Sport,Austria,Ost,Scheiblingkirchen,Buckeljura,UIAA:6+,6+,UIAA
8716783890,NN2,Sport,Austria,Ost,Scheiblingkirchen,Buckeljura,UIAA:6+,6+,UIAA
8716783764,NN 1,Sport,Austria,Ost,Scheiblingkirchen,Buckeljura,UIAA:6+,6+,UIAA
9092512515,Babymaus,Boulder,Austria,Ost,Scheiblingkirchen,Lochwandl,FB:5C,5C,FB
9092512410,Hasibär,Boulder,Austria,Ost,Scheiblingkirchen,Lochwandl,FB:5B,5B,FB
9092498502,Lustwandel,Boulder,Austria,Ost,Scheiblingkirchen,Lochwandl,FB:6B,6B,FB
9092498397,Kum oida press,Boulder,Austria,Ost,Scheiblingkirchen,Lochwandl,FB:6C,6C,FB
9092498292,Coyote ugly,Boulder,Austria,Ost,Scheiblingkirchen,Lochwandl,FB:6A,6A,FB
9092498187,Cosmic shop,Boulder,Austria,Ost,Scheiblingkirchen,Lochwandl,FB:7A+,7A+,FB
9092498082,Woozle Goozle,Boulder,Austria,Ost,Scheiblingkirchen,Lochwandl,FB:7B+,7B+,FB
9092497977,Gejagter Jäger,Boulder,Austria,Ost,Scheiblingkirchen,Lochwandl,FB:7C,7C,FB
9092497872,Crush mode,Boulder,Austria,Ost,Scheiblingkirchen,Lochwandl,FB:7B+,7B+,FB
9092497767,Crush mode links,Boulder,Austria,Ost,Scheiblingkirchen,Lochwandl,FB:7B+,7B+,FB
9092497662,Holy Bastard,Boulder,Austria,Ost,Scheiblingkirchen,Lochwandl,FB:7A+,7A+,FB
9092497557,Doppelschneck,Boulder,Austria,Ost,Scheiblingkirchen,Lochwandl,FB:6A+,6A+,FB
9092456211,Mei Tante is a Kante,Boulder,Austria,Ost,Scheiblingkirchen,Black Metal Block,FB:7A+,7A+,FB
9092456106,Metal Battle,Boulder,Austria,Ost,Scheiblingkirchen,Black Metal Block,FB:8A,8A,FB
9092456001,Zorn,Boulder,Austria,Ost,Scheiblingkirchen,Black Metal Block,FB:6B+,6B+,FB
9092455896,Andere Baustelle nix verstehn,Boulder,Austria,Ost,Scheiblingkirchen,Black Metal Block,FB:7A,7A,FB
9092455791,Blut und Nieten,Boulder,Austria,Ost,Scheiblingkirchen,Black Metal Block,FB:5B,5B,FB
9092455686,Black Metal,Boulder,Austria,Ost,Scheiblingkirchen,Black Metal Block,FB:7A,7A,FB
9092355018,Möbius,Boulder,Austria,Ost,Scheiblingkirchen,Sanduhrhöhle,FB:5A,5A,FB
9092354868,Soft bulls eye,Boulder,Austria,Ost,Scheiblingkirchen,Sanduhrhöhle,FB:5C,5C,FB
9092354715,Sharp bulls eye,Boulder,Austria,Ost,Scheiblingkirchen,Sanduhrhöhle,FB:6A+,6A+,FB
9092354571,41einhalb,Boulder,Austria,Ost,Scheiblingkirchen,Sanduhrhöhle,FB:6B+,6B+,FB
9092354454,Death of the undertaker,Boulder,Austria,Ost,Scheiblingkirchen,Sanduhrhöhle,FB:6C,6C,FB
9092354355,Bronx River Parkway,Boulder,Austria,Ost,Scheiblingkirchen,Sanduhrhöhle,FB:6C+,6C+,FB
9092354256,Sweet meat,Boulder,Austria,Ost,Scheiblingkirchen,Sanduhrhöhle,FB:6B,6B,FB
9092354157,The green machine,Boulder,Austria,Ost,Scheiblingkirchen,Sanduhrhöhle,FB:7A+,7A+,FB
9092354052,Out of the Staub,Boulder,Austria,Ost,Scheiblingkirchen,Sanduhrhöhle,FB:7A,7A,FB
8268091992,Stonewave,Boulder,Austria,Ost,Scheiblingkirchen,Stone Wave,FB:6B,6B,FB
8268107310,Underneath the edge,Boulder,Austria,Ost,Scheiblingkirchen,Stone Wave,FB:7C,7C,FB
8268107211,Kathrins Move,Boulder,Austria,Ost,Scheiblingkirchen,Stone Wave,FB:6B,6B,FB
8268091893,Schubumkehr,Boulder,Austria,Ost,Scheiblingkirchen,Stone Wave,FB:7A,7A,FB
8268091794,Breitsching,Boulder,Austria,Ost,Scheiblingkirchen,Stone Wave,FB:7B,7B,FB
8268091695,Peitsching,Boulder,Austria,Ost,Scheiblingkirchen,Stone Wave,FB:8A,8A,FB
8268091596,Jetzt waß i wies geht,Boulder,Austria,Ost,Scheiblingkirchen,Stone Wave,FB:7B,7B,FB
8268091497,Darwin,Boulder,Austria,Ost,Scheiblingkirchen,Stone Wave,FB:8A,8A,FB
8268091398,Mendel,Boulder,Austria,Ost,Scheiblingkirchen,Stone Wave,FB:7B,7B,FB
8268091293,Schleife,Boulder,Austria,Ost,Scheiblingkirchen,Stone Wave,FB:6B+,6B+,FB
8268091194,Learn to let go,Boulder,Austria,Ost,Scheiblingkirchen,Stone Wave,FB:6B,6B,FB
8268091101,Links von learn to let go,,Austria,Ost,Scheiblingkirchen,Stone Wave,FB:6B+,6B+,FB
8202459081,Karls Traverse,Boulder,Austria,Ost,Scheiblingkirchen,Fat Freddy's Drop,FB:7B,7B,FB
8202458982,Eye of the hurricane,Boulder,Austria,Ost,Scheiblingkirchen,Fat Freddy's Drop,FB:7A+,7A+,FB
8202458883,So many groupies so little time,Boulder,Austria,Ost,Scheiblingkirchen,Fat Freddy's Drop,FB:6C+,6C+,FB
8202458784,In Schutt und Asche,Boulder,Austria,Ost,Scheiblingkirchen,Fat Freddy's Drop,FB:7A,7A,FB
8202458685,I hang with the greats,Boulder,Austria,Ost,Scheiblingkirchen,Fat Freddy's Drop,FB:6C,6C,FB
8202458586,Fette Qualle,Boulder,Austria,Ost,Scheiblingkirchen,Fat Freddy's Drop,FB:6C,6C,FB
8202458487,Hui Luft und Ziag,Boulder,Austria,Ost,Scheiblingkirchen,Fat Freddy's Drop,FB:6C,6C,FB
8202458388,Warm Up,Boulder,Austria,Ost,Scheiblingkirchen,Fat Freddy's Drop,FB:6A,6A,FB
11537432403,Lehrstunde,Sport,Austria,Ost,Waldmarkwandln,Ein neues Kapitel,UIAA:6,6,UIAA
11537427576,Scheiblingwischer links,Sport,Austria,Ost,Waldmarkwandln,Ein neues Kapitel,UIAA:7+/8-,7+,UIAA
11646619866,Blick über den Tellerraned,Sport,Austria,Ost,Waldmarkwandln,Ein neues Kapitel,UIAA:8,8,UIAA
11646603459,Rissquiz,Sport,Austria,Ost,Waldmarkwandln,Ein neues Kapitel,UIAA:3+/4-,3+,UIAA
11646568557,Ein neues Kapitel,Sport,Austria,Ost,Waldmarkwandln,Ein neues Kapitel,UIAA:5+,5+,UIAA
3160533801,Waldmarkkante,Sport,Austria,Ost,Waldmarkwandln,Trutzburg,UIAA:4+,4+,UIAA
3160533714,Runenstein,Sport,Austria,Ost,Waldmarkwandln,Trutzburg,UIAA:6,6,UIAA
3160533627,Sadorass,Sport,Austria,Ost,Waldmarkwandln,Trutzburg,UIAA:7-,7-,UIAA
3160533540,Permafrost,Sport,Austria,Ost,Waldmarkwandln,Trutzburg,UIAA:7-,7-,UIAA
3160533453,Kreidfeuer,Sport,Austria,Ost,Waldmarkwandln,Trutzburg,UIAA:6-,6-,UIAA
3160533366,Akerbeltz,Sport,Austria,Ost,Waldmarkwandln,Trutzburg,UIAA:6,6,UIAA
3160533279,Isaz,Sport,Austria,Ost,Waldmarkwandln,Trutzburg,UIAA:6-/6,6-,UIAA
3160533192,Szron,Sport,Austria,Ost,Waldmarkwandln,Trutzburg,UIAA:6,6,UIAA
3160533105,Skoll,Sport,Austria,Ost,Waldmarkwandln,Trutzburg,UIAA:7-/7,7-,UIAA
3160533012,Teuta,Sport,Austria,Ost,Waldmarkwandln,Trutzburg,UIAA:6+,6+,UIAA
3160532925,Wolfszeit,Sport,Austria,Ost,Waldmarkwandln,Trutzburg,UIAA:6,6,UIAA
3160532838,Windzeit,Sport,Austria,Ost,Waldmarkwandln,Trutzburg,UIAA:6+,6+,UIAA
3160532751,Beilzeit,Sport,Austria,Ost,Waldmarkwandln,Trutzburg,UIAA:7-,7-,UIAA
3160532664,Schwertzeit,Sport,Austria,Ost,Waldmarkwandln,Trutzburg,UIAA:5+,5+,UIAA
3160518597,Eliator,Sport,Austria,Ost,Waldmarkwandln,Rudelturm,UIAA:5+,5+,UIAA
6738046653,Lauserin (definiert),Sport,Austria,Ost,Waldmarkwandln,Rudelturm,UIAA:7,7,UIAA
3160518468,Lauser,Sport,Austria,Ost,Waldmarkwandln,Rudelturm,UIAA:7-,7-,UIAA
3160518330,Rudelecke,Sport,Austria,Ost,Waldmarkwandln,Rudelturm,UIAA:7+/8-,7+,UIAA
3160518198,Das Wilde Rudel,Sport,Austria,Ost,Waldmarkwandln,Rudelturm,UIAA:7,7,UIAA
3160518063,Bremer Stadtmusikanten,Sport,Austria,Ost,Waldmarkwandln,Rudelturm,UIAA:6+,6+,UIAA
6735729594,Fra Ria,Sport,Austria,Ost,Waldmarkwandln,Rudelturm,UIAA:6-,6-,UIAA
3839526777,Fehlstart,Sport,Austria,Ost,Waldmarkwandln,Waldmarkwandl Hauptsektor,UIAA:8-/8,8-,UIAA
2830948230,Walaskjalf,Sport,Austria,Ost,Waldmarkwandln,Waldmarkwandl Hauptsektor,UIAA:8+,8+,UIAA
2830952556,Gnipahellir,Sport,Austria,Ost,Waldmarkwandln,Waldmarkwandl Hauptsektor,UIAA:8+,8+,UIAA
2830955448,Her mitn Gewehr,Sport,Austria,Ost,Waldmarkwandln,Waldmarkwandl Hauptsektor,UIAA:9,9,UIAA
2830956954,Wegener kannst du mich hören,Sport,Austria,Ost,Waldmarkwandln,Waldmarkwandl Hauptsektor,UIAA:8-,8-,UIAA
2830957845,Bilskirnir,Sport,Austria,Ost,Waldmarkwandln,Waldmarkwandl Hauptsektor,UIAA:7+,7+,UIAA
2830959003,Trimonium,Sport,Austria,Ost,Waldmarkwandln,Waldmarkwandl Hauptsektor,UIAA:7,7,UIAA
3839530101,Mächtiger Wächter Variante,Sport,Austria,Ost,Waldmarkwandln,Waldmarkwandl Hauptsektor,UIAA:7+/8-,7+,UIAA
2830959867,Mächtiger Wärter,Sport,Austria,Ost,Waldmarkwandln,Waldmarkwandl Hauptsektor,UIAA:7+/8-,7+,UIAA
2830965051,An die Menschen,Sport,Austria,Ost,Waldmarkwandln,Waldmarkwandl Hauptsektor,UIAA:8-,8-,UIAA
2830966527,Moonblood,Sport,Austria,Ost,Waldmarkwandln,Waldmarkwandl Hauptsektor,UIAA:7-,7-,UIAA
2830968282,Kreuzzug gegen Norden,Sport,Austria,Ost,Waldmarkwandln,Waldmarkwandl Hauptsektor,UIAA:6+/7-,6+,UIAA
2830969869,Trymheim,Sport,Austria,Ost,Waldmarkwandln,Waldmarkwandl Hauptsektor,UIAA:6,6,UIAA
2830974171,Nidhögg,Sport,Austria,Ost,Waldmarkwandln,Waldmarkwandl Hauptsektor,UIAA:6+,6+,UIAA
2830982448,Winterblut,Sport,Austria,Ost,Waldmarkwandln,Waldmarkwandl Hauptsektor,UIAA:5+,5+,UIAA
2830990578,Asa-Tyr,Sport,Austria,Ost,Waldmarkwandln,Waldmarkwandl Hauptsektor,UIAA:7-,7-,UIAA
3839518641,Sandburg,Sport,Austria,Ost,Waldmarkwandln,Waldmarkwandl Hauptsektor,UIAA:6/6+,6,UIAA
2430568755,Merlin Libicky,Sport,Austria,Ost,Scheiblingkirchen,Scheiblingkirchner Wandl,UIAA:6,6,UIAA
2430568644,Pfeift,Sport,Austria,Ost,Scheiblingkirchen,Scheiblingkirchner Wandl,UIAA:8-,8-,UIAA
2430568533,Paraplui,Sport,Austria,Ost,Scheiblingkirchen,Scheiblingkirchner Wandl,UIAA:7,7,UIAA
2430568434,Wabenkante,Sport,Austria,Ost,Scheiblingkirchen,Scheiblingkirchner Wandl,UIAA:5-,5-,UIAA
3160450350,6Me Up,Sport,Austria,Ost,Scheiblingkirchen,Scheiblingkirchner Wandl,UIAA:6-,6-,UIAA
2430568335,Moonfog,Sport,Austria,Ost,Scheiblingkirchen,Scheiblingkirchner Wandl,UIAA:7+,7+,UIAA
2430568230,Dagfin,Sport,Austria,Ost,Scheiblingkirchen,Scheiblingkirchner Wandl,UIAA:8-,8-,UIAA
650108871,Judas Iscariot,Sport,Austria,Ost,Scheiblingkirchen,Scheiblingkirchner Wandl,UIAA:8+,8+,UIAA
2680786269,Alles Porno,Sport,Austria,Ost,Scheiblingkirchen,Scheiblingkirchner Wandl,UIAA:9+,9+,UIAA
2680786110,Thors Wohnsitz,Sport,Austria,Ost,Scheiblingkirchen,Scheiblingkirchner Wandl,UIAA:8+,8+,UIAA
2680785942,Midian Direkt,Sport,Austria,Ost,Scheiblingkirchen,Scheiblingkirchner Wandl,UIAA:9,9,UIAA
2680785780,Midian,Sport,Austria,Ost,Scheiblingkirchen,Scheiblingkirchner Wandl,UIAA:8+/9-,8+,UIAA
457323204,Isili,Sport,Austria,Ost,Scheiblingkirchen,Scheiblingkirchner Wandl,UIAA:8,8,UIAA
457323105,Wadi Rum,Sport,Austria,Ost,Scheiblingkirchen,Scheiblingkirchner Wandl,UIAA:8-,8-,UIAA
457323006,Panzerdivision Marduk,Sport,Austria,Ost,Scheiblingkirchen,Scheiblingkirchner Wandl,UIAA:8+,8+,UIAA
457322907,Merlins Crack,Sport,Austria,Ost,Scheiblingkirchen,Scheiblingkirchner Wandl,UIAA:7+,7+,UIAA
457322808,Quintessence,Sport,Austria,Ost,Scheiblingkirchen,Scheiblingkirchner Wandl,UIAA:8+,8+,UIAA
457322709,Tod durch Pentagramm,Sport,Austria,Ost,Scheiblingkirchen,Scheiblingkirchner Wandl,UIAA:7,7,UIAA
457321653,Im Trend der Zeit,Sport,Austria,Ost,Scheiblingkirchen,Scheiblingkirchner Wandl,UIAA:6+,6+,UIAA
457321554,Mayhem,Sport,Austria,Ost,Scheiblingkirchen,Scheiblingkirchner Wandl,UIAA:6,6,UIAA
457321455,Herbstleyd,Sport,Austria,Ost,Scheiblingkirchen,Scheiblingkirchner Wandl,UIAA:5-,5-,UIAA
9836610111,Falkensteig,Sport,Austria,Ost,Bereich Seebenstein,Türkensturz,UIAA:2,2,UIAA
3497099598,Irrfahrten,Boulder,Austria,Ost,Bereich Seebenstein,Kugelmugel,FB:7A+,7A+,FB
3497099505,Ohne Eier,Sport,Austria,Ost,Bereich Seebenstein,Kugelmugel,UIAA:5+,5+,UIAA
3497099412,Pröslgeier,Sport,Austria,Ost,Bereich Seebenstein,Kugelmugel,UIAA:6-,6-,UIAA
3497099319,Welt in Flammen,Sport,Austria,Ost,Bereich Seebenstein,Kugelmugel,UIAA:6+,6+,UIAA
3497099226,Öl ins Feuer,Sport,Austria,Ost,Bereich Seebenstein,Kugelmugel,UIAA:7,7,UIAA
3497099133,E.-Boulder,Boulder,Austria,Ost,Bereich Seebenstein,Kugelmugel,FB:7C,7C,FB
3497099040,Liberale Bestie,Sport,Austria,Ost,Bereich Seebenstein,Kugelmugel,UIAA:8+,8+,UIAA
3497098947,Sargnagel,Sport,Austria,Ost,Bereich Seebenstein,Kugelmugel,UIAA:7+,7+,UIAA
3497098854,Maria E-Gedenkweg,Sport,Austria,Ost,Bereich Seebenstein,Kugelmugel,UIAA:5-,5-,UIAA
3497098761,M wie Mord,Sport,Austria,Ost,Bereich Seebenstein,Kugelmugel,UIAA:6+,6+,UIAA
8704906185,Königsberger,Sport,Austria,Ost,Bereich Seebenstein,Seebenstein,UIAA:5+,5+,UIAA
8704906086,Liechtensteiner,Sport,Austria,Ost,Bereich Seebenstein,Seebenstein,UIAA:5+,5+,UIAA
8704905981,Wildensteiner,Sport,Austria,Ost,Bereich Seebenstein,Seebenstein,UIAA:4-,4-,UIAA
8704905876,Formbacher,Sport,Austria,Ost,Bereich Seebenstein,Seebenstein,UIAA:4+,4+,UIAA
8704905777,Riemenschneider,Trad,Austria,Ost,Bereich Seebenstein,Seebenstein,UIAA:3+,3+,UIAA
9750255789,17. Ibex,,Austria,Ost,Triestingtal,EistalWandl,UIAA:6,6,UIAA
6534057051,16. XXX,Sport,Austria,Ost,Triestingtal,EistalWandl,UIAA:6,6,UIAA
6534056934,15. Equinox,Sport,Austria,Ost,Triestingtal,EistalWandl,UIAA:7,7,UIAA
6534056787,14. Spur der Ahnen,Sport,Austria,Ost,Triestingtal,EistalWandl,UIAA:6+,6+,UIAA
6422826237,13.Schiss im Riss,,Austria,Ost,Triestingtal,EistalWandl,UIAA:7-,7-,UIAA
5432230254,12. Hopfenschurli,Sport,Austria,Ost,Triestingtal,EistalWandl,UIAA:7+/8-,7+,UIAA
5022115458,10. N-Kante,,Austria,Ost,Triestingtal,EistalWandl,UIAA:6,6,UIAA
5022049035,9. Jaulendes Reh,,Austria,Ost,Triestingtal,EistalWandl,UIAA:6+/7-,6+,UIAA
5022259323,8. Drahtbürstentango,Sport,Austria,Ost,Triestingtal,EistalWandl,UIAA:7-,7-,UIAA
5022048186,7. Rightside,Sport,Austria,Ost,Triestingtal,EistalWandl,UIAA:6-,6-,UIAA
5022006660,6. Easygoing,Sport,Austria,Ost,Triestingtal,EistalWandl,UIAA:4-,4-,UIAA
5022006582,5.Hole in one,Sport,Austria,Ost,Triestingtal,EistalWandl,UIAA:5+,5+,UIAA
4978761417,4. Omikron,Sport,Austria,Ost,Triestingtal,EistalWandl,UIAA:6,6,UIAA
4978761324,3. Ohne Moos nix los,Sport,Austria,Ost,Triestingtal,EistalWandl,UIAA:6/6+,6,UIAA
4978761231,2. Mooses,Sport,Austria,Ost,Triestingtal,EistalWandl,UIAA:5,5,UIAA
4477687389,Chefpartie,Boulder,Austria,Ost,Arnstein (Boulders),Gewusst wie,{FB} 6B+,6B+,FB
8453454891,Unbekannt 2,Boulder,Austria,Ost,Arnstein (Boulders),Gewusst wie,FB:5B,5B,FB
1355026818,NN (e24),Boulder,Austria,Ost,Arnstein (Boulders),Gewusst wie,{FB} 5A,5A,FB
8453454792,Unbekannt 1,Boulder,Austria,Ost,Arnstein (Boulders),Gewusst wie,FB:5C,5C,FB
1355026695,NN (e23),Boulder,Austria,Ost,Arnstein (Boulders),Gewusst wie,{FB} 4B,4B,FB
1355026572,NN (e22),Boulder,Austria,Ost,Arnstein (Boulders),Gewusst wie,{FB} 3C,3C,FB
1355026449,Gewusst wie,Boulder,Austria,Ost,Arnstein (Boulders),Gewusst wie,{FB} 5C,5C,FB
1355019186,Widar,Boulder,Austria,Ost,Arnstein (Boulders),Nagwatz,{FB} 6A,6A,FB
1355019045,NN (e19),Boulder,Austria,Ost,Arnstein (Boulders),Nagwatz,{FB} 4C,4C,FB
1355018799,Nagwatz,Boulder,Austria,Ost,Arnstein (Boulders),Nagwatz,{FB} 5C,5C,FB
1355018922,NN (e17),Boulder,Austria,Ost,Arnstein (Boulders),Nagwatz,{FB} 5B,5B,FB
1355018676,NN (e16),Boulder,Austria,Ost,Arnstein (Boulders),Nagwatz,{FB} 4C,4C,FB
1355018553,Kante,Boulder,Austria,Ost,Arnstein (Boulders),Nagwatz,{FB} 2C+,2C+,FB
1355014827,Fetisch,Boulder,Austria,Ost,Arnstein (Boulders),Pig Blood,{FB} 5A,5A,FB
1355014704,Pig Blood,Boulder,Austria,Ost,Arnstein (Boulders),Pig Blood,{FB} 6B+,6B+,FB
1355010765,Fuck,Boulder,Austria,Ost,Arnstein (Boulders),Fuck,{FB} 5C,5C,FB
1355009568,Minimundus,Boulder,Austria,Ost,Arnstein (Boulders),Minimundus,{FB} 4C,4C,FB
1355005644,NN,Boulder,Austria,Ost,Arnstein (Boulders),Copa Cagrana,{FB} 5C,5C,FB
1355005521,Pronto saulus,Boulder,Austria,Ost,Arnstein (Boulders),Copa Cagrana,{FB} 6B+,6B+,FB
1355005404,Beltane,Boulder,Austria,Ost,Arnstein (Boulders),Copa Cagrana,{FB} 6A,6A,FB
1355005281,Copa Cagrana,Boulder,Austria,Ost,Arnstein (Boulders),Copa Cagrana,{FB} 7A+,7A+,FB
1354998504,Zeitausgleich,Boulder,Austria,Ost,Arnsteinkamm,Kamm,{FB} 6B+,6B+,FB
1354998387,Monster Magnet (boulder),Boulder,Austria,Ost,Arnsteinkamm,Kamm,{FB} 6B+,6B+,FB
1354998276,AAS,Boulder,Austria,Ost,Arnsteinkamm,Kamm,{FB} 5C,5C,FB
1354995903,Variantenreich rechts,Sport,Austria,Ost,Arnsteinkamm,Kamm,UIAA:8,8,UIAA
1354995786,Variantenreich links,Sport,Austria,Ost,Arnsteinkamm,Kamm,UIAA:7+,7+,UIAA
1354992762,Monster Magnet,Sport,Austria,Ost,Arnsteinkamm,Kamm,UIAA:8-,8-,UIAA
1354984557,Horizontalfee,Boulder,Austria,Ost,Arnsteinkamm,Feenland,{FB} 5C,5C,FB
667831368,Die aufrechte Fee,Sport,Austria,Ost,Arnsteinkamm,Feenland,UIAA:5,5,UIAA
1354984440,"Bück dich, Fee!",Sport,Austria,Ost,Arnsteinkamm,Feenland,UIAA:8,8,UIAA
1354984323,"Oh, it's a Feh",Sport,Austria,Ost,Arnsteinkamm,Feenland,UIAA:7,7,UIAA
1354984206,Die steile Fee,Sport,Austria,Ost,Arnsteinkamm,Feenland,UIAA:7+,7+,UIAA
667831269,Feenwald,Sport,Austria,Ost,Arnsteinkamm,Feenland,UIAA:7-,7-,UIAA
1354978206,Heiße Nächte,Sport,Austria,Ost,Arnsteinkamm,Heiße Liebe,UIAA:4+,4+,UIAA
1354978089,Kurze Liebe,Sport,Austria,Ost,Arnsteinkamm,Heiße Liebe,UIAA:7-,7-,UIAA
1354977972,Morgenfrust,Sport,Austria,Ost,Arnsteinkamm,Heiße Liebe,UIAA:4-,4-,UIAA
1354971162,Zwergenmarathon,Sport,Austria,Ost,Arnsteinkamm,Zwergenreich,UIAA:6,6,UIAA
1354971045,Zwergenk(r)ampf,Sport,Austria,Ost,Arnsteinkamm,Zwergenreich,UIAA:6,6,UIAA
1354970928,Der 7. Zwerg von rechts,Sport,Austria,Ost,Arnsteinkamm,Zwergenreich,UIAA:7,7,UIAA
1354970811,Der 7. Zwerg von links,Sport,Austria,Ost,Arnsteinkamm,Zwergenreich,UIAA:7,7,UIAA
1354970694,Zwergenaufstand,Sport,Austria,Ost,Arnsteinkamm,Zwergenreich,UIAA:7+,7+,UIAA
1354970577,Giftzwerg,Sport,Austria,Ost,Arnsteinkamm,Zwergenreich,UIAA:8-,8-,UIAA
1354970460,Außenseiterzwerg,Sport,Austria,Ost,Arnsteinkamm,Zwergenreich,UIAA:5,5,UIAA
1354966077,Alpin-Querung,Boulder,Austria,Ost,Arnsteinkamm,Alpinwandl,{FB} 4C,4C,FB
1354965960,Alpine Aufnahmeprüfung,Sport,Austria,Ost,Arnsteinkamm,Alpinwandl,UIAA:5+,5+,UIAA
1354965843,Alpine Meisterprüfung,Sport,Austria,Ost,Arnsteinkamm,Alpinwandl,UIAA:5-,5-,UIAA
8050253040,"Miststück, ich hab dich lieb",Boulder,Austria,Ost,Arnsteinkamm,Tigerturm,FB:7A,7A,FB
1354948713,Rabbit,Boulder,Austria,Ost,Arnsteinkamm,Tigerturm,{FB} 5C,5C,FB
667839054,Tigersprung,Sport,Austria,Ost,Arnsteinkamm,Tigerturm,UIAA:7,7,UIAA
1354948584,D(yn)amischer Tiger,Sport,Austria,Ost,Arnsteinkamm,Tigerturm,UIAA:8,8,UIAA
667839153,Tigerland,Sport,Austria,Ost,Arnsteinkamm,Tigerturm,UIAA:7,7,UIAA
1354948470,SW-Kamin,Sport,Austria,Ost,Arnsteinkamm,Tigerturm,UIAA:3+,3+,UIAA
1354948353,Tigerbiss,Sport,Austria,Ost,Arnsteinkamm,Tigerturm,UIAA:6,6,UIAA
1354925379,Südwestriss,Sport,Austria,Ost,Arnsteinkamm,Tigerturm,UIAA:3,3,UIAA
1354925211,Südwestkante,Sport,Austria,Ost,Arnsteinkamm,Tigerturm,UIAA:4,4,UIAA
667838955,Fragiler Tiger,Sport,Austria,Ost,Arnsteinkamm,Tigerturm,UIAA:5,5,UIAA
1354925034,Tiger auf Streifgang,Sport,Austria,Ost,Arnsteinkamm,Tigerturm,UIAA:4+,4+,UIAA
1354924857,Tigerkante,Sport,Austria,Ost,Arnsteinkamm,Tigerturm,UIAA:4+,4+,UIAA
1354924680,Tigernase,Sport,Austria,Ost,Arnsteinkamm,Tigerturm,UIAA:5+,5+,UIAA
1354924503,Westriss,Sport,Austria,Ost,Arnsteinkamm,Tigerturm,UIAA:6,6,UIAA
1354924335,Tigerkamin,Sport,Austria,Ost,Arnsteinkamm,Tigerturm,UIAA:3+,3+,UIAA
667838856,Tigerspalt,Sport,Austria,Ost,Arnsteinkamm,Tigerturm,UIAA:5+,5+,UIAA
1354924158,Der hangelnde Tiger,Sport,Austria,Ost,Arnsteinkamm,Tigerturm,UIAA:7+,7+,UIAA
1354923978,Tiger-Katzi-Tatzi,Sport,Austria,Ost,Arnsteinkamm,Tigerturm,UIAA:8,8,UIAA
1354923792,Tiger schnapp zu!,Sport,Austria,Ost,Arnsteinkamm,Tigerturm,UIAA:9,9,UIAA
667838757,Tiger sind gelenkig,Sport,Austria,Ost,Arnsteinkamm,Tigerturm,UIAA:6,6,UIAA
1354756500,Hyäne,Boulder,Austria,Ost,Arnstein,Arnsteinhöhle,{FB} 7A+,7A+,FB
1354756338,Blue in the face,Boulder,Austria,Ost,Arnstein,Arnsteinhöhle,{FB} 7A,7A,FB
1354756179,Everdry extended,Boulder,Austria,Ost,Arnstein,Arnsteinhöhle,{FB} 6A,6A,FB
1354756011,Everdry,Boulder,Austria,Ost,Arnstein,Arnsteinhöhle,{FB} 6A,6A,FB
1354755840,Füße runter,Boulder,Austria,Ost,Arnstein,Arnsteinhöhle,{FB} 5A,5A,FB
7328093106,Omo,Boulder,Austria,Ost,Arnstein,Arnsteinhöhle,{FB} 5A,5A,FB
1354755666,Fragil stabil,Sport,Austria,Ost,Arnstein,Arnsteinhöhle,UIAA:9-,9-,UIAA
1354755498,Full Pull,Sport,Austria,Ost,Arnstein,Arnsteinhöhle,UIAA:9,9,UIAA
1354755330,NRG Embargo,Sport,Austria,Ost,Arnstein,Arnsteinhöhle,UIAA:9,9,UIAA
1354754811,Warmduscher-Querung,Sport,Austria,Ost,Arnstein,Arnsteinhöhle,UIAA:5,5,UIAA
1354754640,Doing the senseless,Sport,Austria,Ost,Arnstein,Arnsteinhöhle,UIAA:8+,8+,UIAA
1354754466,Diagonalkante,Sport,Austria,Ost,Arnstein,Arnsteinhöhle,UIAA:8,8,UIAA
1354754175,Rot vor Wut,Sport,Austria,Ost,Arnstein,Arnsteinhöhle,UIAA:7+,7+,UIAA
1354754004,Auf die hohe Kante legen,Sport,Austria,Ost,Arnstein,Arnsteinhöhle,UIAA:8,8,UIAA
1354753833,Von der hohen Kante fliegen,Sport,Austria,Ost,Arnstein,Arnsteinhöhle,UIAA:9-,9-,UIAA
1354753656,Kraftlos und nicht schwerelos,Sport,Austria,Ost,Arnstein,Arnsteinhöhle,UIAA:9-,9-,UIAA
1354753488,Outlaw,Sport,Austria,Ost,Arnstein,Arnsteinhöhle,UIAA:8,8,UIAA
1354753320,Horizontaler Kraftakt,Sport,Austria,Ost,Arnstein,Arnsteinhöhle,UIAA:8-,8-,UIAA
1354753149,Das 3. Auge der Kundalini,Sport,Austria,Ost,Arnstein,Arnsteinhöhle,UIAA:9,9,UIAA
1354752981,Desiree,Sport,Austria,Ost,Arnstein,Arnsteinhöhle,UIAA:9,9,UIAA
1354752813,Santa Claus,Sport,Austria,Ost,Arnstein,Arnsteinhöhle,UIAA:3+,3+,UIAA
1354578318,Torbogen,Sport,Austria,Ost,Arnstein,Arnsteinhöhle,UIAA:7-,7-,UIAA
1354755156,Kompletter Torbogen,Sport,Austria,Ost,Arnstein,Arnsteinhöhle,UIAA:7+,7+,UIAA
1354754982,Innerer Mutz,Sport,Austria,Ost,Arnstein,Arnsteinhöhle,UIAA:6+,6+,UIAA
1354549509,Zgonc,Boulder,Austria,Ost,Arnsteinwand,Rechter Wandteil,{FB} 6A,6A,FB
1354549392,Südwestriss,Sport,Austria,Ost,Arnsteinwand,Rechter Wandteil,UIAA:4,4,UIAA
1354549275,Meteoritenschauer,Sport,Austria,Ost,Arnsteinwand,Rechter Wandteil,UIAA:5,5,UIAA
667843551,Sternschnuppe,Sport,Austria,Ost,Arnsteinwand,Rechter Wandteil,UIAA:7-,7-,UIAA
1354549158,Kometenschweif,Sport,Austria,Ost,Arnsteinwand,Rechter Wandteil,UIAA:8-,8-,UIAA
1354549041,Das schwarze Loch,Sport,Austria,Ost,Arnsteinwand,Rechter Wandteil,UIAA:9-,9-,UIAA
1354548924,Supernova,Sport,Austria,Ost,Arnsteinwand,Rechter Wandteil,UIAA:7+,7+,UIAA
3294852408,Planetenstaub,Sport,Austria,Ost,Arnsteinwand,Rechter Wandteil,UIAA:7,7,UIAA
1354548807,"Sonne, Mond und Sterne",Sport,Austria,Ost,Arnsteinwand,Rechter Wandteil,UIAA:6+,6+,UIAA
1354548690,Batzenfett,Sport,Austria,Ost,Arnsteinwand,Rechter Wandteil,UIAA:6+,6+,UIAA
1354548573,Stocknüchtern,Sport,Austria,Ost,Arnsteinwand,Rechter Wandteil,UIAA:7,7,UIAA
1354548456,Im Vollrausch,Sport,Austria,Ost,Arnsteinwand,Rechter Wandteil,UIAA:6+,6+,UIAA
1354548339,Schattenreich,Sport,Austria,Ost,Arnsteinwand,Rechter Wandteil,UIAA:7,7,UIAA
667843452,Nichtigkeiten,Sport,Austria,Ost,Arnsteinwand,Rechter Wandteil,UIAA:7,7,UIAA
1354548222,Kleinigkeiten,Sport,Austria,Ost,Arnsteinwand,Rechter Wandteil,UIAA:8-,8-,UIAA
1354548105,Minimundus,Sport,Austria,Ost,Arnsteinwand,Rechter Wandteil,UIAA:8,8,UIAA
1354547988,Sonnenkönig,Sport,Austria,Ost,Arnsteinwand,Rechter Wandteil,UIAA:8-,8-,UIAA
1354547871,Der Lebensfaden,Sport,Austria,Ost,Arnsteinwand,Rechter Wandteil,UIAA:8+,8+,UIAA
1354547754,Hofnarr,Sport,Austria,Ost,Arnsteinwand,Rechter Wandteil,UIAA:5,5,UIAA
1354531830,Unmittelbare Westwand,Sport,Austria,Ost,Arnsteinwand,Mittlerer Wandteil,UIAA:8-,8-,UIAA
1354531713,Serpentinen,Sport,Austria,Ost,Arnsteinwand,Mittlerer Wandteil,UIAA:7+,7+,UIAA
1354531596,Der weite Horizont,Sport,Austria,Ost,Arnsteinwand,Mittlerer Wandteil,UIAA:7+,7+,UIAA
1354531479,Hals- und Steinbruch,Sport,Austria,Ost,Arnsteinwand,Mittlerer Wandteil,UIAA:8-,8-,UIAA
1354531362,Zustiegsvariante,Sport,Austria,Ost,Arnsteinwand,Mittlerer Wandteil,UIAA:4+,4+,UIAA
1354531245,Cafe Bequem,Sport,Austria,Ost,Arnsteinwand,Mittlerer Wandteil,UIAA:6+,6+,UIAA
1354531128,Melange,Sport,Austria,Ost,Arnsteinwand,Mittlerer Wandteil,UIAA:7-,7-,UIAA
1354531011,Schneller als die Schwekraft,Sport,Austria,Ost,Arnsteinwand,Mittlerer Wandteil,UIAA:10,10,UIAA
1354530894,Virtuelle Realität,Sport,Austria,Ost,Arnsteinwand,Mittlerer Wandteil,UIAA:11-,11-,UIAA
1354530777,Under pressure,Sport,Austria,Ost,Arnsteinwand,Mittlerer Wandteil,UIAA:10,10,UIAA
1354530660,Marriage Exorbitant,Sport,Austria,Ost,Arnsteinwand,Mittlerer Wandteil,UIAA:10-,10-,UIAA
1354516971,Oho,,Austria,Ost,Arnsteinwand,Linker Wandteil,{FB} 4C,4C,FB
1354516854,Graf Arnstein,Boulder,Austria,Ost,Arnsteinwand,Linker Wandteil,{FB} 6A,6A,FB
1354516737,Pausenfüller,Sport,Austria,Ost,Arnsteinwand,Linker Wandteil,UIAA:6-,6-,UIAA
1354516620,Mojito,Sport,Austria,Ost,Arnsteinwand,Linker Wandteil,UIAA:8,8,UIAA
1354516503,Begradigter Mutzsteig,Sport,Austria,Ost,Arnsteinwand,Linker Wandteil,UIAA:5,5,UIAA
1354516392,Mutzsteig,Sport,Austria,Ost,Arnsteinwand,Linker Wandteil,UIAA:5,5,UIAA
1354516281,Monsterprojekt,Sport,Austria,Ost,Arnsteinwand,Linker Wandteil,UIAA:10-,10-,UIAA
1354516164,Rock Ballett,Sport,Austria,Ost,Arnsteinwand,Linker Wandteil,UIAA:9+,9+,UIAA
1354516047,Direkter Zigeuner,Sport,Austria,Ost,Arnsteinwand,Linker Wandteil,UIAA:6-,6-,UIAA
1354515930,Triceratop,Sport,Austria,Ost,Arnsteinwand,Linker Wandteil,UIAA:6+,6+,UIAA
1354515813,Oh Mutz,Sport,Austria,Ost,Arnsteinwand,Linker Wandteil,UIAA:6,6,UIAA
1354515696,Vorsicht Max,Sport,Austria,Ost,Arnsteinwand,Linker Wandteil,UIAA:7-,7-,UIAA
1354515579,Bruder Baum,Sport,Austria,Ost,Arnsteinwand,Linker Wandteil,UIAA:5,5,UIAA
1354515462,Linke Löcher,Sport,Austria,Ost,Arnsteinwand,Linker Wandteil,UIAA:5+,5+,UIAA
667843650,Burgherr,Sport,Austria,Ost,Arnsteinwand,Linker Wandteil,UIAA:6-,6-,UIAA
1354506879,Zigeunerquergang,Sport,Austria,Ost,Arnsteinwand,Linker Wandteil,UIAA:4,4,UIAA
1354506762,Burgfräulein,Sport,Austria,Ost,Arnsteinwand,Linker Wandteil,UIAA:4,4,UIAA
1354506645,Mayerfährte,Sport,Austria,Ost,Arnsteinwand,Linker Wandteil,UIAA:3-,3-,UIAA
1354506528,Kindervia,Sport,Austria,Ost,Arnsteinwand,Linker Wandteil,UIAA:2,2,UIAA
1354506417,Weg der Arnsteinwächter,Sport,Austria,Ost,Arnsteinwand,Linker Wandteil,UIAA:1,1,UIAA
1354482123,Route 55,Boulder,Austria,Ost,Arnstein,Arnsteinturm,{FB} 6A,6A,FB
1354482012,Mauerläufer,Sport,Austria,Ost,Arnstein,Arnsteinturm,UIAA:5+,5+,UIAA
1354481901,Das 1. Mal tut immer weh,Sport,Austria,Ost,Arnstein,Arnsteinturm,UIAA:7,7,UIAA
1354481790,Zwei Herzen aus Stein,Sport,Austria,Ost,Arnstein,Arnsteinturm,UIAA:6+,6+,UIAA
1354481679,Träume sind Schäume,Sport,Austria,Ost,Arnstein,Arnsteinturm,UIAA:7-,7-,UIAA
1354481568,Massa Buana,Sport,Austria,Ost,Arnstein,Arnsteinturm,UIAA:7,7,UIAA
1354481457,Seifenblase,Sport,Austria,Ost,Arnstein,Arnsteinturm,UIAA:7,7,UIAA
1354481346,Der Fluch der Karibik,Sport,Austria,Ost,Arnstein,Arnsteinturm,UIAA:8-,8-,UIAA
1354481229,Der Flug des roten Drachen,Sport,Austria,Ost,Arnstein,Arnsteinturm,UIAA:8,8,UIAA
1354481124,NW-Kante,Sport,Austria,Ost,Arnstein,Arnsteinturm,UIAA:6+,6+,UIAA
1354406757,Gigant,,Austria,Ost,Arnsteinblöcke,Block Schiffsbug,{FB} 4A,4A,FB
1354406646,Scherbendiagorauf,,Austria,Ost,Arnsteinblöcke,Block Schiffsbug,{FB} 4A,4A,FB
1354406529,Easy rider,Boulder,Austria,Ost,Arnsteinblöcke,Block Schiffsbug,{FB} 3B,3B,FB
1354406418,NN,,Austria,Ost,Arnsteinblöcke,Block Schiffsbug,{FB} 7A+,7A+,FB
1354406301,Giffli,Boulder,Austria,Ost,Arnsteinblöcke,Block Schiffsbug,{FB} 6B+,6B+,FB
1354391433,Quertacker,Sport,Austria,Ost,Arnsteinblöcke,Block Schiffsbug,UIAA:6-,6-,UIAA
1354391316,Undertacker,Sport,Austria,Ost,Arnsteinblöcke,Block Schiffsbug,UIAA:8-,8-,UIAA
1354391199,Schrecken pur,Sport,Austria,Ost,Arnsteinblöcke,Block Schiffsbug,UIAA:8,8,UIAA
1354391082,Vergnügen pur,Sport,Austria,Ost,Arnsteinblöcke,Block Schiffsbug,UIAA:8+,8+,UIAA
1354390965,Hm,Sport,Austria,Ost,Arnsteinblöcke,Block Schiffsbug,UIAA:7+,7+,UIAA
1354390848,Tja,Sport,Austria,Ost,Arnsteinblöcke,Block Schiffsbug,UIAA:7+,7+,UIAA
1354390731,Selbstbetrug,Sport,Austria,Ost,Arnsteinblöcke,Block Schiffsbug,UIAA:7+,7+,UIAA
1354390524,Hot sex movie,Sport,Austria,Ost,Arnsteinblöcke,Block Schiffsbug,UIAA:7+,7+,UIAA
1354390407,Heiße Liebe,Sport,Austria,Ost,Arnsteinblöcke,Block Schiffsbug,UIAA:7,7,UIAA
1354390290,Felskamasutra,Sport,Austria,Ost,Arnsteinblöcke,Block Schiffsbug,UIAA:7-,7-,UIAA
1354390173,Gespaltene Beziehung,Sport,Austria,Ost,Arnsteinblöcke,Block Schiffsbug,UIAA:6,6,UIAA
1354390056,Beziehungskrise,Sport,Austria,Ost,Arnsteinblöcke,Block Schiffsbug,UIAA:6,6,UIAA
1354389939,Backbord,Sport,Austria,Ost,Arnsteinblöcke,Block Schiffsbug,UIAA:6+,6+,UIAA
1354389822,Reling,Sport,Austria,Ost,Arnsteinblöcke,Block Schiffsbug,UIAA:7,7,UIAA
1354389705,Schiffsbug,Sport,Austria,Ost,Arnsteinblöcke,Block Schiffsbug,UIAA:7-,7-,UIAA
1354389588,Nebelhorn,Sport,Austria,Ost,Arnsteinblöcke,Block Schiffsbug,UIAA:3,3,UIAA
1354389471,Steuerbord,Sport,Austria,Ost,Arnsteinblöcke,Block Schiffsbug,UIAA:3+,3+,UIAA
1354389354,Gekentert,Sport,Austria,Ost,Arnsteinblöcke,Block Schiffsbug,UIAA:7,7,UIAA
1354389237,Geentert,Sport,Austria,Ost,Arnsteinblöcke,Block Schiffsbug,UIAA:2,2,UIAA
1354380960,Polarsturm,Sport,Austria,Ost,Arnsteinblöcke,Block Schock,UIAA:6+,6+,UIAA
1354380843,Eiswind,Sport,Austria,Ost,Arnsteinblöcke,Block Schock,UIAA:6+,6+,UIAA
1354380726,Schock,Sport,Austria,Ost,Arnsteinblöcke,Block Schock,UIAA:3+,3+,UIAA
1354380609,Kreislaufstillstand,Sport,Austria,Ost,Arnsteinblöcke,Block Schock,UIAA:4+,4+,UIAA
1354380492,Direkter Schock,Sport,Austria,Ost,Arnsteinblöcke,Block Schock,UIAA:4-,4-,UIAA
1354380375,Südföhn,Sport,Austria,Ost,Arnsteinblöcke,Block Schock,UIAA:7-,7-,UIAA
7328006832,Beavis,Boulder,Austria,Ost,Arnsteinblöcke,Block 2,{FB} 6C+,6C+,FB
7328006721,Butthead,Boulder,Austria,Ost,Arnsteinblöcke,Block 2,{FB} 6A+,6A+,FB
7328006610,Kreuzweg,Boulder,Austria,Ost,Arnsteinblöcke,Block 2,{FB} 6C+,6C+,FB
7327996959,Stand Up!,Boulder,Austria,Ost,Arnsteinblöcke,Block 1,{FB} 5C,5C,FB
7327990992,Floor it,Boulder,Austria,Ost,Arnsteinblöcke,Block 1,{FB} 6A+,6A+,FB
9760869615,Bleau,Boulder,Austria,Ost,Holzschlag,Block K,FB_ALT:7,7,FB_ALT
9760869510,Celtic,Boulder,Austria,Ost,Holzschlag,Block K,FB_ALT:8,8,FB_ALT
9760869399,K6,Boulder,Austria,Ost,Holzschlag,Block K,FB_ALT:6+,6+,FB_ALT
9760869192,K4,Boulder,Austria,Ost,Holzschlag,Block K,FB_ALT:7+,7+,FB_ALT
9760869060,K3,Boulder,Austria,Ost,Holzschlag,Block K,FB_ALT:7,7,FB_ALT
9760868943,K2,Boulder,Austria,Ost,Holzschlag,Block K,FB_ALT:8,8,FB_ALT
9760868832,K1,Boulder,Austria,Ost,Holzschlag,Block K,FB_ALT:4+,4+,FB_ALT
9760828242,NN3,Boulder,Austria,Ost,Holzschlag,Block J,FB_ALT:6,6,FB_ALT
9760828143,NN2,Boulder,Austria,Ost,Holzschlag,Block J,FB_ALT:8,8,FB_ALT
9760828044,NN1,Boulder,Austria,Ost,Holzschlag,Block J,FB_ALT:6,6,FB_ALT
9760214748,Ho Ho,Boulder,Austria,Ost,Holzschlag,Block I,FB_ALT:7,7,FB_ALT
9760214649,NN5,Boulder,Austria,Ost,Holzschlag,Block I,FB_ALT:6,6,FB_ALT
9760214550,NN4,Boulder,Austria,Ost,Holzschlag,Block I,FB_ALT:6+,6+,FB_ALT
9760214451,NN3,Boulder,Austria,Ost,Holzschlag,Block I,FB_ALT:5,5,FB_ALT
9760214352,Anderswelt,Boulder,Austria,Ost,Holzschlag,Block I,FB_ALT:7+,7+,FB_ALT
9760214253,NN2,Boulder,Austria,Ost,Holzschlag,Block I,FB_ALT:5+,5+,FB_ALT
9760214154,NN1,Boulder,Austria,Ost,Holzschlag,Block I,FB_ALT:6,6,FB_ALT
9760193340,Der schmale Grat,Sport,Austria,Ost,Holzschlag,Block H,UIAA:3+,3+,UIAA
9760193229,Ein weiterer Schritt,Sport,Austria,Ost,Holzschlag,Block H,UIAA:6,6,UIAA
9759954456,NN4,Sport,Austria,Ost,Holzschlag,Block G,UIAA:4+,4+,UIAA
9759954336,Brazil,Sport,Austria,Ost,Holzschlag,Block G,UIAA:7,7,UIAA
9759954213,NN3,Sport,Austria,Ost,Holzschlag,Block G,UIAA:5+,5+,UIAA
9759954081,NN3,Sport,Austria,Ost,Holzschlag,Block G,UIAA:6,6,UIAA
9759953970,NN2,Sport,Austria,Ost,Holzschlag,Block G,UIAA:9-,9-,UIAA
9759953865,Pepeto,Sport,Austria,Ost,Holzschlag,Block G,UIAA:7+,7+,UIAA
9759953760,Romario,Sport,Austria,Ost,Holzschlag,Block G,UIAA:7,7,UIAA
9759953655,Jo mei,Sport,Austria,Ost,Holzschlag,Block G,UIAA:7-,7-,UIAA
9759953550,NN1,Sport,Austria,Ost,Holzschlag,Block G,UIAA:3+,3+,UIAA
1361478999,Moonlight,Boulder,Austria,Ost,Holzschlag,Block F,{FB} 6B+,6B+,FB
1361478888,F17,Sport,Austria,Ost,Holzschlag,Block F,UIAA:5+,5+,UIAA
1361478777,F16,Sport,Austria,Ost,Holzschlag,Block F,UIAA:6+,6+,UIAA
1361478666,Tau Frisch,Sport,Austria,Ost,Holzschlag,Block F,UIAA:5,5,UIAA
1361478555,Peter Pan,Sport,Austria,Ost,Holzschlag,Block F,UIAA:6+,6+,UIAA
1361478444,Pan Tau,Sport,Austria,Ost,Holzschlag,Block F,UIAA:7+,7+,UIAA
1361478333,Enerchi,Sport,Austria,Ost,Holzschlag,Block F,UIAA:9+,9+,UIAA
1361478228,Mein Hund Blondie,Sport,Austria,Ost,Holzschlag,Block F,UIAA:8+,8+,UIAA
1361477961,The day after,Sport,Austria,Ost,Holzschlag,Block F,UIAA:5,5,UIAA
1361477850,Apokalypse now,Sport,Austria,Ost,Holzschlag,Block F,UIAA:7-,7-,UIAA
1361477739,Klassisch,Sport,Austria,Ost,Holzschlag,Block F,UIAA:5,5,UIAA
1361477628,Grenzgang,Sport,Austria,Ost,Holzschlag,Block F,UIAA:6+,6+,UIAA
1361477517,Jenseitig,Sport,Austria,Ost,Holzschlag,Block F,UIAA:8,8,UIAA
1361477406,Bußgeld,Sport,Austria,Ost,Holzschlag,Block F,UIAA:6+,6+,UIAA
1361477295,Absolution,Sport,Austria,Ost,Holzschlag,Block F,UIAA:6,6,UIAA
1361477184,Ein absolutes Muss,Sport,Austria,Ost,Holzschlag,Block F,UIAA:4,4,UIAA
8498278914,Damokles- Blöcke,Sport,Austria,Ost,Holzschlag,Block E,UIAA:5,5,UIAA
8498276586,NN,Sport,Austria,Ost,Holzschlag,Block E,UIAA:7+,7+,UIAA
8498273007,Sie baden gerade ihre Hände darin,Sport,Austria,Ost,Holzschlag,Block E,UIAA:9,9,UIAA
8498267451,Ausweiche,Sport,Austria,Ost,Holzschlag,Block E,UIAA:5,5,UIAA
9759123762,NN,Boulder,Austria,Ost,Holzschlag,Block D,FB_ALT:5+,5+,FB_ALT
9759123651,Rückwand,Sport,Austria,Ost,Holzschlag,Block D,UIAA:5,5,UIAA
9759123552,Beißzahn,Sport,Austria,Ost,Holzschlag,Block D,UIAA:9-,9-,UIAA
9759123447,Dope Crack,Sport,Austria,Ost,Holzschlag,Block D,UIAA:6+,6+,UIAA
9759123342,Crackless II,Sport,Austria,Ost,Holzschlag,Block D,UIAA:10-,10-,UIAA
9546367005,Der Zeck,Sport,Austria,Ost,Holzschlag,Block D,UIAA:7-,7-,UIAA
9759123237,Crackless I,Sport,Austria,Ost,Holzschlag,Block D,UIAA:10-,10-,UIAA
9759123132,Laika,Sport,Austria,Ost,Holzschlag,Block D,UIAA:10,10,UIAA
9759123027,Stone free,Sport,Austria,Ost,Holzschlag,Block D,UIAA:9-,9-,UIAA
9759122907,Rollerball,Sport,Austria,Ost,Holzschlag,Block D,UIAA:8-,8-,UIAA
1273651689,Dawn Wall,Sport,Austria,Ost,Holzschlag,Block D,UIAA:6,6,UIAA
1273651794,Scherz Wand,Sport,Austria,Ost,Holzschlag,Block D,UIAA:6+,6+,UIAA
1273651590,Kurze Kante,Sport,Austria,Ost,Holzschlag,Block D,UIAA:4-,4-,UIAA
9759122808,Normalweg,Sport,Austria,Ost,Holzschlag,Block D,UIAA:2-,2-,UIAA
9756404661,Hinkelstein,Boulder,Austria,Ost,Holzschlag,Block C,FB_ALT:7,7,FB_ALT
9756404562,NN,Boulder,Austria,Ost,Holzschlag,Block C,FB_ALT:6,6,FB_ALT
9756404463,Brösel,Boulder,Austria,Ost,Holzschlag,Block C,FB_ALT:5+,5+,FB_ALT
9756404364,Rat's Eyes,Sport,Austria,Ost,Holzschlag,Block C,UIAA:6,6,UIAA
9756404226,Rattenschwanz,Sport,Austria,Ost,Holzschlag,Block C,UIAA:7,7,UIAA
9756404079,Mystic Way,Sport,Austria,Ost,Holzschlag,Block C,UIAA:9-,9-,UIAA
1273651488,Schleimi,Sport,Austria,Ost,Holzschlag,Block C,UIAA:4,4,UIAA
1273651389,Smokecrack,Sport,Austria,Ost,Holzschlag,Block C,UIAA:6,6,UIAA
1273651284,Nix Boulder,Sport,Austria,Ost,Holzschlag,Block C,UIAA:7+,7+,UIAA
1273651185,Rissboulder,Sport,Austria,Ost,Holzschlag,Block C,UIAA:4,4,UIAA
1273651080,Plattenboulder,Sport,Austria,Ost,Holzschlag,Block C,UIAA:4+,4+,UIAA
9755379162,Slimy,Boulder,Austria,Ost,Holzschlag,Block B,FB_ALT:8+,8+,FB_ALT
1273650981,Mördermücken,Sport,Austria,Ost,Holzschlag,Block B,UIAA:6-,6-,UIAA
9755367036,Schmazo piazo,Sport,Austria,Ost,Holzschlag,Block B,UIAA:8,8,UIAA
1273650876,Killerkrähen,Sport,Austria,Ost,Holzschlag,Block B,UIAA:5-,5-,UIAA
1273650777,Gegenwind,Sport,Austria,Ost,Holzschlag,Block B,UIAA:4+,4+,UIAA
9755339703,NN2,Boulder,Austria,Ost,Holzschlag,Block A,FB_ALT:6,6,FB_ALT
9755334363,NN1,Boulder,Austria,Ost,Holzschlag,Block A,FB_ALT:5+,5+,FB_ALT
4716608841,Feldgrille,Sport,Austria,Ost,Peilstein,Spartawand,UIAA:6+,6+,UIAA
4716614388,Borkenkäfer,Sport,Austria,Ost,Peilstein,Spartawand,UIAA:7,7,UIAA
4048968882,Autan,Sport,Austria,Ost,Peilstein,Spartawand,UIAA:6,6,UIAA
4048970586,Der Fluch der bösen Tat,Sport,Austria,Ost,Peilstein,Spartawand,UIAA:8-,8-,UIAA
9882181230,Walpurgisnacht,Sport,Austria,Ost,Peilstein,Spartawand,UIAA:8,8,UIAA
9882178344,Die kleine Hexe,Sport,Austria,Ost,Peilstein,Spartawand,UIAA:8,8,UIAA
9876949620,Too hard for you,Sport,Austria,Ost,Peilstein,Spartawand,UIAA:8+,8+,UIAA
9876949467,Strange days,Sport,Austria,Ost,Peilstein,Spartawand,UIAA:10-,10-,UIAA
9876949308,Light days,Sport,Austria,Ost,Peilstein,Spartawand,UIAA:8-,8-,UIAA
9876949143,Feuerland,Sport,Austria,Ost,Peilstein,Spartawand,UIAA:8-,8-,UIAA
9876948981,Niemandsland,Sport,Austria,Ost,Peilstein,Spartawand,UIAA:8,8,UIAA
4716622515,Zecke,Sport,Austria,Ost,Peilstein,Spartawand,UIAA:7,7,UIAA
9876948810,Gelse,Sport,Austria,Ost,Peilstein,Spartawand,UIAA:7+,7+,UIAA
9876948630,Zick-Zack-Weg,Sport,Austria,Ost,Peilstein,Spartawand,UIAA:5,5,UIAA
9876948468,Feuerwanze,Sport,Austria,Ost,Peilstein,Spartawand,UIAA:8-,8-,UIAA
9876948309,Hundefloh,Sport,Austria,Ost,Peilstein,Spartawand,UIAA:7-,7-,UIAA
9876948132,Filzlaus,Sport,Austria,Ost,Peilstein,Spartawand,UIAA:4,4,UIAA
4048967991,Nemo gefunden!,Sport,Austria,Ost,Peilstein,Spartawand,UIAA:5+,5+,UIAA
4048967097,Schmeißfliege,Sport,Austria,Ost,Peilstein,Spartawand,UIAA:5,5,UIAA
4048962657,Holzwurm,Sport,Austria,Ost,Peilstein,Spartawand,UIAA:4-,4-,UIAA
4048961190,Distelblock,Sport,Austria,Ost,Peilstein,Spartawand,UIAA:4,4,UIAA
4048958301,Bienenwolf,Sport,Austria,Ost,Peilstein,Spartawand,UIAA:3+,3+,UIAA
3886833240,Herbarium,Sport,Austria,Ost,Peilstein,Spartatürme,UIAA:5-,5-,UIAA
3886839537,Hertarium,Sport,Austria,Ost,Peilstein,Spartatürme,UIAA:7-,7-,UIAA
3886837734,Vatertag,Sport,Austria,Ost,Peilstein,Spartatürme,UIAA:5+,5+,UIAA
3886836564,Muttertag,Sport,Austria,Ost,Peilstein,Spartatürme,UIAA:6+,6+,UIAA
667822152,Terrarium,Sport,Austria,Ost,Peilstein,Spartatürme,UIAA:5,5,UIAA
3886832259,Westwand,Sport,Austria,Ost,Peilstein,Spartatürme,UIAA:3-,3-,UIAA
3854681565,Westgrat,Sport,Austria,Ost,Peilstein,Spartatürme,UIAA:2+,2+,UIAA
9870939930,Fritzikante,Sport,Austria,Ost,Peilstein,Spartatürme,UIAA:3+,3+,UIAA
9870933657,Osterdrama im Dezember,Sport,Austria,Ost,Peilstein,Spartatürme,UIAA:8-,8-,UIAA
9870697917,Pfingsttragödie im Schnee,Sport,Austria,Ost,Peilstein,Spartatürme,UIAA:7+,7+,UIAA
9870697818,Felsloch,Sport,Austria,Ost,Peilstein,Spartatürme,UIAA:2+,2+,UIAA
9870697707,Weihnachtskomödie im Juli,Sport,Austria,Ost,Peilstein,Spartatürme,UIAA:7,7,UIAA
9870697596,Melodram der Nacht,Sport,Austria,Ost,Peilstein,Spartatürme,UIAA:6+,6+,UIAA
9870697485,Der lange Weg durchs kleine Wandl,Sport,Austria,Ost,Peilstein,Spartatürme,UIAA:9-,9-,UIAA
9870697374,Poesie der Stille,Sport,Austria,Ost,Peilstein,Spartatürme,UIAA:8+,8+,UIAA
9870697263,Fratzerlkante,Sport,Austria,Ost,Peilstein,Spartatürme,UIAA:3,3,UIAA
9870697164,Normalweg,Sport,Austria,Ost,Peilstein,Spartatürme,UIAA:2,2,UIAA
9870697053,Verborgen,Sport,Austria,Ost,Peilstein,Spartatürme,UIAA:7-,7-,UIAA
9870696942,Versteckt,Sport,Austria,Ost,Peilstein,Spartatürme,UIAA:6,6,UIAA
10768380348,Tonnenwandl,Sport,Austria,Ost,Peilstein,Spartastein,UIAA:5,5,UIAA
10768380243,Tonnenwandlverschneidung,Sport,Austria,Ost,Peilstein,Spartastein,UIAA:5-,5-,UIAA
10768380126,Spidermen only,Sport,Austria,Ost,Peilstein,Spartastein,UIAA:7+,7+,UIAA
10768380009,Rocky horror picture show,Sport,Austria,Ost,Peilstein,Spartastein,UIAA:8,8,UIAA
10768379910,Südriss,Sport,Austria,Ost,Peilstein,Spartastein,UIAA:6,6,UIAA
10768379805,Direkter Spartaausstieg,Sport,Austria,Ost,Peilstein,Spartastein,UIAA:6+,6+,UIAA
10768379688,Direkter Spartariss,Sport,Austria,Ost,Peilstein,Spartastein,UIAA:5+,5+,UIAA
10768171020,Spartariss,Sport,Austria,Ost,Peilstein,Spartastein,UIAA:4+,4+,UIAA
10768170915,Der letzte Tango,Sport,Austria,Ost,Peilstein,Spartastein,UIAA:6+,6+,UIAA
10768170810,Der letzte Walzer,Sport,Austria,Ost,Peilstein,Spartastein,UIAA:6-,6-,UIAA
10768170711,Sauwalzer Einstiegsvariante,Sport,Austria,Ost,Peilstein,Spartastein,UIAA:8-,8-,UIAA
10768170600,Sauwalzer,Sport,Austria,Ost,Peilstein,Spartastein,UIAA:8-,8-,UIAA
10768170495,Ciao Gunti,Sport,Austria,Ost,Peilstein,Spartastein,UIAA:7-,7-,UIAA
10768170390,Roseweg,Sport,Austria,Ost,Peilstein,Spartastein,UIAA:6+,6+,UIAA
1811923824,Sansara,Sport,Austria,Ost,Peilstein,Spartastein,UIAA:7-,7-,UIAA
10768170285,Rosis Nummer 32168,Sport,Austria,Ost,Peilstein,Spartastein,UIAA:7,7,UIAA
1811924832,Casino Royal,Sport,Austria,Ost,Peilstein,Spartastein,UIAA:7+,7+,UIAA
10768170180,Keine Gnade,Sport,Austria,Ost,Peilstein,Spartastein,UIAA:7+,7+,UIAA
10768170075,Skyhook express,Sport,Austria,Ost,Peilstein,Spartastein,UIAA:7-,7-,UIAA
10768012776,Millionenrad,Sport,Austria,Ost,Peilstein,Spartastein,UIAA:7+,7+,UIAA
10768012671,Griffquiz,Sport,Austria,Ost,Peilstein,Spartastein,UIAA:7+,7+,UIAA
10768012521,Bauernregeln,Sport,Austria,Ost,Peilstein,Spartastein,UIAA:7,7,UIAA
667257135,Wetterbericht,Sport,Austria,Ost,Peilstein,Spartastein,UIAA:7-,7-,UIAA
10768012401,Hermes,Sport,Austria,Ost,Peilstein,Spartastein,UIAA:4+,4+,UIAA
10768012290,Meg,Sport,Austria,Ost,Peilstein,Spartastein,UIAA:5+,5+,UIAA
10768012176,Phil,Sport,Austria,Ost,Peilstein,Spartastein,UIAA:8,8,UIAA
10768012065,Titanen,Sport,Austria,Ost,Peilstein,Spartastein,UIAA:9-,9-,UIAA
10768011954,Pegasus,Sport,Austria,Ost,Peilstein,Spartastein,UIAA:9,9,UIAA
10767771105,Schwefel,Sport,Austria,Ost,Peilstein,Spartastein,UIAA:9-,9-,UIAA
10767770994,Pech,Sport,Austria,Ost,Peilstein,Spartastein,UIAA:8,8,UIAA
10767770883,Hera,Sport,Austria,Ost,Peilstein,Spartastein,UIAA:7+,7+,UIAA
10767770772,Zeus,Sport,Austria,Ost,Peilstein,Spartastein,UIAA:6,6,UIAA
10767770658,Zustieg,Sport,Austria,Ost,Peilstein,Spartastein,UIAA:1-,1-,UIAA
667820259,Das Orakel zu Delphi,Sport,Austria,Ost,Peilstein,Vallytürme,UIAA:8-,8-,UIAA
3360967530,Die Hydra von Lena,Sport,Austria,Ost,Peilstein,Vallytürme,UIAA:8,8,UIAA
667258524,Der Sexappeal der Sirenen,Sport,Austria,Ost,Peilstein,Vallytürme,UIAA:6+,6+,UIAA
667258425,Der Philosoph im Fass,Sport,Austria,Ost,Peilstein,Vallytürme,UIAA:5+,5+,UIAA
667252638,Hadeswächter,Sport,Austria,Ost,Peilstein,Vallytürme,UIAA:6+,6+,UIAA
667252737,Der Stall des Augias,Sport,Austria,Ost,Peilstein,Vallytürme,UIAA:5-,5-,UIAA
667252836,Die Irrfahrten des Odysseus,Sport,Austria,Ost,Peilstein,Vallytürme,UIAA:5-,5-,UIAA
3360949467,Herakles,Sport,Austria,Ost,Peilstein,Vallytürme,UIAA:8+,8+,UIAA
3360964260,Sisyphus,Sport,Austria,Ost,Peilstein,Vallytürme,UIAA:7,7,UIAA
667252935,Tantalus,Sport,Austria,Ost,Peilstein,Vallytürme,UIAA:6,6,UIAA
667252539,Das trojanische Pferd,Sport,Austria,Ost,Peilstein,Vallytürme,UIAA:5-,5-,UIAA
3360978588,Die Argonautensaga,Sport,Austria,Ost,Peilstein,Vallytürme,UIAA:4,4,UIAA
3360979902,Spartanisch,Sport,Austria,Ost,Peilstein,Vallytürme,UIAA:8-,8-,UIAA
10766712753,Schlupfi II,Sport,Austria,Ost,Peilstein,Vallytürme,UIAA:2,2,UIAA
3360982758,Schlupfi I,Sport,Austria,Ost,Peilstein,Vallytürme,UIAA:1+,1+,UIAA
10766708037,Griffe zum Dessert,Sport,Austria,Ost,Peilstein,Vallytürme,UIAA:8,8,UIAA
3360986334,Einfach zum Scheißen,Sport,Austria,Ost,Peilstein,Vallytürme,UIAA:7,7,UIAA
10766661387,Is ma net wurscht,Sport,Austria,Ost,Peilstein,Vallytürme,UIAA:8,8,UIAA
3360989136,Der Moralistenschreck,Sport,Austria,Ost,Peilstein,Vallytürme,UIAA:8+,8+,UIAA
10766659293,Sandkastenspiele,Sport,Austria,Ost,Peilstein,Vallytürme,UIAA:8,8,UIAA
3360992091,Einfach,Sport,Austria,Ost,Peilstein,Vallytürme,UIAA:7+,7+,UIAA
3360993561,Zum Nachdenken,Sport,Austria,Ost,Peilstein,Vallytürme,UIAA:7+,7+,UIAA
3360995196,Shining,Sport,Austria,Ost,Peilstein,Vallytürme,UIAA:7,7,UIAA
10763075610,Ethisch wertvoll,Sport,Austria,Ost,Peilstein,Vallytürme,UIAA:7,7,UIAA
9725183427,Laterndlplatte,Sport,Austria,Ost,Peilstein,Großer Zinnenkessel,UIAA:7-,7-,UIAA
9725183205,Laterndlriss,Sport,Austria,Ost,Peilstein,Großer Zinnenkessel,UIAA:6-,6-,UIAA
1233523053,Laterndlkante,Sport,Austria,Ost,Peilstein,Großer Zinnenkessel,UIAA:5,5,UIAA
1233522942,Nachtlaterndl,Sport,Austria,Ost,Peilstein,Großer Zinnenkessel,UIAA:6,6,UIAA
1233522831,"Laterndl, Sonne, Mond und Sterndl",Sport,Austria,Ost,Peilstein,Großer Zinnenkessel,UIAA:5-,5-,UIAA
1233522720,Linasteig,Sport,Austria,Ost,Peilstein,Großer Zinnenkessel,UIAA:3+,3+,UIAA
1233522609,Bärlauch,Sport,Austria,Ost,Peilstein,Großer Zinnenkessel,UIAA:5,5,UIAA
1138711932,Wildrosenpfad,Sport,Austria,Ost,Peilstein,Großer Zinnenkessel,UIAA:4+,4+,UIAA
9725183034,Mary Vetseras Schicksalsschlag,Sport,Austria,Ost,Peilstein,Großer Zinnenkessel,UIAA:8-,8-,UIAA
447885153,Domino,Sport,Austria,Ost,Peilstein,Großer Zinnenkessel,UIAA:7,7,UIAA
447885054,Tommy Joe,Sport,Austria,Ost,Peilstein,Großer Zinnenkessel,UIAA:7,7,UIAA
447884955,Flipi,Sport,Austria,Ost,Peilstein,Großer Zinnenkessel,UIAA:6,6,UIAA
447884856,Pepi Adele-Steig,Sport,Austria,Ost,Peilstein,Großer Zinnenkessel,UIAA:4,4,UIAA
447884757,Flopo,Sport,Austria,Ost,Peilstein,Großer Zinnenkessel,UIAA:6,6,UIAA
447884658,Herosweg,Sport,Austria,Ost,Peilstein,Großer Zinnenkessel,UIAA:5+,5+,UIAA
447881616,Wiesenhatscher,Sport,Austria,Ost,Peilstein,Großer Zinnenkessel,UIAA:5-,5-,UIAA
447881517,Ein Versuch von unten,Sport,Austria,Ost,Peilstein,Großer Zinnenkessel,UIAA:6-,6-,UIAA
447881418,Kronprinz Rudolf's letzte Liebe,Sport,Austria,Ost,Peilstein,Großer Zinnenkessel,UIAA:6,6,UIAA
447881319,Backofen,Sport,Austria,Ost,Peilstein,Großer Zinnenkessel,UIAA:8-,8-,UIAA
447881220,Räucherkammer,Sport,Austria,Ost,Peilstein,Großer Zinnenkessel,UIAA:8,8,UIAA
447881121,Bärli Hupf,Sport,Austria,Ost,Peilstein,Großer Zinnenkessel,UIAA:7,7,UIAA
447881022,Via Garfield,Sport,Austria,Ost,Peilstein,Großer Zinnenkessel,UIAA:7-,7-,UIAA
447880923,Mayerweg Ausstieg,Sport,Austria,Ost,Peilstein,Großer Zinnenkessel,UIAA:4,4,UIAA
447880824,Mayerweg,Sport,Austria,Ost,Peilstein,Großer Zinnenkessel,UIAA:5+,5+,UIAA
447880725,"Mayerweg, linke Var.",Sport,Austria,Ost,Peilstein,Großer Zinnenkessel,UIAA:5,5,UIAA
9724578894,Rudi,Sport,Austria,Ost,Peilstein,Großer Zinnenkessel,UIAA:6+,6+,UIAA
9724578747,Glasperlenspiel,Sport,Austria,Ost,Peilstein,Großer Zinnenkessel,UIAA:7+,7+,UIAA
9724578609,Kohlross,Sport,Austria,Ost,Peilstein,Großer Zinnenkessel,UIAA:6-,6-,UIAA
9724578453,Regenmacher,Sport,Austria,Ost,Peilstein,Großer Zinnenkessel,UIAA:7,7,UIAA
9724578288,Schneeräumung,Sport,Austria,Ost,Peilstein,Großer Zinnenkessel,UIAA:6+,6+,UIAA
9724578141,Das letzte Eck,Sport,Austria,Ost,Peilstein,Großer Zinnenkessel,UIAA:6-,6-,UIAA
9724577967,Direkter Kohlröserlsteig,Sport,Austria,Ost,Peilstein,Großer Zinnenkessel,UIAA:3,3,UIAA
1138710477,Kohlzwergerlsteig,Sport,Austria,Ost,Peilstein,Großer Zinnenkessel,UIAA:4-,4-,UIAA
9724577808,Kohlsprossenvariante,Sport,Austria,Ost,Peilstein,Großer Zinnenkessel,UIAA:4,4,UIAA
9724577616,Kohlröserlsteig,Sport,Austria,Ost,Peilstein,Großer Zinnenkessel,UIAA:3-,3-,UIAA
448039161,Im letzten Winkel,Sport,Austria,Ost,Peilstein,Große Zinne,UIAA:6,6,UIAA
448039062,Blutspur,Sport,Austria,Ost,Peilstein,Große Zinne,UIAA:7,7,UIAA
448038963,Freunschaftsteig,Sport,Austria,Ost,Peilstein,Große Zinne,UIAA:3,3,UIAA
448038864,Marathon,Sport,Austria,Ost,Peilstein,Große Zinne,UIAA:7-,7-,UIAA
448038765,Kandahar,Sport,Austria,Ost,Peilstein,Große Zinne,UIAA:7,7,UIAA
448038666,"Schön, aber kurz",Sport,Austria,Ost,Peilstein,Große Zinne,UIAA:7-,7-,UIAA
448038567,Holmenkollen,Sport,Austria,Ost,Peilstein,Große Zinne,UIAA:6-,6-,UIAA
448038468,Oberer Kreuzelschreiber,Sport,Austria,Ost,Peilstein,Große Zinne,UIAA:5,5,UIAA
448038369,Familienausflug,Sport,Austria,Ost,Peilstein,Große Zinne,UIAA:7-,7-,UIAA
448038270,Schluchtenwandler,Sport,Austria,Ost,Peilstein,Große Zinne,UIAA:7,7,UIAA
448038171,Trau keinem,Sport,Austria,Ost,Peilstein,Große Zinne,UIAA:6+,6+,UIAA
448038072,Gipfelkante,Sport,Austria,Ost,Peilstein,Große Zinne,UIAA:4,4,UIAA
447904887,Völlerei,Sport,Austria,Ost,Peilstein,Kleine Zinne & Kl. Zinnenkessel,UIAA:6-,6-,UIAA
447904788,Diät,Sport,Austria,Ost,Peilstein,Kleine Zinne & Kl. Zinnenkessel,UIAA:7,7,UIAA
447904689,Panikweg,Sport,Austria,Ost,Peilstein,Kleine Zinne & Kl. Zinnenkessel,UIAA:5+,5+,UIAA
447904590,Unterer Kreuzelschreiber,Sport,Austria,Ost,Peilstein,Kleine Zinne & Kl. Zinnenkessel,UIAA:5,5,UIAA
447904491,Crux,Sport,Austria,Ost,Peilstein,Kleine Zinne & Kl. Zinnenkessel,UIAA:7-,7-,UIAA
447904392,Riedleinstieg,Sport,Austria,Ost,Peilstein,Kleine Zinne & Kl. Zinnenkessel,UIAA:6+,6+,UIAA
447904293,Träumen in der Sonne,Sport,Austria,Ost,Peilstein,Kleine Zinne & Kl. Zinnenkessel,UIAA:7-,7-,UIAA
447904194,Outline,Sport,Austria,Ost,Peilstein,Kleine Zinne & Kl. Zinnenkessel,UIAA:6,6,UIAA
447897423,Inline,Sport,Austria,Ost,Peilstein,Kleine Zinne & Kl. Zinnenkessel,UIAA:4,4,UIAA
447897324,Der Archipel Gulag,Sport,Austria,Ost,Peilstein,Kleine Zinne & Kl. Zinnenkessel,UIAA:5,5,UIAA
447897225,"Zinnensteig, rechter Ausstieg",Sport,Austria,Ost,Peilstein,Kleine Zinne & Kl. Zinnenkessel,UIAA:4,4,UIAA
447897126,Zinnensteig,Sport,Austria,Ost,Peilstein,Kleine Zinne & Kl. Zinnenkessel,UIAA:3,3,UIAA
447897027,Zinnenkamine,Sport,Austria,Ost,Peilstein,Kleine Zinne & Kl. Zinnenkessel,UIAA:4+,4+,UIAA
447896928,Wie soll's heißen,Sport,Austria,Ost,Peilstein,Kleine Zinne & Kl. Zinnenkessel,UIAA:5,5,UIAA
447896829,Spreizübung,Sport,Austria,Ost,Peilstein,Kleine Zinne & Kl. Zinnenkessel,UIAA:6,6,UIAA
447896730,Ausschweifer,Sport,Austria,Ost,Peilstein,Kleine Zinne & Kl. Zinnenkessel,UIAA:6+,6+,UIAA
447896631,Kleine Zinne Südwand,Sport,Austria,Ost,Peilstein,Kleine Zinne & Kl. Zinnenkessel,UIAA:5+,5+,UIAA
447896532,Kleine Zinne SW-Wand,Sport,Austria,Ost,Peilstein,Kleine Zinne & Kl. Zinnenkessel,UIAA:5+,5+,UIAA
447896433,Kleine Zinnenkante,Sport,Austria,Ost,Peilstein,Kleine Zinne & Kl. Zinnenkessel,UIAA:4-,4-,UIAA
447896334,Wurstelkamin,Sport,Austria,Ost,Peilstein,Kleine Zinne & Kl. Zinnenkessel,UIAA:3,3,UIAA
9723371037,... und immer wieder geht die Sonne auf,Sport,Austria,Ost,Peilstein,Kleine Zinne & Kl. Zinnenkessel,UIAA:7,7,UIAA
447896235,Sonnenfinsternis,Sport,Austria,Ost,Peilstein,Kleine Zinne & Kl. Zinnenkessel,UIAA:7+,7+,UIAA
447896136,Südostwand,Sport,Austria,Ost,Peilstein,Kleine Zinne & Kl. Zinnenkessel,UIAA:6+,6+,UIAA
447896037,Winterspeck,Sport,Austria,Ost,Peilstein,Kleine Zinne & Kl. Zinnenkessel,UIAA:6,6,UIAA
447895938,Hahnenkammgrat,Sport,Austria,Ost,Peilstein,Kleine Zinne & Kl. Zinnenkessel,UIAA:3,3,UIAA
9723370914,Turmsteig,Sport,Austria,Ost,Peilstein,Kleine Zinne & Kl. Zinnenkessel,UIAA:3,3,UIAA
750902565,Mürbteigkeksi,Sport,Austria,Ost,Peilstein,Kleine Zinne & Kl. Zinnenkessel,UIAA:4+,4+,UIAA
447895839,Feind der Bohrhaken,Sport,Austria,Ost,Peilstein,Kleine Zinne & Kl. Zinnenkessel,UIAA:7-,7-,UIAA
447895740,Zweifreundeweg,Sport,Austria,Ost,Peilstein,Kleine Zinne & Kl. Zinnenkessel,UIAA:6,6,UIAA
447895641,Direkte Storkakante,Sport,Austria,Ost,Peilstein,Kleine Zinne & Kl. Zinnenkessel,UIAA:5+,5+,UIAA
447895542,Storkakante,Sport,Austria,Ost,Peilstein,Kleine Zinne & Kl. Zinnenkessel,UIAA:5+,5+,UIAA
448029318,Nachtflug,Sport,Austria,Ost,Peilstein,Hahnenkamm & -turm,UIAA:5,5,UIAA
448029219,Early morning jumps,Sport,Austria,Ost,Peilstein,Hahnenkamm & -turm,UIAA:7,7,UIAA
448029120,Plagiat,Sport,Austria,Ost,Peilstein,Hahnenkamm & -turm,UIAA:6,6,UIAA
448029021,Südwestwand,Sport,Austria,Ost,Peilstein,Hahnenkamm & -turm,UIAA:6-,6-,UIAA
448028922,Stand by,Sport,Austria,Ost,Peilstein,Hahnenkamm & -turm,UIAA:6+,6+,UIAA
448028823,Stand on air,Sport,Austria,Ost,Peilstein,Hahnenkamm & -turm,UIAA:7,7,UIAA
448028724,Air Terminal,Sport,Austria,Ost,Peilstein,Hahnenkamm & -turm,UIAA:7,7,UIAA
448028625,Rollbahn,Sport,Austria,Ost,Peilstein,Hahnenkamm & -turm,UIAA:7,7,UIAA
448028526,Fly me,Sport,Austria,Ost,Peilstein,Hahnenkamm & -turm,UIAA:7+,7+,UIAA
448028427,Fuck me,Sport,Austria,Ost,Peilstein,Hahnenkamm & -turm,UIAA:7,7,UIAA
448028322,Es begann im Baum,Sport,Austria,Ost,Peilstein,Hahnenkamm & -turm,UIAA:7+,7+,UIAA
448028217,Regentropfentango,Sport,Austria,Ost,Peilstein,Hahnenkamm & -turm,UIAA:7,7,UIAA
448028118,Franz Theil-Gedächtnisweg,Sport,Austria,Ost,Peilstein,Hahnenkamm & -turm,UIAA:7,7,UIAA
448028019,Servus,Sport,Austria,Ost,Peilstein,Hahnenkamm & -turm,UIAA:7+,7+,UIAA
448027920,WMW-ok,Sport,Austria,Ost,Peilstein,Hahnenkamm & -turm,UIAA:8-,8-,UIAA
448021038,Apraxie,Sport,Austria,Ost,Peilstein,Hahnenkamm & -turm,UIAA:7+,7+,UIAA
448020939,Dalli-Dalli,Sport,Austria,Ost,Peilstein,Hahnenkamm & -turm,UIAA:7+,7+,UIAA
448020837,Allzu keck liegt im Dreck,Sport,Austria,Ost,Peilstein,Hahnenkamm & -turm,UIAA:7+,7+,UIAA
448020738,17 Jahre frisch verliebt,Sport,Austria,Ost,Peilstein,Hahnenkamm & -turm,UIAA:7,7,UIAA
448020639,Lochstreifen,Sport,Austria,Ost,Peilstein,Hahnenkamm & -turm,UIAA:6+,6+,UIAA
448020540,Direkter Schwibbsbogen,Sport,Austria,Ost,Peilstein,Hahnenkamm & -turm,UIAA:7,7,UIAA
448020441,Nordwand,Sport,Austria,Ost,Peilstein,Hahnenkamm & -turm,UIAA:6,6,UIAA
448020342,Schwachsinnsboulder,Sport,Austria,Ost,Peilstein,Hahnenkamm & -turm,UIAA:9-,9-,UIAA
448020243,Gummizelle direkt,Sport,Austria,Ost,Peilstein,Hahnenkamm & -turm,UIAA:7+,7+,UIAA
448020144,Wahnsinnsboulder,Sport,Austria,Ost,Peilstein,Hahnenkamm & -turm,UIAA:7+,7+,UIAA
9723341925,Flipper,Sport,Austria,Ost,Peilstein,Zinnenwand,UIAA:6-,6-,UIAA
9723341832,Moby Dick,Sport,Austria,Ost,Peilstein,Zinnenwand,UIAA:6,6,UIAA
1403917845,Geburtstagsschmerz,Sport,Austria,Ost,Peilstein,Zinnenwand,UIAA:6+,6+,UIAA
1403917956,Vogelfrei,Sport,Austria,Ost,Peilstein,Zinnenwand,UIAA:7-,7-,UIAA
9723341739,Kraftmosaik,Sport,Austria,Ost,Peilstein,Zinnenwand,UIAA:8-,8-,UIAA
624206571,Kasparekriss,Sport,Austria,Ost,Peilstein,Zinnenwand,UIAA:6-,6-,UIAA
9723341646,No schocktreatment today,Sport,Austria,Ost,Peilstein,Zinnenwand,UIAA:7+,7+,UIAA
1403917734,Zinne Nord,Sport,Austria,Ost,Peilstein,Zinnenwand,UIAA:5,5,UIAA
1403918067,Another shitty day in paradise,Sport,Austria,Ost,Peilstein,Zinnenwand,UIAA:7+,7+,UIAA
9723341553,Prana & Gabana,Sport,Austria,Ost,Peilstein,Zinnenwand,UIAA:9-,9-,UIAA
9723341460,Jolly Jumper,Sport,Austria,Ost,Peilstein,Zinnenwand,UIAA:8-,8-,UIAA
9723341367,Kleines Panoptikum,Sport,Austria,Ost,Peilstein,Zinnenwand,UIAA:8,8,UIAA
9723341262,Spät is worn,Sport,Austria,Ost,Peilstein,Zinnenwand,UIAA:8-,8-,UIAA
9723341169,Mens agitat molem,Sport,Austria,Ost,Peilstein,Zinnenwand,UIAA:7+,7+,UIAA
9723341076,Isometrie für Fortgeschrittene,Sport,Austria,Ost,Peilstein,Zinnenwand,UIAA:8-,8-,UIAA
9723340977,Leon,Sport,Austria,Ost,Peilstein,Zinnenwand,UIAA:10-,10-,UIAA
9723340884,Kurz und schmerzlos,Sport,Austria,Ost,Peilstein,Zinnenwand,UIAA:8,8,UIAA
9723340791,Kann den Klettern Sünde sein,Sport,Austria,Ost,Peilstein,Zinnenwand,UIAA:7,7,UIAA
9723340620,Und noch ein Loch,Sport,Austria,Ost,Peilstein,Zinnenwand,UIAA:7+,7+,UIAA
9723340521,Der Förderer: Erich Schuller,Sport,Austria,Ost,Peilstein,Zinnenwand,UIAA:7-,7-,UIAA
9723340428,Der Spender: ÖGV,Sport,Austria,Ost,Peilstein,Zinnenwand,UIAA:7+,7+,UIAA
9723340335,Beulen am Kopf,Sport,Austria,Ost,Peilstein,Zinnenwand,UIAA:8,8,UIAA
9723340242,Zinnenwandverschneidung,Sport,Austria,Ost,Peilstein,Zinnenwand,UIAA:5+,5+,UIAA
9723305799,Catch up,Sport,Austria,Ost,Peilstein,Kleeblattpfeiler,UIAA:8-,8-,UIAA
9723305706,Bubi plausch net,Sport,Austria,Ost,Peilstein,Kleeblattpfeiler,UIAA:8+,8+,UIAA
9723305613,Ein Stück vom Glück,Sport,Austria,Ost,Peilstein,Kleeblattpfeiler,UIAA:8,8,UIAA
9723305520,Golden delirious,Sport,Austria,Ost,Peilstein,Kleeblattpfeiler,UIAA:8-,8-,UIAA
9723305427,Sinuselect,Sport,Austria,Ost,Peilstein,Kleeblattpfeiler,UIAA:6+,6+,UIAA
9723305334,Su sinu,Sport,Austria,Ost,Peilstein,Kleeblattpfeiler,UIAA:6+,6+,UIAA
9723305241,Asinus Raphaele,Sport,Austria,Ost,Peilstein,Kleeblattpfeiler,UIAA:7+,7+,UIAA
9723305148,Cosinus Franziska,Sport,Austria,Ost,Peilstein,Kleeblattpfeiler,UIAA:5,5,UIAA
9723305055,Oberer Kleeblattpfeiler,Sport,Austria,Ost,Peilstein,Kleeblattpfeiler,UIAA:5-,5-,UIAA
9723304962,Adios muchachos,Sport,Austria,Ost,Peilstein,Kleeblattpfeiler,UIAA:7-,7-,UIAA
9723304869,Unterer Kleeblattpfeiler,Sport,Austria,Ost,Peilstein,Kleeblattpfeiler,UIAA:6+,6+,UIAA
9723304776,Guat eing'schenkt,Sport,Austria,Ost,Peilstein,Kleeblattpfeiler,UIAA:9,9,UIAA
9723304683,Sportachterl,Sport,Austria,Ost,Peilstein,Kleeblattpfeiler,UIAA:9-,9-,UIAA
9723304590,Magermilch,Sport,Austria,Ost,Peilstein,Kleeblattpfeiler,UIAA:8-,8-,UIAA
9723304497,Variante 1/2 Milch,Sport,Austria,Ost,Peilstein,Kleeblattpfeiler,UIAA:8-,8-,UIAA
9723304404,1/2 Milch,Sport,Austria,Ost,Peilstein,Kleeblattpfeiler,UIAA:7+,7+,UIAA
9723304305,Hirnsausen 2.SL,Sport,Austria,Ost,Peilstein,Kleeblattpfeiler,UIAA:7,7,UIAA
9723304212,Hirnsausen 1.SL,Sport,Austria,Ost,Peilstein,Kleeblattpfeiler,UIAA:9,9,UIAA
9723304119,Hirnsausen light,Sport,Austria,Ost,Peilstein,Kleeblattpfeiler,UIAA:8+,8+,UIAA
9723244782,Dr. Faust,Sport,Austria,Ost,Peilstein,"Duettpfeiler,Enzianwand",UIAA:5+,5+,UIAA
9723244689,Peterka-Herrmann-Steig,Sport,Austria,Ost,Peilstein,"Duettpfeiler,Enzianwand",UIAA:5+,5+,UIAA
9723244596,Greenpeace,Sport,Austria,Ost,Peilstein,"Duettpfeiler,Enzianwand",UIAA:8-,8-,UIAA
9723244503,Freitag's Fetz'n,Sport,Austria,Ost,Peilstein,"Duettpfeiler,Enzianwand",UIAA:7,7,UIAA
9723244398,Global 2000,Sport,Austria,Ost,Peilstein,"Duettpfeiler,Enzianwand",UIAA:7,7,UIAA
9723244272,Drei Enzian-Steig,Sport,Austria,Ost,Peilstein,"Duettpfeiler,Enzianwand",UIAA:5+,5+,UIAA
9723244152,Aqua,Sport,Austria,Ost,Peilstein,"Duettpfeiler,Enzianwand",UIAA:8-,8-,UIAA
9723244053,Wasteland,Sport,Austria,Ost,Peilstein,"Duettpfeiler,Enzianwand",UIAA:7+,7+,UIAA
9723243960,Bücken Präsident,Sport,Austria,Ost,Peilstein,"Duettpfeiler,Enzianwand",UIAA:8-,8-,UIAA
9723243867,Präsidentialer Mist,Sport,Austria,Ost,Peilstein,"Duettpfeiler,Enzianwand",UIAA:8,8,UIAA
9723243774,Cool trash,Sport,Austria,Ost,Peilstein,"Duettpfeiler,Enzianwand",UIAA:9-,9-,UIAA
9723243681,Üble Aufwärmer,Sport,Austria,Ost,Peilstein,"Duettpfeiler,Enzianwand",UIAA:9,9,UIAA
9723243588,Ausstieg Superdoppelmist,Sport,Austria,Ost,Peilstein,"Duettpfeiler,Enzianwand",UIAA:8+,8+,UIAA
9723243456,Superdoppelmist,Sport,Austria,Ost,Peilstein,"Duettpfeiler,Enzianwand",UIAA:9,9,UIAA
9723243336,Momentum,Sport,Austria,Ost,Peilstein,"Duettpfeiler,Enzianwand",UIAA:10-,10-,UIAA
9723243237,Des Tückers Überlistung,Sport,Austria,Ost,Peilstein,"Duettpfeiler,Enzianwand",UIAA:8,8,UIAA
9723243126,Doppelmist,Sport,Austria,Ost,Peilstein,"Duettpfeiler,Enzianwand",UIAA:9-,9-,UIAA
9723115938,"1,5 Mist",Sport,Austria,Ost,Peilstein,"Duettpfeiler,Enzianwand",UIAA:9-,9-,UIAA
9723115845,Mistig,Sport,Austria,Ost,Peilstein,"Duettpfeiler,Enzianwand",UIAA:9,9,UIAA
9723115752,Mist,Sport,Austria,Ost,Peilstein,"Duettpfeiler,Enzianwand",UIAA:8+,8+,UIAA
10703854041,"""Na, die is a von mir?""",Sport,Austria,Ost,Peilstein,"Duettpfeiler,Enzianwand",UIAA:9+,9+,UIAA
9723115659,Micro boy go jump the toy,Sport,Austria,Ost,Peilstein,"Duettpfeiler,Enzianwand",UIAA:9+,9+,UIAA
9723115566,Moonhopper,Sport,Austria,Ost,Peilstein,"Duettpfeiler,Enzianwand",UIAA:9-,9-,UIAA
9723115473,Reinigungspersonal,Sport,Austria,Ost,Peilstein,"Duettpfeiler,Enzianwand",UIAA:9,9,UIAA
9723115380,Müllverbrennung,Sport,Austria,Ost,Peilstein,"Duettpfeiler,Enzianwand",UIAA:7,7,UIAA
9723115287,New Economy-dulling the mind,Sport,Austria,Ost,Peilstein,"Duettpfeiler,Enzianwand",UIAA:7+,7+,UIAA
9723115194,Minuswachstum,Sport,Austria,Ost,Peilstein,"Duettpfeiler,Enzianwand",UIAA:5+,5+,UIAA
9723115101,Pensionssicherungsreform,Sport,Austria,Ost,Peilstein,"Duettpfeiler,Enzianwand",UIAA:7-,7-,UIAA
9723115008,"Heute ich, morgen du",Sport,Austria,Ost,Peilstein,"Duettpfeiler,Enzianwand",UIAA:7,7,UIAA
9723114915,Calexico,Sport,Austria,Ost,Peilstein,"Duettpfeiler,Enzianwand",UIAA:8,8,UIAA
9723114822,Mittelstreifen,Sport,Austria,Ost,Peilstein,"Duettpfeiler,Enzianwand",UIAA:8-,8-,UIAA
9723114729,Carrachillo,Sport,Austria,Ost,Peilstein,"Duettpfeiler,Enzianwand",UIAA:8-,8-,UIAA
9723114636,Errobik,Sport,Austria,Ost,Peilstein,"Duettpfeiler,Enzianwand",UIAA:8+,8+,UIAA
9723114543,La Wasch Kiri,Sport,Austria,Ost,Peilstein,"Duettpfeiler,Enzianwand",UIAA:8-,8-,UIAA
9723114450,Tin Tin,Sport,Austria,Ost,Peilstein,"Duettpfeiler,Enzianwand",UIAA:7+,7+,UIAA
9723114357,Dir. Schindeltaler,Sport,Austria,Ost,Peilstein,"Duettpfeiler,Enzianwand",UIAA:5-,5-,UIAA
9723114234,Schindeltalersteig,Sport,Austria,Ost,Peilstein,"Duettpfeiler,Enzianwand",UIAA:5-,5-,UIAA
9723114126,Duettpfeiler,Sport,Austria,Ost,Peilstein,"Duettpfeiler,Enzianwand",UIAA:7,7,UIAA
447755448,Matsch in der Birne,Sport,Austria,Ost,Peilstein,"Duettpfeiler,Enzianwand",UIAA:6,6,UIAA
447755349,Der Tanz auf rohen Eiern,Sport,Austria,Ost,Peilstein,"Duettpfeiler,Enzianwand",UIAA:8-,8-,UIAA
447755250,Self fulfilled vision,Sport,Austria,Ost,Peilstein,"Duettpfeiler,Enzianwand",UIAA:7,7,UIAA
447755151,Schildbürgerstreich,Sport,Austria,Ost,Peilstein,"Duettpfeiler,Enzianwand",UIAA:6+,6+,UIAA
447755052,Schulfrei,Sport,Austria,Ost,Peilstein,"Duettpfeiler,Enzianwand",UIAA:7+,7+,UIAA
447754953,"Kein Phönix, viel Asche",Sport,Austria,Ost,Peilstein,"Duettpfeiler,Enzianwand",UIAA:8-,8-,UIAA
447754854,Der Weg zum ?,Sport,Austria,Ost,Peilstein,"Duettpfeiler,Enzianwand",UIAA:9-,9-,UIAA
447754755,Going to a Gogo,Sport,Austria,Ost,Peilstein,"Duettpfeiler,Enzianwand",UIAA:7+,7+,UIAA
447754656,Das Superding,Sport,Austria,Ost,Peilstein,"Duettpfeiler,Enzianwand",UIAA:8-,8-,UIAA
447754557,Möge die Übung gelingen,Sport,Austria,Ost,Peilstein,"Duettpfeiler,Enzianwand",UIAA:10-,10-,UIAA
447754458,Blasius,Sport,Austria,Ost,Peilstein,"Duettpfeiler,Enzianwand",UIAA:8,8,UIAA
447754359,Sturmtief,Sport,Austria,Ost,Peilstein,"Duettpfeiler,Enzianwand",UIAA:7-,7-,UIAA
447754260,Anfang vom Ende,Sport,Austria,Ost,Peilstein,"Duettpfeiler,Enzianwand",UIAA:6,6,UIAA
447754161,Ende vom Anfang,Sport,Austria,Ost,Peilstein,"Duettpfeiler,Enzianwand",UIAA:5+,5+,UIAA
447754062,Ende vom Ende,Sport,Austria,Ost,Peilstein,"Duettpfeiler,Enzianwand",UIAA:5+,5+,UIAA
9706836552,Die Flasche,Sport,Austria,Ost,Peilstein,"Falkenwand, Brunzwinkel",UIAA:6-,6-,UIAA
9706816122,Duettkamin,Sport,Austria,Ost,Peilstein,"Falkenwand, Brunzwinkel",UIAA:3,3,UIAA
9706816029,Hare Krishna,Sport,Austria,Ost,Peilstein,"Falkenwand, Brunzwinkel",UIAA:7,7,UIAA
9706815936,Ferienjob,Sport,Austria,Ost,Peilstein,"Falkenwand, Brunzwinkel",UIAA:7+,7+,UIAA
9706815843,Hokus Pokus,Sport,Austria,Ost,Peilstein,"Falkenwand, Brunzwinkel",UIAA:7-,7-,UIAA
9706815750,Berglandkante,Sport,Austria,Ost,Peilstein,"Falkenwand, Brunzwinkel",UIAA:7-,7-,UIAA
9706815657,El Wastl,Sport,Austria,Ost,Peilstein,"Falkenwand, Brunzwinkel",UIAA:7-,7-,UIAA
9706815564,Abendland,Sport,Austria,Ost,Peilstein,"Falkenwand, Brunzwinkel",UIAA:7,7,UIAA
9706815471,Sirtaki,Sport,Austria,Ost,Peilstein,"Falkenwand, Brunzwinkel",UIAA:7-,7-,UIAA
9706815378,Variante F.F.-Riss,Sport,Austria,Ost,Peilstein,"Falkenwand, Brunzwinkel",UIAA:6-,6-,UIAA
9706815285,F.F.-Riss,Sport,Austria,Ost,Peilstein,"Falkenwand, Brunzwinkel",UIAA:5+,5+,UIAA
9706789686,Ihr Abtritt bitte,Sport,Austria,Ost,Peilstein,"Falkenwand, Brunzwinkel",UIAA:8+,8+,UIAA
9706789578,Intensivstation,Sport,Austria,Ost,Peilstein,"Falkenwand, Brunzwinkel",UIAA:8-,8-,UIAA
9706789479,W.W.-Platte,Sport,Austria,Ost,Peilstein,"Falkenwand, Brunzwinkel",UIAA:6,6,UIAA
9706789386,Bärli,Sport,Austria,Ost,Peilstein,"Falkenwand, Brunzwinkel",UIAA:8-,8-,UIAA
9706789272,Mausi,Sport,Austria,Ost,Peilstein,"Falkenwand, Brunzwinkel",UIAA:7-,7-,UIAA
9706772112,(KS)²,Sport,Austria,Ost,Peilstein,"Falkenwand, Brunzwinkel",UIAA:8-,8-,UIAA
9706772007,Im Koma,Sport,Austria,Ost,Peilstein,"Falkenwand, Brunzwinkel",UIAA:4,4,UIAA
9706771902,Defi,Sport,Austria,Ost,Peilstein,"Falkenwand, Brunzwinkel",UIAA:5+,5+,UIAA
9706771806,Direkte Intensivstation,Sport,Austria,Ost,Peilstein,"Falkenwand, Brunzwinkel",UIAA:7,7,UIAA
9706771713,Esprit,Sport,Austria,Ost,Peilstein,"Falkenwand, Brunzwinkel",UIAA:9-,9-,UIAA
9706771620,O mani padme hum,Sport,Austria,Ost,Peilstein,"Falkenwand, Brunzwinkel",UIAA:8,8,UIAA
9706771527,Shit Clip!,Sport,Austria,Ost,Peilstein,"Falkenwand, Brunzwinkel",UIAA:9-,9-,UIAA
9706760907,Mega-Monster-Mix,Sport,Austria,Ost,Peilstein,"Falkenwand, Brunzwinkel",UIAA:9,9,UIAA
9706760811,Ebbe im Hirn,Sport,Austria,Ost,Peilstein,"Falkenwand, Brunzwinkel",UIAA:8+,8+,UIAA
9706760718,Der schmale Pfad zwischen Wahnsinn und Phosphat,Sport,Austria,Ost,Peilstein,"Falkenwand, Brunzwinkel",UIAA:10-,10-,UIAA
9389613846,ATP zu ADP,Sport,Austria,Ost,Peilstein,"Falkenwand, Brunzwinkel",UIAA:9,9,UIAA
4951427334,Hangover breakfast,Sport,Austria,Ost,Peilstein,"Falkenwand, Brunzwinkel",UIAA:8,8,UIAA
4951427235,Hausknechttraverse,Sport,Austria,Ost,Peilstein,"Falkenwand, Brunzwinkel",UIAA:3+,3+,UIAA
4951427142,Little inglain,Sport,Austria,Ost,Peilstein,"Falkenwand, Brunzwinkel",UIAA:9+,9+,UIAA
4951427049,Mantra of resurected shit,Sport,Austria,Ost,Peilstein,"Falkenwand, Brunzwinkel",UIAA:10-,10-,UIAA
4951426956,Brunzi total,Sport,Austria,Ost,Peilstein,"Falkenwand, Brunzwinkel",UIAA:9-,9-,UIAA
4951426863,Gretlsteig,Sport,Austria,Ost,Peilstein,"Falkenwand, Brunzwinkel",UIAA:8-,8-,UIAA
4951426770,Mit feiner Klinge,Sport,Austria,Ost,Peilstein,"Falkenwand, Brunzwinkel",UIAA:9-,9-,UIAA
4951426677,Maxcoriator,Sport,Austria,Ost,Peilstein,"Falkenwand, Brunzwinkel",UIAA:9-,9-,UIAA
4951426584,Excoriator,Sport,Austria,Ost,Peilstein,"Falkenwand, Brunzwinkel",UIAA:8+,8+,UIAA
4951426491,Nixcoriator,Sport,Austria,Ost,Peilstein,"Falkenwand, Brunzwinkel",UIAA:8-,8-,UIAA
4951310700,Palumbien,Sport,Austria,Ost,Peilstein,"Falkenwand, Brunzwinkel",UIAA:9-,9-,UIAA
4865818500,Marsupilami,Sport,Austria,Ost,Peilstein,"Falkenwand, Brunzwinkel",UIAA:8-,8-,UIAA
4951307232,Seifen-Seicherl,Sport,Austria,Ost,Peilstein,"Falkenwand, Brunzwinkel",UIAA:7+,7+,UIAA
4951304250,Urinator,Sport,Austria,Ost,Peilstein,"Falkenwand, Brunzwinkel",UIAA:9-,9-,UIAA
4951387140,Sehnsucht nach dem Ende,Sport,Austria,Ost,Peilstein,"Falkenwand, Brunzwinkel",UIAA:5-,5-,UIAA
4951374174,Barbara,Sport,Austria,Ost,Peilstein,"Falkenwand, Brunzwinkel",UIAA:7+,7+,UIAA
4951372035,Ewig auf der Suche,Sport,Austria,Ost,Peilstein,"Falkenwand, Brunzwinkel",UIAA:6+,6+,UIAA
4951365966,Fressen wie die Viecher,Sport,Austria,Ost,Peilstein,"Falkenwand, Brunzwinkel",UIAA:7+,7+,UIAA
4951359777,Albinensteig,Sport,Austria,Ost,Peilstein,"Falkenwand, Brunzwinkel",UIAA:4+,4+,UIAA
4951354449,Erdberger Lände,Sport,Austria,Ost,Peilstein,"Falkenwand, Brunzwinkel",UIAA:6,6,UIAA
4951340040,Paulasteig,Sport,Austria,Ost,Peilstein,"Falkenwand, Brunzwinkel",UIAA:6-,6-,UIAA
4951327662,Schäuferle,Sport,Austria,Ost,Peilstein,"Falkenwand, Brunzwinkel",UIAA:8,8,UIAA
4951315245,Aufstoßer,Sport,Austria,Ost,Peilstein,"Falkenwand, Brunzwinkel",UIAA:7+,7+,UIAA
3225496851,Verdauungsspaziergang,Sport,Austria,Ost,Peilstein,"Falkenwand, Brunzwinkel",UIAA:7,7,UIAA
448015542,Scheiß' an Paula,Sport,Austria,Ost,Peilstein,"Falkenwand, Brunzwinkel",UIAA:6,6,UIAA
448015443,Untere Alpinakante,Sport,Austria,Ost,Peilstein,"Falkenwand, Brunzwinkel",UIAA:6+,6+,UIAA
9706585497,Cimone-Couloir direkt,Sport,Austria,Ost,Peilstein,"Falkenwand, Brunzwinkel",UIAA:6+,6+,UIAA
9706585398,Einfach Kurt,Sport,Austria,Ost,Peilstein,"Falkenwand, Brunzwinkel",UIAA:4-,4-,UIAA
9706585305,Kleeblattsteig,Sport,Austria,Ost,Peilstein,"Falkenwand, Brunzwinkel",UIAA:4,4,UIAA
9706585212,Querulantenwahn,Sport,Austria,Ost,Peilstein,"Falkenwand, Brunzwinkel",UIAA:6+,6+,UIAA
9706585119,Kleine Nachtmusik,Sport,Austria,Ost,Peilstein,"Falkenwand, Brunzwinkel",UIAA:6-,6-,UIAA
9706585026,Die Stumpfe,Sport,Austria,Ost,Peilstein,"Falkenwand, Brunzwinkel",UIAA:6-,6-,UIAA
9706584933,Direkte Alpinakante,Sport,Austria,Ost,Peilstein,"Falkenwand, Brunzwinkel",UIAA:5+,5+,UIAA
9706584840,Alpinakante,Sport,Austria,Ost,Peilstein,"Falkenwand, Brunzwinkel",UIAA:4+,4+,UIAA
9706584747,Alpini,Sport,Austria,Ost,Peilstein,"Falkenwand, Brunzwinkel",UIAA:6+,6+,UIAA
9706584654,Medea,Sport,Austria,Ost,Peilstein,"Falkenwand, Brunzwinkel",UIAA:7+,7+,UIAA
1193926203,NO - Kante,Sport,Austria,Ost,Cimone,Cimone O - N,UIAA:5+,5+,UIAA
3225963816,Ja dürfen`s denn das,Sport,Austria,Ost,Cimone,Cimone O - N,UIAA:7-,7-,UIAA
10622717586,Ruhelos,Sport,Austria,Ost,Cimone,Cimone O - N,UIAA:8-,8-,UIAA
3773549064,Samstag-Sonntag-Ruhetag,Sport,Austria,Ost,Cimone,Cimone O - N,UIAA:7+,7+,UIAA
3773548965,Lebensmüder Genüßling,Sport,Austria,Ost,Cimone,Cimone O - N,UIAA:8-,8-,UIAA
3773548866,Stets lustig heissa hoppsassa,Sport,Austria,Ost,Cimone,Cimone O - N,UIAA:8+,8+,UIAA
3773548767,In der Hölle ist der Teufel los,Sport,Austria,Ost,Cimone,Cimone O - N,UIAA:8,8,UIAA
3773548662,Ein Teufel braucht die Hölle nicht,Sport,Austria,Ost,Cimone,Cimone O - N,UIAA:10+,10+,UIAA
3773548563,Un poco maestoso,Sport,Austria,Ost,Cimone,Cimone O - N,UIAA:9,9,UIAA
9707342484,Prima Vista,Sport,Austria,Ost,Cimone,Cimone SW - SO,UIAA:8-,8-,UIAA
1194173943,Südriss,Sport,Austria,Ost,Cimone,Cimone SW - SO,UIAA:5,5,UIAA
9707342385,Rachter Rissausstieg,Sport,Austria,Ost,Cimone,Cimone SW - SO,UIAA:4+,4+,UIAA
9707342286,Für Felix,Sport,Austria,Ost,Cimone,Cimone SW - SO,UIAA:7,7,UIAA
9707342187,Kurze Jagd,Sport,Austria,Ost,Cimone,Cimone SW - SO,UIAA:7+,7+,UIAA
9707342088,Alice D,Sport,Austria,Ost,Cimone,Cimone SW - SO,UIAA:7,7,UIAA
9707341989,Wespennest,Sport,Austria,Ost,Cimone,Cimone SW - SO,UIAA:8-,8-,UIAA
1193926023,Rechts außen ist nur Sch...,Sport,Austria,Ost,Cimone,Cimone SW - SO,UIAA:5-,5-,UIAA
4951466895,Einmal aufwärmen,Sport,Austria,Ost,Cimone,Cimone SW - SO,UIAA:6+,6+,UIAA
447821274,Botanikerriss,Sport,Austria,Ost,Cimone,Cimone SW - SO,UIAA:6-,6-,UIAA
447821175,Cimone Klo,Sport,Austria,Ost,Cimone,Cimone SW - SO,UIAA:7,7,UIAA
447821076,Der Rest ist Schweigen,Sport,Austria,Ost,Cimone,Cimone SW - SO,UIAA:7-,7-,UIAA
447820977,Nix is Fix,Sport,Austria,Ost,Cimone,Cimone SW - SO,UIAA:7-,7-,UIAA
447820878,Unterer SW-Riss,Sport,Austria,Ost,Cimone,Cimone SW - SO,UIAA:6+,6+,UIAA
447820779,Wie Phönix aus der Asche,Sport,Austria,Ost,Cimone,Cimone SW - SO,UIAA:7-,7-,UIAA
447820680,I kann (n)imma,Sport,Austria,Ost,Cimone,Cimone SW - SO,UIAA:8-,8-,UIAA
447820581,Linientreu,Sport,Austria,Ost,Cimone,Cimone SW - SO,UIAA:8,8,UIAA
447820482,Sonnenscheinriss,Sport,Austria,Ost,Cimone,Cimone SW - SO,UIAA:8-,8-,UIAA
447820383,Sonnenaufgang,Sport,Austria,Ost,Cimone,Cimone SW - SO,UIAA:7-,7-,UIAA
3418713030,Theater am Turm,Sport,Austria,Ost,Cimone,Cimone SW - SO,UIAA:8,8,UIAA
9707258745,Gipfelausstieg,Sport,Austria,Ost,Cimone,Cimone SW - SO,UIAA:6,6,UIAA
9707258646,Gipfelspalt,Sport,Austria,Ost,Cimone,Cimone SW - SO,UIAA:4,4,UIAA
9707258547,Unsquare dancing,Sport,Austria,Ost,Cimone,Cimone SW - SO,UIAA:6+,6+,UIAA
9707258448,Pam-Pam-Pfeiler,Sport,Austria,Ost,Cimone,Cimone SW - SO,UIAA:7,7,UIAA
9707258349,La Stravaganza,Sport,Austria,Ost,Cimone,Cimone SW - SO,UIAA:7,7,UIAA
9707258250,SW-Kamin,Sport,Austria,Ost,Cimone,Cimone SW - SO,UIAA:4,4,UIAA
9707258151,Metus Mentis,Sport,Austria,Ost,Cimone,Cimone SW - SO,UIAA:7,7,UIAA
9707258052,Oberer SW-Riss,Sport,Austria,Ost,Cimone,Cimone SW - SO,UIAA:6+,6+,UIAA
5963145276,SW-Verschneidung,Sport,Austria,Ost,Cimone,Cimone SW - SO,UIAA:6+,6+,UIAA
9707159895,Die Straße der Verlierer,Sport,Austria,Ost,Cimone,Cimone SW - SO,UIAA:8-,8-,UIAA
9707159757,Sieger sehen anders aus,Sport,Austria,Ost,Cimone,Cimone SW - SO,UIAA:9-,9-,UIAA
9707159658,Interpositum,Sport,Austria,Ost,Cimone,Cimone SW - SO,UIAA:7+,7+,UIAA
9707159559,Ultima Ratio,Sport,Austria,Ost,Cimone,Cimone SW - SO,UIAA:7-,7-,UIAA
9707159460,SW-Pfeiler,Sport,Austria,Ost,Cimone,Cimone SW - SO,UIAA:6+,6+,UIAA
9706898118,Geiersturzflug,Sport,Austria,Ost,Cimone,Cimone NW - SW,UIAA:7+,7+,UIAA
9706898019,Gaudius,Sport,Austria,Ost,Cimone,Cimone NW - SW,UIAA:7+,7+,UIAA
3226104948,Viribus Unitis,Sport,Austria,Ost,Cimone,Cimone NW - SW,UIAA:7,7,UIAA
667823451,Weg der Erstersteiger,Sport,Austria,Ost,Cimone,Cimone NW - SW,UIAA:3+,3+,UIAA
5963142411,Vorbauhammer,Sport,Austria,Ost,Cimone,Cimone NW - SW,UIAA:7-,7-,UIAA
9706897920,Vorbausch...(otter),Sport,Austria,Ost,Cimone,Cimone NW - SW,UIAA:4,4,UIAA
3226089321,Vorbauschreck,Sport,Austria,Ost,Cimone,Cimone NW - SW,UIAA:6-,6-,UIAA
9706897821,Gedanken los,Sport,Austria,Ost,Cimone,Cimone NW - SW,UIAA:8-,8-,UIAA
9706897722,Kill-O-Zap,Sport,Austria,Ost,Cimone,Cimone NW - SW,UIAA:7+,7+,UIAA
5240708025,Emmentaler,Sport,Austria,Ost,Cimone,Cimone NW - SW,UIAA:6,6,UIAA
3226099329,"Entbehrlich, aber schön",Sport,Austria,Ost,Cimone,Cimone NW - SW,UIAA:6-,6-,UIAA
5240679165,Skone-Variante,Sport,Austria,Ost,Cimone,Cimone NW - SW,UIAA:5-,5-,UIAA
5240677125,Westkantenplatte,Sport,Austria,Ost,Cimone,Cimone NW - SW,UIAA:4,4,UIAA
754282923,Käsplatte,Sport,Austria,Ost,Cimone,Cimone NW - SW,UIAA:5,5,UIAA
4956345693,Horror Mentis,Sport,Austria,Ost,Cimone,Cimone NW - SW,UIAA:7,7,UIAA
3830967546,"Glaube, Hoffnung, Interferon",Sport,Austria,Ost,Cimone,Cimone NW - SW,UIAA:5,5,UIAA
4956340530,Sag niemals nie,Sport,Austria,Ost,Cimone,Cimone NW - SW,UIAA:6-,6-,UIAA
4956330231,WWW,Sport,Austria,Ost,Cimone,Cimone NW - SW,UIAA:4+,4+,UIAA
5240647332,Ursus Latex,Sport,Austria,Ost,Cimone,Cimone NW - SW,UIAA:8-,8-,UIAA
5240651901,Biotop,Sport,Austria,Ost,Cimone,Cimone NW - SW,UIAA:7-,7-,UIAA
5240658507,NW-Riss,Sport,Austria,Ost,Cimone,Cimone NW - SW,UIAA:5,5,UIAA
5240662317,Lei no a Platzerl gwest,Sport,Austria,Ost,Cimone,Cimone NW - SW,UIAA:5+,5+,UIAA
5240668089,Rechter Normalweg,Sport,Austria,Ost,Cimone,Cimone NW - SW,UIAA:2-,2-,UIAA
5240675478,Linker Normalweg,Sport,Austria,Ost,Cimone,Cimone NW - SW,UIAA:2,2,UIAA
5240640447,Vom Normalweg abgewichen,Sport,Austria,Ost,Cimone,Cimone NW - SW,UIAA:5,5,UIAA
9718976421,Cimone-Couloir,Sport,Austria,Ost,Peilstein,"Vegetarierwand, Stösserwand",UIAA:1+,1+,UIAA
9718976328,Gontarski-Riss,Sport,Austria,Ost,Peilstein,"Vegetarierwand, Stösserwand",UIAA:4+,4+,UIAA
9718976235,Dradiwaberl,Sport,Austria,Ost,Peilstein,"Vegetarierwand, Stösserwand",UIAA:7,7,UIAA
9718976142,Wadlkamin,Sport,Austria,Ost,Peilstein,"Vegetarierwand, Stösserwand",UIAA:4-,4-,UIAA
9718976049,Weg des Alters,Sport,Austria,Ost,Peilstein,"Vegetarierwand, Stösserwand",UIAA:3,3,UIAA
9718975956,Hinz,Sport,Austria,Ost,Peilstein,"Vegetarierwand, Stösserwand",UIAA:6+,6+,UIAA
9718968618,Kunz,Sport,Austria,Ost,Peilstein,"Vegetarierwand, Stösserwand",UIAA:5,5,UIAA
9718968525,Schande,Sport,Austria,Ost,Peilstein,"Vegetarierwand, Stösserwand",UIAA:5+,5+,UIAA
7913359143,Schimpf,Sport,Austria,Ost,Peilstein,"Vegetarierwand, Stösserwand",UIAA:3+,3+,UIAA
9718968432,Träumerchen,Sport,Austria,Ost,Peilstein,"Vegetarierwand, Stösserwand",UIAA:5,5,UIAA
9718968339,Schräger Couloir-Riss,Sport,Austria,Ost,Peilstein,"Vegetarierwand, Stösserwand",UIAA:6-,6-,UIAA
9718968246,Arsch,Sport,Austria,Ost,Peilstein,"Vegetarierwand, Stösserwand",UIAA:9,9,UIAA
9718968153,Adolf Karl-Riss,Sport,Austria,Ost,Peilstein,"Vegetarierwand, Stösserwand",UIAA:7+,7+,UIAA
9718968060,Cicciolina,Sport,Austria,Ost,Peilstein,"Vegetarierwand, Stösserwand",UIAA:9,9,UIAA
9718967967,Klubkante,Sport,Austria,Ost,Peilstein,"Vegetarierwand, Stösserwand",UIAA:6-,6-,UIAA
9718967874,Frauenkränzchenweg,Sport,Austria,Ost,Peilstein,"Vegetarierwand, Stösserwand",UIAA:6,6,UIAA
9718967781,Variante Alpenklubsteig,Sport,Austria,Ost,Peilstein,"Vegetarierwand, Stösserwand",UIAA:2+,2+,UIAA
448009029,Alpenklubsteig,Sport,Austria,Ost,Peilstein,"Vegetarierwand, Stösserwand",UIAA:2+,2+,UIAA
448008930,Herrenklubsteig,Sport,Austria,Ost,Peilstein,"Vegetarierwand, Stösserwand",UIAA:3+,3+,UIAA
448008831,Direkte Vegetarierkante,Sport,Austria,Ost,Peilstein,"Vegetarierwand, Stösserwand",UIAA:5+,5+,UIAA
448008732,Vegetarierkante,Sport,Austria,Ost,Peilstein,"Vegetarierwand, Stösserwand",UIAA:4,4,UIAA
448008633,Peitscherlbua,Sport,Austria,Ost,Peilstein,"Vegetarierwand, Stösserwand",UIAA:6+,6+,UIAA
448005549,Vegetarierverschneidung,Sport,Austria,Ost,Peilstein,"Vegetarierwand, Stösserwand",UIAA:6+,6+,UIAA
448005450,Vegetarisch,Sport,Austria,Ost,Peilstein,"Vegetarierwand, Stösserwand",UIAA:4+,4+,UIAA
448005351,Obere Stösserwand,Sport,Austria,Ost,Peilstein,"Vegetarierwand, Stösserwand",UIAA:5+,5+,UIAA
448005252,Noch ein Irrtum,Sport,Austria,Ost,Peilstein,"Vegetarierwand, Stösserwand",UIAA:6,6,UIAA
448005153,Irren ist Menschlich,Sport,Austria,Ost,Peilstein,"Vegetarierwand, Stösserwand",UIAA:7+,7+,UIAA
448005054,Am Ausstieg verirrt,Sport,Austria,Ost,Peilstein,"Vegetarierwand, Stösserwand",UIAA:5,5,UIAA
448004955,Vegetariersteig,Sport,Austria,Ost,Peilstein,"Vegetarierwand, Stösserwand",UIAA:3,3,UIAA
448004853,Domina,Sport,Austria,Ost,Peilstein,"Vegetarierwand, Stösserwand",UIAA:6,6,UIAA
448004754,Direkter Vegetariersteig,Sport,Austria,Ost,Peilstein,"Vegetarierwand, Stösserwand",UIAA:3,3,UIAA
448004655,65er Steig,Sport,Austria,Ost,Peilstein,"Vegetarierwand, Stösserwand",UIAA:6-,6-,UIAA
448001586,A Krügerl für'n Karl,Sport,Austria,Ost,Peilstein,"Vegetarierwand, Stösserwand",UIAA:7-,7-,UIAA
448001487,Stösserriss,Sport,Austria,Ost,Peilstein,"Vegetarierwand, Stösserwand",UIAA:6+,6+,UIAA
448001388,Faktor 2,Sport,Austria,Ost,Peilstein,"Vegetarierwand, Stösserwand",UIAA:7-,7-,UIAA
448001289,Stösserwand,Sport,Austria,Ost,Peilstein,"Vegetarierwand, Stösserwand",UIAA:5+,5+,UIAA
448001190,Direktor Faktor 2,Sport,Austria,Ost,Peilstein,"Vegetarierwand, Stösserwand",UIAA:7,7,UIAA
448001091,Vol de Bruts,Sport,Austria,Ost,Peilstein,"Vegetarierwand, Stösserwand",UIAA:8-,8-,UIAA
448000992,Fangstoss,Sport,Austria,Ost,Peilstein,"Vegetarierwand, Stösserwand",UIAA:7-,7-,UIAA
448000893,Linkes Ufer,Sport,Austria,Ost,Peilstein,"Vegetarierwand, Stösserwand",UIAA:7,7,UIAA
448000794,Kurze Stürze zählen nicht,Sport,Austria,Ost,Peilstein,"Vegetarierwand, Stösserwand",UIAA:6+,6+,UIAA
448000695,Terzettkamin,Sport,Austria,Ost,Peilstein,"Vegetarierwand, Stösserwand",UIAA:5-,5-,UIAA
9719280420,Nachgeschraubt,Sport,Austria,Ost,Peilstein,"Fickertwand, Kanzelwand",UIAA:8-,8-,UIAA
9719280327,Chalkstone,Sport,Austria,Ost,Peilstein,"Fickertwand, Kanzelwand",UIAA:8,8,UIAA
9719280207,Schraubstock,Sport,Austria,Ost,Peilstein,"Fickertwand, Kanzelwand",UIAA:7-,7-,UIAA
9719247243,Direkte obere Kanzelwand,Sport,Austria,Ost,Peilstein,"Fickertwand, Kanzelwand",UIAA:7,7,UIAA
9719247117,Seil ab,Sport,Austria,Ost,Peilstein,"Fickertwand, Kanzelwand",UIAA:7+,7+,UIAA
9719246985,Obere Kanzelwand,Sport,Austria,Ost,Peilstein,"Fickertwand, Kanzelwand",UIAA:5+,5+,UIAA
9719246880,Windsbraut,Sport,Austria,Ost,Peilstein,"Fickertwand, Kanzelwand",UIAA:6-,6-,UIAA
9719246787,Jaraweg,Sport,Austria,Ost,Peilstein,"Fickertwand, Kanzelwand",UIAA:5+,5+,UIAA
9719246694,Saxophone in freier Wildbahn,Sport,Austria,Ost,Peilstein,"Fickertwand, Kanzelwand",UIAA:10-,10-,UIAA
9719246601,Busen mit Docht,Sport,Austria,Ost,Peilstein,"Fickertwand, Kanzelwand",UIAA:10-,10-,UIAA
9719246508,Gstrein-Stangl,Sport,Austria,Ost,Peilstein,"Fickertwand, Kanzelwand",UIAA:9-,9-,UIAA
9719246415,Xtended Version,Sport,Austria,Ost,Peilstein,"Fickertwand, Kanzelwand",UIAA:10,10,UIAA
9719246322,Kancel All Durogonal,Sport,Austria,Ost,Peilstein,"Fickertwand, Kanzelwand",UIAA:11-,11-,UIAA
447999171,Das Kletterviagra,Sport,Austria,Ost,Peilstein,"Fickertwand, Kanzelwand",UIAA:7,7,UIAA
447999072,Fickertriss,Sport,Austria,Ost,Peilstein,"Fickertwand, Kanzelwand",UIAA:6+,6+,UIAA
447998973,Sauer macht lustig,Sport,Austria,Ost,Peilstein,"Fickertwand, Kanzelwand",UIAA:7+,7+,UIAA
9719029155,Direkter Gargle Blaster,Sport,Austria,Ost,Peilstein,"Fickertwand, Kanzelwand",UIAA:7-,7-,UIAA
9719029062,10. Gebot,Sport,Austria,Ost,Peilstein,"Fickertwand, Kanzelwand",UIAA:9-,9-,UIAA
9719028969,Mehr Beißer als Scheißer,Sport,Austria,Ost,Peilstein,"Fickertwand, Kanzelwand",UIAA:8-,8-,UIAA
9719028876,Lieber Urlaub in Tschernobyl,Sport,Austria,Ost,Peilstein,"Fickertwand, Kanzelwand",UIAA:9,9,UIAA
9719028777,Netzförmige Zerstörung,Sport,Austria,Ost,Peilstein,"Fickertwand, Kanzelwand",UIAA:9-,9-,UIAA
9719028684,Pan galactic gargle blaster,Sport,Austria,Ost,Peilstein,"Fickertwand, Kanzelwand",UIAA:7+,7+,UIAA
9719028591,Clash,Sport,Austria,Ost,Peilstein,"Fickertwand, Kanzelwand",UIAA:8-,8-,UIAA
9719028498,Sandinista,Sport,Austria,Ost,Peilstein,"Fickertwand, Kanzelwand",UIAA:7,7,UIAA
9719028405,Ungeschickt lässt grüßen,Sport,Austria,Ost,Peilstein,"Fickertwand, Kanzelwand",UIAA:7+,7+,UIAA
9719028312,Herzflattern,Sport,Austria,Ost,Peilstein,"Fickertwand, Kanzelwand",UIAA:7+,7+,UIAA
10446553851,Zwickl naturtrüb,Sport,Austria,Ost,Peilstein,"Fickertwand, Kanzelwand",UIAA:8+,8+,UIAA
9719028219,Rechter Ausstieg,Sport,Austria,Ost,Peilstein,"Fickertwand, Kanzelwand",UIAA:5,5,UIAA
9719028126,Linker Ausstieg,Sport,Austria,Ost,Peilstein,"Fickertwand, Kanzelwand",UIAA:5+,5+,UIAA
9719028030,Fickertwand,Sport,Austria,Ost,Peilstein,"Fickertwand, Kanzelwand",UIAA:6+,6+,UIAA
9719027853,Rasselbande Kathi & Benji,Sport,Austria,Ost,Peilstein,"Fickertwand, Kanzelwand",UIAA:6,6,UIAA
9719027703,Canossagang zum ÖGV,Sport,Austria,Ost,Peilstein,"Fickertwand, Kanzelwand",UIAA:4+,4+,UIAA
9719027547,Bitte noch an Haken,Sport,Austria,Ost,Peilstein,"Fickertwand, Kanzelwand",UIAA:5,5,UIAA
9719027391,Dreamteam Karin & Peter,Sport,Austria,Ost,Peilstein,"Fickertwand, Kanzelwand",UIAA:6+,6+,UIAA
9719027220,Zustiegsschrofen,Sport,Austria,Ost,Peilstein,"Fickertwand, Kanzelwand",UIAA:4+,4+,UIAA
9693218853,BG-Kamin,Sport,Austria,Ost,Peilstein,Große Peilsteinwand,UIAA:5,5,UIAA
2725168179,Peilstein-Rest'ln,Sport,Austria,Ost,Peilstein,Große Peilsteinwand,UIAA:7-,7-,UIAA
2725168074,Wahl der Qual,Sport,Austria,Ost,Peilstein,Große Peilsteinwand,UIAA:4+,4+,UIAA
2725167969,Club der schönen Mütter,Sport,Austria,Ost,Peilstein,Große Peilsteinwand,UIAA:9,9,UIAA
2725167864,Aufsteigen,Sport,Austria,Ost,Peilstein,Große Peilsteinwand,UIAA:7+,7+,UIAA
2725167753,Ziag'n oder fliag'n,Sport,Austria,Ost,Peilstein,Große Peilsteinwand,UIAA:8-,8-,UIAA
2725167645,Ewig bestig,Sport,Austria,Ost,Peilstein,Große Peilsteinwand,UIAA:8,8,UIAA
2725167540,Steigen und Schweben,Sport,Austria,Ost,Peilstein,Große Peilsteinwand,UIAA:7+,7+,UIAA
2725167429,Steigen direkt,Sport,Austria,Ost,Peilstein,Große Peilsteinwand,UIAA:8,8,UIAA
2725167324,Molto fill,Sport,Austria,Ost,Peilstein,Große Peilsteinwand,UIAA:8-,8-,UIAA
2725167213,Molto flott,Sport,Austria,Ost,Peilstein,Große Peilsteinwand,UIAA:8-,8-,UIAA
2725167108,AK II,Sport,Austria,Ost,Peilstein,Große Peilsteinwand,UIAA:9-,9-,UIAA
2725167003,Es is eh leicht,Sport,Austria,Ost,Peilstein,Große Peilsteinwand,UIAA:8-,8-,UIAA
2725166898,Knabenliebe,Sport,Austria,Ost,Peilstein,Große Peilsteinwand,UIAA:8-,8-,UIAA
2725166793,Harakiriplatte,Sport,Austria,Ost,Peilstein,Große Peilsteinwand,UIAA:7-,7-,UIAA
2725166688,Hugo Fabian Riss,Sport,Austria,Ost,Peilstein,Große Peilsteinwand,UIAA:6-,6-,UIAA
2725166583,Gorillapolka,Sport,Austria,Ost,Peilstein,Große Peilsteinwand,UIAA:6+,6+,UIAA
2725166478,Meerkatzentango,Sport,Austria,Ost,Peilstein,Große Peilsteinwand,UIAA:8,8,UIAA
2725166373,Schimpansenwalzer,Sport,Austria,Ost,Peilstein,Große Peilsteinwand,UIAA:7+,7+,UIAA
2725166268,Strohwitwer,Sport,Austria,Ost,Peilstein,Große Peilsteinwand,UIAA:6,6,UIAA
2725166163,Urango Tango,Sport,Austria,Ost,Peilstein,Große Peilsteinwand,UIAA:6,6,UIAA
2725166052,"Moskau, Moskau",Sport,Austria,Ost,Peilstein,Große Peilsteinwand,UIAA:7-,7-,UIAA
2725165944,Wurstknödel-Gedächtnissweg,Sport,Austria,Ost,Peilstein,Große Peilsteinwand,UIAA:7,7,UIAA
2725165833,Grandma Moses,Sport,Austria,Ost,Peilstein,Große Peilsteinwand,UIAA:6+,6+,UIAA
2725165722,Direkter D'Alten Moser,Sport,Austria,Ost,Peilstein,Große Peilsteinwand,UIAA:5+,5+,UIAA
2725165617,D'Alten Moser,Sport,Austria,Ost,Peilstein,Große Peilsteinwand,UIAA:5+,5+,UIAA
2725165512,Berglerkante,Sport,Austria,Ost,Peilstein,Große Peilsteinwand,UIAA:6-,6-,UIAA
628730565,Allerheiligensteig,Sport,Austria,Ost,Peilstein,Matterhorn,UIAA:6+,6+,UIAA
628730664,Allerseelenweg,Sport,Austria,Ost,Peilstein,Matterhorn,UIAA:5,5,UIAA
4591756983,Die Vollendung,Sport,Austria,Ost,Peilstein,Matterhorn,UIAA:6+,6+,UIAA
4591757076,Nach der Vollendung,Sport,Austria,Ost,Peilstein,Matterhorn,UIAA:6+,6+,UIAA
9693000618,SW-Wand,Sport,Austria,Ost,Peilstein,Matterhorn,UIAA:4-,4-,UIAA
9693000525,Salamba Shirsasana,Sport,Austria,Ost,Peilstein,Matterhorn,UIAA:8-,8-,UIAA
9693000432,I kann mi net schlichten,Sport,Austria,Ost,Peilstein,Matterhorn,UIAA:8,8,UIAA
447997479,Doppelte Nulllösung,Sport,Austria,Ost,Peilstein,Matterhorn,UIAA:7,7,UIAA
447997380,Brandopfer,Sport,Austria,Ost,Peilstein,Matterhorn,UIAA:6+,6+,UIAA
447997281,Sphinx,Sport,Austria,Ost,Peilstein,Matterhorn,UIAA:6,6,UIAA
9693000339,Peilsteinbazi,Sport,Austria,Ost,Peilstein,Matterhorn,UIAA:7-,7-,UIAA
853629975,Stadler-Swoboda-Riss,Sport,Austria,Ost,Peilstein,Matterhorn,UIAA:5,5,UIAA
648411735,Voyeur,Sport,Austria,Ost,Peilstein,Matterhorn,UIAA:8-,8-,UIAA
9693000246,Wolfgangtour,Sport,Austria,Ost,Peilstein,Matterhorn,UIAA:9-,9-,UIAA
9693000153,Fertig werd' ich nie,Sport,Austria,Ost,Peilstein,Matterhorn,UIAA:8+,8+,UIAA
853634691,Josef Obermann-Gedenkweg,Sport,Austria,Ost,Peilstein,Matterhorn,UIAA:8,8,UIAA
6331194849,"Eh ganz leicht, oder?",Sport,Austria,Ost,Peilstein,Matterhorn,UIAA:8,8,UIAA
853637499,Matterhornverschneidung,Sport,Austria,Ost,Peilstein,Matterhorn,UIAA:6,6,UIAA
4621519683,NW-Wand,Sport,Austria,Ost,Peilstein,Matterhorn,UIAA:6-,6-,UIAA
4591757175,Elternschule,Sport,Austria,Ost,Peilstein,Matterhorn,UIAA:5+,5+,UIAA
9693000060,Nur für Kinder,Sport,Austria,Ost,Peilstein,Matterhorn,UIAA:3,3,UIAA
628730466,"Für Karl, Kurt und Arnold",Sport,Austria,Ost,Peilstein,Matterhorn,UIAA:7-,7-,UIAA
9692999967,NW-Riss,Sport,Austria,Ost,Peilstein,Matterhorn,UIAA:5,5,UIAA
9692971218,Für'n Hugo,Sport,Austria,Ost,Peilstein,Matterhorn,UIAA:7+,7+,UIAA
9692969505,Tesarpfeiler,Sport,Austria,Ost,Peilstein,Matterhorn,UIAA:6-,6-,UIAA
5290772922,Wanda,Sport,Austria,Ost,Peilstein,Matterhorn,UIAA:7-,7-,UIAA
5290772829,Hedi Weiser-Gedenkweg,Sport,Austria,Ost,Peilstein,Matterhorn,UIAA:7-,7-,UIAA
5290772724,Kadenz für zwei Finger,Sport,Austria,Ost,Peilstein,Matterhorn,UIAA:8-,8-,UIAA
5290770057,Mayerwirt,Sport,Austria,Ost,Peilstein,Matterhorn,UIAA:7,7,UIAA
447993924,Direkte Berglerkante,Sport,Austria,Ost,Peilstein,Uhuwinkel,UIAA:6,6,UIAA
447993825,Berglersteig,Sport,Austria,Ost,Peilstein,Uhuwinkel,UIAA:3+,3+,UIAA
447993726,Wienerwaldexpress,Sport,Austria,Ost,Peilstein,Uhuwinkel,UIAA:7-,7-,UIAA
447993627,Neue Geschichten aus dem Wienerwald,Sport,Austria,Ost,Peilstein,Uhuwinkel,UIAA:8-,8-,UIAA
447993528,HiHi Haaarrr,Sport,Austria,Ost,Peilstein,Uhuwinkel,UIAA:8-,8-,UIAA
447993429,Horror vacui,Sport,Austria,Ost,Peilstein,Uhuwinkel,UIAA:8-,8-,UIAA
447993330,Hans Hölzl-Weg,Sport,Austria,Ost,Peilstein,Uhuwinkel,UIAA:6+,6+,UIAA
9719378355,Da rauf,Sport,Austria,Ost,Peilstein,Uhuwinkel,UIAA:7+,7+,UIAA
9719378262,Your cart of American,Sport,Austria,Ost,Peilstein,Uhuwinkel,UIAA:7+,7+,UIAA
9719378169,Vatertag,Sport,Austria,Ost,Peilstein,Uhuwinkel,UIAA:8-,8-,UIAA
2725181721,"Esel, streck dich",Sport,Austria,Ost,Peilstein,Uhuwinkel,UIAA:7,7,UIAA
9719367639,Esel vermehren sich doch,Sport,Austria,Ost,Peilstein,Uhuwinkel,UIAA:8-,8-,UIAA
9719367546,"Esel, spreiz doch",Sport,Austria,Ost,Peilstein,Uhuwinkel,UIAA:7+,7+,UIAA
9719367453,Die graue Eminenz,Sport,Austria,Ost,Peilstein,Uhuwinkel,UIAA:6+,6+,UIAA
9719367360,Selbstmörderriss,Sport,Austria,Ost,Peilstein,Uhuwinkel,UIAA:5+,5+,UIAA
9719367267,Oertner-Schwenk-Kamin,Sport,Austria,Ost,Peilstein,Uhuwinkel,UIAA:3+,3+,UIAA
9719367174,In die Ecke Besen,Sport,Austria,Ost,Peilstein,Uhuwinkel,UIAA:8-,8-,UIAA
9719367081,Kellerkind,Sport,Austria,Ost,Peilstein,Uhuwinkel,UIAA:9+,9+,UIAA
9719366988,Annyvariante,Sport,Austria,Ost,Peilstein,Uhuwinkel,UIAA:6+,6+,UIAA
4796045763,Plattiger Riss,Sport,Austria,Ost,Peilstein,Uhuwinkel,UIAA:5-,5-,UIAA
9719366895,Mondo Bizarre,Sport,Austria,Ost,Peilstein,Uhuwinkel,UIAA:9+,9+,UIAA
9719366802,Uhudler,Sport,Austria,Ost,Peilstein,Uhuwinkel,UIAA:7+,7+,UIAA
9719366709,Voralpensaga,Sport,Austria,Ost,Peilstein,Uhuwinkel,UIAA:7+,7+,UIAA
9719366616,Direkter Jahnpfeiler,Sport,Austria,Ost,Peilstein,Uhuwinkel,UIAA:6+,6+,UIAA
9719366523,Wilde Mexikanerin,Sport,Austria,Ost,Peilstein,Uhuwinkel,UIAA:6-,6-,UIAA
9719366430,Die erste Mexikanerin,Sport,Austria,Ost,Peilstein,Uhuwinkel,UIAA:8,8,UIAA
9719366337,Franzl's Erste,Sport,Austria,Ost,Peilstein,Uhuwinkel,UIAA:7,7,UIAA
9719366244,Direkter Jahnkamin,Sport,Austria,Ost,Peilstein,Uhuwinkel,UIAA:4-,4-,UIAA
9719366145,Jahn-Connection,Sport,Austria,Ost,Peilstein,Uhuwinkel,UIAA:6+,6+,UIAA
3854674659,Jahnkamin,Sport,Austria,Ost,Peilstein,Uhuwinkel,UIAA:3,3,UIAA
9719366043,Jahn Outline,Sport,Austria,Ost,Peilstein,Uhuwinkel,UIAA:7,7,UIAA
9719365950,Prostetnic Vogon Jeltz,Sport,Austria,Ost,Peilstein,Uhuwinkel,UIAA:7,7,UIAA
9719365857,Aufgefüllt,Sport,Austria,Ost,Peilstein,Uhuwinkel,UIAA:7+,7+,UIAA
2725184259,Jahnpfeiler,Sport,Austria,Ost,Peilstein,Uhuwinkel,UIAA:6,6,UIAA
9725963322,Bananenschnitte,Sport,Austria,Ost,Peilstein,Große Teufelsbadstubenwand,UIAA:4-,4-,UIAA
447984648,Linzer Torte,Sport,Austria,Ost,Peilstein,Große Teufelsbadstubenwand,UIAA:7,7,UIAA
447984549,Faschingskrapfen,Sport,Austria,Ost,Peilstein,Große Teufelsbadstubenwand,UIAA:7-,7-,UIAA
447984450,Malakoff-Torte,Sport,Austria,Ost,Peilstein,Große Teufelsbadstubenwand,UIAA:5-,5-,UIAA
447984351,Wo is da Vickasteig,Sport,Austria,Ost,Peilstein,Große Teufelsbadstubenwand,UIAA:8-,8-,UIAA
447984252,Des is a net,Sport,Austria,Ost,Peilstein,Große Teufelsbadstubenwand,UIAA:7-,7-,UIAA
447984153,Links vom Vickasteig,Sport,Austria,Ost,Peilstein,Große Teufelsbadstubenwand,UIAA:5-,5-,UIAA
447984075,"Happy Birthday, Ischty",Sport,Austria,Ost,Peilstein,Große Teufelsbadstubenwand,UIAA:9+,9+,UIAA
447983976,Reparierter Liesinger,Sport,Austria,Ost,Peilstein,Große Teufelsbadstubenwand,UIAA:7+,7+,UIAA
447983877,Lächeln am Ende der Leiter,Sport,Austria,Ost,Peilstein,Große Teufelsbadstubenwand,UIAA:8-,8-,UIAA
447983778,Elfentanz,Sport,Austria,Ost,Peilstein,Große Teufelsbadstubenwand,UIAA:7-,7-,UIAA
447983679,Tanz der kleinen Feen,Sport,Austria,Ost,Peilstein,Große Teufelsbadstubenwand,UIAA:6+,6+,UIAA
447971535,Kleine Fee vom Praterstern,Sport,Austria,Ost,Peilstein,Große Teufelsbadstubenwand,UIAA:7,7,UIAA
447971436,11.11.11:11,Sport,Austria,Ost,Peilstein,Große Teufelsbadstubenwand,UIAA:8,8,UIAA
447971337,Klettermädchensteig,Sport,Austria,Ost,Peilstein,Große Teufelsbadstubenwand,UIAA:6-,6-,UIAA
447971238,Kletterbrüdersteig,Sport,Austria,Ost,Peilstein,Große Teufelsbadstubenwand,UIAA:5,5,UIAA
447971139,Joes Traum,Sport,Austria,Ost,Peilstein,Große Teufelsbadstubenwand,UIAA:6-,6-,UIAA
447971040,Badeschlapf'n on sight,Sport,Austria,Ost,Peilstein,Große Teufelsbadstubenwand,UIAA:7,7,UIAA
447970941,Schwarzer Frania Weg,Sport,Austria,Ost,Peilstein,Große Teufelsbadstubenwand,UIAA:6+,6+,UIAA
447970842,Is ma Wurscht,Sport,Austria,Ost,Peilstein,Große Teufelsbadstubenwand,UIAA:8,8,UIAA
447970743,Reifvariante,Sport,Austria,Ost,Peilstein,Große Teufelsbadstubenwand,UIAA:5-,5-,UIAA
447970644,Ballounsteig,Sport,Austria,Ost,Peilstein,Große Teufelsbadstubenwand,UIAA:5,5,UIAA
628725726,Linker Balloun,Sport,Austria,Ost,Peilstein,Große Teufelsbadstubenwand,UIAA:4+,4+,UIAA
628726404,Ballounriss,Sport,Austria,Ost,Peilstein,Große Teufelsbadstubenwand,UIAA:5+,5+,UIAA
9726185865,(W)eight Watcher,Sport,Austria,Ost,Peilstein,Große Teufelsbadstubenwand,UIAA:8,8,UIAA
9726185772,Tatschkerlhack'n fur Wölfe,Sport,Austria,Ost,Peilstein,Große Teufelsbadstubenwand,UIAA:8,8,UIAA
9726185679,Cocoon,Sport,Austria,Ost,Peilstein,Große Teufelsbadstubenwand,UIAA:10-,10-,UIAA
9726185586,Knüppel aus dem Sack,Sport,Austria,Ost,Peilstein,Große Teufelsbadstubenwand,UIAA:9,9,UIAA
9726185493,Höhlenquergang,Sport,Austria,Ost,Peilstein,Große Teufelsbadstubenwand,UIAA:10-,10-,UIAA
9726185400,Kleines ABC der Überhänge,Sport,Austria,Ost,Peilstein,Große Teufelsbadstubenwand,UIAA:9-,9-,UIAA
9726185307,Meister im Kistl,Sport,Austria,Ost,Peilstein,Große Teufelsbadstubenwand,UIAA:8-,8-,UIAA
9726185214,Laubheimerriss,Sport,Austria,Ost,Peilstein,Große Teufelsbadstubenwand,UIAA:6-,6-,UIAA
9726185121,Die Alternative,Sport,Austria,Ost,Peilstein,Große Teufelsbadstubenwand,UIAA:6+,6+,UIAA
9726184968,Fur Alternaive,Sport,Austria,Ost,Peilstein,Große Teufelsbadstubenwand,UIAA:7,7,UIAA
9726184836,Teufelsbadstubenkamin,Sport,Austria,Ost,Peilstein,Große Teufelsbadstubenwand,UIAA:3+,3+,UIAA
9726184695,Dessertplatte,Sport,Austria,Ost,Peilstein,Große Teufelsbadstubenwand,UIAA:5+,5+,UIAA
9726184557,Kleiner Nachtich,Sport,Austria,Ost,Peilstein,Große Teufelsbadstubenwand,UIAA:6,6,UIAA
9726184437,Kesselwand,Sport,Austria,Ost,Peilstein,Große Teufelsbadstubenwand,UIAA:5+,5+,UIAA
9726184332,Einserriss,Sport,Austria,Ost,Peilstein,Große Teufelsbadstubenwand,UIAA:6,6,UIAA
9726184194,Kartoffelbrei,Sport,Austria,Ost,Peilstein,Große Teufelsbadstubenwand,UIAA:7-,7-,UIAA
9726184077,Ostkante,Sport,Austria,Ost,Peilstein,Große Teufelsbadstubenwand,UIAA:2,2,UIAA
9726183984,Gigimania,Sport,Austria,Ost,Peilstein,Große Teufelsbadstubenwand,UIAA:4,4,UIAA
9726183891,"Früh übt sich, ...",Sport,Austria,Ost,Peilstein,Große Teufelsbadstubenwand,UIAA:3,3,UIAA
9726183798,Westkante,Sport,Austria,Ost,Peilstein,Große Teufelsbadstubenwand,UIAA:4,4,UIAA
9726183705,Badstubenplatte,Sport,Austria,Ost,Peilstein,Große Teufelsbadstubenwand,UIAA:2+,2+,UIAA
9726183612,Badewannenplatte,Sport,Austria,Ost,Peilstein,Große Teufelsbadstubenwand,UIAA:3+,3+,UIAA
9726183519,Badstubenverschneidung,Sport,Austria,Ost,Peilstein,Große Teufelsbadstubenwand,UIAA:3+,3+,UIAA
9726183426,Leitstelle 7i,Sport,Austria,Ost,Peilstein,Große Teufelsbadstubenwand,UIAA:5+,5+,UIAA
9725963229,Danke Dottores,Sport,Austria,Ost,Peilstein,Große Teufelsbadstubenwand,UIAA:9-,9-,UIAA
9725963136,Teufelsbadstubensteig,Sport,Austria,Ost,Peilstein,Große Teufelsbadstubenwand,UIAA:2,2,UIAA
5298223653,Badstubenkante,Sport,Austria,Ost,Peilstein,"Kl. Teufelsbadstubenwand, Einserturm",UIAA:8-,8-,UIAA
5298212106,Einserturmplatte,Sport,Austria,Ost,Peilstein,"Kl. Teufelsbadstubenwand, Einserturm",UIAA:5,5,UIAA
5298208815,Unterer Westriss,Sport,Austria,Ost,Peilstein,"Kl. Teufelsbadstubenwand, Einserturm",UIAA:5,5,UIAA
5298203379,Rissschrofen,Sport,Austria,Ost,Peilstein,"Kl. Teufelsbadstubenwand, Einserturm",UIAA:6-,6-,UIAA
5298199173,Direkter Einsersteig,Sport,Austria,Ost,Peilstein,"Kl. Teufelsbadstubenwand, Einserturm",UIAA:6-,6-,UIAA
5298235713,Die kleine Uberraschung,Sport,Austria,Ost,Peilstein,"Kl. Teufelsbadstubenwand, Einserturm",UIAA:6,6,UIAA
5298231984,Die große Uberraschung,Sport,Austria,Ost,Peilstein,"Kl. Teufelsbadstubenwand, Einserturm",UIAA:7,7,UIAA
5298225381,Nichts fur kleine Madchen,Sport,Austria,Ost,Peilstein,"Kl. Teufelsbadstubenwand, Einserturm",UIAA:8-,8-,UIAA
10061530008,Schleimspur,Sport,Austria,Ost,Peilstein,"Kl. Teufelsbadstubenwand, Einserturm",UIAA:8,8,UIAA
10061529909,Dirtl-Fritz-Steig,Sport,Austria,Ost,Peilstein,"Kl. Teufelsbadstubenwand, Einserturm",UIAA:6-,6-,UIAA
10061529810,Speedway,Sport,Austria,Ost,Peilstein,"Kl. Teufelsbadstubenwand, Einserturm",UIAA:7,7,UIAA
10061529705,LFPD-Gedächtnisweg,Sport,Austria,Ost,Peilstein,"Kl. Teufelsbadstubenwand, Einserturm",UIAA:4+,4+,UIAA
10061529606,Ironman,Sport,Austria,Ost,Peilstein,"Kl. Teufelsbadstubenwand, Einserturm",UIAA:8-,8-,UIAA
10061529513,Schwarzensteinerkamin,Sport,Austria,Ost,Peilstein,"Kl. Teufelsbadstubenwand, Einserturm",UIAA:5+,5+,UIAA
10061529414,Tryphon tournesole,Sport,Austria,Ost,Peilstein,"Kl. Teufelsbadstubenwand, Einserturm",UIAA:9-,9-,UIAA
10061529315,Die depperte Kant'n do,Sport,Austria,Ost,Peilstein,"Kl. Teufelsbadstubenwand, Einserturm",UIAA:8-,8-,UIAA
10061529210,Blitzg'scheit,Sport,Austria,Ost,Peilstein,"Kl. Teufelsbadstubenwand, Einserturm",UIAA:7+,7+,UIAA
10061529111,Links rechts gilt's nicht,Sport,Austria,Ost,Peilstein,"Kl. Teufelsbadstubenwand, Einserturm",UIAA:7,7,UIAA
4864915986,Saudumme outdoor adventures,Sport,Austria,Ost,Peilstein,"Kl. Teufelsbadstubenwand, Einserturm",UIAA:7,7,UIAA
10061496342,Grillverschneidung,Sport,Austria,Ost,Peilstein,"Kl. Teufelsbadstubenwand, Einserturm",UIAA:5,5,UIAA
10061488758,Grillkante,Sport,Austria,Ost,Peilstein,"Kl. Teufelsbadstubenwand, Einserturm",UIAA:4+,4+,UIAA
10061485380,Buchsteinersteig,Sport,Austria,Ost,Peilstein,"Kl. Teufelsbadstubenwand, Einserturm",UIAA:3,3,UIAA
10061482857,Buchsteinerriss,Sport,Austria,Ost,Peilstein,"Kl. Teufelsbadstubenwand, Einserturm",UIAA:3+,3+,UIAA
4864911291,"Lang, aber dreckig",Sport,Austria,Ost,Peilstein,"Kl. Teufelsbadstubenwand, Einserturm",UIAA:7,7,UIAA
10061479995,Bad vibration,Sport,Austria,Ost,Peilstein,"Kl. Teufelsbadstubenwand, Einserturm",UIAA:7,7,UIAA
10061478339,Good vibration,Sport,Austria,Ost,Peilstein,"Kl. Teufelsbadstubenwand, Einserturm",UIAA:7+,7+,UIAA
10061473488,Leporello,Sport,Austria,Ost,Peilstein,"Kl. Teufelsbadstubenwand, Einserturm",UIAA:7,7,UIAA
1795213794,Don Juan,Sport,Austria,Ost,Peilstein,"Kl. Teufelsbadstubenwand, Einserturm",UIAA:7+,7+,UIAA
10061469282,"Hurra, wir kleben noch",Sport,Austria,Ost,Peilstein,"Kl. Teufelsbadstubenwand, Einserturm",UIAA:7-,7-,UIAA
10061463402,High Density,Sport,Austria,Ost,Peilstein,"Kl. Teufelsbadstubenwand, Einserturm",UIAA:7+,7+,UIAA
6181343301,Wanderfreunderiss,Sport,Austria,Ost,Peilstein,"Kl. Teufelsbadstubenwand, Einserturm",UIAA:5,5,UIAA
10061457363,Wanderfreundeweg,Sport,Austria,Ost,Peilstein,"Kl. Teufelsbadstubenwand, Einserturm",UIAA:4,4,UIAA
662877333,Huschisteig,Sport,Austria,Ost,Peilstein,"Kl. Teufelsbadstubenwand, Einserturm",UIAA:4+,4+,UIAA
6172008441,Huschiriss,Sport,Austria,Ost,Peilstein,"Kl. Teufelsbadstubenwand, Einserturm",UIAA:6-,6-,UIAA
6172004634,Huschikante,Sport,Austria,Ost,Peilstein,"Kl. Teufelsbadstubenwand, Einserturm",UIAA:6+,6+,UIAA
9848972529,Rohrstutzen,Sport,Austria,Ost,Peilstein,Rohr,UIAA:5-,5-,UIAA
628724409,Rohrbruch,Sport,Austria,Ost,Peilstein,Rohr,UIAA:4+,4+,UIAA
9848972418,Geräumtes Rohr,Sport,Austria,Ost,Peilstein,Rohr,UIAA:4+,4+,UIAA
9848972313,Kanalrohr,Sport,Austria,Ost,Peilstein,Rohr,UIAA:5+,5+,UIAA
9848972208,Röhrling,Sport,Austria,Ost,Peilstein,Rohr,UIAA:6+,6+,UIAA
9844654503,Verstopftes Rohr,Sport,Austria,Ost,Peilstein,Rohr,UIAA:8-,8-,UIAA
9844654404,Rohrkrepierer,Sport,Austria,Ost,Peilstein,Rohr,UIAA:4-,4-,UIAA
9844654293,Volles Rohr,Sport,Austria,Ost,Peilstein,Rohr,UIAA:5,5,UIAA
9844654188,Röhrchen,Sport,Austria,Ost,Peilstein,Rohr,UIAA:5+,5+,UIAA
9844654083,Langerriss,Sport,Austria,Ost,Peilstein,Rohr,UIAA:6-,6-,UIAA
9844653978,Kurzerriss,Sport,Austria,Ost,Peilstein,Rohr,UIAA:5+,5+,UIAA
9844653873,Rohrkante,Sport,Austria,Ost,Peilstein,Rohr,UIAA:4-,4-,UIAA
750936507,Jolly Joker,Sport,Austria,Ost,Peilstein,Luckete Wand u. Frohsinnwand,UIAA:6-,6-,UIAA
10308448308,Verrücktes Haserl,Sport,Austria,Ost,Peilstein,Luckete Wand u. Frohsinnwand,UIAA:8,8,UIAA
750936408,Variante Brunnerriss,Sport,Austria,Ost,Peilstein,Luckete Wand u. Frohsinnwand,UIAA:6-,6-,UIAA
750936309,Brunnerriss,Sport,Austria,Ost,Peilstein,Luckete Wand u. Frohsinnwand,UIAA:6,6,UIAA
750936210,Das letzte Karnickel,Sport,Austria,Ost,Peilstein,Luckete Wand u. Frohsinnwand,UIAA:9,9,UIAA
750936111,Schwarzensteinerriss,Sport,Austria,Ost,Peilstein,Luckete Wand u. Frohsinnwand,UIAA:6,6,UIAA
750936012,The Great Gonso gargles Gershwin,Sport,Austria,Ost,Peilstein,Luckete Wand u. Frohsinnwand,UIAA:7+,7+,UIAA
750935913,Big bang bungle bogon,Sport,Austria,Ost,Peilstein,Luckete Wand u. Frohsinnwand,UIAA:7,7,UIAA
10308437508,"""Mir fallt kana ein""",Sport,Austria,Ost,Peilstein,Luckete Wand u. Frohsinnwand,UIAA:9,9,UIAA
10308427278,"""I' sag' da's bald""",Sport,Austria,Ost,Peilstein,Luckete Wand u. Frohsinnwand,UIAA:9,9,UIAA
750935814,Karla Kolumna-Kante,Sport,Austria,Ost,Peilstein,Luckete Wand u. Frohsinnwand,UIAA:7,7,UIAA
750935715,Wienersteig,Sport,Austria,Ost,Peilstein,Luckete Wand u. Frohsinnwand,UIAA:5+,5+,UIAA
750935616,Benjamin Blümchen-Riss,Sport,Austria,Ost,Peilstein,Luckete Wand u. Frohsinnwand,UIAA:6,6,UIAA
750935517,Frohsinnsteig,Sport,Austria,Ost,Peilstein,Luckete Wand u. Frohsinnwand,UIAA:2-,2-,UIAA
750935418,Narrensteig,Sport,Austria,Ost,Peilstein,Luckete Wand u. Frohsinnwand,UIAA:3+,3+,UIAA
750935319,Boulderplatte,Sport,Austria,Ost,Peilstein,Luckete Wand u. Frohsinnwand,UIAA:7-,7-,UIAA
750935220,Oberer Hedwig-Reif-Weg,Sport,Austria,Ost,Peilstein,Luckete Wand u. Frohsinnwand,UIAA:5,5,UIAA
627875301,Unterer Hedwig-Reif-Weg,Sport,Austria,Ost,Peilstein,Luckete Wand u. Frohsinnwand,UIAA:6,6,UIAA
628721934,Nieberlriss,Sport,Austria,Ost,Peilstein,Luckete Wand u. Frohsinnwand,UIAA:6,6,UIAA
9600779736,"Oje, glei",Sport,Austria,Ost,Peilstein,Luckete Wand u. Frohsinnwand,UIAA:8,8,UIAA
3287090553,Sonnenstich,Sport,Austria,Ost,Peilstein,Luckete Wand u. Frohsinnwand,UIAA:5+,5+,UIAA
750904680,Sonnenweg,Sport,Austria,Ost,Peilstein,Luckete Wand u. Frohsinnwand,UIAA:4,4,UIAA
10308399750,Dir. Gipfelwand,Sport,Austria,Ost,Peilstein,Luckete Wand u. Frohsinnwand,UIAA:6+,6+,UIAA
628728117,Jetzt reicht's-Kante,Sport,Austria,Ost,Peilstein,Luckete Wand u. Frohsinnwand,UIAA:5,5,UIAA
750909990,Reifkante,Sport,Austria,Ost,Peilstein,Luckete Wand u. Frohsinnwand,UIAA:7,7,UIAA
3196607556,Luckete-Wand-Zick-Zack,Sport,Austria,Ost,Peilstein,Luckete Wand u. Frohsinnwand,UIAA:3,3,UIAA
3196605813,Spießroutenlauf,Sport,Austria,Ost,Peilstein,Luckete Wand u. Frohsinnwand,UIAA:8-,8-,UIAA
667818237,Luckete-Wand-Kamin,Sport,Austria,Ost,Peilstein,Luckete Wand u. Frohsinnwand,UIAA:4+,4+,UIAA
750909891,NW-Riss,Sport,Austria,Ost,Peilstein,Luckete Wand u. Frohsinnwand,UIAA:5+,5+,UIAA
750909792,Vorrangstraße,Sport,Austria,Ost,Peilstein,Luckete Wand u. Frohsinnwand,UIAA:5,5,UIAA
750899232,Kletterkurs,Sport,Austria,Ost,Peilstein,Luckete Wand u. Frohsinnwand,UIAA:5+,5+,UIAA
667818138,Schwarzensteinersteig,Sport,Austria,Ost,Peilstein,Luckete Wand u. Frohsinnwand,UIAA:3,3,UIAA
750901158,Luckete-Wand-Steig,Sport,Austria,Ost,Peilstein,Luckete Wand u. Frohsinnwand,UIAA:4-,4-,UIAA
627873354,Luckete-Wand-Riss,Sport,Austria,Ost,Peilstein,Luckete Wand u. Frohsinnwand,UIAA:6-,6-,UIAA
750909693,Fri.Kar.-Steig,Sport,Austria,Ost,Peilstein,Luckete Wand u. Frohsinnwand,UIAA:6+,6+,UIAA
627874638,Prof.-Viktor-Frankl-Kante,Sport,Austria,Ost,Peilstein,Luckete Wand u. Frohsinnwand,UIAA:5,5,UIAA
750909594,NW-Verschneidung,Sport,Austria,Ost,Peilstein,Luckete Wand u. Frohsinnwand,UIAA:4-,4-,UIAA
750909495,Lieb,Sport,Austria,Ost,Peilstein,Luckete Wand u. Frohsinnwand,UIAA:5-,5-,UIAA
9864173664,Winklerschütt,Sport,Austria,Ost,Peilstein,Winklerturm,UIAA:1-,1-,UIAA
3196735437,Direkte Rauferkante,Sport,Austria,Ost,Peilstein,Winklerturm,UIAA:6-,6-,UIAA
3196735293,Rauferkante,Sport,Austria,Ost,Peilstein,Winklerturm,UIAA:4-,4-,UIAA
3196735143,Peternpfad,Sport,Austria,Ost,Peilstein,Winklerturm,UIAA:5,5,UIAA
3196735002,Oskar,Sport,Austria,Ost,Peilstein,Winklerturm,UIAA:7-,7-,UIAA
3196734861,Bordesteig,Sport,Austria,Ost,Peilstein,Winklerturm,UIAA:5+,5+,UIAA
3196734705,Brüder-Goliasch-Weg,Sport,Austria,Ost,Peilstein,Winklerturm,UIAA:6-,6-,UIAA
3196734561,Ja-mei´-Wand,Sport,Austria,Ost,Peilstein,Winklerturm,UIAA:7,7,UIAA
3196734411,JG-Kante,Sport,Austria,Ost,Peilstein,Winklerturm,UIAA:7-,7-,UIAA
3196734261,JaJa-Kante,Sport,Austria,Ost,Peilstein,Winklerturm,UIAA:6,6,UIAA
3196734111,Alpinistengildensteig,Sport,Austria,Ost,Peilstein,Winklerturm,UIAA:6,6,UIAA
3196733970,Klettergildensteig,Sport,Austria,Ost,Peilstein,Winklerturm,UIAA:2,2,UIAA
3196733829,Egonriss,Sport,Austria,Ost,Peilstein,Winklerturm,UIAA:5-,5-,UIAA
4608111906,Genau genommen,Sport,Austria,Ost,Peilstein,Gamseckturm,UIAA:6+,6+,UIAA
4608111813,Frei und Frank,Sport,Austria,Ost,Peilstein,Gamseckturm,UIAA:4,4,UIAA
4608111720,Normalweg,Sport,Austria,Ost,Peilstein,Gamseckturm,UIAA:2-,2-,UIAA
4608111627,NO-Riss,Sport,Austria,Ost,Peilstein,Gamseckturm,UIAA:3,3,UIAA
4608111534,NO-Kante,Sport,Austria,Ost,Peilstein,Gamseckturm,UIAA:6,6,UIAA
4608111441,Lückenbüßer,Sport,Austria,Ost,Peilstein,Gamseckturm,UIAA:4+,4+,UIAA
4608111348,Fortschritt,Sport,Austria,Ost,Peilstein,Gamseckturm,UIAA:6,6,UIAA
4608111255,„I‘ hob no kan“,Sport,Austria,Ost,Peilstein,Gamseckturm,UIAA:10-,10-,UIAA
4608111162,Indirettissima,Sport,Austria,Ost,Peilstein,Gamseckturm,UIAA:6+,6+,UIAA
4608111069,Robert Hans Schmitt-Riss,Sport,Austria,Ost,Peilstein,Gamseckturm,UIAA:4,4,UIAA
627871449,AB.-Kante,Sport,Austria,Ost,Peilstein,Gamseckturm,UIAA:5,5,UIAA
4608110976,Optische Täuschung,Sport,Austria,Ost,Peilstein,Gamseckturm,UIAA:7,7,UIAA
4608110883,Direktes Nordband,Sport,Austria,Ost,Peilstein,Gamseckturm,UIAA:7,7,UIAA
4608110790,Nordband,Sport,Austria,Ost,Peilstein,Gamseckturm,UIAA:4+,4+,UIAA
9931058574,Mistoffeless,Sport,Austria,Ost,Peilstein,"Gamseckgrat, Aditurm",UIAA:4+,4+,UIAA
9931058481,Grizabella,Sport,Austria,Ost,Peilstein,"Gamseckgrat, Aditurm",UIAA:7,7,UIAA
9931058388,Macavity,Sport,Austria,Ost,Peilstein,"Gamseckgrat, Aditurm",UIAA:5,5,UIAA
9931058295,Old Deuteronomy,Sport,Austria,Ost,Peilstein,"Gamseckgrat, Aditurm",UIAA:3,3,UIAA
9931058202,Für d'Katz,Sport,Austria,Ost,Peilstein,"Gamseckgrat, Aditurm",UIAA:4+,4+,UIAA
9931043547,Katz & Maus,Sport,Austria,Ost,Peilstein,"Gamseckgrat, Aditurm",UIAA:6-,6-,UIAA
9931043454,Superkleber,Sport,Austria,Ost,Peilstein,"Gamseckgrat, Aditurm",UIAA:6+,6+,UIAA
9931043361,SW-Kamin,Sport,Austria,Ost,Peilstein,"Gamseckgrat, Aditurm",UIAA:3-,3-,UIAA
662869794,Gamseckgrat-Kante,Sport,Austria,Ost,Peilstein,"Gamseckgrat, Aditurm",UIAA:5+,5+,UIAA
9931043268,Zwischenkante,Sport,Austria,Ost,Peilstein,"Gamseckgrat, Aditurm",UIAA:4-,4-,UIAA
9931043175,Mehlfingerwand,Sport,Austria,Ost,Peilstein,"Gamseckgrat, Aditurm",UIAA:7,7,UIAA
9931043082,Landauerweg,Sport,Austria,Ost,Peilstein,"Gamseckgrat, Aditurm",UIAA:6,6,UIAA
9931042989,"Tür auf, Tür zu",Sport,Austria,Ost,Peilstein,"Gamseckgrat, Aditurm",UIAA:7+,7+,UIAA
9931042896,Nebenstraße,Sport,Austria,Ost,Peilstein,"Gamseckgrat, Aditurm",UIAA:3-,3-,UIAA
9931042803,Gamseckgrat,Sport,Austria,Ost,Peilstein,"Gamseckgrat, Aditurm",UIAA:2+,2+,UIAA
9931042710,Gamseckkante,Sport,Austria,Ost,Peilstein,"Gamseckgrat, Aditurm",UIAA:3+,3+,UIAA
9931023969,Außenbordkante,Sport,Austria,Ost,Peilstein,"Gamseckgrat, Aditurm",UIAA:6,6,UIAA
9931023876,NW-Platte,Sport,Austria,Ost,Peilstein,"Gamseckgrat, Aditurm",UIAA:6,6,UIAA
9931023783,Erdgeisterweg,Sport,Austria,Ost,Peilstein,"Gamseckgrat, Aditurm",UIAA:7+,7+,UIAA
9931023690,Innenbordkante,Sport,Austria,Ost,Peilstein,"Gamseckgrat, Aditurm",UIAA:6,6,UIAA
9931023597,Schluchtriss,Sport,Austria,Ost,Peilstein,"Gamseckgrat, Aditurm",UIAA:5,5,UIAA
9931023504,Dreckspatz,Sport,Austria,Ost,Peilstein,"Gamseckgrat, Aditurm",UIAA:3,3,UIAA
9931023411,Sportriss,Sport,Austria,Ost,Peilstein,"Gamseckgrat, Aditurm",UIAA:5+,5+,UIAA
9931023318,NW-Riss,Sport,Austria,Ost,Peilstein,"Gamseckgrat, Aditurm",UIAA:4+,4+,UIAA
9931023225,NW-Plattenriss,Sport,Austria,Ost,Peilstein,"Gamseckgrat, Aditurm",UIAA:4,4,UIAA
9931023132,kK,Sport,Austria,Ost,Peilstein,"Gamseckgrat, Aditurm",UIAA:5-,5-,UIAA
9931007244,kR,Sport,Austria,Ost,Peilstein,"Gamseckgrat, Aditurm",UIAA:3+,3+,UIAA
9931007151,kP,Sport,Austria,Ost,Peilstein,"Gamseckgrat, Aditurm",UIAA:7-,7-,UIAA
9931007058,Bre,Sport,Austria,Ost,Peilstein,"Gamseckgrat, Aditurm",UIAA:4,4,UIAA
9931006965,Bmi-oB,Sport,Austria,Ost,Peilstein,"Gamseckgrat, Aditurm",UIAA:7,7,UIAA
9931006872,Bli,Sport,Austria,Ost,Peilstein,"Gamseckgrat, Aditurm",UIAA:7+,7+,UIAA
9931006779,oh äu Ka,Sport,Austria,Ost,Peilstein,"Gamseckgrat, Aditurm",UIAA:9-,9-,UIAA
9929568297,Mäusespreizer,Sport,Austria,Ost,Peilstein,"Gamseckgrat, Aditurm",UIAA:5,5,UIAA
9929568204,Mäusespalt,Sport,Austria,Ost,Peilstein,"Gamseckgrat, Aditurm",UIAA:2,2,UIAA
9929568111,Mäusekante,Sport,Austria,Ost,Peilstein,"Gamseckgrat, Aditurm",UIAA:3,3,UIAA
9929568018,He-Du-Wand,Sport,Austria,Ost,Peilstein,"Gamseckgrat, Aditurm",UIAA:7,7,UIAA
9929567925,Hediwand,Sport,Austria,Ost,Peilstein,"Gamseckgrat, Aditurm",UIAA:7,7,UIAA
9929567832,Zsigmondyriss,Sport,Austria,Ost,Peilstein,"Gamseckgrat, Aditurm",UIAA:4-,4-,UIAA
7209337278,Fuchsriss,Sport,Austria,Ost,Peilstein,"Gamseckgrat, Aditurm",UIAA:4+,4+,UIAA
9929567739,Kantenführe,Sport,Austria,Ost,Peilstein,"Gamseckgrat, Aditurm",UIAA:6+,6+,UIAA
7209344823,Krummer Riss,Sport,Austria,Ost,Peilstein,"Gamseckgrat, Aditurm",UIAA:3-,3-,UIAA
9929567646,Jesuitenplatte,Sport,Austria,Ost,Peilstein,"Gamseckgrat, Aditurm",UIAA:2-,2-,UIAA
9929567553,Jesuitenkante,Sport,Austria,Ost,Peilstein,"Gamseckgrat, Aditurm",UIAA:2+,2+,UIAA
9929567454,Jesuitenkloster,Sport,Austria,Ost,Peilstein,"Gamseckgrat, Aditurm",UIAA:2-,2-,UIAA
9910601478,S-Kante,Sport,Austria,Ost,Peilstein,Triestingtalturm,UIAA:4+,4+,UIAA
9910601385,Franz Schmeidl-Riss,Sport,Austria,Ost,Peilstein,Triestingtalturm,UIAA:4+,4+,UIAA
9910601280,Franz von Assisi-Riss,Sport,Austria,Ost,Peilstein,Triestingtalturm,UIAA:7,7,UIAA
9910591065,Bibi Blocksberg-Weg,Sport,Austria,Ost,Peilstein,Triestingtalturm,UIAA:7,7,UIAA
9910590927,S-Riss,Sport,Austria,Ost,Peilstein,Triestingtalturm,UIAA:7-,7-,UIAA
9910590768,Gstreinkante,Sport,Austria,Ost,Peilstein,Triestingtalturm,UIAA:4+,4+,UIAA
9910590651,Mach's dir schwer,Sport,Austria,Ost,Peilstein,Triestingtalturm,UIAA:5,5,UIAA
9910590525,Hexeneinmaleins,Sport,Austria,Ost,Peilstein,Triestingtalturm,UIAA:7-,7-,UIAA
9910590411,00-Kante,Sport,Austria,Ost,Peilstein,Triestingtalturm,UIAA:7,7,UIAA
9910590318,Still und Stumm,Sport,Austria,Ost,Peilstein,Triestingtalturm,UIAA:8-,8-,UIAA
9910590216,Klobrille,Sport,Austria,Ost,Peilstein,Triestingtalturm,UIAA:5+,5+,UIAA
9910590114,Hangelkante,Sport,Austria,Ost,Peilstein,Triestingtalturm,UIAA:5,5,UIAA
9910589994,Nach Lust und Können,Sport,Austria,Ost,Peilstein,Triestingtalturm,UIAA:4,4,UIAA
5692870395,Premiere,Sport,Austria,Ost,Peilstein,Purtschellerstein,UIAA:5+,5+,UIAA
5692870290,Generalprobe,Sport,Austria,Ost,Peilstein,Purtschellerstein,UIAA:7,7,UIAA
5692870197,Vorhang auf,Sport,Austria,Ost,Peilstein,Purtschellerstein,UIAA:4,4,UIAA
5692870098,Rattenloch,Sport,Austria,Ost,Peilstein,Purtschellerstein,UIAA:2,2,UIAA
5692870005,Nemecekkante,Sport,Austria,Ost,Peilstein,Purtschellerstein,UIAA:4-,4-,UIAA
5692869912,Oldtimer,Sport,Austria,Ost,Peilstein,Purtschellerstein,UIAA:3+,3+,UIAA
5692869819,Alzheimer,Sport,Austria,Ost,Peilstein,Purtschellerstein,UIAA:8-,8-,UIAA
5692869726,Seilwurfriss,Sport,Austria,Ost,Peilstein,Purtschellerstein,UIAA:8-,8-,UIAA
5692869633,Thomaskamin,Sport,Austria,Ost,Peilstein,Purtschellerstein,UIAA:5-,5-,UIAA
5692869528,Jungmannschaftskamin,Sport,Austria,Ost,Peilstein,Purtschellerstein,UIAA:3,3,UIAA
5692869435,Jungmannschaftsriss,Sport,Austria,Ost,Peilstein,Purtschellerstein,UIAA:5-,5-,UIAA
5692869342,Jungmannschaftskante,Sport,Austria,Ost,Peilstein,Purtschellerstein,UIAA:4,4,UIAA
5692869237,Aktione direkte,Sport,Austria,Ost,Peilstein,Purtschellerstein,UIAA:5+,5+,UIAA
5692869144,Bergführerweg,Sport,Austria,Ost,Peilstein,Purtschellerstein,UIAA:3,3,UIAA
662872365,Saperate realyti,Sport,Austria,Ost,Peilstein,Purtschellerstein,UIAA:5-,5-,UIAA
5692861089,Stirnwand,Sport,Austria,Ost,Peilstein,Purtschellerstein,UIAA:6+,6+,UIAA
5692860996,Westwand,Sport,Austria,Ost,Peilstein,Purtschellerstein,UIAA:6+,6+,UIAA
5692860891,63er-Weg,Sport,Austria,Ost,Peilstein,Purtschellerstein,UIAA:7-,7-,UIAA
5692860798,NW-Kamin,Sport,Austria,Ost,Peilstein,Purtschellerstein,UIAA:4,4,UIAA
5692856649,NW-Riss,Sport,Austria,Ost,Peilstein,Purtschellerstein,UIAA:4-,4-,UIAA
5692840479,K-Steig,Sport,Austria,Ost,Peilstein,Purtschellerstein,UIAA:4-,4-,UIAA
5692840368,Rosakante,Sport,Austria,Ost,Peilstein,Purtschellerstein,UIAA:5,5,UIAA
662871081,SW-Wand,Sport,Austria,Ost,Peilstein,Purtschellerstein,UIAA:5,5,UIAA
5692840263,Westkante,Sport,Austria,Ost,Peilstein,Purtschellerstein,UIAA:4-,4-,UIAA
5692840152,Fruchtzwerge,Sport,Austria,Ost,Peilstein,Purtschellerstein,UIAA:2+,2+,UIAA
5692840044,W.H.-Riss,Sport,Austria,Ost,Peilstein,Purtschellerstein,UIAA:3,3,UIAA
5692839945,NO-Platte,Sport,Austria,Ost,Peilstein,Purtschellerstein,UIAA:2,2,UIAA
5692839852,NO-Kante,Sport,Austria,Ost,Peilstein,Purtschellerstein,UIAA:2,2,UIAA
5692839759,Ostüberhang,Sport,Austria,Ost,Peilstein,Purtschellerstein,UIAA:3,3,UIAA
5692839660,Kinderpinguine,Sport,Austria,Ost,Peilstein,Purtschellerstein,UIAA:2,2,UIAA
5692839567,Normalweg,Sport,Austria,Ost,Peilstein,Purtschellerstein,UIAA:1,1,UIAA
5692839474,Rechte Ostplatte,Sport,Austria,Ost,Peilstein,Purtschellerstein,UIAA:2,2,UIAA
5692839381,Linke Ostplatte,Sport,Austria,Ost,Peilstein,Purtschellerstein,UIAA:2-,2-,UIAA
5692839288,Ostplattenriss,Sport,Austria,Ost,Peilstein,Purtschellerstein,UIAA:2-,2-,UIAA
5692839195,SO-Kante,Sport,Austria,Ost,Peilstein,Purtschellerstein,UIAA:4,4,UIAA
5692839102,Direkte SO-Kante,Sport,Austria,Ost,Peilstein,Purtschellerstein,UIAA:5,5,UIAA
5692839009,Rechter SO-Riss,Sport,Austria,Ost,Peilstein,Purtschellerstein,UIAA:3,3,UIAA
5692838916,Linker SO-Riss,Sport,Austria,Ost,Peilstein,Purtschellerstein,UIAA:2+,2+,UIAA
5692838823,"Linker SO-Riss, E.-Var.",Sport,Austria,Ost,Peilstein,Purtschellerstein,UIAA:2+,2+,UIAA
5692838730,S-Riss,Sport,Austria,Ost,Peilstein,Purtschellerstein,UIAA:2,2,UIAA
5692838637,SW-Kante,Sport,Austria,Ost,Peilstein,Purtschellerstein,UIAA:3,3,UIAA
9795089898,Fluchtstollen,Sport,Austria,Ost,Rechter Nordgrat,Oberer Nordgrat,UIAA:7,7,UIAA
9795089775,Halber Dach(s)lippenquergang,Sport,Austria,Ost,Rechter Nordgrat,Oberer Nordgrat,UIAA:8,8,UIAA
9795089424,Schräger Meles meles,Sport,Austria,Ost,Rechter Nordgrat,Oberer Nordgrat,UIAA:8+,8+,UIAA
9795089658,Ganzer Dach(s)lippenquergang,Sport,Austria,Ost,Rechter Nordgrat,Oberer Nordgrat,UIAA:8,8,UIAA
9795089541,Tiefblick zum Dachs,Sport,Austria,Ost,Rechter Nordgrat,Oberer Nordgrat,UIAA:7-,7-,UIAA
9795089307,Überlanger Dach(s)lippenquergang,Sport,Austria,Ost,Rechter Nordgrat,Oberer Nordgrat,UIAA:8+,8+,UIAA
3284883372,Im Angesicht des Dachses,Sport,Austria,Ost,Rechter Nordgrat,Oberer Nordgrat,UIAA:8,8,UIAA
3284883273,Schadenfreudiger Dachs,Sport,Austria,Ost,Rechter Nordgrat,Oberer Nordgrat,UIAA:8-,8-,UIAA
9795089190,Wankelmütiger Dachs,Sport,Austria,Ost,Rechter Nordgrat,Oberer Nordgrat,UIAA:6+,6+,UIAA
3284883174,Dachsbau,Sport,Austria,Ost,Rechter Nordgrat,Oberer Nordgrat,UIAA:7+/8-,7+,UIAA
3284883075,Gutmütiger Dachs,Sport,Austria,Ost,Rechter Nordgrat,Oberer Nordgrat,UIAA:8-,8-,UIAA
3284872518,Bösartiger Dachs,Sport,Austria,Ost,Rechter Nordgrat,Oberer Nordgrat,UIAA:8,8,UIAA
3284872419,Schlangenmensch,Sport,Austria,Ost,Rechter Nordgrat,Oberer Nordgrat,UIAA:8+/9-,8+,UIAA
3284850897,Jäger und Sammler,Sport,Austria,Ost,Rechter Nordgrat,Oberer Nordgrat,UIAA:8-,8-,UIAA
3284865909,Hannes kann es,Sport,Austria,Ost,Rechter Nordgrat,Oberer Nordgrat,UIAA:8-,8-,UIAA
9795088989,NN3,Sport,Austria,Ost,Rechter Nordgrat,Oberer Nordgrat,UIAA:10-,10-,UIAA
9795088872,Fugenläufer,Sport,Austria,Ost,Rechter Nordgrat,Oberer Nordgrat,UIAA:8+,8+,UIAA
3284865810,Plan B,Sport,Austria,Ost,Rechter Nordgrat,Oberer Nordgrat,UIAA:9,9,UIAA
3284865711,Wie wird Ihnen denn?,Sport,Austria,Ost,Rechter Nordgrat,Oberer Nordgrat,UIAA:9,9,UIAA
3284865513,Sumito,Sport,Austria,Ost,Rechter Nordgrat,Oberer Nordgrat,UIAA:9+/10-,9+,UIAA
3284865612,Hausbesetzung,Sport,Austria,Ost,Rechter Nordgrat,Oberer Nordgrat,UIAA:8+,8+,UIAA
3284865414,Hirnschmalz,Sport,Austria,Ost,Rechter Nordgrat,Oberer Nordgrat,UIAA:9-,9-,UIAA
3284865315,Fingerschmalz,Sport,Austria,Ost,Rechter Nordgrat,Oberer Nordgrat,UIAA:8+,8+,UIAA
3284865216,Freundschaft? Freundschaft!,Sport,Austria,Ost,Rechter Nordgrat,Oberer Nordgrat,UIAA:7+,7+,UIAA
3284850798,Crux einer Freundschaft,Sport,Austria,Ost,Rechter Nordgrat,Oberer Nordgrat,UIAA:8,8,UIAA
3284865117,Nimm ihn schlecht,Sport,Austria,Ost,Rechter Nordgrat,Oberer Nordgrat,UIAA:9/9+,9,UIAA
3284865018,Support act,Sport,Austria,Ost,Rechter Nordgrat,Oberer Nordgrat,UIAA:10-,10-,UIAA
3284850687,Sondereinsatz,Sport,Austria,Ost,Rechter Nordgrat,Oberer Nordgrat,UIAA:6+,6+,UIAA
6202378938,Foolish,Sport,Austria,Ost,Rechter Nordgrat,Unterer Nordgrat,UIAA:8,8,UIAA
6202378839,Höhlisch,Sport,Austria,Ost,Rechter Nordgrat,Unterer Nordgrat,UIAA:9+/10-,9+,UIAA
6202378740,Höllisch,Sport,Austria,Ost,Rechter Nordgrat,Unterer Nordgrat,UIAA:9-,9-,UIAA
6202378641,More junkie than monkey,Sport,Austria,Ost,Rechter Nordgrat,Unterer Nordgrat,UIAA:8+,8+,UIAA
6202378542,Weird nights,Sport,Austria,Ost,Rechter Nordgrat,Unterer Nordgrat,UIAA:7-,7-,UIAA
6202378443,Indiana Jones,Sport,Austria,Ost,Rechter Nordgrat,Unterer Nordgrat,UIAA:7,7,UIAA
6202378344,Mentale Prellung,Sport,Austria,Ost,Rechter Nordgrat,Unterer Nordgrat,UIAA:8-,8-,UIAA
6202378245,NN,Sport,Austria,Ost,Rechter Nordgrat,Unterer Nordgrat,UIAA:9+,9+,UIAA
6202378146,Sports for winners,Sport,Austria,Ost,Rechter Nordgrat,Unterer Nordgrat,UIAA:7/7+,7,UIAA
6202343817,Sports for spinners,Sport,Austria,Ost,Rechter Nordgrat,Unterer Nordgrat,UIAA:7+,7+,UIAA
6202343718,Abkürzung,Sport,Austria,Ost,Rechter Nordgrat,Unterer Nordgrat,UIAA:6,6,UIAA
6202343619,"Katzen, die kratzen",Sport,Austria,Ost,Rechter Nordgrat,Unterer Nordgrat,UIAA:8+,8+,UIAA
6202343520,Space Cowboys,Sport,Austria,Ost,Rechter Nordgrat,Unterer Nordgrat,UIAA:9+,9+,UIAA
9792557739,Fatal Diagonal,Sport,Austria,Ost,Rechter Nordgrat,Unterer Nordgrat,UIAA:8-,8-,UIAA
9792537348,"Meisen, die kreisen",Sport,Austria,Ost,Rechter Nordgrat,Unterer Nordgrat,UIAA:6,6,UIAA
6202343421,Powerstation,Sport,Austria,Ost,Rechter Nordgrat,Unterer Nordgrat,UIAA:7+,7+,UIAA
6202343316,Götterdiagonale,Sport,Austria,Ost,Rechter Nordgrat,Unterer Nordgrat,UIAA:6,6,UIAA
6202343217,Wonderful World,Sport,Austria,Ost,Rechter Nordgrat,Unterer Nordgrat,UIAA:7-,7-,UIAA
6202343118,"Hennen, die rennen",Sport,Austria,Ost,Rechter Nordgrat,Unterer Nordgrat,UIAA:8,8,UIAA
6202343019,Hilfe erwünscht,Sport,Austria,Ost,Rechter Nordgrat,Unterer Nordgrat,UIAA:8-,8-,UIAA
6202342920,Toridonia,Sport,Austria,Ost,Rechter Nordgrat,Unterer Nordgrat,UIAA:7+,7+,UIAA
6202342821,A0=00,Sport,Austria,Ost,Rechter Nordgrat,Unterer Nordgrat,UIAA:8,8,UIAA
6202342722,Archeo Climb,Sport,Austria,Ost,Rechter Nordgrat,Unterer Nordgrat,UIAA:7-,7-,UIAA
6202342623,24 Stunden Arbeit = 2 Min Klettern,Sport,Austria,Ost,Rechter Nordgrat,Unterer Nordgrat,UIAA:4,4,UIAA
6202342524,"Ottern, die stottern",Sport,Austria,Ost,Rechter Nordgrat,Unterer Nordgrat,UIAA:5+,5+,UIAA
6202342425,Raketenpfeiler,Sport,Austria,Ost,Rechter Nordgrat,Unterer Nordgrat,UIAA:6,6,UIAA
6202342326,"Finken, die winken",Sport,Austria,Ost,Rechter Nordgrat,Unterer Nordgrat,UIAA:7-,7-,UIAA
6202342227,Kurze Schönheit,Sport,Austria,Ost,Rechter Nordgrat,Unterer Nordgrat,UIAA:7-,7-,UIAA
6202342128,Herbstwind,Sport,Austria,Ost,Rechter Nordgrat,Unterer Nordgrat,UIAA:5+,5+,UIAA
